                                      1 ;--------------------------------------------------------
                                      2 ; File Created by SDCC : free open source ANSI-C Compiler
                                      3 ; Version 4.2.0 #13081 (MINGW64)
                                      4 ;--------------------------------------------------------
                                      5 	.module soccerlg
                                      6 	.optsdcc -mz80
                                      7 	
                                      8 ;--------------------------------------------------------
                                      9 ; Public variables in this module
                                     10 ;--------------------------------------------------------
                                     11 	.globl _CallFnc_VOID_P2
                                     12 	.globl _DEBUG_INIT
                                     13 	.globl _PlotField
                                     14 	.globl _MainLoop
                                     15 	.globl _Print_SetColor
                                     16 	.globl _Print_DrawFormat
                                     17 	.globl _Print_DrawText
                                     18 	.globl _Print_SetBitmapFont
                                     19 	.globl _VPD_CommandSetupR36
                                     20 	.globl _VPD_CommandSetupR32
                                     21 	.globl _VDP_SetPaletteEntry
                                     22 	.globl _VDP_SetPalette
                                     23 	.globl _VDP_FillVRAM_128K
                                     24 	.globl _VDP_WriteVRAM_128K
                                     25 	.globl _VDP_RegWriteBakMask
                                     26 	.globl _VDP_RegWrite
                                     27 	.globl _VDP_SetMode
                                     28 	.globl _VDP_ClearVRAM
                                     29 	.globl _Bios_ClearScreen
                                     30 	.globl _Bios_SetHookCallback
                                     31 	.globl _g_VSynch
                                     32 	.globl _g_is_ball_carried
                                     33 	.globl _g_closest_t2
                                     34 	.globl _g_closest_t1
                                     35 	.globl _g_h_arrow_dir
                                     36 	.globl _g_h_arrow_x
                                     37 	.globl _g_last_input_dir
                                     38 	.globl _g_last_dy
                                     39 	.globl _g_last_dx
                                     40 	.globl _g_pass_receiver
                                     41 	.globl _g_pass_max_height
                                     42 	.globl _g_pass_max_frames
                                     43 	.globl _g_pass_target_y
                                     44 	.globl _g_pass_target_x
                                     45 	.globl _g_pass_start_y
                                     46 	.globl _g_pass_start_x
                                     47 	.globl _g_thrower_id
                                     48 	.globl _g_selected_rec
                                     49 	.globl _g_throw_rec_2
                                     50 	.globl _g_throw_rec_1
                                     51 	.globl _RestartSideY
                                     52 	.globl _RestartSideX
                                     53 	.globl _RestartType
                                     54 	.globl _LastTouchPlayer
                                     55 	.globl _LastTouchTeam
                                     56 	.globl _TimerEnabled
                                     57 	.globl _T2_Receiver
                                     58 	.globl _T2_Carrier
                                     59 	.globl _T1_Receiver
                                     60 	.globl _T1_Carrier
                                     61 	.globl _GameMode
                                     62 	.globl _KickOffTeam
                                     63 	.globl _Team2Code
                                     64 	.globl _Team1Code
                                     65 	.globl _g_penalty_arrow_dir
                                     66 	.globl _g_penalty_arrow_pos
                                     67 	.globl _g_penalty_team
                                     68 	.globl _g_penalty_shooter_idx
                                     69 	.globl _g_penalty_shot_count
                                     70 	.globl _g_is_penalty_shootout
                                     71 	.globl _LastScoreTeam2
                                     72 	.globl _LastScoreTeam1
                                     73 	.globl _ScoreTeam2
                                     74 	.globl _ScoreTeam1
                                     75 	.globl _Half
                                     76 	.globl _LastSecs
                                     77 	.globl _Mins
                                     78 	.globl _Secs
                                     79 	.globl _Frms
                                     80 	.globl _g_ActiveStats
                                     81 	.globl _ScoreBoardRight
                                     82 	.globl _ScoreBoardLeft
                                     83 	.globl _Field
                                     84 	.globl _SwSprite
                                     85 	.globl _g_player_input
                                     86 	.globl _g_SLTSL
                                     87 	.globl _g_GRPACY
                                     88 	.globl _g_GRPACX
                                     89 	.globl _g_LOGOPR
                                     90 	.globl _g_CMASK
                                     91 	.globl _g_CLOC
                                     92 	.globl _g_FNKSTR
                                     93 	.globl _g_ATRBYT
                                     94 	.globl _g_BDRCLR
                                     95 	.globl _g_BAKCLR
                                     96 	.globl _g_FORCLR
                                     97 	.globl _g_CSRX
                                     98 	.globl _g_CSRY
                                     99 	.globl _g_CLIKSW
                                    100 	.globl _g_MLTPAT
                                    101 	.globl _g_MLTATR
                                    102 	.globl _g_MLTCGP
                                    103 	.globl _g_MLTCOL
                                    104 	.globl _g_MLTNAM
                                    105 	.globl _g_GRPPAT
                                    106 	.globl _g_GRPATR
                                    107 	.globl _g_GRPCGP
                                    108 	.globl _g_GRPCOL
                                    109 	.globl _g_GRPNAM
                                    110 	.globl _g_T32PAT
                                    111 	.globl _g_T32ATR
                                    112 	.globl _g_T32CGP
                                    113 	.globl _g_T32COL
                                    114 	.globl _g_T32NAM
                                    115 	.globl _g_TXTPAT
                                    116 	.globl _g_TXTATR
                                    117 	.globl _g_TXTCGP
                                    118 	.globl _g_TXTCOL
                                    119 	.globl _g_TXTNAM
                                    120 	.globl _g_CLMLST
                                    121 	.globl _g_CRTCNT
                                    122 	.globl _g_LINLEN
                                    123 	.globl _g_LINL32
                                    124 	.globl _g_LINL40
                                    125 	.globl _g_TeamStatsArray
                                    126 	.globl _g_TeamColorsArray
                                    127 	.globl _g_Palette
                                    128 	.globl _g_BDOS
                                    129 	.globl _g_MASTER
                                    130 	.globl _g_RAMAD3
                                    131 	.globl _g_RAMAD2
                                    132 	.globl _g_RAMAD1
                                    133 	.globl _g_RAMAD0
                                    134 	.globl _g_BREAKV
                                    135 	.globl _g_DISKVE
                                    136 	.globl _g_KANJTABLE
                                    137 	.globl _g_STRSRC
                                    138 	.globl _g_SUBRID
                                    139 	.globl _g_CHAR_16
                                    140 	.globl _g_MSXMID
                                    141 	.globl _g_MSXVER
                                    142 	.globl _g_ROMVersion
                                    143 	.globl _g_BASRVN
                                    144 	.globl _g_VDP_DW
                                    145 	.globl _g_VDP_DR
                                    146 	.globl _g_CGTABL
                                    147 	.globl _g_SVFFFD
                                    148 	.globl _g_RG27SAV
                                    149 	.globl _g_RG26SAV
                                    150 	.globl _g_RG25SAV
                                    151 	.globl _g_SVFFF8
                                    152 	.globl _g_MINROM
                                    153 	.globl _g_RG23SAV
                                    154 	.globl _g_RG22SAV
                                    155 	.globl _g_RG21SAV
                                    156 	.globl _g_RG20SAV
                                    157 	.globl _g_RG19SAV
                                    158 	.globl _g_RG18SAV
                                    159 	.globl _g_RG17SAV
                                    160 	.globl _g_RG16SAV
                                    161 	.globl _g_RG15SAV
                                    162 	.globl _g_RG14SAV
                                    163 	.globl _g_RG13SAV
                                    164 	.globl _g_RG12SAV
                                    165 	.globl _g_RG11SAV
                                    166 	.globl _g_RG10SAV
                                    167 	.globl _g_RG09SAV
                                    168 	.globl _g_RG08SAV
                                    169 	.globl _g_PROCNM
                                    170 	.globl _g_SLTWRK
                                    171 	.globl _g_SLTATR
                                    172 	.globl _g_SLTTBL
                                    173 	.globl _g_EXPTBL
                                    174 	.globl _g_MNROM
                                    175 	.globl _g_DRWANG
                                    176 	.globl _g_DRWSCL
                                    177 	.globl _g_DRWFLG
                                    178 	.globl _g_GYPOS
                                    179 	.globl _g_GXPOS
                                    180 	.globl _g_BRDATR
                                    181 	.globl _g_CASPRV
                                    182 	.globl _g_OLDSCR
                                    183 	.globl _g_SCRMOD
                                    184 	.globl _g_FLBMEM
                                    185 	.globl _g_KANAMD
                                    186 	.globl _g_KANAST
                                    187 	.globl _g_CAPST
                                    188 	.globl _g_CSTYLE
                                    189 	.globl _g_CSRSW
                                    190 	.globl _g_INSFLG
                                    191 	.globl _g_ESCCNT
                                    192 	.globl _g_GRPHED
                                    193 	.globl _g_WINWID
                                    194 	.globl _g_LOWLIM
                                    195 	.globl _g_INTCNT
                                    196 	.globl _g_INTVAL
                                    197 	.globl _g_JIFFY
                                    198 	.globl _g_PADX
                                    199 	.globl _g_PADY
                                    200 	.globl _g_INTFLG
                                    201 	.globl _g_RTYCNT
                                    202 	.globl _g_TRPTBL
                                    203 	.globl _g_HIMEM
                                    204 	.globl _g_BOTTOM
                                    205 	.globl _g_PATWRK
                                    206 	.globl _g_LINWRK
                                    207 	.globl _g_KEYBUF
                                    208 	.globl _g_NEWKEY
                                    209 	.globl _g_OLDKEY
                                    210 	.globl _g_CLIKFL
                                    211 	.globl _g_ONGSBF
                                    212 	.globl _g_FNKFLG
                                    213 	.globl _g_FNKSWI
                                    214 	.globl _g_CODSAV
                                    215 	.globl _g_FSTPOS
                                    216 	.globl _g_LINTTB
                                    217 	.globl _g_BASROM
                                    218 	.globl _g_ENSTOP
                                    219 	.globl _g_VCBC
                                    220 	.globl _g_VCBB
                                    221 	.globl _g_VCBA
                                    222 	.globl _g_PLYCNT
                                    223 	.globl _g_MUSICF
                                    224 	.globl _g_QUEUEN
                                    225 	.globl _g_MCLPTR
                                    226 	.globl _g_MCLLEN
                                    227 	.globl _g_SAVVOL
                                    228 	.globl _g_VOICEN
                                    229 	.globl _g_SAVSP
                                    230 	.globl _g_PRSCNT
                                    231 	.globl _g_LSTMOD
                                    232 	.globl _g_LSTCOM
                                    233 	.globl _g_COMMSK
                                    234 	.globl _g_ESTBLS
                                    235 	.globl _g_FLAGS
                                    236 	.globl _g_ERRORS
                                    237 	.globl _g_DATCNT
                                    238 	.globl _g_DEVNUM
                                    239 	.globl _g_OLDINT
                                    240 	.globl _g_OLDSTT
                                    241 	.globl _g_MEXBIh
                                    242 	.globl _g_RSIQLN
                                    243 	.globl _g_RSFCB
                                    244 	.globl _g_TOCNT
                                    245 	.globl _g_RSTMP
                                    246 	.globl _g_YSAVE
                                    247 	.globl _g_XSAVE
                                    248 	.globl _g_NORUSE
                                    249 	.globl _g_MODE
                                    250 	.globl _g_ROMA
                                    251 	.globl _g_CHRCNT
                                    252 	.globl _g_EXBRSA
                                    253 	.globl _g_AVCSAV
                                    254 	.globl _g_ACPAGE
                                    255 	.globl _g_DPPAGE
                                    256 	.globl _g_RS2IQ
                                    257 	.globl _g_VOICCQ
                                    258 	.globl _g_VOICBQ
                                    259 	.globl _g_VOICAQ
                                    260 	.globl _g_QUEBAK
                                    261 	.globl _g_QUETAB
                                    262 	.globl _g_ASPCT2
                                    263 	.globl _g_ASPCT1
                                    264 	.globl _g_HEADER
                                    265 	.globl _g_HIGH
                                    266 	.globl _g_LOW
                                    267 	.globl _g_CS240
                                    268 	.globl _g_CS120
                                    269 	.globl _g_GETPNT
                                    270 	.globl _g_PUTPNT
                                    271 	.globl _g_REPCNT
                                    272 	.globl _g_SCNCNT
                                    273 	.globl _g_FRCNEW
                                    274 	.globl _g_QUEUES
                                    275 	.globl _g_MINUPD
                                    276 	.globl _g_MAXUPD
                                    277 	.globl _g_TRGFLG
                                    278 	.globl _g_STATFL
                                    279 	.globl _g_RG7SAV
                                    280 	.globl _g_RG6SAV
                                    281 	.globl _g_RG5SAV
                                    282 	.globl _g_RG4SAV
                                    283 	.globl _g_RG3SAV
                                    284 	.globl _g_RG2SAV
                                    285 	.globl _g_RG1SAV
                                    286 	.globl _g_RG0SAV
                                    287 	.globl _g_CNSDFG
                                    288 	.globl _g_USRTAB
                                    289 	.globl _g_CLPRIM
                                    290 	.globl _g_WRPRIM
                                    291 	.globl _g_RDPRIM
                                    292 	.globl _CallFnc_VOID
                                    293 	.globl _CallFnc_VOID_P1
                                    294 	.globl _CallFnc_VOID_3PTR
                                    295 	.globl _CallFnc_VOID_3PTR_U16
                                    296 	.globl _CallFnc_VOID_U8U16U16
                                    297 	.globl _CallFnc_VOID_16_P1
                                    298 	.globl _CallFnc_VOID_16_P2
                                    299 	.globl _CallFnc_U8
                                    300 	.globl _CallFnc_U8_P1
                                    301 	.globl _CallFnc_U16_P1
                                    302 	.globl _CallFnc_U16_P3
                                    303 	.globl _CallFnc_U16_P4
                                    304 	.globl _CallFnc_U16_P4B
                                    305 	.globl _CallFnc_U8_P2
                                    306 	.globl _CallFnc_BOOL
                                    307 	.globl _CallFnc_BOOL_P1
                                    308 	.globl _CallFnc_VOID_U8U8
                                    309 	.globl _SetTeamColors
                                    310 	.globl _AddLines
                                    311 	.globl _CallSpriteFrame
                                    312 	.globl _VSyncCallback
                                    313 	.globl _WaitForVBlank
                                    314 	.globl _LoadField
                                    315 	.globl _main
                                    316 ;--------------------------------------------------------
                                    317 ; special function registers
                                    318 ;--------------------------------------------------------
                         000000A8   319 _g_PortPrimarySlot	=	0x00a8
                         000000A9   320 _g_PortReadKeyboard	=	0x00a9
                         000000AA   321 _g_PortAccessKeyboard	=	0x00aa
                         000000AB   322 _g_PortControl	=	0x00ab
                         00000098   323 _g_VDP_DataPort	=	0x0098
                         00000099   324 _g_VDP_RegPort	=	0x0099
                         00000099   325 _g_VDP_AddrPort	=	0x0099
                         00000099   326 _g_VDP_StatPort	=	0x0099
                         0000009A   327 _g_VDP_PalPort	=	0x009a
                         0000009B   328 _g_VDP_IRegPort	=	0x009b
                         000000A0   329 _g_PSG_RegPort	=	0x00a0
                         000000A1   330 _g_PSG_DataPort	=	0x00a1
                         000000A2   331 _g_PSG_StatPort	=	0x00a2
                         00000010   332 _g_PSG_Ext_RegPort	=	0x0010
                         00000011   333 _g_PSG_Ext_DataPort	=	0x0011
                         00000012   334 _g_PSG_Ext_StatPort	=	0x0012
                         0000007C   335 _g_MSXMusic_IndexPort	=	0x007c
                         0000007D   336 _g_MSXMusic_DataPort	=	0x007d
                         000000C0   337 _g_MSXAudio_IndexPort	=	0x00c0
                         000000C1   338 _g_MSXAudio_DataPort	=	0x00c1
                         000000C2   339 _g_MSXAudio_IndexPort2	=	0x00c2
                         000000C3   340 _g_MSXAudio_DataPort2	=	0x00c3
                         000000B4   341 _g_RTC_AddrPort	=	0x00b4
                         000000B5   342 _g_RTC_DataPort	=	0x00b5
                                    343 ;--------------------------------------------------------
                                    344 ; ram data
                                    345 ;--------------------------------------------------------
                                    346 	.area _DATA
                         0000F3AE   347 _g_LINL40	=	0xf3ae
                         0000F3AF   348 _g_LINL32	=	0xf3af
                         0000F3B0   349 _g_LINLEN	=	0xf3b0
                         0000F3B1   350 _g_CRTCNT	=	0xf3b1
                         0000F3B2   351 _g_CLMLST	=	0xf3b2
                         0000F3B3   352 _g_TXTNAM	=	0xf3b3
                         0000F3B5   353 _g_TXTCOL	=	0xf3b5
                         0000F3B7   354 _g_TXTCGP	=	0xf3b7
                         0000F3B9   355 _g_TXTATR	=	0xf3b9
                         0000F3BB   356 _g_TXTPAT	=	0xf3bb
                         0000F3BD   357 _g_T32NAM	=	0xf3bd
                         0000F3BF   358 _g_T32COL	=	0xf3bf
                         0000F3C1   359 _g_T32CGP	=	0xf3c1
                         0000F3C3   360 _g_T32ATR	=	0xf3c3
                         0000F3C5   361 _g_T32PAT	=	0xf3c5
                         0000F3C7   362 _g_GRPNAM	=	0xf3c7
                         0000F3C9   363 _g_GRPCOL	=	0xf3c9
                         0000F3CB   364 _g_GRPCGP	=	0xf3cb
                         0000F3CD   365 _g_GRPATR	=	0xf3cd
                         0000F3CF   366 _g_GRPPAT	=	0xf3cf
                         0000F3D1   367 _g_MLTNAM	=	0xf3d1
                         0000F3D3   368 _g_MLTCOL	=	0xf3d3
                         0000F3D5   369 _g_MLTCGP	=	0xf3d5
                         0000F3D7   370 _g_MLTATR	=	0xf3d7
                         0000F3D9   371 _g_MLTPAT	=	0xf3d9
                         0000F3DB   372 _g_CLIKSW	=	0xf3db
                         0000F3DC   373 _g_CSRY	=	0xf3dc
                         0000F3DD   374 _g_CSRX	=	0xf3dd
                         0000F3E9   375 _g_FORCLR	=	0xf3e9
                         0000F3EA   376 _g_BAKCLR	=	0xf3ea
                         0000F3EB   377 _g_BDRCLR	=	0xf3eb
                         0000F3F2   378 _g_ATRBYT	=	0xf3f2
                         0000F87F   379 _g_FNKSTR	=	0xf87f
                         0000F92A   380 _g_CLOC	=	0xf92a
                         0000F92C   381 _g_CMASK	=	0xf92c
                         0000FB02   382 _g_LOGOPR	=	0xfb02
                         0000FCB7   383 _g_GRPACX	=	0xfcb7
                         0000FCB9   384 _g_GRPACY	=	0xfcb9
                         0000FFFF   385 _g_SLTSL	=	0xffff
    00000000                        386 _g_player_input::
    00000000                        387 	.ds 6
    00000006                        388 _SwSprite::
    00000006                        389 	.ds 897
    00000387                        390 _Field::
    00000387                        391 	.ds 23
    0000039E                        392 _ScoreBoardLeft::
    0000039E                        393 	.ds 23
    000003B5                        394 _ScoreBoardRight::
    000003B5                        395 	.ds 23
    000003CC                        396 _g_ActiveStats::
    000003CC                        397 	.ds 14
                                    398 ;--------------------------------------------------------
                                    399 ; ram data
                                    400 ;--------------------------------------------------------
                                    401 	.area _INITIALIZED
    00000000                        402 _Frms::
    00000000                        403 	.ds 1
    00000001                        404 _Secs::
    00000001                        405 	.ds 1
    00000002                        406 _Mins::
    00000002                        407 	.ds 1
    00000003                        408 _LastSecs::
    00000003                        409 	.ds 1
    00000004                        410 _Half::
    00000004                        411 	.ds 1
    00000005                        412 _ScoreTeam1::
    00000005                        413 	.ds 1
    00000006                        414 _ScoreTeam2::
    00000006                        415 	.ds 1
    00000007                        416 _LastScoreTeam1::
    00000007                        417 	.ds 1
    00000008                        418 _LastScoreTeam2::
    00000008                        419 	.ds 1
    00000009                        420 _g_is_penalty_shootout::
    00000009                        421 	.ds 1
    0000000A                        422 _g_penalty_shot_count::
    0000000A                        423 	.ds 2
    0000000C                        424 _g_penalty_shooter_idx::
    0000000C                        425 	.ds 1
    0000000D                        426 _g_penalty_team::
    0000000D                        427 	.ds 1
    0000000E                        428 _g_penalty_arrow_pos::
    0000000E                        429 	.ds 1
    0000000F                        430 _g_penalty_arrow_dir::
    0000000F                        431 	.ds 1
    00000010                        432 _Team1Code::
    00000010                        433 	.ds 1
    00000011                        434 _Team2Code::
    00000011                        435 	.ds 1
    00000012                        436 _KickOffTeam::
    00000012                        437 	.ds 1
    00000013                        438 _GameMode::
    00000013                        439 	.ds 1
    00000014                        440 _T1_Carrier::
    00000014                        441 	.ds 1
    00000015                        442 _T1_Receiver::
    00000015                        443 	.ds 1
    00000016                        444 _T2_Carrier::
    00000016                        445 	.ds 1
    00000017                        446 _T2_Receiver::
    00000017                        447 	.ds 1
    00000018                        448 _TimerEnabled::
    00000018                        449 	.ds 1
    00000019                        450 _LastTouchTeam::
    00000019                        451 	.ds 1
    0000001A                        452 _LastTouchPlayer::
    0000001A                        453 	.ds 1
    0000001B                        454 _RestartType::
    0000001B                        455 	.ds 1
    0000001C                        456 _RestartSideX::
    0000001C                        457 	.ds 1
    0000001D                        458 _RestartSideY::
    0000001D                        459 	.ds 2
    0000001F                        460 _g_throw_rec_1::
    0000001F                        461 	.ds 1
    00000020                        462 _g_throw_rec_2::
    00000020                        463 	.ds 1
    00000021                        464 _g_selected_rec::
    00000021                        465 	.ds 1
    00000022                        466 _g_thrower_id::
    00000022                        467 	.ds 1
    00000023                        468 _g_pass_start_x::
    00000023                        469 	.ds 2
    00000025                        470 _g_pass_start_y::
    00000025                        471 	.ds 2
    00000027                        472 _g_pass_target_x::
    00000027                        473 	.ds 2
    00000029                        474 _g_pass_target_y::
    00000029                        475 	.ds 2
    0000002B                        476 _g_pass_max_frames::
    0000002B                        477 	.ds 1
    0000002C                        478 _g_pass_max_height::
    0000002C                        479 	.ds 1
    0000002D                        480 _g_pass_receiver::
    0000002D                        481 	.ds 1
    0000002E                        482 _g_last_dx::
    0000002E                        483 	.ds 2
    00000030                        484 _g_last_dy::
    00000030                        485 	.ds 2
    00000032                        486 _g_last_input_dir::
    00000032                        487 	.ds 1
    00000033                        488 _g_h_arrow_x::
    00000033                        489 	.ds 2
    00000035                        490 _g_h_arrow_dir::
    00000035                        491 	.ds 1
    00000036                        492 _g_closest_t1::
    00000036                        493 	.ds 1
    00000037                        494 _g_closest_t2::
    00000037                        495 	.ds 1
    00000038                        496 _g_is_ball_carried::
    00000038                        497 	.ds 1
    00000039                        498 _g_VSynch::
    00000039                        499 	.ds 1
                                    500 ;--------------------------------------------------------
                                    501 ; absolute external ram data
                                    502 ;--------------------------------------------------------
                                    503 	.area _DABS (ABS)
                                    504 ;--------------------------------------------------------
                                    505 ; global & static initialisations
                                    506 ;--------------------------------------------------------
                                    507 	.area _HOME
                                    508 	.area _GSINIT
                                    509 	.area _GSFINAL
                                    510 	.area _GSINIT
                                    511 ;--------------------------------------------------------
                                    512 ; Home
                                    513 ;--------------------------------------------------------
                                    514 	.area _HOME
                                    515 	.area _HOME
                                    516 ;--------------------------------------------------------
                                    517 ; code
                                    518 ;--------------------------------------------------------
                                    519 	.area _CODE
                                    520 ;./soccerlg.c:129: void CallFnc_VOID(u8 segment, void (*func)()) {
                                    521 ;	---------------------------------
                                    522 ; Function CallFnc_VOID
                                    523 ; ---------------------------------
    00000000                        524 _CallFnc_VOID::
    00000000 DD E5            [15]  525 	push	ix
    00000002 DD 21 00 00      [14]  526 	ld	ix,#0
    00000006 DD 39            [15]  527 	add	ix,sp
    00000008 3B               [ 6]  528 	dec	sp
    00000009 4F               [ 4]  529 	ld	c, a
                                    530 ;./soccerlg.c:130: u8 _old = GET_BANK_SEGMENT(3);
    0000000A 2Ar06r00         [16]  531 	ld	hl, (#(_g_Bank0Segment + 6) + 0)
    0000000D DD 75 FF         [19]  532 	ld	-1 (ix), l
                                    533 ;./soccerlg.c:131: SET_BANK_SEGMENT(3, segment);
    00000010 06 00            [ 7]  534 	ld	b, #0x00
                                    535 ;C:/MSXgl-1.3.2/engine/src/rom_mapper.h:190: g_Bank0Segment[b] = s;
    00000012 ED 43r06r00      [20]  536 	ld	((_g_Bank0Segment + 6)), bc
                                    537 ;C:/MSXgl-1.3.2/engine/src/rom_mapper.h:191: Poke(YAMANOOTO_OFFR, (s >> 2) & 0xC0);
    00000016 69               [ 4]  538 	ld	l, c
    00000017 60               [ 4]  539 	ld	h, b
    00000018 CB 3C            [ 8]  540 	srl	h
    0000001A CB 1D            [ 8]  541 	rr	l
    0000001C CB 3C            [ 8]  542 	srl	h
    0000001E CB 1D            [ 8]  543 	rr	l
    00000020 7D               [ 4]  544 	ld	a, l
    00000021 E6 C0            [ 7]  545 	and	a, #0xc0
                                    546 ;C:/MSXgl-1.3.2/engine/src/system.h:101: inline void Poke(u16 addr, u8 val) { *(u8*)addr = val; }
    00000023 32 FE 7F         [13]  547 	ld	(#0x7ffe),a
                                    548 ;C:/MSXgl-1.3.2/engine/src/rom_mapper.h:195: else if (b == 3)	Poke(ADDR_BANK_3, s & 0xFF);
                                    549 ;C:/MSXgl-1.3.2/engine/src/system.h:101: inline void Poke(u16 addr, u8 val) { *(u8*)addr = val; }
    00000026 21 00 B0         [10]  550 	ld	hl, #0xb000
    00000029 71               [ 7]  551 	ld	(hl), c
                                    552 ;./soccerlg.c:132: func();
    0000002A EB               [ 4]  553 	ex	de, hl
    0000002B CDr00r00         [17]  554 	call	___sdcc_call_hl
                                    555 ;./soccerlg.c:133: SET_BANK_SEGMENT(3, _old);
    0000002E DD 4E FF         [19]  556 	ld	c, -1 (ix)
    00000031 06 00            [ 7]  557 	ld	b, #0x00
                                    558 ;C:/MSXgl-1.3.2/engine/src/rom_mapper.h:190: g_Bank0Segment[b] = s;
    00000033 ED 43r06r00      [20]  559 	ld	((_g_Bank0Segment + 6)), bc
                                    560 ;C:/MSXgl-1.3.2/engine/src/rom_mapper.h:191: Poke(YAMANOOTO_OFFR, (s >> 2) & 0xC0);
    00000037 59               [ 4]  561 	ld	e, c
    00000038 50               [ 4]  562 	ld	d, b
    00000039 CB 3A            [ 8]  563 	srl	d
    0000003B CB 1B            [ 8]  564 	rr	e
    0000003D CB 3A            [ 8]  565 	srl	d
    0000003F CB 1B            [ 8]  566 	rr	e
    00000041 7B               [ 4]  567 	ld	a, e
    00000042 E6 C0            [ 7]  568 	and	a, #0xc0
                                    569 ;C:/MSXgl-1.3.2/engine/src/system.h:101: inline void Poke(u16 addr, u8 val) { *(u8*)addr = val; }
    00000044 32 FE 7F         [13]  570 	ld	(#0x7ffe),a
                                    571 ;C:/MSXgl-1.3.2/engine/src/rom_mapper.h:195: else if (b == 3)	Poke(ADDR_BANK_3, s & 0xFF);
                                    572 ;C:/MSXgl-1.3.2/engine/src/system.h:101: inline void Poke(u16 addr, u8 val) { *(u8*)addr = val; }
    00000047 21 00 B0         [10]  573 	ld	hl, #0xb000
    0000004A 71               [ 7]  574 	ld	(hl), c
                                    575 ;./soccerlg.c:133: SET_BANK_SEGMENT(3, _old);
                                    576 ;./soccerlg.c:134: }
    0000004B 33               [ 6]  577 	inc	sp
    0000004C DD E1            [14]  578 	pop	ix
    0000004E C9               [10]  579 	ret
                         0000F380   580 _g_RDPRIM	=	0xf380
                         0000F385   581 _g_WRPRIM	=	0xf385
                         0000F38C   582 _g_CLPRIM	=	0xf38c
                         0000F39A   583 _g_USRTAB	=	0xf39a
                         0000F3DE   584 _g_CNSDFG	=	0xf3de
                         0000F3DF   585 _g_RG0SAV	=	0xf3df
                         0000F3E0   586 _g_RG1SAV	=	0xf3e0
                         0000F3E1   587 _g_RG2SAV	=	0xf3e1
                         0000F3E2   588 _g_RG3SAV	=	0xf3e2
                         0000F3E3   589 _g_RG4SAV	=	0xf3e3
                         0000F3E4   590 _g_RG5SAV	=	0xf3e4
                         0000F3E5   591 _g_RG6SAV	=	0xf3e5
                         0000F3E6   592 _g_RG7SAV	=	0xf3e6
                         0000F3E7   593 _g_STATFL	=	0xf3e7
                         0000F3E8   594 _g_TRGFLG	=	0xf3e8
                         0000F3EC   595 _g_MAXUPD	=	0xf3ec
                         0000F3EF   596 _g_MINUPD	=	0xf3ef
                         0000F3F3   597 _g_QUEUES	=	0xf3f3
                         0000F3F5   598 _g_FRCNEW	=	0xf3f5
                         0000F3F6   599 _g_SCNCNT	=	0xf3f6
                         0000F3F7   600 _g_REPCNT	=	0xf3f7
                         0000F3F8   601 _g_PUTPNT	=	0xf3f8
                         0000F3FA   602 _g_GETPNT	=	0xf3fa
                         0000F3FC   603 _g_CS120	=	0xf3fc
                         0000F401   604 _g_CS240	=	0xf401
                         0000F406   605 _g_LOW	=	0xf406
                         0000F408   606 _g_HIGH	=	0xf408
                         0000F40A   607 _g_HEADER	=	0xf40a
                         0000F40B   608 _g_ASPCT1	=	0xf40b
                         0000F40D   609 _g_ASPCT2	=	0xf40d
                         0000F959   610 _g_QUETAB	=	0xf959
                         0000F971   611 _g_QUEBAK	=	0xf971
                         0000F975   612 _g_VOICAQ	=	0xf975
                         0000F9F5   613 _g_VOICBQ	=	0xf9f5
                         0000FA75   614 _g_VOICCQ	=	0xfa75
                         0000FAF5   615 _g_RS2IQ	=	0xfaf5
                         0000FAF5   616 _g_DPPAGE	=	0xfaf5
                         0000FAF6   617 _g_ACPAGE	=	0xfaf6
                         0000FAF7   618 _g_AVCSAV	=	0xfaf7
                         0000FAF8   619 _g_EXBRSA	=	0xfaf8
                         0000FAF9   620 _g_CHRCNT	=	0xfaf9
                         0000FAFA   621 _g_ROMA	=	0xfafa
                         0000FAFC   622 _g_MODE	=	0xfafc
                         0000FAFD   623 _g_NORUSE	=	0xfafd
                         0000FAFE   624 _g_XSAVE	=	0xfafe
                         0000FB00   625 _g_YSAVE	=	0xfb00
                         0000FB03   626 _g_RSTMP	=	0xfb03
                         0000FB03   627 _g_TOCNT	=	0xfb03
                         0000FB04   628 _g_RSFCB	=	0xfb04
                         0000FB06   629 _g_RSIQLN	=	0xfb06
                         0000FB07   630 _g_MEXBIh	=	0xfb07
                         0000FB0C   631 _g_OLDSTT	=	0xfb0c
                         0000FB0C   632 _g_OLDINT	=	0xfb0c
                         0000FB16   633 _g_DEVNUM	=	0xfb16
                         0000FB17   634 _g_DATCNT	=	0xfb17
                         0000FB1A   635 _g_ERRORS	=	0xfb1a
                         0000FB1B   636 _g_FLAGS	=	0xfb1b
                         0000FB1C   637 _g_ESTBLS	=	0xfb1c
                         0000FB1D   638 _g_COMMSK	=	0xfb1d
                         0000FB1E   639 _g_LSTCOM	=	0xfb1e
                         0000FB1F   640 _g_LSTMOD	=	0xfb1f
                         0000FB35   641 _g_PRSCNT	=	0xfb35
                         0000FB36   642 _g_SAVSP	=	0xfb36
                         0000FB38   643 _g_VOICEN	=	0xfb38
                         0000FB39   644 _g_SAVVOL	=	0xfb39
                         0000FB3B   645 _g_MCLLEN	=	0xfb3b
                         0000FB3C   646 _g_MCLPTR	=	0xfb3c
                         0000FB3E   647 _g_QUEUEN	=	0xfb3e
                         0000FB3F   648 _g_MUSICF	=	0xfb3f
                         0000FB40   649 _g_PLYCNT	=	0xfb40
                         0000FB41   650 _g_VCBA	=	0xfb41
                         0000FB66   651 _g_VCBB	=	0xfb66
                         0000FB8B   652 _g_VCBC	=	0xfb8b
                         0000FBB0   653 _g_ENSTOP	=	0xfbb0
                         0000FBB1   654 _g_BASROM	=	0xfbb1
                         0000FBB2   655 _g_LINTTB	=	0xfbb2
                         0000FBCA   656 _g_FSTPOS	=	0xfbca
                         0000FBCC   657 _g_CODSAV	=	0xfbcc
                         0000FBCD   658 _g_FNKSWI	=	0xfbcd
                         0000FBCE   659 _g_FNKFLG	=	0xfbce
                         0000FBD8   660 _g_ONGSBF	=	0xfbd8
                         0000FBD9   661 _g_CLIKFL	=	0xfbd9
                         0000FBDA   662 _g_OLDKEY	=	0xfbda
                         0000FBE5   663 _g_NEWKEY	=	0xfbe5
                         0000FBF0   664 _g_KEYBUF	=	0xfbf0
                         0000FC18   665 _g_LINWRK	=	0xfc18
                         0000FC40   666 _g_PATWRK	=	0xfc40
                         0000FC48   667 _g_BOTTOM	=	0xfc48
                         0000FC4A   668 _g_HIMEM	=	0xfc4a
                         0000FC4C   669 _g_TRPTBL	=	0xfc4c
                         0000FC9A   670 _g_RTYCNT	=	0xfc9a
                         0000FC9B   671 _g_INTFLG	=	0xfc9b
                         0000FC9C   672 _g_PADY	=	0xfc9c
                         0000FC9D   673 _g_PADX	=	0xfc9d
                         0000FC9E   674 _g_JIFFY	=	0xfc9e
                         0000FCA0   675 _g_INTVAL	=	0xfca0
                         0000FCA2   676 _g_INTCNT	=	0xfca2
                         0000FCA4   677 _g_LOWLIM	=	0xfca4
                         0000FCA5   678 _g_WINWID	=	0xfca5
                         0000FCA6   679 _g_GRPHED	=	0xfca6
                         0000FCA7   680 _g_ESCCNT	=	0xfca7
                         0000FCA8   681 _g_INSFLG	=	0xfca8
                         0000FCA9   682 _g_CSRSW	=	0xfca9
                         0000FCAA   683 _g_CSTYLE	=	0xfcaa
                         0000FCAB   684 _g_CAPST	=	0xfcab
                         0000FCAC   685 _g_KANAST	=	0xfcac
                         0000FCAD   686 _g_KANAMD	=	0xfcad
                         0000FCAE   687 _g_FLBMEM	=	0xfcae
                         0000FCAF   688 _g_SCRMOD	=	0xfcaf
                         0000FCB0   689 _g_OLDSCR	=	0xfcb0
                         0000FCB1   690 _g_CASPRV	=	0xfcb1
                         0000FCB2   691 _g_BRDATR	=	0xfcb2
                         0000FCB3   692 _g_GXPOS	=	0xfcb3
                         0000FCB5   693 _g_GYPOS	=	0xfcb5
                         0000FCBB   694 _g_DRWFLG	=	0xfcbb
                         0000FCBC   695 _g_DRWSCL	=	0xfcbc
                         0000FCBD   696 _g_DRWANG	=	0xfcbd
                         0000FCC1   697 _g_MNROM	=	0xfcc1
                         0000FCC1   698 _g_EXPTBL	=	0xfcc1
                         0000FCC5   699 _g_SLTTBL	=	0xfcc5
                         0000FCC9   700 _g_SLTATR	=	0xfcc9
                         0000FD09   701 _g_SLTWRK	=	0xfd09
                         0000FD89   702 _g_PROCNM	=	0xfd89
                         0000FFE7   703 _g_RG08SAV	=	0xffe7
                         0000FFE8   704 _g_RG09SAV	=	0xffe8
                         0000FFE9   705 _g_RG10SAV	=	0xffe9
                         0000FFEA   706 _g_RG11SAV	=	0xffea
                         0000FFEB   707 _g_RG12SAV	=	0xffeb
                         0000FFEC   708 _g_RG13SAV	=	0xffec
                         0000FFED   709 _g_RG14SAV	=	0xffed
                         0000FFEE   710 _g_RG15SAV	=	0xffee
                         0000FFEF   711 _g_RG16SAV	=	0xffef
                         0000FFF0   712 _g_RG17SAV	=	0xfff0
                         0000FFF1   713 _g_RG18SAV	=	0xfff1
                         0000FFF2   714 _g_RG19SAV	=	0xfff2
                         0000FFF3   715 _g_RG20SAV	=	0xfff3
                         0000FFF4   716 _g_RG21SAV	=	0xfff4
                         0000FFF5   717 _g_RG22SAV	=	0xfff5
                         0000FFF6   718 _g_RG23SAV	=	0xfff6
                         0000FFF7   719 _g_MINROM	=	0xfff7
                         0000FFF8   720 _g_SVFFF8	=	0xfff8
                         0000FFFA   721 _g_RG25SAV	=	0xfffa
                         0000FFFB   722 _g_RG26SAV	=	0xfffb
                         0000FFFC   723 _g_RG27SAV	=	0xfffc
                         0000FFFD   724 _g_SVFFFD	=	0xfffd
                         00000004   725 _g_CGTABL	=	0x0004
                         00000006   726 _g_VDP_DR	=	0x0006
                         00000007   727 _g_VDP_DW	=	0x0007
                         0000002B   728 _g_BASRVN	=	0x002b
                         0000002B   729 _g_ROMVersion	=	0x002b
                         0000002D   730 _g_MSXVER	=	0x002d
                         0000002E   731 _g_MSXMID	=	0x002e
                         00000034   732 _g_CHAR_16	=	0x0034
                         00000000   733 _g_SUBRID	=	0x0000
                         00000002   734 _g_STRSRC	=	0x0002
                         0000F30F   735 _g_KANJTABLE	=	0xf30f
                         0000F323   736 _g_DISKVE	=	0xf323
                         0000F325   737 _g_BREAKV	=	0xf325
                         0000F341   738 _g_RAMAD0	=	0xf341
                         0000F342   739 _g_RAMAD1	=	0xf342
                         0000F343   740 _g_RAMAD2	=	0xf343
                         0000F344   741 _g_RAMAD3	=	0xf344
                         0000F348   742 _g_MASTER	=	0xf348
                         0000F37D   743 _g_BDOS	=	0xf37d
    0000004F                        744 _FieldMap:
    0000004F 00                     745 	.db #0x00	; 0
    00000050 01                     746 	.db #0x01	; 1
    00000051 02                     747 	.db #0x02	; 2
    00000052 03                     748 	.db #0x03	; 3
    00000053 04                     749 	.db #0x04	; 4
    00000054 05                     750 	.db #0x05	; 5
    00000055 06                     751 	.db #0x06	; 6
    00000056 07                     752 	.db #0x07	; 7
    00000057 08                     753 	.db #0x08	; 8
    00000058 09                     754 	.db #0x09	; 9
    00000059 0A                     755 	.db #0x0a	; 10
    0000005A 0B                     756 	.db #0x0b	; 11
    0000005B 0C                     757 	.db #0x0c	; 12
    0000005C 0D                     758 	.db #0x0d	; 13
    0000005D 0E                     759 	.db #0x0e	; 14
    0000005E 0F                     760 	.db #0x0f	; 15
    0000005F 10                     761 	.db #0x10	; 16
    00000060 11                     762 	.db #0x11	; 17
    00000061 12                     763 	.db #0x12	; 18
    00000062 13                     764 	.db #0x13	; 19
    00000063 14                     765 	.db #0x14	; 20
    00000064 15                     766 	.db #0x15	; 21
    00000065 16                     767 	.db #0x16	; 22
    00000066 17                     768 	.db #0x17	; 23
    00000067 18                     769 	.db #0x18	; 24
    00000068 19                     770 	.db #0x19	; 25
    00000069 1A                     771 	.db #0x1a	; 26
    0000006A 1B                     772 	.db #0x1b	; 27
    0000006B 1C                     773 	.db #0x1c	; 28
    0000006C 1D                     774 	.db #0x1d	; 29
    0000006D 1E                     775 	.db #0x1e	; 30
    0000006E 1F                     776 	.db #0x1f	; 31
    0000006F 20                     777 	.db #0x20	; 32
    00000070 21                     778 	.db #0x21	; 33
    00000071 22                     779 	.db #0x22	; 34
    00000072 23                     780 	.db #0x23	; 35
    00000073 24                     781 	.db #0x24	; 36
    00000074 25                     782 	.db #0x25	; 37
    00000075 26                     783 	.db #0x26	; 38
    00000076 27                     784 	.db #0x27	; 39
    00000077 28                     785 	.db #0x28	; 40
    00000078 29                     786 	.db #0x29	; 41
    00000079 2A                     787 	.db #0x2a	; 42
    0000007A 2B                     788 	.db #0x2b	; 43
    0000007B 2C                     789 	.db #0x2c	; 44
    0000007C 2D                     790 	.db #0x2d	; 45
    0000007D 2E                     791 	.db #0x2e	; 46
    0000007E 2F                     792 	.db #0x2f	; 47
    0000007F 30                     793 	.db #0x30	; 48	'0'
    00000080 31                     794 	.db #0x31	; 49	'1'
    00000081 32                     795 	.db #0x32	; 50	'2'
    00000082 33                     796 	.db #0x33	; 51	'3'
    00000083 34                     797 	.db #0x34	; 52	'4'
    00000084 35                     798 	.db #0x35	; 53	'5'
    00000085 36                     799 	.db #0x36	; 54	'6'
    00000086 37                     800 	.db #0x37	; 55	'7'
    00000087 38                     801 	.db #0x38	; 56	'8'
    00000088 39                     802 	.db #0x39	; 57	'9'
    00000089 3A                     803 	.db #0x3a	; 58
    0000008A 3B                     804 	.db #0x3b	; 59
    0000008B 3B                     805 	.db #0x3b	; 59
    0000008C 3B                     806 	.db #0x3b	; 59
    0000008D 3B                     807 	.db #0x3b	; 59
    0000008E 3B                     808 	.db #0x3b	; 59
    0000008F 3B                     809 	.db #0x3b	; 59
    00000090 3B                     810 	.db #0x3b	; 59
    00000091 3B                     811 	.db #0x3b	; 59
    00000092 3B                     812 	.db #0x3b	; 59
    00000093 3B                     813 	.db #0x3b	; 59
    00000094 3B                     814 	.db #0x3b	; 59
    00000095 3B                     815 	.db #0x3b	; 59
    00000096 3B                     816 	.db #0x3b	; 59
    00000097 3B                     817 	.db #0x3b	; 59
    00000098 3C                     818 	.db #0x3c	; 60
    00000099 3D                     819 	.db #0x3d	; 61
    0000009A 3E                     820 	.db #0x3e	; 62
    0000009B 3F                     821 	.db #0x3f	; 63
    0000009C 40                     822 	.db #0x40	; 64
    0000009D 41                     823 	.db #0x41	; 65	'A'
    0000009E 42                     824 	.db #0x42	; 66	'B'
    0000009F 43                     825 	.db #0x43	; 67	'C'
    000000A0 44                     826 	.db #0x44	; 68	'D'
    000000A1 45                     827 	.db #0x45	; 69	'E'
    000000A2 46                     828 	.db #0x46	; 70	'F'
    000000A3 47                     829 	.db #0x47	; 71	'G'
    000000A4 48                     830 	.db #0x48	; 72	'H'
    000000A5 49                     831 	.db #0x49	; 73	'I'
    000000A6 4A                     832 	.db #0x4a	; 74	'J'
    000000A7 4B                     833 	.db #0x4b	; 75	'K'
    000000A8 4C                     834 	.db #0x4c	; 76	'L'
    000000A9 4D                     835 	.db #0x4d	; 77	'M'
    000000AA 4E                     836 	.db #0x4e	; 78	'N'
    000000AB 4F                     837 	.db #0x4f	; 79	'O'
    000000AC 50                     838 	.db #0x50	; 80	'P'
    000000AD 51                     839 	.db #0x51	; 81	'Q'
    000000AE 52                     840 	.db #0x52	; 82	'R'
    000000AF 53                     841 	.db #0x53	; 83	'S'
    000000B0 54                     842 	.db #0x54	; 84	'T'
    000000B1 55                     843 	.db #0x55	; 85	'U'
    000000B2 56                     844 	.db #0x56	; 86	'V'
    000000B3 57                     845 	.db #0x57	; 87	'W'
    000000B4 58                     846 	.db #0x58	; 88	'X'
    000000B5 58                     847 	.db #0x58	; 88	'X'
    000000B6 58                     848 	.db #0x58	; 88	'X'
    000000B7 58                     849 	.db #0x58	; 88	'X'
    000000B8 58                     850 	.db #0x58	; 88	'X'
    000000B9 58                     851 	.db #0x58	; 88	'X'
    000000BA 58                     852 	.db #0x58	; 88	'X'
    000000BB 58                     853 	.db #0x58	; 88	'X'
    000000BC 58                     854 	.db #0x58	; 88	'X'
    000000BD 58                     855 	.db #0x58	; 88	'X'
    000000BE 58                     856 	.db #0x58	; 88	'X'
    000000BF 58                     857 	.db #0x58	; 88	'X'
    000000C0 58                     858 	.db #0x58	; 88	'X'
    000000C1 58                     859 	.db #0x58	; 88	'X'
    000000C2 58                     860 	.db #0x58	; 88	'X'
    000000C3 58                     861 	.db #0x58	; 88	'X'
    000000C4 58                     862 	.db #0x58	; 88	'X'
    000000C5 58                     863 	.db #0x58	; 88	'X'
    000000C6 58                     864 	.db #0x58	; 88	'X'
    000000C7 58                     865 	.db #0x58	; 88	'X'
    000000C8 58                     866 	.db #0x58	; 88	'X'
    000000C9 58                     867 	.db #0x58	; 88	'X'
    000000CA 58                     868 	.db #0x58	; 88	'X'
    000000CB 58                     869 	.db #0x58	; 88	'X'
    000000CC 58                     870 	.db #0x58	; 88	'X'
    000000CD 58                     871 	.db #0x58	; 88	'X'
    000000CE 58                     872 	.db #0x58	; 88	'X'
    000000CF 58                     873 	.db #0x58	; 88	'X'
    000000D0 58                     874 	.db #0x58	; 88	'X'
    000000D1 58                     875 	.db #0x58	; 88	'X'
    000000D2 58                     876 	.db #0x58	; 88	'X'
    000000D3 58                     877 	.db #0x58	; 88	'X'
    000000D4 58                     878 	.db #0x58	; 88	'X'
    000000D5 58                     879 	.db #0x58	; 88	'X'
    000000D6 58                     880 	.db #0x58	; 88	'X'
    000000D7 58                     881 	.db #0x58	; 88	'X'
    000000D8 58                     882 	.db #0x58	; 88	'X'
    000000D9 58                     883 	.db #0x58	; 88	'X'
    000000DA 58                     884 	.db #0x58	; 88	'X'
    000000DB 58                     885 	.db #0x58	; 88	'X'
    000000DC 58                     886 	.db #0x58	; 88	'X'
    000000DD 58                     887 	.db #0x58	; 88	'X'
    000000DE 58                     888 	.db #0x58	; 88	'X'
    000000DF 58                     889 	.db #0x58	; 88	'X'
    000000E0 58                     890 	.db #0x58	; 88	'X'
    000000E1 58                     891 	.db #0x58	; 88	'X'
    000000E2 58                     892 	.db #0x58	; 88	'X'
    000000E3 58                     893 	.db #0x58	; 88	'X'
    000000E4 58                     894 	.db #0x58	; 88	'X'
    000000E5 58                     895 	.db #0x58	; 88	'X'
    000000E6 58                     896 	.db #0x58	; 88	'X'
    000000E7 58                     897 	.db #0x58	; 88	'X'
    000000E8 58                     898 	.db #0x58	; 88	'X'
    000000E9 58                     899 	.db #0x58	; 88	'X'
    000000EA 58                     900 	.db #0x58	; 88	'X'
    000000EB 58                     901 	.db #0x58	; 88	'X'
    000000EC 58                     902 	.db #0x58	; 88	'X'
    000000ED 58                     903 	.db #0x58	; 88	'X'
    000000EE 58                     904 	.db #0x58	; 88	'X'
    000000EF 58                     905 	.db #0x58	; 88	'X'
    000000F0 58                     906 	.db #0x58	; 88	'X'
    000000F1 58                     907 	.db #0x58	; 88	'X'
    000000F2 58                     908 	.db #0x58	; 88	'X'
    000000F3 58                     909 	.db #0x58	; 88	'X'
    000000F4 58                     910 	.db #0x58	; 88	'X'
    000000F5 58                     911 	.db #0x58	; 88	'X'
    000000F6 58                     912 	.db #0x58	; 88	'X'
    000000F7 58                     913 	.db #0x58	; 88	'X'
    000000F8 58                     914 	.db #0x58	; 88	'X'
    000000F9 58                     915 	.db #0x58	; 88	'X'
    000000FA 58                     916 	.db #0x58	; 88	'X'
    000000FB 58                     917 	.db #0x58	; 88	'X'
    000000FC 58                     918 	.db #0x58	; 88	'X'
    000000FD 58                     919 	.db #0x58	; 88	'X'
    000000FE 58                     920 	.db #0x58	; 88	'X'
    000000FF 58                     921 	.db #0x58	; 88	'X'
    00000100 58                     922 	.db #0x58	; 88	'X'
    00000101 58                     923 	.db #0x58	; 88	'X'
    00000102 58                     924 	.db #0x58	; 88	'X'
    00000103 58                     925 	.db #0x58	; 88	'X'
    00000104 58                     926 	.db #0x58	; 88	'X'
    00000105 58                     927 	.db #0x58	; 88	'X'
    00000106 58                     928 	.db #0x58	; 88	'X'
    00000107 58                     929 	.db #0x58	; 88	'X'
    00000108 58                     930 	.db #0x58	; 88	'X'
    00000109 58                     931 	.db #0x58	; 88	'X'
    0000010A 58                     932 	.db #0x58	; 88	'X'
    0000010B 58                     933 	.db #0x58	; 88	'X'
    0000010C 58                     934 	.db #0x58	; 88	'X'
    0000010D 58                     935 	.db #0x58	; 88	'X'
    0000010E 58                     936 	.db #0x58	; 88	'X'
    0000010F 58                     937 	.db #0x58	; 88	'X'
    00000110 58                     938 	.db #0x58	; 88	'X'
    00000111 58                     939 	.db #0x58	; 88	'X'
    00000112 58                     940 	.db #0x58	; 88	'X'
    00000113 58                     941 	.db #0x58	; 88	'X'
    00000114 58                     942 	.db #0x58	; 88	'X'
    00000115 58                     943 	.db #0x58	; 88	'X'
    00000116 58                     944 	.db #0x58	; 88	'X'
    00000117 58                     945 	.db #0x58	; 88	'X'
    00000118 58                     946 	.db #0x58	; 88	'X'
    00000119 58                     947 	.db #0x58	; 88	'X'
    0000011A 58                     948 	.db #0x58	; 88	'X'
    0000011B 58                     949 	.db #0x58	; 88	'X'
    0000011C 58                     950 	.db #0x58	; 88	'X'
    0000011D 58                     951 	.db #0x58	; 88	'X'
    0000011E 58                     952 	.db #0x58	; 88	'X'
    0000011F 58                     953 	.db #0x58	; 88	'X'
    00000120 58                     954 	.db #0x58	; 88	'X'
    00000121 58                     955 	.db #0x58	; 88	'X'
    00000122 58                     956 	.db #0x58	; 88	'X'
    00000123 58                     957 	.db #0x58	; 88	'X'
    00000124 58                     958 	.db #0x58	; 88	'X'
    00000125 58                     959 	.db #0x58	; 88	'X'
    00000126 58                     960 	.db #0x58	; 88	'X'
    00000127 58                     961 	.db #0x58	; 88	'X'
    00000128 58                     962 	.db #0x58	; 88	'X'
    00000129 58                     963 	.db #0x58	; 88	'X'
    0000012A 58                     964 	.db #0x58	; 88	'X'
    0000012B 58                     965 	.db #0x58	; 88	'X'
    0000012C 59                     966 	.db #0x59	; 89	'Y'
    0000012D 5A                     967 	.db #0x5a	; 90	'Z'
    0000012E 5B                     968 	.db #0x5b	; 91
    0000012F 5C                     969 	.db #0x5c	; 92
    00000130 5D                     970 	.db #0x5d	; 93
    00000131 5E                     971 	.db #0x5e	; 94
    00000132 5F                     972 	.db #0x5f	; 95
    00000133 60                     973 	.db #0x60	; 96
    00000134 61                     974 	.db #0x61	; 97	'a'
    00000135 62                     975 	.db #0x62	; 98	'b'
    00000136 63                     976 	.db #0x63	; 99	'c'
    00000137 64                     977 	.db #0x64	; 100	'd'
    00000138 65                     978 	.db #0x65	; 101	'e'
    00000139 66                     979 	.db #0x66	; 102	'f'
    0000013A 67                     980 	.db #0x67	; 103	'g'
    0000013B 68                     981 	.db #0x68	; 104	'h'
    0000013C 69                     982 	.db #0x69	; 105	'i'
    0000013D 6A                     983 	.db #0x6a	; 106	'j'
    0000013E 6B                     984 	.db #0x6b	; 107	'k'
    0000013F 6C                     985 	.db #0x6c	; 108	'l'
    00000140 6D                     986 	.db #0x6d	; 109	'm'
    00000141 6E                     987 	.db #0x6e	; 110	'n'
    00000142 6F                     988 	.db #0x6f	; 111	'o'
    00000143 70                     989 	.db #0x70	; 112	'p'
    00000144 71                     990 	.db #0x71	; 113	'q'
    00000145 72                     991 	.db #0x72	; 114	'r'
    00000146 73                     992 	.db #0x73	; 115	's'
    00000147 74                     993 	.db #0x74	; 116	't'
    00000148 75                     994 	.db #0x75	; 117	'u'
    00000149 76                     995 	.db #0x76	; 118	'v'
    0000014A 77                     996 	.db #0x77	; 119	'w'
    0000014B 78                     997 	.db #0x78	; 120	'x'
    0000014C 79                     998 	.db #0x79	; 121	'y'
    0000014D 7A                     999 	.db #0x7a	; 122	'z'
    0000014E 7B                    1000 	.db #0x7b	; 123
    0000014F 7C                    1001 	.db #0x7c	; 124
    00000150 7D                    1002 	.db #0x7d	; 125
    00000151 7E                    1003 	.db #0x7e	; 126
    00000152 7F                    1004 	.db #0x7f	; 127
    00000153 80                    1005 	.db #0x80	; 128
    00000154 81                    1006 	.db #0x81	; 129
    00000155 82                    1007 	.db #0x82	; 130
    00000156 83                    1008 	.db #0x83	; 131
    00000157 84                    1009 	.db #0x84	; 132
    00000158 85                    1010 	.db #0x85	; 133
    00000159 86                    1011 	.db #0x86	; 134
    0000015A 87                    1012 	.db #0x87	; 135
    0000015B 88                    1013 	.db #0x88	; 136
    0000015C 89                    1014 	.db #0x89	; 137
    0000015D 8A                    1015 	.db #0x8a	; 138
    0000015E 8B                    1016 	.db #0x8b	; 139
    0000015F 8C                    1017 	.db #0x8c	; 140
    00000160 8D                    1018 	.db #0x8d	; 141
    00000161 8E                    1019 	.db #0x8e	; 142
    00000162 8F                    1020 	.db #0x8f	; 143
    00000163 90                    1021 	.db #0x90	; 144
    00000164 91                    1022 	.db #0x91	; 145
    00000165 92                    1023 	.db #0x92	; 146
    00000166 93                    1024 	.db #0x93	; 147
    00000167 94                    1025 	.db #0x94	; 148
    00000168 95                    1026 	.db #0x95	; 149
    00000169 96                    1027 	.db #0x96	; 150
    0000016A 97                    1028 	.db #0x97	; 151
    0000016B 98                    1029 	.db #0x98	; 152
    0000016C 98                    1030 	.db #0x98	; 152
    0000016D 98                    1031 	.db #0x98	; 152
    0000016E 98                    1032 	.db #0x98	; 152
    0000016F 98                    1033 	.db #0x98	; 152
    00000170 98                    1034 	.db #0x98	; 152
    00000171 98                    1035 	.db #0x98	; 152
    00000172 98                    1036 	.db #0x98	; 152
    00000173 98                    1037 	.db #0x98	; 152
    00000174 98                    1038 	.db #0x98	; 152
    00000175 98                    1039 	.db #0x98	; 152
    00000176 98                    1040 	.db #0x98	; 152
    00000177 98                    1041 	.db #0x98	; 152
    00000178 98                    1042 	.db #0x98	; 152
    00000179 98                    1043 	.db #0x98	; 152
    0000017A 98                    1044 	.db #0x98	; 152
    0000017B 98                    1045 	.db #0x98	; 152
    0000017C 98                    1046 	.db #0x98	; 152
    0000017D 98                    1047 	.db #0x98	; 152
    0000017E 98                    1048 	.db #0x98	; 152
    0000017F 98                    1049 	.db #0x98	; 152
    00000180 98                    1050 	.db #0x98	; 152
    00000181 98                    1051 	.db #0x98	; 152
    00000182 98                    1052 	.db #0x98	; 152
    00000183 98                    1053 	.db #0x98	; 152
    00000184 98                    1054 	.db #0x98	; 152
    00000185 98                    1055 	.db #0x98	; 152
    00000186 98                    1056 	.db #0x98	; 152
    00000187 98                    1057 	.db #0x98	; 152
    00000188 98                    1058 	.db #0x98	; 152
    00000189 98                    1059 	.db #0x98	; 152
    0000018A 98                    1060 	.db #0x98	; 152
    0000018B 98                    1061 	.db #0x98	; 152
    0000018C 98                    1062 	.db #0x98	; 152
    0000018D 98                    1063 	.db #0x98	; 152
    0000018E 98                    1064 	.db #0x98	; 152
    0000018F 98                    1065 	.db #0x98	; 152
    00000190 98                    1066 	.db #0x98	; 152
    00000191 98                    1067 	.db #0x98	; 152
    00000192 98                    1068 	.db #0x98	; 152
    00000193 98                    1069 	.db #0x98	; 152
    00000194 98                    1070 	.db #0x98	; 152
    00000195 98                    1071 	.db #0x98	; 152
    00000196 98                    1072 	.db #0x98	; 152
    00000197 98                    1073 	.db #0x98	; 152
    00000198 98                    1074 	.db #0x98	; 152
    00000199 98                    1075 	.db #0x98	; 152
    0000019A 98                    1076 	.db #0x98	; 152
    0000019B 98                    1077 	.db #0x98	; 152
    0000019C 98                    1078 	.db #0x98	; 152
    0000019D 98                    1079 	.db #0x98	; 152
    0000019E 98                    1080 	.db #0x98	; 152
    0000019F 98                    1081 	.db #0x98	; 152
    000001A0 98                    1082 	.db #0x98	; 152
    000001A1 98                    1083 	.db #0x98	; 152
    000001A2 98                    1084 	.db #0x98	; 152
    000001A3 98                    1085 	.db #0x98	; 152
    000001A4 98                    1086 	.db #0x98	; 152
    000001A5 98                    1087 	.db #0x98	; 152
    000001A6 98                    1088 	.db #0x98	; 152
    000001A7 98                    1089 	.db #0x98	; 152
    000001A8 98                    1090 	.db #0x98	; 152
    000001A9 98                    1091 	.db #0x98	; 152
    000001AA 98                    1092 	.db #0x98	; 152
    000001AB 98                    1093 	.db #0x98	; 152
    000001AC 98                    1094 	.db #0x98	; 152
    000001AD 98                    1095 	.db #0x98	; 152
    000001AE 98                    1096 	.db #0x98	; 152
    000001AF 98                    1097 	.db #0x98	; 152
    000001B0 98                    1098 	.db #0x98	; 152
    000001B1 98                    1099 	.db #0x98	; 152
    000001B2 98                    1100 	.db #0x98	; 152
    000001B3 98                    1101 	.db #0x98	; 152
    000001B4 98                    1102 	.db #0x98	; 152
    000001B5 98                    1103 	.db #0x98	; 152
    000001B6 98                    1104 	.db #0x98	; 152
    000001B7 98                    1105 	.db #0x98	; 152
    000001B8 98                    1106 	.db #0x98	; 152
    000001B9 98                    1107 	.db #0x98	; 152
    000001BA 98                    1108 	.db #0x98	; 152
    000001BB 98                    1109 	.db #0x98	; 152
    000001BC 98                    1110 	.db #0x98	; 152
    000001BD 98                    1111 	.db #0x98	; 152
    000001BE 98                    1112 	.db #0x98	; 152
    000001BF 98                    1113 	.db #0x98	; 152
    000001C0 98                    1114 	.db #0x98	; 152
    000001C1 98                    1115 	.db #0x98	; 152
    000001C2 98                    1116 	.db #0x98	; 152
    000001C3 98                    1117 	.db #0x98	; 152
    000001C4 98                    1118 	.db #0x98	; 152
    000001C5 98                    1119 	.db #0x98	; 152
    000001C6 98                    1120 	.db #0x98	; 152
    000001C7 98                    1121 	.db #0x98	; 152
    000001C8 98                    1122 	.db #0x98	; 152
    000001C9 98                    1123 	.db #0x98	; 152
    000001CA 98                    1124 	.db #0x98	; 152
    000001CB 98                    1125 	.db #0x98	; 152
    000001CC 98                    1126 	.db #0x98	; 152
    000001CD 98                    1127 	.db #0x98	; 152
    000001CE 98                    1128 	.db #0x98	; 152
    000001CF 98                    1129 	.db #0x98	; 152
    000001D0 98                    1130 	.db #0x98	; 152
    000001D1 98                    1131 	.db #0x98	; 152
    000001D2 98                    1132 	.db #0x98	; 152
    000001D3 98                    1133 	.db #0x98	; 152
    000001D4 98                    1134 	.db #0x98	; 152
    000001D5 98                    1135 	.db #0x98	; 152
    000001D6 98                    1136 	.db #0x98	; 152
    000001D7 98                    1137 	.db #0x98	; 152
    000001D8 98                    1138 	.db #0x98	; 152
    000001D9 98                    1139 	.db #0x98	; 152
    000001DA 98                    1140 	.db #0x98	; 152
    000001DB 99                    1141 	.db #0x99	; 153
    000001DC 9A                    1142 	.db #0x9a	; 154
    000001DD 9B                    1143 	.db #0x9b	; 155
    000001DE 9C                    1144 	.db #0x9c	; 156
    000001DF 9D                    1145 	.db #0x9d	; 157
    000001E0 9E                    1146 	.db #0x9e	; 158
    000001E1 9F                    1147 	.db #0x9f	; 159
    000001E2 A0                    1148 	.db #0xa0	; 160
    000001E3 A1                    1149 	.db #0xa1	; 161
    000001E4 A2                    1150 	.db #0xa2	; 162
    000001E5 A3                    1151 	.db #0xa3	; 163
    000001E6 A4                    1152 	.db #0xa4	; 164
    000001E7 A5                    1153 	.db #0xa5	; 165
    000001E8 A6                    1154 	.db #0xa6	; 166
    000001E9 A7                    1155 	.db #0xa7	; 167
    000001EA A8                    1156 	.db #0xa8	; 168
    000001EB A9                    1157 	.db #0xa9	; 169
    000001EC AA                    1158 	.db #0xaa	; 170
    000001ED AB                    1159 	.db #0xab	; 171
    000001EE AC                    1160 	.db #0xac	; 172
    000001EF AD                    1161 	.db #0xad	; 173
    000001F0 AE                    1162 	.db #0xae	; 174
    000001F1 AF                    1163 	.db #0xaf	; 175
    000001F2 B0                    1164 	.db #0xb0	; 176
    000001F3 B1                    1165 	.db #0xb1	; 177
    000001F4 B2                    1166 	.db #0xb2	; 178
    000001F5 B3                    1167 	.db #0xb3	; 179
    000001F6 B4                    1168 	.db #0xb4	; 180
    000001F7 B5                    1169 	.db #0xb5	; 181
    000001F8 B5                    1170 	.db #0xb5	; 181
    000001F9 B5                    1171 	.db #0xb5	; 181
    000001FA B5                    1172 	.db #0xb5	; 181
    000001FB B5                    1173 	.db #0xb5	; 181
    000001FC B5                    1174 	.db #0xb5	; 181
    000001FD B5                    1175 	.db #0xb5	; 181
    000001FE B5                    1176 	.db #0xb5	; 181
    000001FF B5                    1177 	.db #0xb5	; 181
    00000200 B5                    1178 	.db #0xb5	; 181
    00000201 B5                    1179 	.db #0xb5	; 181
    00000202 B5                    1180 	.db #0xb5	; 181
    00000203 B5                    1181 	.db #0xb5	; 181
    00000204 B5                    1182 	.db #0xb5	; 181
    00000205 B6                    1183 	.db #0xb6	; 182
    00000206 B7                    1184 	.db #0xb7	; 183
    00000207 B8                    1185 	.db #0xb8	; 184
    00000208 B9                    1186 	.db #0xb9	; 185
    00000209 BA                    1187 	.db #0xba	; 186
    0000020A BB                    1188 	.db #0xbb	; 187
    0000020B BC                    1189 	.db #0xbc	; 188
    0000020C BD                    1190 	.db #0xbd	; 189
    0000020D BE                    1191 	.db #0xbe	; 190
    0000020E BF                    1192 	.db #0xbf	; 191
    0000020F C0                    1193 	.db #0xc0	; 192
    00000210 C1                    1194 	.db #0xc1	; 193
    00000211 C2                    1195 	.db #0xc2	; 194
    00000212 C3                    1196 	.db #0xc3	; 195
    00000213 C4                    1197 	.db #0xc4	; 196
    00000214 C5                    1198 	.db #0xc5	; 197
    00000215 C6                    1199 	.db #0xc6	; 198
    00000216 C7                    1200 	.db #0xc7	; 199
    00000217 C8                    1201 	.db #0xc8	; 200
    00000218 C9                    1202 	.db #0xc9	; 201
    00000219 CA                    1203 	.db #0xca	; 202
    0000021A CB                    1204 	.db #0xcb	; 203
    0000021B CC                    1205 	.db #0xcc	; 204
    0000021C CD                    1206 	.db #0xcd	; 205
    0000021D CE                    1207 	.db #0xce	; 206
    0000021E CF                    1208 	.db #0xcf	; 207
    0000021F D0                    1209 	.db #0xd0	; 208
    00000220 D1                    1210 	.db #0xd1	; 209
    00000221 D2                    1211 	.db #0xd2	; 210
    00000222 D3                    1212 	.db #0xd3	; 211
    00000223 D4                    1213 	.db #0xd4	; 212
    00000224 D5                    1214 	.db #0xd5	; 213
    00000225 D6                    1215 	.db #0xd6	; 214
    00000226 D7                    1216 	.db #0xd7	; 215
    00000227 D8                    1217 	.db #0xd8	; 216
    00000228 D9                    1218 	.db #0xd9	; 217
    00000229 DA                    1219 	.db #0xda	; 218
    0000022A DB                    1220 	.db #0xdb	; 219
    0000022B DC                    1221 	.db #0xdc	; 220
    0000022C DD                    1222 	.db #0xdd	; 221
    0000022D DE                    1223 	.db #0xde	; 222
    0000022E DF                    1224 	.db #0xdf	; 223
    0000022F E0                    1225 	.db #0xe0	; 224
    00000230 E1                    1226 	.db #0xe1	; 225
    00000231 E2                    1227 	.db #0xe2	; 226
    00000232 E3                    1228 	.db #0xe3	; 227
    00000233 E4                    1229 	.db #0xe4	; 228
    00000234 E5                    1230 	.db #0xe5	; 229
    00000235 E6                    1231 	.db #0xe6	; 230
    00000236 E7                    1232 	.db #0xe7	; 231
    00000237 E8                    1233 	.db #0xe8	; 232
    00000238 E9                    1234 	.db #0xe9	; 233
    00000239 EA                    1235 	.db #0xea	; 234
    0000023A EB                    1236 	.db #0xeb	; 235
    0000023B EC                    1237 	.db #0xec	; 236
    0000023C ED                    1238 	.db #0xed	; 237
    0000023D EE                    1239 	.db #0xee	; 238
    0000023E EF                    1240 	.db #0xef	; 239
    0000023F F0                    1241 	.db #0xf0	; 240
    00000240 F1                    1242 	.db #0xf1	; 241
    00000241 F2                    1243 	.db #0xf2	; 242
    00000242 F3                    1244 	.db #0xf3	; 243
    00000243 F4                    1245 	.db #0xf4	; 244
    00000244 F5                    1246 	.db #0xf5	; 245
    00000245 F6                    1247 	.db #0xf6	; 246
    00000246 F7                    1248 	.db #0xf7	; 247
    00000247 F8                    1249 	.db #0xf8	; 248
    00000248 F9                    1250 	.db #0xf9	; 249
    00000249 FA                    1251 	.db #0xfa	; 250
    0000024A FB                    1252 	.db #0xfb	; 251
    0000024B FC                    1253 	.db #0xfc	; 252
    0000024C FD                    1254 	.db #0xfd	; 253
    0000024D FE                    1255 	.db #0xfe	; 254
    0000024E FF                    1256 	.db #0xff	; 255
    0000024F                       1257 _g_Palette:
    0000024F 00                    1258 	.db #0x00	; 0
    00000250 00                    1259 	.db #0x00	; 0
    00000251 00                    1260 	.db #0x00	; 0
    00000252 00                    1261 	.db #0x00	; 0
    00000253 71                    1262 	.db #0x71	; 113	'q'
    00000254 00                    1263 	.db #0x00	; 0
    00000255 72                    1264 	.db #0x72	; 114	'r'
    00000256 06                    1265 	.db #0x06	; 6
    00000257 77                    1266 	.db #0x77	; 119	'w'
    00000258 07                    1267 	.db #0x07	; 7
    00000259 03                    1268 	.db #0x03	; 3
    0000025A 00                    1269 	.db #0x00	; 0
    0000025B 00                    1270 	.db #0x00	; 0
    0000025C 05                    1271 	.db #0x05	; 5
    0000025D 33                    1272 	.db #0x33	; 51	'3'
    0000025E 03                    1273 	.db #0x03	; 3
    0000025F 55                    1274 	.db #0x55	; 85	'U'
    00000260 02                    1275 	.db #0x02	; 2
    00000261 45                    1276 	.db #0x45	; 69	'E'
    00000262 06                    1277 	.db #0x06	; 6
    00000263 40                    1278 	.db #0x40	; 64
    00000264 00                    1279 	.db #0x00	; 0
    00000265 26                    1280 	.db #0x26	; 38
    00000266 05                    1281 	.db #0x05	; 5
    00000267 55                    1282 	.db #0x55	; 85	'U'
    00000268 02                    1283 	.db #0x02	; 2
    00000269 06                    1284 	.db #0x06	; 6
    0000026A 06                    1285 	.db #0x06	; 6
    0000026B 16                    1286 	.db #0x16	; 22
    0000026C 02                    1287 	.db #0x02	; 2
    0000026D 66                    1288 	.db #0x66	; 102	'f'
    0000026E 06                    1289 	.db #0x06	; 6
    0000026F                       1290 _g_TeamColorsArray:
    0000026F 26 05                 1291 	.dw #0x0526
    00000271 77 07                 1292 	.dw #0x0777
    00000273 77 07                 1293 	.dw #0x0777
    00000275 15 02                 1294 	.dw #0x0215
    00000277 77 07                 1295 	.dw #0x0777
    00000279 77 07                 1296 	.dw #0x0777
    0000027B 11 05                 1297 	.dw #0x0511
    0000027D 71 06                 1298 	.dw #0x0671
    0000027F 71 06                 1299 	.dw #0x0671
    00000281 77 07                 1300 	.dw #0x0777
    00000283 11 01                 1301 	.dw #0x0111
    00000285 11 01                 1302 	.dw #0x0111
    00000287 70 04                 1303 	.dw #0x0470
    00000289 11 01                 1304 	.dw #0x0111
    0000028B 11 01                 1305 	.dw #0x0111
    0000028D 71 00                 1306 	.dw #0x0071
    0000028F 71 00                 1307 	.dw #0x0071
    00000291 77 07                 1308 	.dw #0x0777
    00000293                       1309 _g_TeamStatsArray:
    00000293 03                    1310 	.db #0x03	; 3
    00000294 03                    1311 	.db #0x03	; 3
    00000295 03                    1312 	.db #0x03	; 3
    00000296 02                    1313 	.db #0x02	; 2
    00000297 05                    1314 	.db #0x05	; 5
    00000298 02                    1315 	.db #0x02	; 2
    00000299 04                    1316 	.db #0x04	; 4
    0000029A 02                    1317 	.db #0x02	; 2
    0000029B 02                    1318 	.db #0x02	; 2
    0000029C 02                    1319 	.db #0x02	; 2
    0000029D 02                    1320 	.db #0x02	; 2
    0000029E 02                    1321 	.db #0x02	; 2
    0000029F 02                    1322 	.db #0x02	; 2
    000002A0 02                    1323 	.db #0x02	; 2
    000002A1 05                    1324 	.db #0x05	; 5
    000002A2 05                    1325 	.db #0x05	; 5
    000002A3 04                    1326 	.db #0x04	; 4
    000002A4 05                    1327 	.db #0x05	; 5
    000002A5 03                    1328 	.db #0x03	; 3
    000002A6 05                    1329 	.db #0x05	; 5
    000002A7 03                    1330 	.db #0x03	; 3
    000002A8 03                    1331 	.db #0x03	; 3
    000002A9 04                    1332 	.db #0x04	; 4
    000002AA 04                    1333 	.db #0x04	; 4
    000002AB 03                    1334 	.db #0x03	; 3
    000002AC 04                    1335 	.db #0x04	; 4
    000002AD 04                    1336 	.db #0x04	; 4
    000002AE 05                    1337 	.db #0x05	; 5
    000002AF 04                    1338 	.db #0x04	; 4
    000002B0 04                    1339 	.db #0x04	; 4
    000002B1 05                    1340 	.db #0x05	; 5
    000002B2 04                    1341 	.db #0x04	; 4
    000002B3 03                    1342 	.db #0x03	; 3
    000002B4 04                    1343 	.db #0x04	; 4
    000002B5 03                    1344 	.db #0x03	; 3
    000002B6 03                    1345 	.db #0x03	; 3
    000002B7 03                    1346 	.db #0x03	; 3
    000002B8 05                    1347 	.db #0x05	; 5
    000002B9 03                    1348 	.db #0x03	; 3
    000002BA 03                    1349 	.db #0x03	; 3
    000002BB 03                    1350 	.db #0x03	; 3
    000002BC 03                    1351 	.db #0x03	; 3
                                   1352 ;./soccerlg.c:136: void CallFnc_VOID_P1(u8 segment, void (*func)(u8), u8 p1) {
                                   1353 ;	---------------------------------
                                   1354 ; Function CallFnc_VOID_P1
                                   1355 ; ---------------------------------
    000002BD                       1356 _CallFnc_VOID_P1::
    000002BD DD E5            [15] 1357 	push	ix
    000002BF DD 21 00 00      [14] 1358 	ld	ix,#0
    000002C3 DD 39            [15] 1359 	add	ix,sp
    000002C5 3B               [ 6] 1360 	dec	sp
    000002C6 4F               [ 4] 1361 	ld	c, a
                                   1362 ;./soccerlg.c:137: u8 _old = GET_BANK_SEGMENT(3);
    000002C7 2Ar06r00         [16] 1363 	ld	hl, (#(_g_Bank0Segment + 6) + 0)
    000002CA DD 75 FF         [19] 1364 	ld	-1 (ix), l
                                   1365 ;./soccerlg.c:138: SET_BANK_SEGMENT(3, segment);
    000002CD 06 00            [ 7] 1366 	ld	b, #0x00
                                   1367 ;C:/MSXgl-1.3.2/engine/src/rom_mapper.h:190: g_Bank0Segment[b] = s;
    000002CF ED 43r06r00      [20] 1368 	ld	((_g_Bank0Segment + 6)), bc
                                   1369 ;C:/MSXgl-1.3.2/engine/src/rom_mapper.h:191: Poke(YAMANOOTO_OFFR, (s >> 2) & 0xC0);
    000002D3 69               [ 4] 1370 	ld	l, c
    000002D4 60               [ 4] 1371 	ld	h, b
    000002D5 CB 3C            [ 8] 1372 	srl	h
    000002D7 CB 1D            [ 8] 1373 	rr	l
    000002D9 CB 3C            [ 8] 1374 	srl	h
    000002DB CB 1D            [ 8] 1375 	rr	l
    000002DD 7D               [ 4] 1376 	ld	a, l
    000002DE E6 C0            [ 7] 1377 	and	a, #0xc0
                                   1378 ;C:/MSXgl-1.3.2/engine/src/system.h:101: inline void Poke(u16 addr, u8 val) { *(u8*)addr = val; }
    000002E0 32 FE 7F         [13] 1379 	ld	(#0x7ffe),a
                                   1380 ;C:/MSXgl-1.3.2/engine/src/rom_mapper.h:195: else if (b == 3)	Poke(ADDR_BANK_3, s & 0xFF);
                                   1381 ;C:/MSXgl-1.3.2/engine/src/system.h:101: inline void Poke(u16 addr, u8 val) { *(u8*)addr = val; }
    000002E3 21 00 B0         [10] 1382 	ld	hl, #0xb000
    000002E6 71               [ 7] 1383 	ld	(hl), c
                                   1384 ;./soccerlg.c:139: func(p1);
    000002E7 DD 7E 04         [19] 1385 	ld	a, 4 (ix)
    000002EA EB               [ 4] 1386 	ex	de, hl
    000002EB CDr00r00         [17] 1387 	call	___sdcc_call_hl
                                   1388 ;./soccerlg.c:140: SET_BANK_SEGMENT(3, _old);
    000002EE DD 4E FF         [19] 1389 	ld	c, -1 (ix)
    000002F1 06 00            [ 7] 1390 	ld	b, #0x00
                                   1391 ;C:/MSXgl-1.3.2/engine/src/rom_mapper.h:190: g_Bank0Segment[b] = s;
    000002F3 ED 43r06r00      [20] 1392 	ld	((_g_Bank0Segment + 6)), bc
                                   1393 ;C:/MSXgl-1.3.2/engine/src/rom_mapper.h:191: Poke(YAMANOOTO_OFFR, (s >> 2) & 0xC0);
    000002F7 59               [ 4] 1394 	ld	e, c
    000002F8 50               [ 4] 1395 	ld	d, b
    000002F9 CB 3A            [ 8] 1396 	srl	d
    000002FB CB 1B            [ 8] 1397 	rr	e
    000002FD CB 3A            [ 8] 1398 	srl	d
    000002FF CB 1B            [ 8] 1399 	rr	e
    00000301 7B               [ 4] 1400 	ld	a, e
    00000302 E6 C0            [ 7] 1401 	and	a, #0xc0
                                   1402 ;C:/MSXgl-1.3.2/engine/src/system.h:101: inline void Poke(u16 addr, u8 val) { *(u8*)addr = val; }
    00000304 32 FE 7F         [13] 1403 	ld	(#0x7ffe),a
                                   1404 ;C:/MSXgl-1.3.2/engine/src/rom_mapper.h:195: else if (b == 3)	Poke(ADDR_BANK_3, s & 0xFF);
                                   1405 ;C:/MSXgl-1.3.2/engine/src/system.h:101: inline void Poke(u16 addr, u8 val) { *(u8*)addr = val; }
    00000307 21 00 B0         [10] 1406 	ld	hl, #0xb000
    0000030A 71               [ 7] 1407 	ld	(hl), c
                                   1408 ;./soccerlg.c:140: SET_BANK_SEGMENT(3, _old);
                                   1409 ;./soccerlg.c:141: }
    0000030B 33               [ 6] 1410 	inc	sp
    0000030C DD E1            [14] 1411 	pop	ix
    0000030E E1               [10] 1412 	pop	hl
    0000030F 33               [ 6] 1413 	inc	sp
    00000310 E9               [ 4] 1414 	jp	(hl)
                                   1415 ;./soccerlg.c:143: void CallFnc_VOID_3PTR(u8 segment, void (*func)(u8*, u8*, u8*), u8* p1, u8* p2, u8* p3) {
                                   1416 ;	---------------------------------
                                   1417 ; Function CallFnc_VOID_3PTR
                                   1418 ; ---------------------------------
    00000311                       1419 _CallFnc_VOID_3PTR::
    00000311 DD E5            [15] 1420 	push	ix
    00000313 DD 21 00 00      [14] 1421 	ld	ix,#0
    00000317 DD 39            [15] 1422 	add	ix,sp
    00000319 F5               [11] 1423 	push	af
    0000031A DD 77 FF         [19] 1424 	ld	-1 (ix), a
    0000031D 4B               [ 4] 1425 	ld	c, e
    0000031E 42               [ 4] 1426 	ld	b, d
                                   1427 ;./soccerlg.c:144: u8 _old = GET_BANK_SEGMENT(3);
    0000031F 2Ar06r00         [16] 1428 	ld	hl, (#(_g_Bank0Segment + 6) + 0)
    00000322 DD 75 FE         [19] 1429 	ld	-2 (ix), l
                                   1430 ;./soccerlg.c:145: SET_BANK_SEGMENT(3, segment);
    00000325 DD 5E FF         [19] 1431 	ld	e, -1 (ix)
    00000328 16 00            [ 7] 1432 	ld	d, #0x00
                                   1433 ;C:/MSXgl-1.3.2/engine/src/rom_mapper.h:190: g_Bank0Segment[b] = s;
    0000032A ED 53r06r00      [20] 1434 	ld	((_g_Bank0Segment + 6)), de
                                   1435 ;C:/MSXgl-1.3.2/engine/src/rom_mapper.h:191: Poke(YAMANOOTO_OFFR, (s >> 2) & 0xC0);
    0000032E 6B               [ 4] 1436 	ld	l, e
    0000032F 62               [ 4] 1437 	ld	h, d
    00000330 CB 3C            [ 8] 1438 	srl	h
    00000332 CB 1D            [ 8] 1439 	rr	l
    00000334 CB 3C            [ 8] 1440 	srl	h
    00000336 CB 1D            [ 8] 1441 	rr	l
    00000338 7D               [ 4] 1442 	ld	a, l
    00000339 E6 C0            [ 7] 1443 	and	a, #0xc0
                                   1444 ;C:/MSXgl-1.3.2/engine/src/system.h:101: inline void Poke(u16 addr, u8 val) { *(u8*)addr = val; }
    0000033B 32 FE 7F         [13] 1445 	ld	(#0x7ffe),a
                                   1446 ;C:/MSXgl-1.3.2/engine/src/rom_mapper.h:195: else if (b == 3)	Poke(ADDR_BANK_3, s & 0xFF);
                                   1447 ;C:/MSXgl-1.3.2/engine/src/system.h:101: inline void Poke(u16 addr, u8 val) { *(u8*)addr = val; }
    0000033E 21 00 B0         [10] 1448 	ld	hl, #0xb000
    00000341 73               [ 7] 1449 	ld	(hl), e
                                   1450 ;./soccerlg.c:146: func(p1, p2, p3);
    00000342 DD 6E 08         [19] 1451 	ld	l, 8 (ix)
                                   1452 ;	spillPairReg hl
                                   1453 ;	spillPairReg hl
    00000345 DD 66 09         [19] 1454 	ld	h, 9 (ix)
                                   1455 ;	spillPairReg hl
                                   1456 ;	spillPairReg hl
    00000348 E5               [11] 1457 	push	hl
    00000349 DD 5E 06         [19] 1458 	ld	e, 6 (ix)
    0000034C DD 56 07         [19] 1459 	ld	d, 7 (ix)
    0000034F DD 6E 04         [19] 1460 	ld	l, 4 (ix)
                                   1461 ;	spillPairReg hl
                                   1462 ;	spillPairReg hl
    00000352 DD 66 05         [19] 1463 	ld	h, 5 (ix)
                                   1464 ;	spillPairReg hl
                                   1465 ;	spillPairReg hl
    00000355 C5               [11] 1466 	push	bc
    00000356 FD E1            [14] 1467 	pop	iy
    00000358 CDr00r00         [17] 1468 	call	___sdcc_call_iy
                                   1469 ;./soccerlg.c:147: SET_BANK_SEGMENT(3, _old);
    0000035B DD 4E FE         [19] 1470 	ld	c, -2 (ix)
    0000035E 06 00            [ 7] 1471 	ld	b, #0x00
                                   1472 ;C:/MSXgl-1.3.2/engine/src/rom_mapper.h:190: g_Bank0Segment[b] = s;
    00000360 ED 43r06r00      [20] 1473 	ld	((_g_Bank0Segment + 6)), bc
                                   1474 ;C:/MSXgl-1.3.2/engine/src/rom_mapper.h:191: Poke(YAMANOOTO_OFFR, (s >> 2) & 0xC0);
    00000364 59               [ 4] 1475 	ld	e, c
    00000365 50               [ 4] 1476 	ld	d, b
    00000366 CB 3A            [ 8] 1477 	srl	d
    00000368 CB 1B            [ 8] 1478 	rr	e
    0000036A CB 3A            [ 8] 1479 	srl	d
    0000036C CB 1B            [ 8] 1480 	rr	e
    0000036E 7B               [ 4] 1481 	ld	a, e
    0000036F E6 C0            [ 7] 1482 	and	a, #0xc0
                                   1483 ;C:/MSXgl-1.3.2/engine/src/system.h:101: inline void Poke(u16 addr, u8 val) { *(u8*)addr = val; }
    00000371 32 FE 7F         [13] 1484 	ld	(#0x7ffe),a
                                   1485 ;C:/MSXgl-1.3.2/engine/src/rom_mapper.h:195: else if (b == 3)	Poke(ADDR_BANK_3, s & 0xFF);
                                   1486 ;C:/MSXgl-1.3.2/engine/src/system.h:101: inline void Poke(u16 addr, u8 val) { *(u8*)addr = val; }
    00000374 21 00 B0         [10] 1487 	ld	hl, #0xb000
    00000377 71               [ 7] 1488 	ld	(hl), c
                                   1489 ;./soccerlg.c:147: SET_BANK_SEGMENT(3, _old);
                                   1490 ;./soccerlg.c:148: }
    00000378 DD F9            [10] 1491 	ld	sp, ix
    0000037A DD E1            [14] 1492 	pop	ix
    0000037C E1               [10] 1493 	pop	hl
    0000037D F1               [10] 1494 	pop	af
    0000037E F1               [10] 1495 	pop	af
    0000037F F1               [10] 1496 	pop	af
    00000380 E9               [ 4] 1497 	jp	(hl)
                                   1498 ;./soccerlg.c:150: void CallFnc_VOID_3PTR_U16(u8 segment, void (*func)(u8*, u8*, u8*, u16), u8* p1, u8* p2, u8* p3, u16 p4) {
                                   1499 ;	---------------------------------
                                   1500 ; Function CallFnc_VOID_3PTR_U16
                                   1501 ; ---------------------------------
    00000381                       1502 _CallFnc_VOID_3PTR_U16::
    00000381 DD E5            [15] 1503 	push	ix
    00000383 DD 21 00 00      [14] 1504 	ld	ix,#0
    00000387 DD 39            [15] 1505 	add	ix,sp
    00000389 F5               [11] 1506 	push	af
    0000038A DD 77 FF         [19] 1507 	ld	-1 (ix), a
    0000038D 4B               [ 4] 1508 	ld	c, e
    0000038E 42               [ 4] 1509 	ld	b, d
                                   1510 ;./soccerlg.c:151: u8 _old = GET_BANK_SEGMENT(3);
    0000038F 2Ar06r00         [16] 1511 	ld	hl, (#(_g_Bank0Segment + 6) + 0)
    00000392 DD 75 FE         [19] 1512 	ld	-2 (ix), l
                                   1513 ;./soccerlg.c:152: SET_BANK_SEGMENT(3, segment);
    00000395 DD 5E FF         [19] 1514 	ld	e, -1 (ix)
    00000398 16 00            [ 7] 1515 	ld	d, #0x00
                                   1516 ;C:/MSXgl-1.3.2/engine/src/rom_mapper.h:190: g_Bank0Segment[b] = s;
    0000039A ED 53r06r00      [20] 1517 	ld	((_g_Bank0Segment + 6)), de
                                   1518 ;C:/MSXgl-1.3.2/engine/src/rom_mapper.h:191: Poke(YAMANOOTO_OFFR, (s >> 2) & 0xC0);
    0000039E 6B               [ 4] 1519 	ld	l, e
    0000039F 62               [ 4] 1520 	ld	h, d
    000003A0 CB 3C            [ 8] 1521 	srl	h
    000003A2 CB 1D            [ 8] 1522 	rr	l
    000003A4 CB 3C            [ 8] 1523 	srl	h
    000003A6 CB 1D            [ 8] 1524 	rr	l
    000003A8 7D               [ 4] 1525 	ld	a, l
    000003A9 E6 C0            [ 7] 1526 	and	a, #0xc0
                                   1527 ;C:/MSXgl-1.3.2/engine/src/system.h:101: inline void Poke(u16 addr, u8 val) { *(u8*)addr = val; }
    000003AB 32 FE 7F         [13] 1528 	ld	(#0x7ffe),a
                                   1529 ;C:/MSXgl-1.3.2/engine/src/rom_mapper.h:195: else if (b == 3)	Poke(ADDR_BANK_3, s & 0xFF);
                                   1530 ;C:/MSXgl-1.3.2/engine/src/system.h:101: inline void Poke(u16 addr, u8 val) { *(u8*)addr = val; }
    000003AE 21 00 B0         [10] 1531 	ld	hl, #0xb000
    000003B1 73               [ 7] 1532 	ld	(hl), e
                                   1533 ;./soccerlg.c:153: func(p1, p2, p3, p4);
    000003B2 DD 6E 0A         [19] 1534 	ld	l, 10 (ix)
                                   1535 ;	spillPairReg hl
                                   1536 ;	spillPairReg hl
    000003B5 DD 66 0B         [19] 1537 	ld	h, 11 (ix)
                                   1538 ;	spillPairReg hl
                                   1539 ;	spillPairReg hl
    000003B8 E5               [11] 1540 	push	hl
    000003B9 DD 6E 08         [19] 1541 	ld	l, 8 (ix)
                                   1542 ;	spillPairReg hl
                                   1543 ;	spillPairReg hl
    000003BC DD 66 09         [19] 1544 	ld	h, 9 (ix)
                                   1545 ;	spillPairReg hl
                                   1546 ;	spillPairReg hl
    000003BF E5               [11] 1547 	push	hl
    000003C0 DD 5E 06         [19] 1548 	ld	e, 6 (ix)
    000003C3 DD 56 07         [19] 1549 	ld	d, 7 (ix)
    000003C6 DD 6E 04         [19] 1550 	ld	l, 4 (ix)
                                   1551 ;	spillPairReg hl
                                   1552 ;	spillPairReg hl
    000003C9 DD 66 05         [19] 1553 	ld	h, 5 (ix)
                                   1554 ;	spillPairReg hl
                                   1555 ;	spillPairReg hl
    000003CC C5               [11] 1556 	push	bc
    000003CD FD E1            [14] 1557 	pop	iy
    000003CF CDr00r00         [17] 1558 	call	___sdcc_call_iy
                                   1559 ;./soccerlg.c:154: SET_BANK_SEGMENT(3, _old);
    000003D2 DD 4E FE         [19] 1560 	ld	c, -2 (ix)
    000003D5 06 00            [ 7] 1561 	ld	b, #0x00
                                   1562 ;C:/MSXgl-1.3.2/engine/src/rom_mapper.h:190: g_Bank0Segment[b] = s;
    000003D7 ED 43r06r00      [20] 1563 	ld	((_g_Bank0Segment + 6)), bc
                                   1564 ;C:/MSXgl-1.3.2/engine/src/rom_mapper.h:191: Poke(YAMANOOTO_OFFR, (s >> 2) & 0xC0);
    000003DB 59               [ 4] 1565 	ld	e, c
    000003DC 50               [ 4] 1566 	ld	d, b
    000003DD CB 3A            [ 8] 1567 	srl	d
    000003DF CB 1B            [ 8] 1568 	rr	e
    000003E1 CB 3A            [ 8] 1569 	srl	d
    000003E3 CB 1B            [ 8] 1570 	rr	e
    000003E5 7B               [ 4] 1571 	ld	a, e
    000003E6 E6 C0            [ 7] 1572 	and	a, #0xc0
                                   1573 ;C:/MSXgl-1.3.2/engine/src/system.h:101: inline void Poke(u16 addr, u8 val) { *(u8*)addr = val; }
    000003E8 32 FE 7F         [13] 1574 	ld	(#0x7ffe),a
                                   1575 ;C:/MSXgl-1.3.2/engine/src/rom_mapper.h:195: else if (b == 3)	Poke(ADDR_BANK_3, s & 0xFF);
                                   1576 ;C:/MSXgl-1.3.2/engine/src/system.h:101: inline void Poke(u16 addr, u8 val) { *(u8*)addr = val; }
    000003EB 21 00 B0         [10] 1577 	ld	hl, #0xb000
    000003EE 71               [ 7] 1578 	ld	(hl), c
                                   1579 ;./soccerlg.c:154: SET_BANK_SEGMENT(3, _old);
                                   1580 ;./soccerlg.c:155: }
    000003EF DD F9            [10] 1581 	ld	sp, ix
    000003F1 DD E1            [14] 1582 	pop	ix
    000003F3 E1               [10] 1583 	pop	hl
    000003F4 FD 21 08 00      [14] 1584 	ld	iy, #8
    000003F8 FD 39            [15] 1585 	add	iy, sp
    000003FA FD F9            [10] 1586 	ld	sp, iy
    000003FC E9               [ 4] 1587 	jp	(hl)
                                   1588 ;./soccerlg.c:157: void CallFnc_VOID_U8U16U16(u8 segment, void (*func)(u8, u16, u16), u8 p1, u16 p2, u16 p3) {
                                   1589 ;	---------------------------------
                                   1590 ; Function CallFnc_VOID_U8U16U16
                                   1591 ; ---------------------------------
    000003FD                       1592 _CallFnc_VOID_U8U16U16::
    000003FD DD E5            [15] 1593 	push	ix
    000003FF DD 21 00 00      [14] 1594 	ld	ix,#0
    00000403 DD 39            [15] 1595 	add	ix,sp
    00000405 F5               [11] 1596 	push	af
    00000406 DD 77 FF         [19] 1597 	ld	-1 (ix), a
    00000409 4B               [ 4] 1598 	ld	c, e
    0000040A 42               [ 4] 1599 	ld	b, d
                                   1600 ;./soccerlg.c:158: u8 _old = GET_BANK_SEGMENT(3);
    0000040B 2Ar06r00         [16] 1601 	ld	hl, (#(_g_Bank0Segment + 6) + 0)
    0000040E DD 75 FE         [19] 1602 	ld	-2 (ix), l
                                   1603 ;./soccerlg.c:159: SET_BANK_SEGMENT(3, segment);
    00000411 DD 5E FF         [19] 1604 	ld	e, -1 (ix)
    00000414 16 00            [ 7] 1605 	ld	d, #0x00
                                   1606 ;C:/MSXgl-1.3.2/engine/src/rom_mapper.h:190: g_Bank0Segment[b] = s;
    00000416 ED 53r06r00      [20] 1607 	ld	((_g_Bank0Segment + 6)), de
                                   1608 ;C:/MSXgl-1.3.2/engine/src/rom_mapper.h:191: Poke(YAMANOOTO_OFFR, (s >> 2) & 0xC0);
    0000041A 6B               [ 4] 1609 	ld	l, e
    0000041B 62               [ 4] 1610 	ld	h, d
    0000041C CB 3C            [ 8] 1611 	srl	h
    0000041E CB 1D            [ 8] 1612 	rr	l
    00000420 CB 3C            [ 8] 1613 	srl	h
    00000422 CB 1D            [ 8] 1614 	rr	l
    00000424 7D               [ 4] 1615 	ld	a, l
    00000425 E6 C0            [ 7] 1616 	and	a, #0xc0
                                   1617 ;C:/MSXgl-1.3.2/engine/src/system.h:101: inline void Poke(u16 addr, u8 val) { *(u8*)addr = val; }
    00000427 32 FE 7F         [13] 1618 	ld	(#0x7ffe),a
                                   1619 ;C:/MSXgl-1.3.2/engine/src/rom_mapper.h:195: else if (b == 3)	Poke(ADDR_BANK_3, s & 0xFF);
                                   1620 ;C:/MSXgl-1.3.2/engine/src/system.h:101: inline void Poke(u16 addr, u8 val) { *(u8*)addr = val; }
    0000042A 21 00 B0         [10] 1621 	ld	hl, #0xb000
    0000042D 73               [ 7] 1622 	ld	(hl), e
                                   1623 ;./soccerlg.c:160: func(p1, p2, p3);
    0000042E DD 6E 07         [19] 1624 	ld	l, 7 (ix)
                                   1625 ;	spillPairReg hl
                                   1626 ;	spillPairReg hl
    00000431 DD 66 08         [19] 1627 	ld	h, 8 (ix)
                                   1628 ;	spillPairReg hl
                                   1629 ;	spillPairReg hl
    00000434 E5               [11] 1630 	push	hl
    00000435 DD 5E 05         [19] 1631 	ld	e, 5 (ix)
    00000438 DD 56 06         [19] 1632 	ld	d, 6 (ix)
    0000043B DD 7E 04         [19] 1633 	ld	a, 4 (ix)
    0000043E 69               [ 4] 1634 	ld	l, c
                                   1635 ;	spillPairReg hl
                                   1636 ;	spillPairReg hl
    0000043F 60               [ 4] 1637 	ld	h, b
                                   1638 ;	spillPairReg hl
                                   1639 ;	spillPairReg hl
    00000440 CDr00r00         [17] 1640 	call	___sdcc_call_hl
                                   1641 ;./soccerlg.c:161: SET_BANK_SEGMENT(3, _old);
    00000443 DD 4E FE         [19] 1642 	ld	c, -2 (ix)
    00000446 06 00            [ 7] 1643 	ld	b, #0x00
                                   1644 ;C:/MSXgl-1.3.2/engine/src/rom_mapper.h:190: g_Bank0Segment[b] = s;
    00000448 ED 43r06r00      [20] 1645 	ld	((_g_Bank0Segment + 6)), bc
                                   1646 ;C:/MSXgl-1.3.2/engine/src/rom_mapper.h:191: Poke(YAMANOOTO_OFFR, (s >> 2) & 0xC0);
    0000044C 59               [ 4] 1647 	ld	e, c
    0000044D 50               [ 4] 1648 	ld	d, b
    0000044E CB 3A            [ 8] 1649 	srl	d
    00000450 CB 1B            [ 8] 1650 	rr	e
    00000452 CB 3A            [ 8] 1651 	srl	d
    00000454 CB 1B            [ 8] 1652 	rr	e
    00000456 7B               [ 4] 1653 	ld	a, e
    00000457 E6 C0            [ 7] 1654 	and	a, #0xc0
                                   1655 ;C:/MSXgl-1.3.2/engine/src/system.h:101: inline void Poke(u16 addr, u8 val) { *(u8*)addr = val; }
    00000459 32 FE 7F         [13] 1656 	ld	(#0x7ffe),a
                                   1657 ;C:/MSXgl-1.3.2/engine/src/rom_mapper.h:195: else if (b == 3)	Poke(ADDR_BANK_3, s & 0xFF);
                                   1658 ;C:/MSXgl-1.3.2/engine/src/system.h:101: inline void Poke(u16 addr, u8 val) { *(u8*)addr = val; }
    0000045C 21 00 B0         [10] 1659 	ld	hl, #0xb000
    0000045F 71               [ 7] 1660 	ld	(hl), c
                                   1661 ;./soccerlg.c:161: SET_BANK_SEGMENT(3, _old);
                                   1662 ;./soccerlg.c:162: }
    00000460 DD F9            [10] 1663 	ld	sp, ix
    00000462 DD E1            [14] 1664 	pop	ix
    00000464 E1               [10] 1665 	pop	hl
    00000465 F1               [10] 1666 	pop	af
    00000466 F1               [10] 1667 	pop	af
    00000467 33               [ 6] 1668 	inc	sp
    00000468 E9               [ 4] 1669 	jp	(hl)
                                   1670 ;./soccerlg.c:166: void CallFnc_VOID_P2(u8 segment, void (*func)(u8, bool), u8 p1, bool p2) {
                                   1671 ;	---------------------------------
                                   1672 ; Function CallFnc_VOID_P2
                                   1673 ; ---------------------------------
    00000469                       1674 _CallFnc_VOID_P2::
    00000469 DD E5            [15] 1675 	push	ix
    0000046B DD 21 00 00      [14] 1676 	ld	ix,#0
    0000046F DD 39            [15] 1677 	add	ix,sp
    00000471 3B               [ 6] 1678 	dec	sp
    00000472 4F               [ 4] 1679 	ld	c, a
                                   1680 ;./soccerlg.c:167: u8 _old = GET_BANK_SEGMENT(3);
    00000473 2Ar06r00         [16] 1681 	ld	hl, (#(_g_Bank0Segment + 6) + 0)
    00000476 DD 75 FF         [19] 1682 	ld	-1 (ix), l
                                   1683 ;./soccerlg.c:168: SET_BANK_SEGMENT(3, segment);
    00000479 06 00            [ 7] 1684 	ld	b, #0x00
                                   1685 ;C:/MSXgl-1.3.2/engine/src/rom_mapper.h:190: g_Bank0Segment[b] = s;
    0000047B ED 43r06r00      [20] 1686 	ld	((_g_Bank0Segment + 6)), bc
                                   1687 ;C:/MSXgl-1.3.2/engine/src/rom_mapper.h:191: Poke(YAMANOOTO_OFFR, (s >> 2) & 0xC0);
    0000047F 69               [ 4] 1688 	ld	l, c
    00000480 60               [ 4] 1689 	ld	h, b
    00000481 CB 3C            [ 8] 1690 	srl	h
    00000483 CB 1D            [ 8] 1691 	rr	l
    00000485 CB 3C            [ 8] 1692 	srl	h
    00000487 CB 1D            [ 8] 1693 	rr	l
    00000489 7D               [ 4] 1694 	ld	a, l
    0000048A E6 C0            [ 7] 1695 	and	a, #0xc0
                                   1696 ;C:/MSXgl-1.3.2/engine/src/system.h:101: inline void Poke(u16 addr, u8 val) { *(u8*)addr = val; }
    0000048C 32 FE 7F         [13] 1697 	ld	(#0x7ffe),a
                                   1698 ;C:/MSXgl-1.3.2/engine/src/rom_mapper.h:195: else if (b == 3)	Poke(ADDR_BANK_3, s & 0xFF);
                                   1699 ;C:/MSXgl-1.3.2/engine/src/system.h:101: inline void Poke(u16 addr, u8 val) { *(u8*)addr = val; }
    0000048F 21 00 B0         [10] 1700 	ld	hl, #0xb000
    00000492 71               [ 7] 1701 	ld	(hl), c
                                   1702 ;./soccerlg.c:169: func(p1,p2);
    00000493 DD 6E 05         [19] 1703 	ld	l, 5 (ix)
                                   1704 ;	spillPairReg hl
                                   1705 ;	spillPairReg hl
    00000496 DD 7E 04         [19] 1706 	ld	a, 4 (ix)
    00000499 D5               [11] 1707 	push	de
    0000049A FD E1            [14] 1708 	pop	iy
    0000049C CDr00r00         [17] 1709 	call	___sdcc_call_iy
                                   1710 ;./soccerlg.c:170: SET_BANK_SEGMENT(3, _old);
    0000049F DD 4E FF         [19] 1711 	ld	c, -1 (ix)
    000004A2 06 00            [ 7] 1712 	ld	b, #0x00
                                   1713 ;C:/MSXgl-1.3.2/engine/src/rom_mapper.h:190: g_Bank0Segment[b] = s;
    000004A4 ED 43r06r00      [20] 1714 	ld	((_g_Bank0Segment + 6)), bc
                                   1715 ;C:/MSXgl-1.3.2/engine/src/rom_mapper.h:191: Poke(YAMANOOTO_OFFR, (s >> 2) & 0xC0);
    000004A8 59               [ 4] 1716 	ld	e, c
    000004A9 50               [ 4] 1717 	ld	d, b
    000004AA CB 3A            [ 8] 1718 	srl	d
    000004AC CB 1B            [ 8] 1719 	rr	e
    000004AE CB 3A            [ 8] 1720 	srl	d
    000004B0 CB 1B            [ 8] 1721 	rr	e
    000004B2 7B               [ 4] 1722 	ld	a, e
    000004B3 E6 C0            [ 7] 1723 	and	a, #0xc0
                                   1724 ;C:/MSXgl-1.3.2/engine/src/system.h:101: inline void Poke(u16 addr, u8 val) { *(u8*)addr = val; }
    000004B5 32 FE 7F         [13] 1725 	ld	(#0x7ffe),a
                                   1726 ;C:/MSXgl-1.3.2/engine/src/rom_mapper.h:195: else if (b == 3)	Poke(ADDR_BANK_3, s & 0xFF);
                                   1727 ;C:/MSXgl-1.3.2/engine/src/system.h:101: inline void Poke(u16 addr, u8 val) { *(u8*)addr = val; }
    000004B8 21 00 B0         [10] 1728 	ld	hl, #0xb000
    000004BB 71               [ 7] 1729 	ld	(hl), c
                                   1730 ;./soccerlg.c:170: SET_BANK_SEGMENT(3, _old);
                                   1731 ;./soccerlg.c:171: }
    000004BC 33               [ 6] 1732 	inc	sp
    000004BD DD E1            [14] 1733 	pop	ix
    000004BF E1               [10] 1734 	pop	hl
    000004C0 F1               [10] 1735 	pop	af
    000004C1 E9               [ 4] 1736 	jp	(hl)
                                   1737 ;./soccerlg.c:174: void CallFnc_VOID_16_P1(u8 segment, void (*func)(u16), u16 p1) {
                                   1738 ;	---------------------------------
                                   1739 ; Function CallFnc_VOID_16_P1
                                   1740 ; ---------------------------------
    000004C2                       1741 _CallFnc_VOID_16_P1::
    000004C2 DD E5            [15] 1742 	push	ix
    000004C4 DD 21 00 00      [14] 1743 	ld	ix,#0
    000004C8 DD 39            [15] 1744 	add	ix,sp
    000004CA 3B               [ 6] 1745 	dec	sp
    000004CB 4F               [ 4] 1746 	ld	c, a
                                   1747 ;./soccerlg.c:175: u8 _old = GET_BANK_SEGMENT(3);
    000004CC 2Ar06r00         [16] 1748 	ld	hl, (#(_g_Bank0Segment + 6) + 0)
    000004CF DD 75 FF         [19] 1749 	ld	-1 (ix), l
                                   1750 ;./soccerlg.c:176: SET_BANK_SEGMENT(3, segment);
    000004D2 06 00            [ 7] 1751 	ld	b, #0x00
                                   1752 ;C:/MSXgl-1.3.2/engine/src/rom_mapper.h:190: g_Bank0Segment[b] = s;
    000004D4 ED 43r06r00      [20] 1753 	ld	((_g_Bank0Segment + 6)), bc
                                   1754 ;C:/MSXgl-1.3.2/engine/src/rom_mapper.h:191: Poke(YAMANOOTO_OFFR, (s >> 2) & 0xC0);
    000004D8 69               [ 4] 1755 	ld	l, c
    000004D9 60               [ 4] 1756 	ld	h, b
    000004DA CB 3C            [ 8] 1757 	srl	h
    000004DC CB 1D            [ 8] 1758 	rr	l
    000004DE CB 3C            [ 8] 1759 	srl	h
    000004E0 CB 1D            [ 8] 1760 	rr	l
    000004E2 7D               [ 4] 1761 	ld	a, l
    000004E3 E6 C0            [ 7] 1762 	and	a, #0xc0
                                   1763 ;C:/MSXgl-1.3.2/engine/src/system.h:101: inline void Poke(u16 addr, u8 val) { *(u8*)addr = val; }
    000004E5 32 FE 7F         [13] 1764 	ld	(#0x7ffe),a
                                   1765 ;C:/MSXgl-1.3.2/engine/src/rom_mapper.h:195: else if (b == 3)	Poke(ADDR_BANK_3, s & 0xFF);
                                   1766 ;C:/MSXgl-1.3.2/engine/src/system.h:101: inline void Poke(u16 addr, u8 val) { *(u8*)addr = val; }
    000004E8 21 00 B0         [10] 1767 	ld	hl, #0xb000
    000004EB 71               [ 7] 1768 	ld	(hl), c
                                   1769 ;./soccerlg.c:177: func(p1);
    000004EC DD 6E 04         [19] 1770 	ld	l, 4 (ix)
                                   1771 ;	spillPairReg hl
                                   1772 ;	spillPairReg hl
    000004EF DD 66 05         [19] 1773 	ld	h, 5 (ix)
                                   1774 ;	spillPairReg hl
                                   1775 ;	spillPairReg hl
    000004F2 D5               [11] 1776 	push	de
    000004F3 FD E1            [14] 1777 	pop	iy
    000004F5 CDr00r00         [17] 1778 	call	___sdcc_call_iy
                                   1779 ;./soccerlg.c:178: SET_BANK_SEGMENT(3, _old);
    000004F8 DD 4E FF         [19] 1780 	ld	c, -1 (ix)
    000004FB 06 00            [ 7] 1781 	ld	b, #0x00
                                   1782 ;C:/MSXgl-1.3.2/engine/src/rom_mapper.h:190: g_Bank0Segment[b] = s;
    000004FD ED 43r06r00      [20] 1783 	ld	((_g_Bank0Segment + 6)), bc
                                   1784 ;C:/MSXgl-1.3.2/engine/src/rom_mapper.h:191: Poke(YAMANOOTO_OFFR, (s >> 2) & 0xC0);
    00000501 59               [ 4] 1785 	ld	e, c
    00000502 50               [ 4] 1786 	ld	d, b
    00000503 CB 3A            [ 8] 1787 	srl	d
    00000505 CB 1B            [ 8] 1788 	rr	e
    00000507 CB 3A            [ 8] 1789 	srl	d
    00000509 CB 1B            [ 8] 1790 	rr	e
    0000050B 7B               [ 4] 1791 	ld	a, e
    0000050C E6 C0            [ 7] 1792 	and	a, #0xc0
                                   1793 ;C:/MSXgl-1.3.2/engine/src/system.h:101: inline void Poke(u16 addr, u8 val) { *(u8*)addr = val; }
    0000050E 32 FE 7F         [13] 1794 	ld	(#0x7ffe),a
                                   1795 ;C:/MSXgl-1.3.2/engine/src/rom_mapper.h:195: else if (b == 3)	Poke(ADDR_BANK_3, s & 0xFF);
                                   1796 ;C:/MSXgl-1.3.2/engine/src/system.h:101: inline void Poke(u16 addr, u8 val) { *(u8*)addr = val; }
    00000511 21 00 B0         [10] 1797 	ld	hl, #0xb000
    00000514 71               [ 7] 1798 	ld	(hl), c
                                   1799 ;./soccerlg.c:178: SET_BANK_SEGMENT(3, _old);
                                   1800 ;./soccerlg.c:179: }
    00000515 33               [ 6] 1801 	inc	sp
    00000516 DD E1            [14] 1802 	pop	ix
    00000518 E1               [10] 1803 	pop	hl
    00000519 F1               [10] 1804 	pop	af
    0000051A E9               [ 4] 1805 	jp	(hl)
                                   1806 ;./soccerlg.c:182: void CallFnc_VOID_16_P2(u8 segment, void (*func)(u16,u16), u16 p1, u16 p2) {
                                   1807 ;	---------------------------------
                                   1808 ; Function CallFnc_VOID_16_P2
                                   1809 ; ---------------------------------
    0000051B                       1810 _CallFnc_VOID_16_P2::
    0000051B DD E5            [15] 1811 	push	ix
    0000051D DD 21 00 00      [14] 1812 	ld	ix,#0
    00000521 DD 39            [15] 1813 	add	ix,sp
    00000523 F5               [11] 1814 	push	af
    00000524 DD 77 FF         [19] 1815 	ld	-1 (ix), a
    00000527 4B               [ 4] 1816 	ld	c, e
    00000528 42               [ 4] 1817 	ld	b, d
                                   1818 ;./soccerlg.c:183: u8 _old = GET_BANK_SEGMENT(3);
    00000529 2Ar06r00         [16] 1819 	ld	hl, (#(_g_Bank0Segment + 6) + 0)
    0000052C DD 75 FE         [19] 1820 	ld	-2 (ix), l
                                   1821 ;./soccerlg.c:184: SET_BANK_SEGMENT(3, segment);
    0000052F DD 5E FF         [19] 1822 	ld	e, -1 (ix)
    00000532 16 00            [ 7] 1823 	ld	d, #0x00
                                   1824 ;C:/MSXgl-1.3.2/engine/src/rom_mapper.h:190: g_Bank0Segment[b] = s;
    00000534 ED 53r06r00      [20] 1825 	ld	((_g_Bank0Segment + 6)), de
                                   1826 ;C:/MSXgl-1.3.2/engine/src/rom_mapper.h:191: Poke(YAMANOOTO_OFFR, (s >> 2) & 0xC0);
    00000538 6B               [ 4] 1827 	ld	l, e
    00000539 62               [ 4] 1828 	ld	h, d
    0000053A CB 3C            [ 8] 1829 	srl	h
    0000053C CB 1D            [ 8] 1830 	rr	l
    0000053E CB 3C            [ 8] 1831 	srl	h
    00000540 CB 1D            [ 8] 1832 	rr	l
    00000542 7D               [ 4] 1833 	ld	a, l
    00000543 E6 C0            [ 7] 1834 	and	a, #0xc0
                                   1835 ;C:/MSXgl-1.3.2/engine/src/system.h:101: inline void Poke(u16 addr, u8 val) { *(u8*)addr = val; }
    00000545 32 FE 7F         [13] 1836 	ld	(#0x7ffe),a
                                   1837 ;C:/MSXgl-1.3.2/engine/src/rom_mapper.h:195: else if (b == 3)	Poke(ADDR_BANK_3, s & 0xFF);
                                   1838 ;C:/MSXgl-1.3.2/engine/src/system.h:101: inline void Poke(u16 addr, u8 val) { *(u8*)addr = val; }
    00000548 21 00 B0         [10] 1839 	ld	hl, #0xb000
    0000054B 73               [ 7] 1840 	ld	(hl), e
                                   1841 ;./soccerlg.c:185: func(p1,p2);
    0000054C DD 5E 06         [19] 1842 	ld	e, 6 (ix)
    0000054F DD 56 07         [19] 1843 	ld	d, 7 (ix)
    00000552 DD 6E 04         [19] 1844 	ld	l, 4 (ix)
                                   1845 ;	spillPairReg hl
                                   1846 ;	spillPairReg hl
    00000555 DD 66 05         [19] 1847 	ld	h, 5 (ix)
                                   1848 ;	spillPairReg hl
                                   1849 ;	spillPairReg hl
    00000558 C5               [11] 1850 	push	bc
    00000559 FD E1            [14] 1851 	pop	iy
    0000055B CDr00r00         [17] 1852 	call	___sdcc_call_iy
                                   1853 ;./soccerlg.c:186: SET_BANK_SEGMENT(3, _old);
    0000055E DD 4E FE         [19] 1854 	ld	c, -2 (ix)
    00000561 06 00            [ 7] 1855 	ld	b, #0x00
                                   1856 ;C:/MSXgl-1.3.2/engine/src/rom_mapper.h:190: g_Bank0Segment[b] = s;
    00000563 ED 43r06r00      [20] 1857 	ld	((_g_Bank0Segment + 6)), bc
                                   1858 ;C:/MSXgl-1.3.2/engine/src/rom_mapper.h:191: Poke(YAMANOOTO_OFFR, (s >> 2) & 0xC0);
    00000567 59               [ 4] 1859 	ld	e, c
    00000568 50               [ 4] 1860 	ld	d, b
    00000569 CB 3A            [ 8] 1861 	srl	d
    0000056B CB 1B            [ 8] 1862 	rr	e
    0000056D CB 3A            [ 8] 1863 	srl	d
    0000056F CB 1B            [ 8] 1864 	rr	e
    00000571 7B               [ 4] 1865 	ld	a, e
    00000572 E6 C0            [ 7] 1866 	and	a, #0xc0
                                   1867 ;C:/MSXgl-1.3.2/engine/src/system.h:101: inline void Poke(u16 addr, u8 val) { *(u8*)addr = val; }
    00000574 32 FE 7F         [13] 1868 	ld	(#0x7ffe),a
                                   1869 ;C:/MSXgl-1.3.2/engine/src/rom_mapper.h:195: else if (b == 3)	Poke(ADDR_BANK_3, s & 0xFF);
                                   1870 ;C:/MSXgl-1.3.2/engine/src/system.h:101: inline void Poke(u16 addr, u8 val) { *(u8*)addr = val; }
    00000577 21 00 B0         [10] 1871 	ld	hl, #0xb000
    0000057A 71               [ 7] 1872 	ld	(hl), c
                                   1873 ;./soccerlg.c:186: SET_BANK_SEGMENT(3, _old);
                                   1874 ;./soccerlg.c:187: }
    0000057B DD F9            [10] 1875 	ld	sp, ix
    0000057D DD E1            [14] 1876 	pop	ix
    0000057F E1               [10] 1877 	pop	hl
    00000580 F1               [10] 1878 	pop	af
    00000581 F1               [10] 1879 	pop	af
    00000582 E9               [ 4] 1880 	jp	(hl)
                                   1881 ;./soccerlg.c:189: u8 CallFnc_U8(u8 segment, u8 (*func)()) {
                                   1882 ;	---------------------------------
                                   1883 ; Function CallFnc_U8
                                   1884 ; ---------------------------------
    00000583                       1885 _CallFnc_U8::
    00000583 DD E5            [15] 1886 	push	ix
    00000585 DD 21 00 00      [14] 1887 	ld	ix,#0
    00000589 DD 39            [15] 1888 	add	ix,sp
    0000058B 3B               [ 6] 1889 	dec	sp
    0000058C 4F               [ 4] 1890 	ld	c, a
                                   1891 ;./soccerlg.c:191: u8 _old = GET_BANK_SEGMENT(3);
    0000058D 2Ar06r00         [16] 1892 	ld	hl, (#(_g_Bank0Segment + 6) + 0)
    00000590 DD 75 FF         [19] 1893 	ld	-1 (ix), l
                                   1894 ;./soccerlg.c:192: SET_BANK_SEGMENT(3, segment);
    00000593 06 00            [ 7] 1895 	ld	b, #0x00
                                   1896 ;C:/MSXgl-1.3.2/engine/src/rom_mapper.h:190: g_Bank0Segment[b] = s;
    00000595 ED 43r06r00      [20] 1897 	ld	((_g_Bank0Segment + 6)), bc
                                   1898 ;C:/MSXgl-1.3.2/engine/src/rom_mapper.h:191: Poke(YAMANOOTO_OFFR, (s >> 2) & 0xC0);
    00000599 69               [ 4] 1899 	ld	l, c
    0000059A 60               [ 4] 1900 	ld	h, b
    0000059B CB 3C            [ 8] 1901 	srl	h
    0000059D CB 1D            [ 8] 1902 	rr	l
    0000059F CB 3C            [ 8] 1903 	srl	h
    000005A1 CB 1D            [ 8] 1904 	rr	l
    000005A3 7D               [ 4] 1905 	ld	a, l
    000005A4 E6 C0            [ 7] 1906 	and	a, #0xc0
                                   1907 ;C:/MSXgl-1.3.2/engine/src/system.h:101: inline void Poke(u16 addr, u8 val) { *(u8*)addr = val; }
    000005A6 32 FE 7F         [13] 1908 	ld	(#0x7ffe),a
                                   1909 ;C:/MSXgl-1.3.2/engine/src/rom_mapper.h:195: else if (b == 3)	Poke(ADDR_BANK_3, s & 0xFF);
                                   1910 ;C:/MSXgl-1.3.2/engine/src/system.h:101: inline void Poke(u16 addr, u8 val) { *(u8*)addr = val; }
    000005A9 21 00 B0         [10] 1911 	ld	hl, #0xb000
    000005AC 71               [ 7] 1912 	ld	(hl), c
                                   1913 ;./soccerlg.c:193: _res = func();
    000005AD EB               [ 4] 1914 	ex	de, hl
    000005AE CDr00r00         [17] 1915 	call	___sdcc_call_hl
    000005B1 4F               [ 4] 1916 	ld	c, a
                                   1917 ;./soccerlg.c:194: SET_BANK_SEGMENT(3, _old);
    000005B2 DD 5E FF         [19] 1918 	ld	e, -1 (ix)
    000005B5 16 00            [ 7] 1919 	ld	d, #0x00
                                   1920 ;C:/MSXgl-1.3.2/engine/src/rom_mapper.h:190: g_Bank0Segment[b] = s;
    000005B7 ED 53r06r00      [20] 1921 	ld	((_g_Bank0Segment + 6)), de
                                   1922 ;C:/MSXgl-1.3.2/engine/src/rom_mapper.h:191: Poke(YAMANOOTO_OFFR, (s >> 2) & 0xC0);
    000005BB 43               [ 4] 1923 	ld	b, e
    000005BC 6A               [ 4] 1924 	ld	l, d
                                   1925 ;	spillPairReg hl
                                   1926 ;	spillPairReg hl
    000005BD CB 3D            [ 8] 1927 	srl	l
    000005BF CB 18            [ 8] 1928 	rr	b
    000005C1 CB 3D            [ 8] 1929 	srl	l
    000005C3 CB 18            [ 8] 1930 	rr	b
    000005C5 78               [ 4] 1931 	ld	a, b
    000005C6 E6 C0            [ 7] 1932 	and	a, #0xc0
                                   1933 ;C:/MSXgl-1.3.2/engine/src/system.h:101: inline void Poke(u16 addr, u8 val) { *(u8*)addr = val; }
    000005C8 32 FE 7F         [13] 1934 	ld	(#0x7ffe),a
                                   1935 ;C:/MSXgl-1.3.2/engine/src/rom_mapper.h:195: else if (b == 3)	Poke(ADDR_BANK_3, s & 0xFF);
                                   1936 ;C:/MSXgl-1.3.2/engine/src/system.h:101: inline void Poke(u16 addr, u8 val) { *(u8*)addr = val; }
    000005CB 21 00 B0         [10] 1937 	ld	hl, #0xb000
    000005CE 73               [ 7] 1938 	ld	(hl), e
                                   1939 ;./soccerlg.c:195: return _res;
    000005CF 79               [ 4] 1940 	ld	a, c
                                   1941 ;./soccerlg.c:196: }
    000005D0 33               [ 6] 1942 	inc	sp
    000005D1 DD E1            [14] 1943 	pop	ix
    000005D3 C9               [10] 1944 	ret
                                   1945 ;./soccerlg.c:198: u8 CallFnc_U8_P1(u8 segment, u8 (*func)(u8), u8 p1) {
                                   1946 ;	---------------------------------
                                   1947 ; Function CallFnc_U8_P1
                                   1948 ; ---------------------------------
    000005D4                       1949 _CallFnc_U8_P1::
    000005D4 DD E5            [15] 1950 	push	ix
    000005D6 DD 21 00 00      [14] 1951 	ld	ix,#0
    000005DA DD 39            [15] 1952 	add	ix,sp
    000005DC 3B               [ 6] 1953 	dec	sp
    000005DD 4F               [ 4] 1954 	ld	c, a
                                   1955 ;./soccerlg.c:200: u8 _old = GET_BANK_SEGMENT(3);
    000005DE 2Ar06r00         [16] 1956 	ld	hl, (#(_g_Bank0Segment + 6) + 0)
    000005E1 DD 75 FF         [19] 1957 	ld	-1 (ix), l
                                   1958 ;./soccerlg.c:201: SET_BANK_SEGMENT(3, segment);
    000005E4 06 00            [ 7] 1959 	ld	b, #0x00
                                   1960 ;C:/MSXgl-1.3.2/engine/src/rom_mapper.h:190: g_Bank0Segment[b] = s;
    000005E6 ED 43r06r00      [20] 1961 	ld	((_g_Bank0Segment + 6)), bc
                                   1962 ;C:/MSXgl-1.3.2/engine/src/rom_mapper.h:191: Poke(YAMANOOTO_OFFR, (s >> 2) & 0xC0);
    000005EA 69               [ 4] 1963 	ld	l, c
    000005EB 60               [ 4] 1964 	ld	h, b
    000005EC CB 3C            [ 8] 1965 	srl	h
    000005EE CB 1D            [ 8] 1966 	rr	l
    000005F0 CB 3C            [ 8] 1967 	srl	h
    000005F2 CB 1D            [ 8] 1968 	rr	l
    000005F4 7D               [ 4] 1969 	ld	a, l
    000005F5 E6 C0            [ 7] 1970 	and	a, #0xc0
                                   1971 ;C:/MSXgl-1.3.2/engine/src/system.h:101: inline void Poke(u16 addr, u8 val) { *(u8*)addr = val; }
    000005F7 32 FE 7F         [13] 1972 	ld	(#0x7ffe),a
                                   1973 ;C:/MSXgl-1.3.2/engine/src/rom_mapper.h:195: else if (b == 3)	Poke(ADDR_BANK_3, s & 0xFF);
                                   1974 ;C:/MSXgl-1.3.2/engine/src/system.h:101: inline void Poke(u16 addr, u8 val) { *(u8*)addr = val; }
    000005FA 21 00 B0         [10] 1975 	ld	hl, #0xb000
    000005FD 71               [ 7] 1976 	ld	(hl), c
                                   1977 ;./soccerlg.c:202: _res = func(p1);
    000005FE DD 7E 04         [19] 1978 	ld	a, 4 (ix)
    00000601 EB               [ 4] 1979 	ex	de, hl
    00000602 CDr00r00         [17] 1980 	call	___sdcc_call_hl
    00000605 4F               [ 4] 1981 	ld	c, a
                                   1982 ;./soccerlg.c:203: SET_BANK_SEGMENT(3, _old);
    00000606 DD 5E FF         [19] 1983 	ld	e, -1 (ix)
    00000609 16 00            [ 7] 1984 	ld	d, #0x00
                                   1985 ;C:/MSXgl-1.3.2/engine/src/rom_mapper.h:190: g_Bank0Segment[b] = s;
    0000060B ED 53r06r00      [20] 1986 	ld	((_g_Bank0Segment + 6)), de
                                   1987 ;C:/MSXgl-1.3.2/engine/src/rom_mapper.h:191: Poke(YAMANOOTO_OFFR, (s >> 2) & 0xC0);
    0000060F 43               [ 4] 1988 	ld	b, e
    00000610 6A               [ 4] 1989 	ld	l, d
                                   1990 ;	spillPairReg hl
                                   1991 ;	spillPairReg hl
    00000611 CB 3D            [ 8] 1992 	srl	l
    00000613 CB 18            [ 8] 1993 	rr	b
    00000615 CB 3D            [ 8] 1994 	srl	l
    00000617 CB 18            [ 8] 1995 	rr	b
    00000619 78               [ 4] 1996 	ld	a, b
    0000061A E6 C0            [ 7] 1997 	and	a, #0xc0
                                   1998 ;C:/MSXgl-1.3.2/engine/src/system.h:101: inline void Poke(u16 addr, u8 val) { *(u8*)addr = val; }
    0000061C 32 FE 7F         [13] 1999 	ld	(#0x7ffe),a
                                   2000 ;C:/MSXgl-1.3.2/engine/src/rom_mapper.h:195: else if (b == 3)	Poke(ADDR_BANK_3, s & 0xFF);
                                   2001 ;C:/MSXgl-1.3.2/engine/src/system.h:101: inline void Poke(u16 addr, u8 val) { *(u8*)addr = val; }
    0000061F 21 00 B0         [10] 2002 	ld	hl, #0xb000
    00000622 73               [ 7] 2003 	ld	(hl), e
                                   2004 ;./soccerlg.c:204: return _res;
    00000623 79               [ 4] 2005 	ld	a, c
                                   2006 ;./soccerlg.c:205: }
    00000624 33               [ 6] 2007 	inc	sp
    00000625 DD E1            [14] 2008 	pop	ix
    00000627 E1               [10] 2009 	pop	hl
    00000628 33               [ 6] 2010 	inc	sp
    00000629 E9               [ 4] 2011 	jp	(hl)
                                   2012 ;./soccerlg.c:207: u16 CallFnc_U16_P1(u8 segment, u16 (*func)(u8), u8 p1) {
                                   2013 ;	---------------------------------
                                   2014 ; Function CallFnc_U16_P1
                                   2015 ; ---------------------------------
    0000062A                       2016 _CallFnc_U16_P1::
    0000062A DD E5            [15] 2017 	push	ix
    0000062C DD 21 00 00      [14] 2018 	ld	ix,#0
    00000630 DD 39            [15] 2019 	add	ix,sp
    00000632 3B               [ 6] 2020 	dec	sp
    00000633 4F               [ 4] 2021 	ld	c, a
                                   2022 ;./soccerlg.c:209: u8 _old = GET_BANK_SEGMENT(3);
    00000634 2Ar06r00         [16] 2023 	ld	hl, (#(_g_Bank0Segment + 6) + 0)
    00000637 DD 75 FF         [19] 2024 	ld	-1 (ix), l
                                   2025 ;./soccerlg.c:210: SET_BANK_SEGMENT(3, segment);
    0000063A 06 00            [ 7] 2026 	ld	b, #0x00
                                   2027 ;C:/MSXgl-1.3.2/engine/src/rom_mapper.h:190: g_Bank0Segment[b] = s;
    0000063C ED 43r06r00      [20] 2028 	ld	((_g_Bank0Segment + 6)), bc
                                   2029 ;C:/MSXgl-1.3.2/engine/src/rom_mapper.h:191: Poke(YAMANOOTO_OFFR, (s >> 2) & 0xC0);
    00000640 69               [ 4] 2030 	ld	l, c
    00000641 60               [ 4] 2031 	ld	h, b
    00000642 CB 3C            [ 8] 2032 	srl	h
    00000644 CB 1D            [ 8] 2033 	rr	l
    00000646 CB 3C            [ 8] 2034 	srl	h
    00000648 CB 1D            [ 8] 2035 	rr	l
    0000064A 7D               [ 4] 2036 	ld	a, l
    0000064B E6 C0            [ 7] 2037 	and	a, #0xc0
                                   2038 ;C:/MSXgl-1.3.2/engine/src/system.h:101: inline void Poke(u16 addr, u8 val) { *(u8*)addr = val; }
    0000064D 32 FE 7F         [13] 2039 	ld	(#0x7ffe),a
                                   2040 ;C:/MSXgl-1.3.2/engine/src/rom_mapper.h:195: else if (b == 3)	Poke(ADDR_BANK_3, s & 0xFF);
                                   2041 ;C:/MSXgl-1.3.2/engine/src/system.h:101: inline void Poke(u16 addr, u8 val) { *(u8*)addr = val; }
    00000650 21 00 B0         [10] 2042 	ld	hl, #0xb000
    00000653 71               [ 7] 2043 	ld	(hl), c
                                   2044 ;./soccerlg.c:211: _res = func(p1);
    00000654 DD 7E 04         [19] 2045 	ld	a, 4 (ix)
    00000657 EB               [ 4] 2046 	ex	de, hl
    00000658 CDr00r00         [17] 2047 	call	___sdcc_call_hl
                                   2048 ;./soccerlg.c:212: SET_BANK_SEGMENT(3, _old);
    0000065B DD 4E FF         [19] 2049 	ld	c, -1 (ix)
    0000065E 06 00            [ 7] 2050 	ld	b, #0x00
                                   2051 ;C:/MSXgl-1.3.2/engine/src/rom_mapper.h:190: g_Bank0Segment[b] = s;
    00000660 ED 43r06r00      [20] 2052 	ld	((_g_Bank0Segment + 6)), bc
                                   2053 ;C:/MSXgl-1.3.2/engine/src/rom_mapper.h:191: Poke(YAMANOOTO_OFFR, (s >> 2) & 0xC0);
    00000664 69               [ 4] 2054 	ld	l, c
    00000665 60               [ 4] 2055 	ld	h, b
    00000666 CB 3C            [ 8] 2056 	srl	h
    00000668 CB 1D            [ 8] 2057 	rr	l
    0000066A CB 3C            [ 8] 2058 	srl	h
    0000066C CB 1D            [ 8] 2059 	rr	l
    0000066E 7D               [ 4] 2060 	ld	a, l
    0000066F E6 C0            [ 7] 2061 	and	a, #0xc0
                                   2062 ;C:/MSXgl-1.3.2/engine/src/system.h:101: inline void Poke(u16 addr, u8 val) { *(u8*)addr = val; }
    00000671 32 FE 7F         [13] 2063 	ld	(#0x7ffe),a
                                   2064 ;C:/MSXgl-1.3.2/engine/src/rom_mapper.h:195: else if (b == 3)	Poke(ADDR_BANK_3, s & 0xFF);
                                   2065 ;C:/MSXgl-1.3.2/engine/src/system.h:101: inline void Poke(u16 addr, u8 val) { *(u8*)addr = val; }
    00000674 21 00 B0         [10] 2066 	ld	hl, #0xb000
    00000677 71               [ 7] 2067 	ld	(hl), c
                                   2068 ;./soccerlg.c:213: return _res;
                                   2069 ;./soccerlg.c:214: }
    00000678 33               [ 6] 2070 	inc	sp
    00000679 DD E1            [14] 2071 	pop	ix
    0000067B E1               [10] 2072 	pop	hl
    0000067C 33               [ 6] 2073 	inc	sp
    0000067D E9               [ 4] 2074 	jp	(hl)
                                   2075 ;./soccerlg.c:216: u16 CallFnc_U16_P3(u8 segment, u16 (*func)(u8, i8, i8), u8 p1, i8 p2, i8 p3) __naked
                                   2076 ;	---------------------------------
                                   2077 ; Function CallFnc_U16_P3
                                   2078 ; ---------------------------------
    0000067E                       2079 _CallFnc_U16_P3::
                                   2080 ;./soccerlg.c:266: __endasm;
                                   2081 ;	de ->*func
                                   2082 ;	a ->segment
                                   2083 ;(sp-2)	->p1
                                   2084 ;(sp-3)	->p2
                                   2085 ;(sp-4)	->p3
                                   2086 ;	(sp) ->return
    0000067E 21 06 00         [10] 2087 	ld	hl,#6
    00000681 39               [11] 2088 	add	hl,sp
    00000682 3B               [ 6] 2089 	dec	sp
    00000683 4F               [ 4] 2090 	ld	c, a
    00000684 3Ar06r00         [13] 2091 	ld	a, (#(_g_Bank0Segment + 6) + 0) ; u8 _old = GET_BANK_SEGMENT(3);
    00000687 08               [ 4] 2092 	ex	af,af
    00000688 AF               [ 4] 2093 	xor	a,a
    00000689 32 FE 7F         [13] 2094 	ld	(#0x7ffe),a
    0000068C 79               [ 4] 2095 	ld	a, c ; SET_BANK_SEGMENT(3, segment);
    0000068D 32r06r00         [13] 2096 	ld	((_g_Bank0Segment + 6)), a ; g_Bank0Segment[b] = s;
    00000690 32 00 B0         [13] 2097 	ld	(#0xb000), a
    00000693 7E               [ 7] 2098 	ld	a, (hl) ; _res = func(p1, p2, p3);
    00000694 F5               [11] 2099 	push	af
    00000695 33               [ 6] 2100 	inc	sp
    00000696 2B               [ 6] 2101 	dec	hl
    00000697 4E               [ 7] 2102 	ld	c, (hl)
    00000698 2B               [ 6] 2103 	dec	hl
    00000699 7E               [ 7] 2104 	ld	a, (hl)
    0000069A 69               [ 4] 2105 	ld	l,c
    0000069B D5               [11] 2106 	push	de
    0000069C FD E1            [14] 2107 	pop	iy
    0000069E CDr00r00         [17] 2108 	call	___sdcc_call_iy
    000006A1 AF               [ 4] 2109 	xor	a,a
    000006A2 32 FE 7F         [13] 2110 	ld	(#0x7ffe),a
    000006A5 08               [ 4] 2111 	ex	af,af
    000006A6 32r06r00         [13] 2112 	ld	((_g_Bank0Segment + 6)), a ; g_Bank0Segment[b] = s;
    000006A9 32 00 B0         [13] 2113 	ld	(#0xb000), a
    000006AC 33               [ 6] 2114 	inc	sp
    000006AD E1               [10] 2115 	pop	hl
    000006AE F1               [10] 2116 	pop	af
    000006AF 33               [ 6] 2117 	inc	sp
    000006B0 E9               [ 4] 2118 	jp	(hl)
                                   2119 ;./soccerlg.c:273: }
                                   2120 ;./soccerlg.c:275: u16 CallFnc_U16_P4(u8 segment, u16 (*func)(u8, i8, i8, u8), u8 p1, i8 p2, i8 p3, u8 p4) {
                                   2121 ;	---------------------------------
                                   2122 ; Function CallFnc_U16_P4
                                   2123 ; ---------------------------------
    000006B1                       2124 _CallFnc_U16_P4::
    000006B1 DD E5            [15] 2125 	push	ix
    000006B3 DD 21 00 00      [14] 2126 	ld	ix,#0
    000006B7 DD 39            [15] 2127 	add	ix,sp
    000006B9 3B               [ 6] 2128 	dec	sp
    000006BA 4F               [ 4] 2129 	ld	c, a
                                   2130 ;./soccerlg.c:277: u8 _old = GET_BANK_SEGMENT(3);
    000006BB 2Ar06r00         [16] 2131 	ld	hl, (#(_g_Bank0Segment + 6) + 0)
    000006BE DD 75 FF         [19] 2132 	ld	-1 (ix), l
                                   2133 ;./soccerlg.c:278: SET_BANK_SEGMENT(3, segment);
    000006C1 06 00            [ 7] 2134 	ld	b, #0x00
                                   2135 ;C:/MSXgl-1.3.2/engine/src/rom_mapper.h:190: g_Bank0Segment[b] = s;
    000006C3 ED 43r06r00      [20] 2136 	ld	((_g_Bank0Segment + 6)), bc
                                   2137 ;C:/MSXgl-1.3.2/engine/src/rom_mapper.h:191: Poke(YAMANOOTO_OFFR, (s >> 2) & 0xC0);
    000006C7 69               [ 4] 2138 	ld	l, c
    000006C8 60               [ 4] 2139 	ld	h, b
    000006C9 CB 3C            [ 8] 2140 	srl	h
    000006CB CB 1D            [ 8] 2141 	rr	l
    000006CD CB 3C            [ 8] 2142 	srl	h
    000006CF CB 1D            [ 8] 2143 	rr	l
    000006D1 7D               [ 4] 2144 	ld	a, l
    000006D2 E6 C0            [ 7] 2145 	and	a, #0xc0
                                   2146 ;C:/MSXgl-1.3.2/engine/src/system.h:101: inline void Poke(u16 addr, u8 val) { *(u8*)addr = val; }
    000006D4 32 FE 7F         [13] 2147 	ld	(#0x7ffe),a
                                   2148 ;C:/MSXgl-1.3.2/engine/src/rom_mapper.h:195: else if (b == 3)	Poke(ADDR_BANK_3, s & 0xFF);
                                   2149 ;C:/MSXgl-1.3.2/engine/src/system.h:101: inline void Poke(u16 addr, u8 val) { *(u8*)addr = val; }
    000006D7 21 00 B0         [10] 2150 	ld	hl, #0xb000
    000006DA 71               [ 7] 2151 	ld	(hl), c
                                   2152 ;./soccerlg.c:279: _res = func(p1, p2, p3, p4);
    000006DB DD 66 07         [19] 2153 	ld	h, 7 (ix)
    000006DE DD 6E 06         [19] 2154 	ld	l, 6 (ix)
    000006E1 E5               [11] 2155 	push	hl
    000006E2 DD 6E 05         [19] 2156 	ld	l, 5 (ix)
                                   2157 ;	spillPairReg hl
                                   2158 ;	spillPairReg hl
    000006E5 DD 7E 04         [19] 2159 	ld	a, 4 (ix)
    000006E8 D5               [11] 2160 	push	de
    000006E9 FD E1            [14] 2161 	pop	iy
    000006EB CDr00r00         [17] 2162 	call	___sdcc_call_iy
                                   2163 ;./soccerlg.c:280: SET_BANK_SEGMENT(3, _old);
    000006EE DD 4E FF         [19] 2164 	ld	c, -1 (ix)
    000006F1 06 00            [ 7] 2165 	ld	b, #0x00
                                   2166 ;C:/MSXgl-1.3.2/engine/src/rom_mapper.h:190: g_Bank0Segment[b] = s;
    000006F3 ED 43r06r00      [20] 2167 	ld	((_g_Bank0Segment + 6)), bc
                                   2168 ;C:/MSXgl-1.3.2/engine/src/rom_mapper.h:191: Poke(YAMANOOTO_OFFR, (s >> 2) & 0xC0);
    000006F7 69               [ 4] 2169 	ld	l, c
    000006F8 60               [ 4] 2170 	ld	h, b
    000006F9 CB 3C            [ 8] 2171 	srl	h
    000006FB CB 1D            [ 8] 2172 	rr	l
    000006FD CB 3C            [ 8] 2173 	srl	h
    000006FF CB 1D            [ 8] 2174 	rr	l
    00000701 7D               [ 4] 2175 	ld	a, l
    00000702 E6 C0            [ 7] 2176 	and	a, #0xc0
                                   2177 ;C:/MSXgl-1.3.2/engine/src/system.h:101: inline void Poke(u16 addr, u8 val) { *(u8*)addr = val; }
    00000704 32 FE 7F         [13] 2178 	ld	(#0x7ffe),a
                                   2179 ;C:/MSXgl-1.3.2/engine/src/rom_mapper.h:195: else if (b == 3)	Poke(ADDR_BANK_3, s & 0xFF);
                                   2180 ;C:/MSXgl-1.3.2/engine/src/system.h:101: inline void Poke(u16 addr, u8 val) { *(u8*)addr = val; }
    00000707 21 00 B0         [10] 2181 	ld	hl, #0xb000
    0000070A 71               [ 7] 2182 	ld	(hl), c
                                   2183 ;./soccerlg.c:281: return _res;
                                   2184 ;./soccerlg.c:282: }
    0000070B 33               [ 6] 2185 	inc	sp
    0000070C DD E1            [14] 2186 	pop	ix
    0000070E E1               [10] 2187 	pop	hl
    0000070F F1               [10] 2188 	pop	af
    00000710 F1               [10] 2189 	pop	af
    00000711 E9               [ 4] 2190 	jp	(hl)
                                   2191 ;./soccerlg.c:284: u16 CallFnc_U16_P4B(u8 segment, u16 (*func)(u8, u8, i8, i8), u8 p1, u8 p2, i8 p3, i8 p4) {
                                   2192 ;	---------------------------------
                                   2193 ; Function CallFnc_U16_P4B
                                   2194 ; ---------------------------------
    00000712                       2195 _CallFnc_U16_P4B::
    00000712 DD E5            [15] 2196 	push	ix
    00000714 DD 21 00 00      [14] 2197 	ld	ix,#0
    00000718 DD 39            [15] 2198 	add	ix,sp
    0000071A 3B               [ 6] 2199 	dec	sp
    0000071B 4F               [ 4] 2200 	ld	c, a
                                   2201 ;./soccerlg.c:286: u8 _old = GET_BANK_SEGMENT(3);
    0000071C 2Ar06r00         [16] 2202 	ld	hl, (#(_g_Bank0Segment + 6) + 0)
    0000071F DD 75 FF         [19] 2203 	ld	-1 (ix), l
                                   2204 ;./soccerlg.c:287: SET_BANK_SEGMENT(3, segment);
    00000722 06 00            [ 7] 2205 	ld	b, #0x00
                                   2206 ;C:/MSXgl-1.3.2/engine/src/rom_mapper.h:190: g_Bank0Segment[b] = s;
    00000724 ED 43r06r00      [20] 2207 	ld	((_g_Bank0Segment + 6)), bc
                                   2208 ;C:/MSXgl-1.3.2/engine/src/rom_mapper.h:191: Poke(YAMANOOTO_OFFR, (s >> 2) & 0xC0);
    00000728 69               [ 4] 2209 	ld	l, c
    00000729 60               [ 4] 2210 	ld	h, b
    0000072A CB 3C            [ 8] 2211 	srl	h
    0000072C CB 1D            [ 8] 2212 	rr	l
    0000072E CB 3C            [ 8] 2213 	srl	h
    00000730 CB 1D            [ 8] 2214 	rr	l
    00000732 7D               [ 4] 2215 	ld	a, l
    00000733 E6 C0            [ 7] 2216 	and	a, #0xc0
                                   2217 ;C:/MSXgl-1.3.2/engine/src/system.h:101: inline void Poke(u16 addr, u8 val) { *(u8*)addr = val; }
    00000735 32 FE 7F         [13] 2218 	ld	(#0x7ffe),a
                                   2219 ;C:/MSXgl-1.3.2/engine/src/rom_mapper.h:195: else if (b == 3)	Poke(ADDR_BANK_3, s & 0xFF);
                                   2220 ;C:/MSXgl-1.3.2/engine/src/system.h:101: inline void Poke(u16 addr, u8 val) { *(u8*)addr = val; }
    00000738 21 00 B0         [10] 2221 	ld	hl, #0xb000
    0000073B 71               [ 7] 2222 	ld	(hl), c
                                   2223 ;./soccerlg.c:288: _res = func(p1, p2, p3, p4);
    0000073C DD 66 07         [19] 2224 	ld	h, 7 (ix)
    0000073F DD 6E 06         [19] 2225 	ld	l, 6 (ix)
    00000742 E5               [11] 2226 	push	hl
    00000743 DD 6E 05         [19] 2227 	ld	l, 5 (ix)
                                   2228 ;	spillPairReg hl
                                   2229 ;	spillPairReg hl
    00000746 DD 7E 04         [19] 2230 	ld	a, 4 (ix)
    00000749 D5               [11] 2231 	push	de
    0000074A FD E1            [14] 2232 	pop	iy
    0000074C CDr00r00         [17] 2233 	call	___sdcc_call_iy
                                   2234 ;./soccerlg.c:289: SET_BANK_SEGMENT(3, _old);
    0000074F DD 4E FF         [19] 2235 	ld	c, -1 (ix)
    00000752 06 00            [ 7] 2236 	ld	b, #0x00
                                   2237 ;C:/MSXgl-1.3.2/engine/src/rom_mapper.h:190: g_Bank0Segment[b] = s;
    00000754 ED 43r06r00      [20] 2238 	ld	((_g_Bank0Segment + 6)), bc
                                   2239 ;C:/MSXgl-1.3.2/engine/src/rom_mapper.h:191: Poke(YAMANOOTO_OFFR, (s >> 2) & 0xC0);
    00000758 69               [ 4] 2240 	ld	l, c
    00000759 60               [ 4] 2241 	ld	h, b
    0000075A CB 3C            [ 8] 2242 	srl	h
    0000075C CB 1D            [ 8] 2243 	rr	l
    0000075E CB 3C            [ 8] 2244 	srl	h
    00000760 CB 1D            [ 8] 2245 	rr	l
    00000762 7D               [ 4] 2246 	ld	a, l
    00000763 E6 C0            [ 7] 2247 	and	a, #0xc0
                                   2248 ;C:/MSXgl-1.3.2/engine/src/system.h:101: inline void Poke(u16 addr, u8 val) { *(u8*)addr = val; }
    00000765 32 FE 7F         [13] 2249 	ld	(#0x7ffe),a
                                   2250 ;C:/MSXgl-1.3.2/engine/src/rom_mapper.h:195: else if (b == 3)	Poke(ADDR_BANK_3, s & 0xFF);
                                   2251 ;C:/MSXgl-1.3.2/engine/src/system.h:101: inline void Poke(u16 addr, u8 val) { *(u8*)addr = val; }
    00000768 21 00 B0         [10] 2252 	ld	hl, #0xb000
    0000076B 71               [ 7] 2253 	ld	(hl), c
                                   2254 ;./soccerlg.c:290: return _res;
                                   2255 ;./soccerlg.c:291: }
    0000076C 33               [ 6] 2256 	inc	sp
    0000076D DD E1            [14] 2257 	pop	ix
    0000076F E1               [10] 2258 	pop	hl
    00000770 F1               [10] 2259 	pop	af
    00000771 F1               [10] 2260 	pop	af
    00000772 E9               [ 4] 2261 	jp	(hl)
                                   2262 ;./soccerlg.c:293: u8 CallFnc_U8_P2(u8 segment, u8 (*func)(u8, u8), u8 p1, u8 p2) {
                                   2263 ;	---------------------------------
                                   2264 ; Function CallFnc_U8_P2
                                   2265 ; ---------------------------------
    00000773                       2266 _CallFnc_U8_P2::
    00000773 DD E5            [15] 2267 	push	ix
    00000775 DD 21 00 00      [14] 2268 	ld	ix,#0
    00000779 DD 39            [15] 2269 	add	ix,sp
    0000077B 3B               [ 6] 2270 	dec	sp
    0000077C 4F               [ 4] 2271 	ld	c, a
                                   2272 ;./soccerlg.c:295: u8 _old = GET_BANK_SEGMENT(3);
    0000077D 2Ar06r00         [16] 2273 	ld	hl, (#(_g_Bank0Segment + 6) + 0)
    00000780 DD 75 FF         [19] 2274 	ld	-1 (ix), l
                                   2275 ;./soccerlg.c:296: SET_BANK_SEGMENT(3, segment);
    00000783 06 00            [ 7] 2276 	ld	b, #0x00
                                   2277 ;C:/MSXgl-1.3.2/engine/src/rom_mapper.h:190: g_Bank0Segment[b] = s;
    00000785 ED 43r06r00      [20] 2278 	ld	((_g_Bank0Segment + 6)), bc
                                   2279 ;C:/MSXgl-1.3.2/engine/src/rom_mapper.h:191: Poke(YAMANOOTO_OFFR, (s >> 2) & 0xC0);
    00000789 69               [ 4] 2280 	ld	l, c
    0000078A 60               [ 4] 2281 	ld	h, b
    0000078B CB 3C            [ 8] 2282 	srl	h
    0000078D CB 1D            [ 8] 2283 	rr	l
    0000078F CB 3C            [ 8] 2284 	srl	h
    00000791 CB 1D            [ 8] 2285 	rr	l
    00000793 7D               [ 4] 2286 	ld	a, l
    00000794 E6 C0            [ 7] 2287 	and	a, #0xc0
                                   2288 ;C:/MSXgl-1.3.2/engine/src/system.h:101: inline void Poke(u16 addr, u8 val) { *(u8*)addr = val; }
    00000796 32 FE 7F         [13] 2289 	ld	(#0x7ffe),a
                                   2290 ;C:/MSXgl-1.3.2/engine/src/rom_mapper.h:195: else if (b == 3)	Poke(ADDR_BANK_3, s & 0xFF);
                                   2291 ;C:/MSXgl-1.3.2/engine/src/system.h:101: inline void Poke(u16 addr, u8 val) { *(u8*)addr = val; }
    00000799 21 00 B0         [10] 2292 	ld	hl, #0xb000
    0000079C 71               [ 7] 2293 	ld	(hl), c
                                   2294 ;./soccerlg.c:297: _res = func(p1,p2);
    0000079D DD 6E 05         [19] 2295 	ld	l, 5 (ix)
                                   2296 ;	spillPairReg hl
                                   2297 ;	spillPairReg hl
    000007A0 DD 7E 04         [19] 2298 	ld	a, 4 (ix)
    000007A3 D5               [11] 2299 	push	de
    000007A4 FD E1            [14] 2300 	pop	iy
    000007A6 CDr00r00         [17] 2301 	call	___sdcc_call_iy
    000007A9 4F               [ 4] 2302 	ld	c, a
                                   2303 ;./soccerlg.c:298: SET_BANK_SEGMENT(3, _old);
    000007AA DD 5E FF         [19] 2304 	ld	e, -1 (ix)
    000007AD 16 00            [ 7] 2305 	ld	d, #0x00
                                   2306 ;C:/MSXgl-1.3.2/engine/src/rom_mapper.h:190: g_Bank0Segment[b] = s;
    000007AF ED 53r06r00      [20] 2307 	ld	((_g_Bank0Segment + 6)), de
                                   2308 ;C:/MSXgl-1.3.2/engine/src/rom_mapper.h:191: Poke(YAMANOOTO_OFFR, (s >> 2) & 0xC0);
    000007B3 43               [ 4] 2309 	ld	b, e
    000007B4 6A               [ 4] 2310 	ld	l, d
                                   2311 ;	spillPairReg hl
                                   2312 ;	spillPairReg hl
    000007B5 CB 3D            [ 8] 2313 	srl	l
    000007B7 CB 18            [ 8] 2314 	rr	b
    000007B9 CB 3D            [ 8] 2315 	srl	l
    000007BB CB 18            [ 8] 2316 	rr	b
    000007BD 78               [ 4] 2317 	ld	a, b
    000007BE E6 C0            [ 7] 2318 	and	a, #0xc0
                                   2319 ;C:/MSXgl-1.3.2/engine/src/system.h:101: inline void Poke(u16 addr, u8 val) { *(u8*)addr = val; }
    000007C0 32 FE 7F         [13] 2320 	ld	(#0x7ffe),a
                                   2321 ;C:/MSXgl-1.3.2/engine/src/rom_mapper.h:195: else if (b == 3)	Poke(ADDR_BANK_3, s & 0xFF);
                                   2322 ;C:/MSXgl-1.3.2/engine/src/system.h:101: inline void Poke(u16 addr, u8 val) { *(u8*)addr = val; }
    000007C3 21 00 B0         [10] 2323 	ld	hl, #0xb000
    000007C6 73               [ 7] 2324 	ld	(hl), e
                                   2325 ;./soccerlg.c:299: return _res;
    000007C7 79               [ 4] 2326 	ld	a, c
                                   2327 ;./soccerlg.c:300: }
    000007C8 33               [ 6] 2328 	inc	sp
    000007C9 DD E1            [14] 2329 	pop	ix
    000007CB E1               [10] 2330 	pop	hl
    000007CC C1               [10] 2331 	pop	bc
    000007CD E9               [ 4] 2332 	jp	(hl)
                                   2333 ;./soccerlg.c:302: bool CallFnc_BOOL(u8 segment, bool (*func)()) {
                                   2334 ;	---------------------------------
                                   2335 ; Function CallFnc_BOOL
                                   2336 ; ---------------------------------
    000007CE                       2337 _CallFnc_BOOL::
    000007CE DD E5            [15] 2338 	push	ix
    000007D0 DD 21 00 00      [14] 2339 	ld	ix,#0
    000007D4 DD 39            [15] 2340 	add	ix,sp
    000007D6 3B               [ 6] 2341 	dec	sp
    000007D7 4F               [ 4] 2342 	ld	c, a
                                   2343 ;./soccerlg.c:304: u8 _old = GET_BANK_SEGMENT(3);
    000007D8 2Ar06r00         [16] 2344 	ld	hl, (#(_g_Bank0Segment + 6) + 0)
    000007DB DD 75 FF         [19] 2345 	ld	-1 (ix), l
                                   2346 ;./soccerlg.c:305: SET_BANK_SEGMENT(3, segment);
    000007DE 06 00            [ 7] 2347 	ld	b, #0x00
                                   2348 ;C:/MSXgl-1.3.2/engine/src/rom_mapper.h:190: g_Bank0Segment[b] = s;
    000007E0 ED 43r06r00      [20] 2349 	ld	((_g_Bank0Segment + 6)), bc
                                   2350 ;C:/MSXgl-1.3.2/engine/src/rom_mapper.h:191: Poke(YAMANOOTO_OFFR, (s >> 2) & 0xC0);
    000007E4 69               [ 4] 2351 	ld	l, c
    000007E5 60               [ 4] 2352 	ld	h, b
    000007E6 CB 3C            [ 8] 2353 	srl	h
    000007E8 CB 1D            [ 8] 2354 	rr	l
    000007EA CB 3C            [ 8] 2355 	srl	h
    000007EC CB 1D            [ 8] 2356 	rr	l
    000007EE 7D               [ 4] 2357 	ld	a, l
    000007EF E6 C0            [ 7] 2358 	and	a, #0xc0
                                   2359 ;C:/MSXgl-1.3.2/engine/src/system.h:101: inline void Poke(u16 addr, u8 val) { *(u8*)addr = val; }
    000007F1 32 FE 7F         [13] 2360 	ld	(#0x7ffe),a
                                   2361 ;C:/MSXgl-1.3.2/engine/src/rom_mapper.h:195: else if (b == 3)	Poke(ADDR_BANK_3, s & 0xFF);
                                   2362 ;C:/MSXgl-1.3.2/engine/src/system.h:101: inline void Poke(u16 addr, u8 val) { *(u8*)addr = val; }
    000007F4 21 00 B0         [10] 2363 	ld	hl, #0xb000
    000007F7 71               [ 7] 2364 	ld	(hl), c
                                   2365 ;./soccerlg.c:306: _res = func();
    000007F8 EB               [ 4] 2366 	ex	de, hl
    000007F9 CDr00r00         [17] 2367 	call	___sdcc_call_hl
    000007FC 4F               [ 4] 2368 	ld	c, a
                                   2369 ;./soccerlg.c:307: SET_BANK_SEGMENT(3, _old);
    000007FD DD 5E FF         [19] 2370 	ld	e, -1 (ix)
    00000800 16 00            [ 7] 2371 	ld	d, #0x00
                                   2372 ;C:/MSXgl-1.3.2/engine/src/rom_mapper.h:190: g_Bank0Segment[b] = s;
    00000802 ED 53r06r00      [20] 2373 	ld	((_g_Bank0Segment + 6)), de
                                   2374 ;C:/MSXgl-1.3.2/engine/src/rom_mapper.h:191: Poke(YAMANOOTO_OFFR, (s >> 2) & 0xC0);
    00000806 43               [ 4] 2375 	ld	b, e
    00000807 6A               [ 4] 2376 	ld	l, d
                                   2377 ;	spillPairReg hl
                                   2378 ;	spillPairReg hl
    00000808 CB 3D            [ 8] 2379 	srl	l
    0000080A CB 18            [ 8] 2380 	rr	b
    0000080C CB 3D            [ 8] 2381 	srl	l
    0000080E CB 18            [ 8] 2382 	rr	b
    00000810 78               [ 4] 2383 	ld	a, b
    00000811 E6 C0            [ 7] 2384 	and	a, #0xc0
                                   2385 ;C:/MSXgl-1.3.2/engine/src/system.h:101: inline void Poke(u16 addr, u8 val) { *(u8*)addr = val; }
    00000813 32 FE 7F         [13] 2386 	ld	(#0x7ffe),a
                                   2387 ;C:/MSXgl-1.3.2/engine/src/rom_mapper.h:195: else if (b == 3)	Poke(ADDR_BANK_3, s & 0xFF);
                                   2388 ;C:/MSXgl-1.3.2/engine/src/system.h:101: inline void Poke(u16 addr, u8 val) { *(u8*)addr = val; }
    00000816 21 00 B0         [10] 2389 	ld	hl, #0xb000
    00000819 73               [ 7] 2390 	ld	(hl), e
                                   2391 ;./soccerlg.c:308: return _res;
    0000081A 79               [ 4] 2392 	ld	a, c
                                   2393 ;./soccerlg.c:309: }
    0000081B 33               [ 6] 2394 	inc	sp
    0000081C DD E1            [14] 2395 	pop	ix
    0000081E C9               [10] 2396 	ret
                                   2397 ;./soccerlg.c:311: bool CallFnc_BOOL_P1(u8 segment, bool (*func)(u8), u8 p1) {
                                   2398 ;	---------------------------------
                                   2399 ; Function CallFnc_BOOL_P1
                                   2400 ; ---------------------------------
    0000081F                       2401 _CallFnc_BOOL_P1::
    0000081F DD E5            [15] 2402 	push	ix
    00000821 DD 21 00 00      [14] 2403 	ld	ix,#0
    00000825 DD 39            [15] 2404 	add	ix,sp
    00000827 3B               [ 6] 2405 	dec	sp
    00000828 4F               [ 4] 2406 	ld	c, a
                                   2407 ;./soccerlg.c:313: u8 _old = GET_BANK_SEGMENT(3);
    00000829 2Ar06r00         [16] 2408 	ld	hl, (#(_g_Bank0Segment + 6) + 0)
    0000082C DD 75 FF         [19] 2409 	ld	-1 (ix), l
                                   2410 ;./soccerlg.c:314: SET_BANK_SEGMENT(3, segment);
    0000082F 06 00            [ 7] 2411 	ld	b, #0x00
                                   2412 ;C:/MSXgl-1.3.2/engine/src/rom_mapper.h:190: g_Bank0Segment[b] = s;
    00000831 ED 43r06r00      [20] 2413 	ld	((_g_Bank0Segment + 6)), bc
                                   2414 ;C:/MSXgl-1.3.2/engine/src/rom_mapper.h:191: Poke(YAMANOOTO_OFFR, (s >> 2) & 0xC0);
    00000835 69               [ 4] 2415 	ld	l, c
    00000836 60               [ 4] 2416 	ld	h, b
    00000837 CB 3C            [ 8] 2417 	srl	h
    00000839 CB 1D            [ 8] 2418 	rr	l
    0000083B CB 3C            [ 8] 2419 	srl	h
    0000083D CB 1D            [ 8] 2420 	rr	l
    0000083F 7D               [ 4] 2421 	ld	a, l
    00000840 E6 C0            [ 7] 2422 	and	a, #0xc0
                                   2423 ;C:/MSXgl-1.3.2/engine/src/system.h:101: inline void Poke(u16 addr, u8 val) { *(u8*)addr = val; }
    00000842 32 FE 7F         [13] 2424 	ld	(#0x7ffe),a
                                   2425 ;C:/MSXgl-1.3.2/engine/src/rom_mapper.h:195: else if (b == 3)	Poke(ADDR_BANK_3, s & 0xFF);
                                   2426 ;C:/MSXgl-1.3.2/engine/src/system.h:101: inline void Poke(u16 addr, u8 val) { *(u8*)addr = val; }
    00000845 21 00 B0         [10] 2427 	ld	hl, #0xb000
    00000848 71               [ 7] 2428 	ld	(hl), c
                                   2429 ;./soccerlg.c:315: _res = func(p1);
    00000849 DD 7E 04         [19] 2430 	ld	a, 4 (ix)
    0000084C EB               [ 4] 2431 	ex	de, hl
    0000084D CDr00r00         [17] 2432 	call	___sdcc_call_hl
    00000850 4F               [ 4] 2433 	ld	c, a
                                   2434 ;./soccerlg.c:316: SET_BANK_SEGMENT(3, _old);
    00000851 DD 5E FF         [19] 2435 	ld	e, -1 (ix)
    00000854 16 00            [ 7] 2436 	ld	d, #0x00
                                   2437 ;C:/MSXgl-1.3.2/engine/src/rom_mapper.h:190: g_Bank0Segment[b] = s;
    00000856 ED 53r06r00      [20] 2438 	ld	((_g_Bank0Segment + 6)), de
                                   2439 ;C:/MSXgl-1.3.2/engine/src/rom_mapper.h:191: Poke(YAMANOOTO_OFFR, (s >> 2) & 0xC0);
    0000085A 43               [ 4] 2440 	ld	b, e
    0000085B 6A               [ 4] 2441 	ld	l, d
                                   2442 ;	spillPairReg hl
                                   2443 ;	spillPairReg hl
    0000085C CB 3D            [ 8] 2444 	srl	l
    0000085E CB 18            [ 8] 2445 	rr	b
    00000860 CB 3D            [ 8] 2446 	srl	l
    00000862 CB 18            [ 8] 2447 	rr	b
    00000864 78               [ 4] 2448 	ld	a, b
    00000865 E6 C0            [ 7] 2449 	and	a, #0xc0
                                   2450 ;C:/MSXgl-1.3.2/engine/src/system.h:101: inline void Poke(u16 addr, u8 val) { *(u8*)addr = val; }
    00000867 32 FE 7F         [13] 2451 	ld	(#0x7ffe),a
                                   2452 ;C:/MSXgl-1.3.2/engine/src/rom_mapper.h:195: else if (b == 3)	Poke(ADDR_BANK_3, s & 0xFF);
                                   2453 ;C:/MSXgl-1.3.2/engine/src/system.h:101: inline void Poke(u16 addr, u8 val) { *(u8*)addr = val; }
    0000086A 21 00 B0         [10] 2454 	ld	hl, #0xb000
    0000086D 73               [ 7] 2455 	ld	(hl), e
                                   2456 ;./soccerlg.c:317: return _res;
    0000086E 79               [ 4] 2457 	ld	a, c
                                   2458 ;./soccerlg.c:318: }
    0000086F 33               [ 6] 2459 	inc	sp
    00000870 DD E1            [14] 2460 	pop	ix
    00000872 E1               [10] 2461 	pop	hl
    00000873 33               [ 6] 2462 	inc	sp
    00000874 E9               [ 4] 2463 	jp	(hl)
                                   2464 ;./soccerlg.c:321: void CallFnc_VOID_U8U8(u8 segment, void (*func)(u8, u8), u8 p1, u8 p2) {
                                   2465 ;	---------------------------------
                                   2466 ; Function CallFnc_VOID_U8U8
                                   2467 ; ---------------------------------
    00000875                       2468 _CallFnc_VOID_U8U8::
    00000875 DD E5            [15] 2469 	push	ix
    00000877 DD 21 00 00      [14] 2470 	ld	ix,#0
    0000087B DD 39            [15] 2471 	add	ix,sp
    0000087D 3B               [ 6] 2472 	dec	sp
    0000087E 4F               [ 4] 2473 	ld	c, a
                                   2474 ;./soccerlg.c:322: u8 _old = GET_BANK_SEGMENT(3);
    0000087F 2Ar06r00         [16] 2475 	ld	hl, (#(_g_Bank0Segment + 6) + 0)
    00000882 DD 75 FF         [19] 2476 	ld	-1 (ix), l
                                   2477 ;./soccerlg.c:323: SET_BANK_SEGMENT(3, segment);
    00000885 06 00            [ 7] 2478 	ld	b, #0x00
                                   2479 ;C:/MSXgl-1.3.2/engine/src/rom_mapper.h:190: g_Bank0Segment[b] = s;
    00000887 ED 43r06r00      [20] 2480 	ld	((_g_Bank0Segment + 6)), bc
                                   2481 ;C:/MSXgl-1.3.2/engine/src/rom_mapper.h:191: Poke(YAMANOOTO_OFFR, (s >> 2) & 0xC0);
    0000088B 69               [ 4] 2482 	ld	l, c
    0000088C 60               [ 4] 2483 	ld	h, b
    0000088D CB 3C            [ 8] 2484 	srl	h
    0000088F CB 1D            [ 8] 2485 	rr	l
    00000891 CB 3C            [ 8] 2486 	srl	h
    00000893 CB 1D            [ 8] 2487 	rr	l
    00000895 7D               [ 4] 2488 	ld	a, l
    00000896 E6 C0            [ 7] 2489 	and	a, #0xc0
                                   2490 ;C:/MSXgl-1.3.2/engine/src/system.h:101: inline void Poke(u16 addr, u8 val) { *(u8*)addr = val; }
    00000898 32 FE 7F         [13] 2491 	ld	(#0x7ffe),a
                                   2492 ;C:/MSXgl-1.3.2/engine/src/rom_mapper.h:195: else if (b == 3)	Poke(ADDR_BANK_3, s & 0xFF);
                                   2493 ;C:/MSXgl-1.3.2/engine/src/system.h:101: inline void Poke(u16 addr, u8 val) { *(u8*)addr = val; }
    0000089B 21 00 B0         [10] 2494 	ld	hl, #0xb000
    0000089E 71               [ 7] 2495 	ld	(hl), c
                                   2496 ;./soccerlg.c:324: func(p1,p2);
    0000089F DD 6E 05         [19] 2497 	ld	l, 5 (ix)
                                   2498 ;	spillPairReg hl
                                   2499 ;	spillPairReg hl
    000008A2 DD 7E 04         [19] 2500 	ld	a, 4 (ix)
    000008A5 D5               [11] 2501 	push	de
    000008A6 FD E1            [14] 2502 	pop	iy
    000008A8 CDr00r00         [17] 2503 	call	___sdcc_call_iy
                                   2504 ;./soccerlg.c:325: SET_BANK_SEGMENT(3, _old);
    000008AB DD 4E FF         [19] 2505 	ld	c, -1 (ix)
    000008AE 06 00            [ 7] 2506 	ld	b, #0x00
                                   2507 ;C:/MSXgl-1.3.2/engine/src/rom_mapper.h:190: g_Bank0Segment[b] = s;
    000008B0 ED 43r06r00      [20] 2508 	ld	((_g_Bank0Segment + 6)), bc
                                   2509 ;C:/MSXgl-1.3.2/engine/src/rom_mapper.h:191: Poke(YAMANOOTO_OFFR, (s >> 2) & 0xC0);
    000008B4 59               [ 4] 2510 	ld	e, c
    000008B5 50               [ 4] 2511 	ld	d, b
    000008B6 CB 3A            [ 8] 2512 	srl	d
    000008B8 CB 1B            [ 8] 2513 	rr	e
    000008BA CB 3A            [ 8] 2514 	srl	d
    000008BC CB 1B            [ 8] 2515 	rr	e
    000008BE 7B               [ 4] 2516 	ld	a, e
    000008BF E6 C0            [ 7] 2517 	and	a, #0xc0
                                   2518 ;C:/MSXgl-1.3.2/engine/src/system.h:101: inline void Poke(u16 addr, u8 val) { *(u8*)addr = val; }
    000008C1 32 FE 7F         [13] 2519 	ld	(#0x7ffe),a
                                   2520 ;C:/MSXgl-1.3.2/engine/src/rom_mapper.h:195: else if (b == 3)	Poke(ADDR_BANK_3, s & 0xFF);
                                   2521 ;C:/MSXgl-1.3.2/engine/src/system.h:101: inline void Poke(u16 addr, u8 val) { *(u8*)addr = val; }
    000008C4 21 00 B0         [10] 2522 	ld	hl, #0xb000
    000008C7 71               [ 7] 2523 	ld	(hl), c
                                   2524 ;./soccerlg.c:325: SET_BANK_SEGMENT(3, _old);
                                   2525 ;./soccerlg.c:326: }
    000008C8 33               [ 6] 2526 	inc	sp
    000008C9 DD E1            [14] 2527 	pop	ix
    000008CB E1               [10] 2528 	pop	hl
    000008CC F1               [10] 2529 	pop	af
    000008CD E9               [ 4] 2530 	jp	(hl)
                                   2531 ;./soccerlg.c:332: void SetTeamColors(u8 team, const struct TeamColors* colors)
                                   2532 ;	---------------------------------
                                   2533 ; Function SetTeamColors
                                   2534 ; ---------------------------------
    000008CE                       2535 _SetTeamColors::
                                   2536 ;./soccerlg.c:334: if (team == TEAM_1)
    000008CE 4F               [ 4] 2537 	ld	c, a
    000008CF B7               [ 4] 2538 	or	a, a
    000008D0 20 2B            [12] 2539 	jr	NZ, 00104$
                                   2540 ;./soccerlg.c:336: VDP_SetPaletteEntry(10, colors->Stripes); // [A] Righe Squadra 1
    000008D2 4B               [ 4] 2541 	ld	c, e
    000008D3 42               [ 4] 2542 	ld	b, d
    000008D4 21 04 00         [10] 2543 	ld	hl, #4
    000008D7 09               [11] 2544 	add	hl, bc
    000008D8 4E               [ 7] 2545 	ld	c, (hl)
    000008D9 23               [ 6] 2546 	inc	hl
    000008DA 46               [ 7] 2547 	ld	b, (hl)
    000008DB D5               [11] 2548 	push	de
    000008DC 59               [ 4] 2549 	ld	e, c
    000008DD 50               [ 4] 2550 	ld	d, b
    000008DE 3E 0A            [ 7] 2551 	ld	a, #0x0a
    000008E0 CDr00r00         [17] 2552 	call	_VDP_SetPaletteEntry
    000008E3 D1               [10] 2553 	pop	de
                                   2554 ;./soccerlg.c:337: VDP_SetPaletteEntry(11, colors->Shirt);   // [B] Maglietta Squadra 1
    000008E4 6B               [ 4] 2555 	ld	l, e
    000008E5 62               [ 4] 2556 	ld	h, d
    000008E6 4E               [ 7] 2557 	ld	c, (hl)
    000008E7 23               [ 6] 2558 	inc	hl
    000008E8 46               [ 7] 2559 	ld	b, (hl)
    000008E9 D5               [11] 2560 	push	de
    000008EA 59               [ 4] 2561 	ld	e, c
    000008EB 50               [ 4] 2562 	ld	d, b
    000008EC 3E 0B            [ 7] 2563 	ld	a, #0x0b
    000008EE CDr00r00         [17] 2564 	call	_VDP_SetPaletteEntry
    000008F1 D1               [10] 2565 	pop	de
                                   2566 ;./soccerlg.c:338: VDP_SetPaletteEntry(13, colors->Shorts);  // [D] Pantaloncini Squadra 1
    000008F2 EB               [ 4] 2567 	ex	de, hl
    000008F3 23               [ 6] 2568 	inc	hl
    000008F4 23               [ 6] 2569 	inc	hl
    000008F5 5E               [ 7] 2570 	ld	e, (hl)
    000008F6 23               [ 6] 2571 	inc	hl
    000008F7 56               [ 7] 2572 	ld	d, (hl)
    000008F8 3E 0D            [ 7] 2573 	ld	a, #0x0d
    000008FA C3r00r00         [10] 2574 	jp	_VDP_SetPaletteEntry
    000008FD                       2575 00104$:
                                   2576 ;./soccerlg.c:340: else if (team == TEAM_2)
    000008FD 0D               [ 4] 2577 	dec	c
    000008FE C0               [11] 2578 	ret	NZ
                                   2579 ;./soccerlg.c:342: VDP_SetPaletteEntry(12, colors->Stripes); // [C] Righe Squadra 2
    000008FF D5               [11] 2580 	push	de
    00000900 FD E1            [14] 2581 	pop	iy
    00000902 FD 6E 04         [19] 2582 	ld	l, 4 (iy)
                                   2583 ;	spillPairReg hl
    00000905 FD 66 05         [19] 2584 	ld	h, 5 (iy)
                                   2585 ;	spillPairReg hl
    00000908 EB               [ 4] 2586 	ex	de, hl
    00000909 E5               [11] 2587 	push	hl
    0000090A 3E 0C            [ 7] 2588 	ld	a, #0x0c
    0000090C CDr00r00         [17] 2589 	call	_VDP_SetPaletteEntry
    0000090F D1               [10] 2590 	pop	de
                                   2591 ;./soccerlg.c:343: VDP_SetPaletteEntry(5,  colors->Shirt);   // [5] Maglietta Squadra 2
    00000910 6B               [ 4] 2592 	ld	l, e
    00000911 62               [ 4] 2593 	ld	h, d
    00000912 4E               [ 7] 2594 	ld	c, (hl)
    00000913 23               [ 6] 2595 	inc	hl
    00000914 46               [ 7] 2596 	ld	b, (hl)
    00000915 D5               [11] 2597 	push	de
    00000916 59               [ 4] 2598 	ld	e, c
    00000917 50               [ 4] 2599 	ld	d, b
    00000918 3E 05            [ 7] 2600 	ld	a, #0x05
    0000091A CDr00r00         [17] 2601 	call	_VDP_SetPaletteEntry
    0000091D D1               [10] 2602 	pop	de
                                   2603 ;./soccerlg.c:344: VDP_SetPaletteEntry(9,  colors->Shorts);  // [9] Pantaloncini Squadra 2
    0000091E EB               [ 4] 2604 	ex	de, hl
    0000091F 23               [ 6] 2605 	inc	hl
    00000920 23               [ 6] 2606 	inc	hl
    00000921 5E               [ 7] 2607 	ld	e, (hl)
    00000922 23               [ 6] 2608 	inc	hl
    00000923 56               [ 7] 2609 	ld	d, (hl)
    00000924 3E 09            [ 7] 2610 	ld	a, #0x09
                                   2611 ;./soccerlg.c:346: }
    00000926 C3r00r00         [10] 2612 	jp	_VDP_SetPaletteEntry
                                   2613 ;./soccerlg.c:348: void AddLines(struct ObjectInfo* Field) 
                                   2614 ;	---------------------------------
                                   2615 ; Function AddLines
                                   2616 ; ---------------------------------
    00000929                       2617 _AddLines::
    00000929 DD E5            [15] 2618 	push	ix
    0000092B DD 21 00 00      [14] 2619 	ld	ix,#0
    0000092F DD 39            [15] 2620 	add	ix,sp
    00000931 FD 21 F5 FF      [14] 2621 	ld	iy, #-11
    00000935 FD 39            [15] 2622 	add	iy, sp
    00000937 FD F9            [10] 2623 	ld	sp, iy
                                   2624 ;./soccerlg.c:352: if (Field->dy==0) return;
    00000939 DD 75 FD         [19] 2625 	ld	-3 (ix), l
    0000093C DD 74 FE         [19] 2626 	ld	-2 (ix), h
    0000093F 01 12 00         [10] 2627 	ld	bc,#18
    00000942 09               [11] 2628 	add	hl,bc
    00000943 7E               [ 7] 2629 	ld	a, (hl)
    00000944 DD 77 FF         [19] 2630 	ld	-1 (ix), a
    00000947 B7               [ 4] 2631 	or	a, a
    00000948 CAr3Er0B         [10] 2632 	jp	Z,00120$
                                   2633 ;./soccerlg.c:355: for(i8 i=Field->dy; i>0; i--) {
    0000094B DD 7E FD         [19] 2634 	ld	a, -3 (ix)
    0000094E C6 04            [ 7] 2635 	add	a, #0x04
    00000950 DD 77 FB         [19] 2636 	ld	-5 (ix), a
    00000953 DD 7E FE         [19] 2637 	ld	a, -2 (ix)
    00000956 CE 00            [ 7] 2638 	adc	a, #0x00
    00000958 DD 77 FC         [19] 2639 	ld	-4 (ix), a
                                   2640 ;./soccerlg.c:354: if (Field->dy>0) {
    0000095B AF               [ 4] 2641 	xor	a, a
    0000095C DD 96 FF         [19] 2642 	sub	a, -1 (ix)
    0000095F E2r64r09         [10] 2643 	jp	PO, 00154$
    00000962 EE 80            [ 7] 2644 	xor	a, #0x80
    00000964                       2645 00154$:
    00000964 F2r48r0A         [10] 2646 	jp	P, 00106$
                                   2647 ;./soccerlg.c:355: for(i8 i=Field->dy; i>0; i--) {
    00000967                       2648 00115$:
    00000967 AF               [ 4] 2649 	xor	a, a
    00000968 DD 96 FF         [19] 2650 	sub	a, -1 (ix)
    0000096B E2r70r09         [10] 2651 	jp	PO, 00155$
    0000096E EE 80            [ 7] 2652 	xor	a, #0x80
    00000970                       2653 00155$:
    00000970 F2r3Er0B         [10] 2654 	jp	P, 00120$
                                   2655 ;./soccerlg.c:356: v = (Field->ly + 192 - i) & 511;
    00000973 DD 6E FB         [19] 2656 	ld	l, -5 (ix)
    00000976 DD 66 FC         [19] 2657 	ld	h, -4 (ix)
    00000979 7E               [ 7] 2658 	ld	a, (hl)
    0000097A DD 77 F9         [19] 2659 	ld	-7 (ix), a
    0000097D 23               [ 6] 2660 	inc	hl
    0000097E 7E               [ 7] 2661 	ld	a, (hl)
    0000097F DD 77 FA         [19] 2662 	ld	-6 (ix), a
    00000982 DD 4E F9         [19] 2663 	ld	c, -7 (ix)
    00000985 DD 46 FA         [19] 2664 	ld	b, -6 (ix)
    00000988 21 C0 00         [10] 2665 	ld	hl, #0x00c0
    0000098B 09               [11] 2666 	add	hl, bc
    0000098C DD 7E FF         [19] 2667 	ld	a, -1 (ix)
    0000098F 4F               [ 4] 2668 	ld	c, a
    00000990 07               [ 4] 2669 	rlca
    00000991 9F               [ 4] 2670 	sbc	a, a
    00000992 47               [ 4] 2671 	ld	b, a
    00000993 BF               [ 4] 2672 	cp	a, a
    00000994 ED 42            [15] 2673 	sbc	hl, bc
    00000996 EB               [ 4] 2674 	ex	de, hl
    00000997 7A               [ 4] 2675 	ld	a, d
    00000998 E6 01            [ 7] 2676 	and	a, #0x01
    0000099A 57               [ 4] 2677 	ld	d, a
                                   2678 ;./soccerlg.c:357: VDP_CommandYMMM(FieldMap[v]+768,0,(v&255) +   0,1,0);	
    0000099B 7B               [ 4] 2679 	ld	a, e
    0000099C DD 77 F7         [19] 2680 	ld	-9 (ix), a
    0000099F DD 36 F8 00      [19] 2681 	ld	-8 (ix), #0x00
    000009A3 4F               [ 4] 2682 	ld	c, a
    000009A4 06 00            [ 7] 2683 	ld	b, #0x00
    000009A6 21r4Fr00         [10] 2684 	ld	hl, #_FieldMap
    000009A9 19               [11] 2685 	add	hl, de
    000009AA DD 75 F9         [19] 2686 	ld	-7 (ix), l
    000009AD DD 74 FA         [19] 2687 	ld	-6 (ix), h
    000009B0 5E               [ 7] 2688 	ld	e, (hl)
                                   2689 ;	spillPairReg hl
                                   2690 ;	spillPairReg hl
    000009B1 AF               [ 4] 2691 	xor	a, a
    000009B2 C6 03            [ 7] 2692 	add	a, #0x03
    000009B4 57               [ 4] 2693 	ld	d, a
                                   2694 ;C:/MSXgl-1.3.2/engine/src/vdp_inl.h:65: g_VDP_Command.SY = sy;
    000009B5 ED 53r02r00      [20] 2695 	ld	((_g_VDP_Command + 2)), de
                                   2696 ;C:/MSXgl-1.3.2/engine/src/vdp_inl.h:66: g_VDP_Command.DX = dx;
    000009B9 21 00 00         [10] 2697 	ld	hl, #0x0000
    000009BC 22r04r00         [16] 2698 	ld	((_g_VDP_Command + 4)), hl
                                   2699 ;C:/MSXgl-1.3.2/engine/src/vdp_inl.h:67: g_VDP_Command.DY = dy;
    000009BF ED 43r06r00      [20] 2700 	ld	((_g_VDP_Command + 6)), bc
                                   2701 ;C:/MSXgl-1.3.2/engine/src/vdp_inl.h:68: g_VDP_Command.NY = ny;
    000009C3 2E 01            [ 7] 2702 	ld	l, #0x01
    000009C5 22r0Ar00         [16] 2703 	ld	((_g_VDP_Command + 10)), hl
                                   2704 ;C:/MSXgl-1.3.2/engine/src/vdp_inl.h:69: g_VDP_Command.ARG = dir; 
    000009C8 21r0Dr00         [10] 2705 	ld	hl, #(_g_VDP_Command + 13)
    000009CB 36 00            [10] 2706 	ld	(hl), #0x00
                                   2707 ;C:/MSXgl-1.3.2/engine/src/vdp_inl.h:70: g_VDP_Command.CMD = VDP_CMD_YMMM;
    000009CD 21r0Er00         [10] 2708 	ld	hl, #(_g_VDP_Command + 14)
    000009D0 36 E0            [10] 2709 	ld	(hl), #0xe0
                                   2710 ;C:/MSXgl-1.3.2/engine/src/vdp_inl.h:71: VPD_CommandSetupR32();
    000009D2 CDr00r00         [17] 2711 	call	_VPD_CommandSetupR32
                                   2712 ;./soccerlg.c:358: VDP_CommandYMMM(FieldMap[v]+768,0,(v&255) + 256,1,0);	
    000009D5 DD 4E F7         [19] 2713 	ld	c, -9 (ix)
    000009D8 DD 7E F8         [19] 2714 	ld	a, -8 (ix)
    000009DB 3C               [ 4] 2715 	inc	a
    000009DC 47               [ 4] 2716 	ld	b, a
    000009DD DD 6E F9         [19] 2717 	ld	l, -7 (ix)
    000009E0 DD 66 FA         [19] 2718 	ld	h, -6 (ix)
    000009E3 7E               [ 7] 2719 	ld	a, (hl)
    000009E4 16 00            [ 7] 2720 	ld	d, #0x00
    000009E6 5F               [ 4] 2721 	ld	e, a
    000009E7 7A               [ 4] 2722 	ld	a, d
    000009E8 C6 03            [ 7] 2723 	add	a, #0x03
    000009EA 57               [ 4] 2724 	ld	d, a
                                   2725 ;C:/MSXgl-1.3.2/engine/src/vdp_inl.h:65: g_VDP_Command.SY = sy;
    000009EB ED 53r02r00      [20] 2726 	ld	((_g_VDP_Command + 2)), de
                                   2727 ;C:/MSXgl-1.3.2/engine/src/vdp_inl.h:66: g_VDP_Command.DX = dx;
    000009EF 21 00 00         [10] 2728 	ld	hl, #0x0000
    000009F2 22r04r00         [16] 2729 	ld	((_g_VDP_Command + 4)), hl
                                   2730 ;C:/MSXgl-1.3.2/engine/src/vdp_inl.h:67: g_VDP_Command.DY = dy;
    000009F5 ED 43r06r00      [20] 2731 	ld	((_g_VDP_Command + 6)), bc
                                   2732 ;C:/MSXgl-1.3.2/engine/src/vdp_inl.h:68: g_VDP_Command.NY = ny;
    000009F9 2E 01            [ 7] 2733 	ld	l, #0x01
    000009FB 22r0Ar00         [16] 2734 	ld	((_g_VDP_Command + 10)), hl
                                   2735 ;C:/MSXgl-1.3.2/engine/src/vdp_inl.h:69: g_VDP_Command.ARG = dir; 
    000009FE 21r0Dr00         [10] 2736 	ld	hl, #(_g_VDP_Command + 13)
    00000A01 36 00            [10] 2737 	ld	(hl), #0x00
                                   2738 ;C:/MSXgl-1.3.2/engine/src/vdp_inl.h:70: g_VDP_Command.CMD = VDP_CMD_YMMM;
    00000A03 21r0Er00         [10] 2739 	ld	hl, #(_g_VDP_Command + 14)
    00000A06 36 E0            [10] 2740 	ld	(hl), #0xe0
                                   2741 ;C:/MSXgl-1.3.2/engine/src/vdp_inl.h:71: VPD_CommandSetupR32();
    00000A08 CDr00r00         [17] 2742 	call	_VPD_CommandSetupR32
                                   2743 ;./soccerlg.c:359: VDP_CommandYMMM(FieldMap[v]+768,0,(v&255) + 512,1,0);	
    00000A0B DD 4E F7         [19] 2744 	ld	c, -9 (ix)
    00000A0E DD 7E F8         [19] 2745 	ld	a, -8 (ix)
    00000A11 C6 02            [ 7] 2746 	add	a, #0x02
    00000A13 47               [ 4] 2747 	ld	b, a
    00000A14 DD 6E F9         [19] 2748 	ld	l, -7 (ix)
    00000A17 DD 66 FA         [19] 2749 	ld	h, -6 (ix)
    00000A1A 5E               [ 7] 2750 	ld	e, (hl)
    00000A1B 16 00            [ 7] 2751 	ld	d, #0x00
    00000A1D 21 00 03         [10] 2752 	ld	hl, #0x0300
    00000A20 19               [11] 2753 	add	hl, de
    00000A21 EB               [ 4] 2754 	ex	de, hl
                                   2755 ;C:/MSXgl-1.3.2/engine/src/vdp_inl.h:65: g_VDP_Command.SY = sy;
    00000A22 ED 53r02r00      [20] 2756 	ld	((_g_VDP_Command + 2)), de
                                   2757 ;C:/MSXgl-1.3.2/engine/src/vdp_inl.h:66: g_VDP_Command.DX = dx;
    00000A26 21 00 00         [10] 2758 	ld	hl, #0x0000
    00000A29 22r04r00         [16] 2759 	ld	((_g_VDP_Command + 4)), hl
                                   2760 ;C:/MSXgl-1.3.2/engine/src/vdp_inl.h:67: g_VDP_Command.DY = dy;
    00000A2C ED 43r06r00      [20] 2761 	ld	((_g_VDP_Command + 6)), bc
                                   2762 ;C:/MSXgl-1.3.2/engine/src/vdp_inl.h:68: g_VDP_Command.NY = ny;
    00000A30 2E 01            [ 7] 2763 	ld	l, #0x01
    00000A32 22r0Ar00         [16] 2764 	ld	((_g_VDP_Command + 10)), hl
                                   2765 ;C:/MSXgl-1.3.2/engine/src/vdp_inl.h:69: g_VDP_Command.ARG = dir; 
    00000A35 21r0Dr00         [10] 2766 	ld	hl, #(_g_VDP_Command + 13)
    00000A38 36 00            [10] 2767 	ld	(hl), #0x00
                                   2768 ;C:/MSXgl-1.3.2/engine/src/vdp_inl.h:70: g_VDP_Command.CMD = VDP_CMD_YMMM;
    00000A3A 21r0Er00         [10] 2769 	ld	hl, #(_g_VDP_Command + 14)
    00000A3D 36 E0            [10] 2770 	ld	(hl), #0xe0
                                   2771 ;C:/MSXgl-1.3.2/engine/src/vdp_inl.h:71: VPD_CommandSetupR32();
    00000A3F CDr00r00         [17] 2772 	call	_VPD_CommandSetupR32
                                   2773 ;./soccerlg.c:355: for(i8 i=Field->dy; i>0; i--) {
    00000A42 DD 35 FF         [23] 2774 	dec	-1 (ix)
    00000A45 C3r67r09         [10] 2775 	jp	00115$
    00000A48                       2776 00106$:
                                   2777 ;./soccerlg.c:363: for(i8 i=-Field->dy; i>0; i--) {
    00000A48 AF               [ 4] 2778 	xor	a, a
    00000A49 DD 96 FF         [19] 2779 	sub	a, -1 (ix)
    00000A4C DD 77 FF         [19] 2780 	ld	-1 (ix), a
    00000A4F DD 7E FB         [19] 2781 	ld	a, -5 (ix)
    00000A52 DD 77 F5         [19] 2782 	ld	-11 (ix), a
    00000A55 DD 7E FC         [19] 2783 	ld	a, -4 (ix)
    00000A58 DD 77 F6         [19] 2784 	ld	-10 (ix), a
    00000A5B                       2785 00118$:
    00000A5B AF               [ 4] 2786 	xor	a, a
    00000A5C DD 96 FF         [19] 2787 	sub	a, -1 (ix)
    00000A5F E2r64r0A         [10] 2788 	jp	PO, 00156$
    00000A62 EE 80            [ 7] 2789 	xor	a, #0x80
    00000A64                       2790 00156$:
    00000A64 F2r3Er0B         [10] 2791 	jp	P, 00120$
                                   2792 ;./soccerlg.c:364: v = (Field->ly + i - 1) & 511;
    00000A67 E1               [10] 2793 	pop	hl
    00000A68 E5               [11] 2794 	push	hl
    00000A69 4E               [ 7] 2795 	ld	c, (hl)
    00000A6A 23               [ 6] 2796 	inc	hl
    00000A6B 46               [ 7] 2797 	ld	b, (hl)
    00000A6C DD 7E FF         [19] 2798 	ld	a, -1 (ix)
    00000A6F 6F               [ 4] 2799 	ld	l, a
                                   2800 ;	spillPairReg hl
                                   2801 ;	spillPairReg hl
    00000A70 07               [ 4] 2802 	rlca
    00000A71 9F               [ 4] 2803 	sbc	a, a
    00000A72 67               [ 4] 2804 	ld	h, a
                                   2805 ;	spillPairReg hl
                                   2806 ;	spillPairReg hl
    00000A73 09               [11] 2807 	add	hl, bc
    00000A74 EB               [ 4] 2808 	ex	de, hl
    00000A75 1B               [ 6] 2809 	dec	de
    00000A76 7A               [ 4] 2810 	ld	a, d
    00000A77 E6 01            [ 7] 2811 	and	a, #0x01
    00000A79 57               [ 4] 2812 	ld	d, a
                                   2813 ;./soccerlg.c:365: VDP_CommandYMMM(FieldMap[v]+768,0,(v&255) +   0,1,0);	
    00000A7A 7B               [ 4] 2814 	ld	a, e
    00000A7B DD 77 F7         [19] 2815 	ld	-9 (ix), a
    00000A7E DD 36 F8 00      [19] 2816 	ld	-8 (ix), #0x00
    00000A82 4F               [ 4] 2817 	ld	c, a
    00000A83 06 00            [ 7] 2818 	ld	b, #0x00
    00000A85 21r4Fr00         [10] 2819 	ld	hl, #_FieldMap
    00000A88 19               [11] 2820 	add	hl, de
    00000A89 DD 75 F9         [19] 2821 	ld	-7 (ix), l
    00000A8C DD 74 FA         [19] 2822 	ld	-6 (ix), h
    00000A8F 5E               [ 7] 2823 	ld	e, (hl)
                                   2824 ;	spillPairReg hl
                                   2825 ;	spillPairReg hl
    00000A90 AF               [ 4] 2826 	xor	a, a
    00000A91 C6 03            [ 7] 2827 	add	a, #0x03
    00000A93 57               [ 4] 2828 	ld	d, a
                                   2829 ;C:/MSXgl-1.3.2/engine/src/vdp_inl.h:65: g_VDP_Command.SY = sy;
    00000A94 ED 53r02r00      [20] 2830 	ld	((_g_VDP_Command + 2)), de
                                   2831 ;C:/MSXgl-1.3.2/engine/src/vdp_inl.h:66: g_VDP_Command.DX = dx;
    00000A98 21 00 00         [10] 2832 	ld	hl, #0x0000
    00000A9B 22r04r00         [16] 2833 	ld	((_g_VDP_Command + 4)), hl
                                   2834 ;C:/MSXgl-1.3.2/engine/src/vdp_inl.h:67: g_VDP_Command.DY = dy;
    00000A9E ED 43r06r00      [20] 2835 	ld	((_g_VDP_Command + 6)), bc
                                   2836 ;C:/MSXgl-1.3.2/engine/src/vdp_inl.h:68: g_VDP_Command.NY = ny;
    00000AA2 2E 01            [ 7] 2837 	ld	l, #0x01
    00000AA4 22r0Ar00         [16] 2838 	ld	((_g_VDP_Command + 10)), hl
                                   2839 ;C:/MSXgl-1.3.2/engine/src/vdp_inl.h:69: g_VDP_Command.ARG = dir; 
    00000AA7 01r0Dr00         [10] 2840 	ld	bc, #_g_VDP_Command + 13
    00000AAA AF               [ 4] 2841 	xor	a, a
    00000AAB 02               [ 7] 2842 	ld	(bc), a
                                   2843 ;C:/MSXgl-1.3.2/engine/src/vdp_inl.h:70: g_VDP_Command.CMD = VDP_CMD_YMMM;
    00000AAC 21r0Er00         [10] 2844 	ld	hl, #(_g_VDP_Command + 14)
    00000AAF 36 E0            [10] 2845 	ld	(hl), #0xe0
                                   2846 ;C:/MSXgl-1.3.2/engine/src/vdp_inl.h:71: VPD_CommandSetupR32();
    00000AB1 C5               [11] 2847 	push	bc
    00000AB2 CDr00r00         [17] 2848 	call	_VPD_CommandSetupR32
    00000AB5 C1               [10] 2849 	pop	bc
                                   2850 ;./soccerlg.c:366: VDP_CommandYMMM(FieldMap[v]+768,0,(v&255) + 256,1,0);	
    00000AB6 DD 5E F7         [19] 2851 	ld	e, -9 (ix)
    00000AB9 DD 7E F8         [19] 2852 	ld	a, -8 (ix)
    00000ABC 3C               [ 4] 2853 	inc	a
    00000ABD DD 73 FB         [19] 2854 	ld	-5 (ix), e
    00000AC0 DD 77 FC         [19] 2855 	ld	-4 (ix), a
    00000AC3 DD 6E F9         [19] 2856 	ld	l, -7 (ix)
    00000AC6 DD 66 FA         [19] 2857 	ld	h, -6 (ix)
    00000AC9 7E               [ 7] 2858 	ld	a, (hl)
    00000ACA 16 00            [ 7] 2859 	ld	d, #0x00
    00000ACC 5F               [ 4] 2860 	ld	e, a
    00000ACD 7A               [ 4] 2861 	ld	a, d
    00000ACE C6 03            [ 7] 2862 	add	a, #0x03
    00000AD0 57               [ 4] 2863 	ld	d, a
                                   2864 ;C:/MSXgl-1.3.2/engine/src/vdp_inl.h:65: g_VDP_Command.SY = sy;
    00000AD1 ED 53r02r00      [20] 2865 	ld	((_g_VDP_Command + 2)), de
                                   2866 ;C:/MSXgl-1.3.2/engine/src/vdp_inl.h:66: g_VDP_Command.DX = dx;
    00000AD5 21 00 00         [10] 2867 	ld	hl, #0x0000
    00000AD8 22r04r00         [16] 2868 	ld	((_g_VDP_Command + 4)), hl
                                   2869 ;C:/MSXgl-1.3.2/engine/src/vdp_inl.h:67: g_VDP_Command.DY = dy;
    00000ADB 21r06r00         [10] 2870 	ld	hl, #(_g_VDP_Command + 6)
    00000ADE DD 7E FB         [19] 2871 	ld	a, -5 (ix)
    00000AE1 77               [ 7] 2872 	ld	(hl), a
    00000AE2 23               [ 6] 2873 	inc	hl
    00000AE3 DD 7E FC         [19] 2874 	ld	a, -4 (ix)
    00000AE6 77               [ 7] 2875 	ld	(hl), a
                                   2876 ;C:/MSXgl-1.3.2/engine/src/vdp_inl.h:68: g_VDP_Command.NY = ny;
    00000AE7 21 01 00         [10] 2877 	ld	hl, #0x0001
    00000AEA 22r0Ar00         [16] 2878 	ld	((_g_VDP_Command + 10)), hl
                                   2879 ;C:/MSXgl-1.3.2/engine/src/vdp_inl.h:69: g_VDP_Command.ARG = dir; 
    00000AED AF               [ 4] 2880 	xor	a, a
    00000AEE 02               [ 7] 2881 	ld	(bc), a
                                   2882 ;C:/MSXgl-1.3.2/engine/src/vdp_inl.h:70: g_VDP_Command.CMD = VDP_CMD_YMMM;
    00000AEF 21r0Er00         [10] 2883 	ld	hl, #(_g_VDP_Command + 14)
    00000AF2 36 E0            [10] 2884 	ld	(hl), #0xe0
                                   2885 ;C:/MSXgl-1.3.2/engine/src/vdp_inl.h:71: VPD_CommandSetupR32();
    00000AF4 C5               [11] 2886 	push	bc
    00000AF5 CDr00r00         [17] 2887 	call	_VPD_CommandSetupR32
    00000AF8 C1               [10] 2888 	pop	bc
                                   2889 ;./soccerlg.c:367: VDP_CommandYMMM(FieldMap[v]+768,0,(v&255) + 512,1,0);	
    00000AF9 DD 5E F7         [19] 2890 	ld	e, -9 (ix)
    00000AFC DD 7E F8         [19] 2891 	ld	a, -8 (ix)
    00000AFF C6 02            [ 7] 2892 	add	a, #0x02
    00000B01 57               [ 4] 2893 	ld	d, a
    00000B02 DD 6E F9         [19] 2894 	ld	l, -7 (ix)
    00000B05 DD 66 FA         [19] 2895 	ld	h, -6 (ix)
    00000B08 6E               [ 7] 2896 	ld	l, (hl)
                                   2897 ;	spillPairReg hl
                                   2898 ;	spillPairReg hl
                                   2899 ;	spillPairReg hl
    00000B09 AF               [ 4] 2900 	xor	a, a
    00000B0A C6 03            [ 7] 2901 	add	a, #0x03
    00000B0C 67               [ 4] 2902 	ld	h, a
                                   2903 ;	spillPairReg hl
                                   2904 ;	spillPairReg hl
    00000B0D DD 75 FB         [19] 2905 	ld	-5 (ix), l
    00000B10 DD 74 FC         [19] 2906 	ld	-4 (ix), h
                                   2907 ;C:/MSXgl-1.3.2/engine/src/vdp_inl.h:65: g_VDP_Command.SY = sy;
    00000B13 21r02r00         [10] 2908 	ld	hl, #(_g_VDP_Command + 2)
    00000B16 DD 7E FB         [19] 2909 	ld	a, -5 (ix)
    00000B19 77               [ 7] 2910 	ld	(hl), a
    00000B1A 23               [ 6] 2911 	inc	hl
    00000B1B DD 7E FC         [19] 2912 	ld	a, -4 (ix)
    00000B1E 77               [ 7] 2913 	ld	(hl), a
                                   2914 ;C:/MSXgl-1.3.2/engine/src/vdp_inl.h:66: g_VDP_Command.DX = dx;
    00000B1F 21 00 00         [10] 2915 	ld	hl, #0x0000
    00000B22 22r04r00         [16] 2916 	ld	((_g_VDP_Command + 4)), hl
                                   2917 ;C:/MSXgl-1.3.2/engine/src/vdp_inl.h:67: g_VDP_Command.DY = dy;
    00000B25 ED 53r06r00      [20] 2918 	ld	((_g_VDP_Command + 6)), de
                                   2919 ;C:/MSXgl-1.3.2/engine/src/vdp_inl.h:68: g_VDP_Command.NY = ny;
    00000B29 2E 01            [ 7] 2920 	ld	l, #0x01
    00000B2B 22r0Ar00         [16] 2921 	ld	((_g_VDP_Command + 10)), hl
                                   2922 ;C:/MSXgl-1.3.2/engine/src/vdp_inl.h:69: g_VDP_Command.ARG = dir; 
    00000B2E AF               [ 4] 2923 	xor	a, a
    00000B2F 02               [ 7] 2924 	ld	(bc), a
                                   2925 ;C:/MSXgl-1.3.2/engine/src/vdp_inl.h:70: g_VDP_Command.CMD = VDP_CMD_YMMM;
    00000B30 21r0Er00         [10] 2926 	ld	hl, #(_g_VDP_Command + 14)
    00000B33 36 E0            [10] 2927 	ld	(hl), #0xe0
                                   2928 ;C:/MSXgl-1.3.2/engine/src/vdp_inl.h:71: VPD_CommandSetupR32();
    00000B35 CDr00r00         [17] 2929 	call	_VPD_CommandSetupR32
                                   2930 ;./soccerlg.c:363: for(i8 i=-Field->dy; i>0; i--) {
    00000B38 DD 35 FF         [23] 2931 	dec	-1 (ix)
    00000B3B C3r5Br0A         [10] 2932 	jp	00118$
    00000B3E                       2933 00120$:
                                   2934 ;./soccerlg.c:370: }
    00000B3E DD F9            [10] 2935 	ld	sp, ix
    00000B40 DD E1            [14] 2936 	pop	ix
    00000B42 C9               [10] 2937 	ret
                                   2938 ;./soccerlg.c:372: void CallSpriteFrame(u8 x, u16 y, u16 frame)  __naked
                                   2939 ;	---------------------------------
                                   2940 ; Function CallSpriteFrame
                                   2941 ; ---------------------------------
    00000B43                       2942 _CallSpriteFrame::
                                   2943 ;./soccerlg.c:448: __endasm;
                         00007FFF  2944 	ENAR	.equ 0x7FFF ; enable register interface
                         00007FFE  2945 	OFFR	.equ 0x7FFE ; offset register (more on this later)
                         00007FFD  2946 	CFGR	.equ 0x7FFD ; configuration bits
    00000B43 47               [ 4] 2947 	ld	b,a ; b = x , de = y
    00000B44 F1               [10] 2948 	pop	af ; pop return
    00000B45 E1               [10] 2949 	pop	hl ; hl = frame
    00000B46 F5               [11] 2950 	push	af ; push return
    00000B47 3E C0            [ 7] 2951 	ld	a,#(768>>2) & #$%11000000
    00000B49 32 FE 7F         [13] 2952 	ld	(OFFR),a ; Data offset
    00000B4C 3Ar06r00         [13] 2953 	ld	a,(#(_g_Bank0Segment + 6) + 0)
    00000B4F F5               [11] 2954 	push	af ; save the current mapper page (!!) has to be < 256
    00000B50 CDr5Fr0B         [17] 2955 	call	SpriteFrame
    00000B53 AF               [ 4] 2956 	xor	a,a ; lower 2MB
    00000B54 32 FE 7F         [13] 2957 	ld	(OFFR),a
    00000B57 F1               [10] 2958 	pop	af
    00000B58 32 00 B0         [13] 2959 	ld	(#0xB000),a ; restore the mapper page
    00000B5B 32r06r00         [13] 2960 	ld	(#(_g_Bank0Segment + 6) + 0),a
    00000B5E C9               [10] 2961 	ret
    00000B5F                       2962 	SpriteFrame::
    00000B5F 7D               [ 4] 2963 	ld	a,l
    00000B60 E6 03            [ 7] 2964 	and	#3 ; 4 sprite per pagina
    00000B62 87               [ 4] 2965 	add	a,a
    00000B63 87               [ 4] 2966 	add	a,a
    00000B64 4F               [ 4] 2967 	ld	c,a ; in c the low address of the function to be called
    00000B65 CB 3C            [ 8] 2968 	srl	h ; page = 768 + frame / 4
    00000B67 CB 1D            [ 8] 2969 	rr	l
    00000B69 CB 3C            [ 8] 2970 	srl	h
    00000B6B CB 1D            [ 8] 2971 	rr	l
    00000B6D 3E 00            [ 7] 2972 	ld	a,#768
    00000B6F 85               [ 4] 2973 	add	a,l ; segments in the current offset (!)
    00000B70 32 00 B0         [13] 2974 	ld	(#0xB000),a
    00000B73 32r06r00         [13] 2975 	ld	(#(_g_Bank0Segment + 6) + 0),a ; prevent future possible issues on the ISR
    00000B76 62               [ 4] 2976 	ld	h,d ; HLB = y*256+X = 2 * VRAM_address
    00000B77 6B               [ 4] 2977 	ld	l,e
    00000B78 29               [11] 2978 	add	hl,hl ; in h 3 bit di indirizzo per R14
    00000B79 7C               [ 4] 2979 	ld	a,h
    00000B7A E6 01            [ 7] 2980 	and	#1
    00000B7C FD                    2981 	.db	#0xFD
    00000B7D 6F               [ 4] 2982 	ld	l,a ;ld iyl,a ; save R14 in iyl
    00000B7E 7C               [ 4] 2983 	ld	a,h
    00000B7F E6 06            [ 7] 2984 	and	#6
    00000B81 FD                    2985 	.db	#0xFD
    00000B82 67               [ 4] 2986 	ld	h,a ;ld iyh,a ; save vram page in iyh
    00000B83 CB 3A            [ 8] 2987 	srl	d
    00000B85 CB 1B            [ 8] 2988 	rr	e
    00000B87 CB 18            [ 8] 2989 	rr	b
    00000B89 53               [ 4] 2990 	ld	d,e
    00000B8A 58               [ 4] 2991 	ld	e,b ; DE = (x + y*256)/2 & 0xFFFF
    00000B8B 69               [ 4] 2992 	ld	l,c
    00000B8C 26 A0            [ 7] 2993 	ld	h,#0xA000/256
    00000B8E 7A               [ 4] 2994 	ld	a,d
    00000B8F F6 C0            [ 7] 2995 	or	#0xC0
    00000B91 57               [ 4] 2996 	ld	d,a
    00000B92 E9               [ 4] 2997 	jp	(hl)
                                   2998 ;./soccerlg.c:449: }
                                   2999 ;./soccerlg.c:461: void VSyncCallback()
                                   3000 ;	---------------------------------
                                   3001 ; Function VSyncCallback
                                   3002 ; ---------------------------------
    00000B93                       3003 _VSyncCallback::
                                   3004 ;./soccerlg.c:463: g_VSynch = TRUE;
    00000B93 21r39r00         [10] 3005 	ld	hl, #_g_VSynch
    00000B96 36 01            [10] 3006 	ld	(hl), #0x01
                                   3007 ;./soccerlg.c:465: Frms--;
    00000B98 FD 21r00r00      [14] 3008 	ld	iy, #_Frms
    00000B9C FD 35 00         [23] 3009 	dec	0 (iy)
                                   3010 ;./soccerlg.c:466: if (Frms==0) {
    00000B9F 3Ar00r00         [13] 3011 	ld	a, (_Frms+0)
    00000BA2 B7               [ 4] 3012 	or	a, a
    00000BA3 C0               [11] 3013 	ret	NZ
                                   3014 ;./soccerlg.c:467: Frms = 60;
    00000BA4 FD 36 00 3C      [19] 3015 	ld	0 (iy), #0x3c
                                   3016 ;./soccerlg.c:468: if (TimerEnabled) {
    00000BA8 3Ar18r00         [13] 3017 	ld	a, (_TimerEnabled+0)
    00000BAB B7               [ 4] 3018 	or	a, a
    00000BAC C8               [11] 3019 	ret	Z
                                   3020 ;./soccerlg.c:469: if (Mins > 0 || Secs > 0) {
    00000BAD 3Ar02r00         [13] 3021 	ld	a, (_Mins+0)
    00000BB0 B7               [ 4] 3022 	or	a, a
    00000BB1 20 05            [12] 3023 	jr	NZ, 00104$
    00000BB3 3Ar01r00         [13] 3024 	ld	a, (_Secs+0)
    00000BB6 B7               [ 4] 3025 	or	a, a
    00000BB7 C8               [11] 3026 	ret	Z
    00000BB8                       3027 00104$:
                                   3028 ;./soccerlg.c:470: if (Secs==0) {
    00000BB8 3Ar01r00         [13] 3029 	ld	a, (_Secs+0)
    00000BBB B7               [ 4] 3030 	or	a, a
    00000BBC 20 0A            [12] 3031 	jr	NZ, 00102$
                                   3032 ;./soccerlg.c:471: Secs = 59;
    00000BBE 21r01r00         [10] 3033 	ld	hl, #_Secs
    00000BC1 36 3B            [10] 3034 	ld	(hl), #0x3b
                                   3035 ;./soccerlg.c:472: Mins--;
    00000BC3 21r02r00         [10] 3036 	ld	hl, #_Mins
    00000BC6 35               [11] 3037 	dec	(hl)
    00000BC7 C9               [10] 3038 	ret
    00000BC8                       3039 00102$:
                                   3040 ;./soccerlg.c:474: Secs--;
    00000BC8 21r01r00         [10] 3041 	ld	hl, #_Secs
    00000BCB 35               [11] 3042 	dec	(hl)
                                   3043 ;./soccerlg.c:479: }
    00000BCC C9               [10] 3044 	ret
                                   3045 ;./soccerlg.c:481: void WaitForVBlank(){
                                   3046 ;	---------------------------------
                                   3047 ; Function WaitForVBlank
                                   3048 ; ---------------------------------
    00000BCD                       3049 _WaitForVBlank::
                                   3050 ;./soccerlg.c:482: while(!g_VSynch) {}
    00000BCD                       3051 00101$:
    00000BCD 3Ar39r00         [13] 3052 	ld	a, (_g_VSynch+0)
    00000BD0 B7               [ 4] 3053 	or	a, a
    00000BD1 28 FA            [12] 3054 	jr	Z, 00101$
                                   3055 ;./soccerlg.c:483: g_VSynch = FALSE;
    00000BD3 21r39r00         [10] 3056 	ld	hl, #_g_VSynch
    00000BD6 36 00            [10] 3057 	ld	(hl), #0x00
                                   3058 ;./soccerlg.c:484: }
    00000BD8 C9               [10] 3059 	ret
                                   3060 ;./soccerlg.c:486: void LoadField(u8 vdp_page)
                                   3061 ;	---------------------------------
                                   3062 ; Function LoadField
                                   3063 ; ---------------------------------
    00000BD9                       3064 _LoadField::
    00000BD9 DD E5            [15] 3065 	push	ix
    00000BDB DD 21 00 00      [14] 3066 	ld	ix,#0
    00000BDF DD 39            [15] 3067 	add	ix,sp
    00000BE1 21 FA FF         [10] 3068 	ld	hl, #-6
    00000BE4 39               [11] 3069 	add	hl, sp
    00000BE5 F9               [ 6] 3070 	ld	sp, hl
    00000BE6 5F               [ 4] 3071 	ld	e, a
                                   3072 ;./soccerlg.c:488: u32 base     = (u32)vdp_page * 0x8000;
    00000BE7 16 00            [ 7] 3073 	ld	d, #0x00
    00000BE9 21 00 00         [10] 3074 	ld	hl, #0x0000
    00000BEC 65               [ 4] 3075 	ld	h, l
                                   3076 ;	spillPairReg hl
                                   3077 ;	spillPairReg hl
    00000BED 6A               [ 4] 3078 	ld	l, d
                                   3079 ;	spillPairReg hl
                                   3080 ;	spillPairReg hl
    00000BEE 53               [ 4] 3081 	ld	d, e
    00000BEF 1E 00            [ 7] 3082 	ld	e, #0x00
    00000BF1 06 07            [ 7] 3083 	ld	b, #0x07
    00000BF3                       3084 00168$:
    00000BF3 CB 22            [ 8] 3085 	sla	d
    00000BF5 ED 6A            [15] 3086 	adc	hl, hl
    00000BF7 10 FA            [13] 3087 	djnz	00168$
    00000BF9 33               [ 6] 3088 	inc	sp
    00000BFA 33               [ 6] 3089 	inc	sp
    00000BFB D5               [11] 3090 	push	de
    00000BFC DD 75 FC         [19] 3091 	ld	-4 (ix), l
    00000BFF DD 74 FD         [19] 3092 	ld	-3 (ix), h
                                   3093 ;./soccerlg.c:489: u8  u = GET_BANK_SEGMENT_HIGH(3);
    00000C02 2Ar06r00         [16] 3094 	ld	hl, (#(_g_Bank0Segment + 6) + 0)
    00000C05 DD 74 FE         [19] 3095 	ld	-2 (ix), h
                                   3096 ;./soccerlg.c:490: u8  v = GET_BANK_SEGMENT_LOW(3);
    00000C08 DD 75 FF         [19] 3097 	ld	-1 (ix), l
                                   3098 ;./soccerlg.c:492: for (u8 i = 0; i < FIELD_SEG_COUNT; i++)
    00000C0B 0E 00            [ 7] 3099 	ld	c, #0x00
    00000C0D                       3100 00145$:
    00000C0D 79               [ 4] 3101 	ld	a, c
    00000C0E D6 04            [ 7] 3102 	sub	a, #0x04
    00000C10 30 5A            [12] 3103 	jr	NC, 00101$
                                   3104 ;./soccerlg.c:494: u32 addr    = base + (u32)i * 8192;
    00000C12 59               [ 4] 3105 	ld	e, c
    00000C13 AF               [ 4] 3106 	xor	a, a
    00000C14 6F               [ 4] 3107 	ld	l, a
                                   3108 ;	spillPairReg hl
                                   3109 ;	spillPairReg hl
    00000C15 53               [ 4] 3110 	ld	d, e
    00000C16 67               [ 4] 3111 	ld	h, a
                                   3112 ;	spillPairReg hl
                                   3113 ;	spillPairReg hl
    00000C17 1E 00            [ 7] 3114 	ld	e, #0x00
    00000C19 06 05            [ 7] 3115 	ld	b, #0x05
    00000C1B                       3116 00170$:
    00000C1B CB 22            [ 8] 3117 	sla	d
    00000C1D ED 6A            [15] 3118 	adc	hl, hl
    00000C1F 10 FA            [13] 3119 	djnz	00170$
    00000C21 7B               [ 4] 3120 	ld	a, e
    00000C22 DD 86 FA         [19] 3121 	add	a, -6 (ix)
    00000C25 5F               [ 4] 3122 	ld	e, a
    00000C26 7A               [ 4] 3123 	ld	a, d
    00000C27 DD 8E FB         [19] 3124 	adc	a, -5 (ix)
    00000C2A 57               [ 4] 3125 	ld	d, a
    00000C2B 7D               [ 4] 3126 	ld	a, l
    00000C2C DD 8E FC         [19] 3127 	adc	a, -4 (ix)
    00000C2F 6F               [ 4] 3128 	ld	l, a
                                   3129 ;	spillPairReg hl
                                   3130 ;	spillPairReg hl
    00000C30 7C               [ 4] 3131 	ld	a, h
    00000C31 DD 8E FD         [19] 3132 	adc	a, -3 (ix)
    00000C34 67               [ 4] 3133 	ld	h, a
                                   3134 ;	spillPairReg hl
                                   3135 ;	spillPairReg hl
    00000C35 D5               [11] 3136 	push	de
    00000C36 FD E1            [14] 3137 	pop	iy
    00000C38 EB               [ 4] 3138 	ex	de, hl
                                   3139 ;./soccerlg.c:496: SET_BANK_SEGMENT_LOW (3, (FIELD_BIN_SEG + i) & 255);
    00000C39 79               [ 4] 3140 	ld	a, c
    00000C3A C6 FC            [ 7] 3141 	add	a, #0xfc
                                   3142 ;C:/MSXgl-1.3.2/engine/src/rom_mapper.h:199: Poke((u16)&g_Bank0Segment[b] + 0, s);
                                   3143 ;C:/MSXgl-1.3.2/engine/src/system.h:101: inline void Poke(u16 addr, u8 val) { *(u8*)addr = val; }
    00000C3C 32r06r00         [13] 3144 	ld	(#(_g_Bank0Segment + 6)),a
    00000C3F 32 00 B0         [13] 3145 	ld	(#0xb000),a
                                   3146 ;./soccerlg.c:497: SET_BANK_SEGMENT_HIGH(3, (FIELD_BIN_SEG + i) >>8);
    00000C42 79               [ 4] 3147 	ld	a, c
    00000C43 26 00            [ 7] 3148 	ld	h, #0x00
                                   3149 ;	spillPairReg hl
                                   3150 ;	spillPairReg hl
    00000C45 C6 FC            [ 7] 3151 	add	a, #0xfc
                                   3152 ;	spillPairReg hl
                                   3153 ;	spillPairReg hl
    00000C47 30 01            [12] 3154 	jr	NC, 00172$
    00000C49 24               [ 4] 3155 	inc	h
    00000C4A                       3156 00172$:
    00000C4A 7C               [ 4] 3157 	ld	a, h
                                   3158 ;C:/MSXgl-1.3.2/engine/src/rom_mapper.h:207: Poke((u16)&g_Bank0Segment[b] + 1, s);
    00000C4B 21r06r00         [10] 3159 	ld	hl, #(_g_Bank0Segment + 6)
    00000C4E 23               [ 6] 3160 	inc	hl
                                   3161 ;C:/MSXgl-1.3.2/engine/src/system.h:101: inline void Poke(u16 addr, u8 val) { *(u8*)addr = val; }
    00000C4F 77               [ 7] 3162 	ld	(hl), a
                                   3163 ;C:/MSXgl-1.3.2/engine/src/rom_mapper.h:208: Poke(YAMANOOTO_OFFR, s << 6);
    00000C50 0F               [ 4] 3164 	rrca
    00000C51 0F               [ 4] 3165 	rrca
    00000C52 E6 C0            [ 7] 3166 	and	a, #0xc0
                                   3167 ;C:/MSXgl-1.3.2/engine/src/system.h:101: inline void Poke(u16 addr, u8 val) { *(u8*)addr = val; }
    00000C54 32 FE 7F         [13] 3168 	ld	(#0x7ffe),a
                                   3169 ;./soccerlg.c:498: VDP_WriteVRAM_128K((u8*)BANK3_BASE, (addr & 0xFFFF), (addr >> 16), 8192);
    00000C57 7B               [ 4] 3170 	ld	a, e
    00000C58 FD E5            [15] 3171 	push	iy
    00000C5A D1               [10] 3172 	pop	de
    00000C5B C5               [11] 3173 	push	bc
    00000C5C 21 00 20         [10] 3174 	ld	hl, #0x2000
    00000C5F E5               [11] 3175 	push	hl
    00000C60 F5               [11] 3176 	push	af
    00000C61 33               [ 6] 3177 	inc	sp
    00000C62 26 A0            [ 7] 3178 	ld	h, #0xa0
    00000C64 CDr00r00         [17] 3179 	call	_VDP_WriteVRAM_128K
    00000C67 C1               [10] 3180 	pop	bc
                                   3181 ;./soccerlg.c:492: for (u8 i = 0; i < FIELD_SEG_COUNT; i++)
    00000C68 0C               [ 4] 3182 	inc	c
    00000C69 C3r0Dr0C         [10] 3183 	jp	00145$
    00000C6C                       3184 00101$:
                                   3185 ;C:/MSXgl-1.3.2/engine/src/rom_mapper.h:207: Poke((u16)&g_Bank0Segment[b] + 1, s);
    00000C6C 01r06r00         [10] 3186 	ld	bc, #(_g_Bank0Segment + 6)
    00000C6F 03               [ 6] 3187 	inc	bc
                                   3188 ;C:/MSXgl-1.3.2/engine/src/system.h:101: inline void Poke(u16 addr, u8 val) { *(u8*)addr = val; }
    00000C70 DD 7E FE         [19] 3189 	ld	a, -2 (ix)
    00000C73 02               [ 7] 3190 	ld	(bc), a
                                   3191 ;C:/MSXgl-1.3.2/engine/src/rom_mapper.h:208: Poke(YAMANOOTO_OFFR, s << 6);
    00000C74 DD 7E FE         [19] 3192 	ld	a, -2 (ix)
    00000C77 0F               [ 4] 3193 	rrca
    00000C78 0F               [ 4] 3194 	rrca
    00000C79 E6 C0            [ 7] 3195 	and	a, #0xc0
                                   3196 ;C:/MSXgl-1.3.2/engine/src/system.h:101: inline void Poke(u16 addr, u8 val) { *(u8*)addr = val; }
    00000C7B 32 FE 7F         [13] 3197 	ld	(#0x7ffe),a
                                   3198 ;C:/MSXgl-1.3.2/engine/src/rom_mapper.h:199: Poke((u16)&g_Bank0Segment[b] + 0, s);
                                   3199 ;C:/MSXgl-1.3.2/engine/src/system.h:101: inline void Poke(u16 addr, u8 val) { *(u8*)addr = val; }
    00000C7E 01r06r00         [10] 3200 	ld	bc, #(_g_Bank0Segment + 6)
    00000C81 DD 7E FF         [19] 3201 	ld	a, -1 (ix)
    00000C84 02               [ 7] 3202 	ld	(bc), a
    00000C85 21 00 B0         [10] 3203 	ld	hl, #0xb000
    00000C88 DD 7E FF         [19] 3204 	ld	a, -1 (ix)
    00000C8B 77               [ 7] 3205 	ld	(hl), a
                                   3206 ;./soccerlg.c:502: SET_BANK_SEGMENT_LOW (3, v);
                                   3207 ;./soccerlg.c:503: }
    00000C8C DD F9            [10] 3208 	ld	sp, ix
    00000C8E DD E1            [14] 3209 	pop	ix
    00000C90 C9               [10] 3210 	ret
                                   3211 ;./soccerlg.c:510: void main()
                                   3212 ;	---------------------------------
                                   3213 ; Function main
                                   3214 ; ---------------------------------
    00000C91                       3215 _main::
                                   3216 ;C:/MSXgl-1.3.2/engine/src/system.h:193: inline u8 Sys_GetMSXVersion() { return g_MSXVER; } 
    00000C91 3A 2D 00         [13] 3217 	ld	a, (_g_MSXVER+0)
                                   3218 ;./soccerlg.c:513: if (Sys_GetMSXVersion() == MSXVER_1)
    00000C94 B7               [ 4] 3219 	or	a, a
    00000C95 20 16            [12] 3220 	jr	NZ, 00102$
                                   3221 ;./soccerlg.c:515: Bios_ClearScreen();
    00000C97 CDr00r00         [17] 3222 	call	_Bios_ClearScreen
                                   3223 ;./soccerlg.c:516: Bios_TextPrintSting("This game need MSX2 or above");
    00000C9A 01r63r0F         [10] 3224 	ld	bc, #___str_0+0
                                   3225 ;C:/MSXgl-1.3.2/engine/src/bios.h:343: inline void Bios_TextPrintString(const c8* str) { while (*str) Bios_TextPrintChar(*str++); }
    00000C9D                       3226 00104$:
    00000C9D 0A               [ 7] 3227 	ld	a, (bc)
    00000C9E B7               [ 4] 3228 	or	a, a
    00000C9F CA 9F 00         [10] 3229 	jp	Z,0x009f
    00000CA2 03               [ 6] 3230 	inc	bc
    00000CA3 5F               [ 4] 3231 	ld	e, a
                                   3232 ;C:/MSXgl-1.3.2/engine/src/bios.h:339: inline void Bios_TextPrintChar(c8 chr) { ((void(*)(u8))R_CHPUT)(chr); }
    00000CA4 C5               [11] 3233 	push	bc
    00000CA5 7B               [ 4] 3234 	ld	a, e
    00000CA6 CD A2 00         [17] 3235 	call	0x00a2
    00000CA9 C1               [10] 3236 	pop	bc
                                   3237 ;C:/MSXgl-1.3.2/engine/src/bios.h:343: inline void Bios_TextPrintString(const c8* str) { while (*str) Bios_TextPrintChar(*str++); }
                                   3238 ;./soccerlg.c:516: Bios_TextPrintSting("This game need MSX2 or above");
                                   3239 ;C:/MSXgl-1.3.2/engine/src/bios.h:331: inline c8 Bios_GetCharacter() { return ((u8(*)(void))R_CHGET)(); }
                                   3240 ;./soccerlg.c:518: return;
    00000CAA C3r9Dr0C         [10] 3241 	jp	00104$
    00000CAD                       3242 00102$:
                                   3243 ;./soccerlg.c:521: DEBUG_INIT();
    00000CAD CDr00r00         [17] 3244 	call	_DEBUG_INIT
                                   3245 ;C:/MSXgl-1.3.2/engine/src/bios.h:64: inline void Bios_SetKeyClick(bool enable) { g_CLIKSW = enable; }
    00000CB0 21 DB F3         [10] 3246 	ld	hl, #_g_CLIKSW
    00000CB3 36 00            [10] 3247 	ld	(hl), #0x00
                                   3248 ;./soccerlg.c:523: VDP_SetMode(VDP_MODE_SCREEN5);
    00000CB5 3E 06            [ 7] 3249 	ld	a, #0x06
    00000CB7 CDr00r00         [17] 3250 	call	_VDP_SetMode
                                   3251 ;C:/MSXgl-1.3.2/engine/src/vdp.h:756: inline void VDP_EnableTransparency(u8 enable) { VDP_RegWriteBakMask(8, (u8)~R08_TP, !enable ? R08_TP : 0); }
    00000CBA 3E 20            [ 7] 3252 	ld	a, #0x20
    00000CBC F5               [11] 3253 	push	af
    00000CBD 33               [ 6] 3254 	inc	sp
    00000CBE 2E DF            [ 7] 3255 	ld	l, #0xdf
                                   3256 ;	spillPairReg hl
                                   3257 ;	spillPairReg hl
    00000CC0 3E 08            [ 7] 3258 	ld	a, #0x08
    00000CC2 CDr00r00         [17] 3259 	call	_VDP_RegWriteBakMask
                                   3260 ;./soccerlg.c:525: VDP_SetPalette(g_Palette);
    00000CC5 21r4Fr02         [10] 3261 	ld	hl, #_g_Palette
    00000CC8 CDr00r00         [17] 3262 	call	_VDP_SetPalette
                                   3263 ;C:/MSXgl-1.3.2/engine/src/vdp.h:719: inline void VDP_SetColor(u8 color) { VDP_RegWrite(7, color); }
    00000CCB 2E 01            [ 7] 3264 	ld	l, #0x01
                                   3265 ;	spillPairReg hl
                                   3266 ;	spillPairReg hl
    00000CCD 3E 07            [ 7] 3267 	ld	a, #0x07
    00000CCF CDr00r00         [17] 3268 	call	_VDP_RegWrite
                                   3269 ;C:/MSXgl-1.3.2/engine/src/vdp.h:834: inline void VDP_SetLineCount(u8 lines) { VDP_RegWriteBakMask(9, (u8)~R09_LN, lines); }
    00000CD2 AF               [ 4] 3270 	xor	a, a
    00000CD3 F5               [11] 3271 	push	af
    00000CD4 33               [ 6] 3272 	inc	sp
    00000CD5 2E 7F            [ 7] 3273 	ld	l, #0x7f
                                   3274 ;	spillPairReg hl
                                   3275 ;	spillPairReg hl
    00000CD7 3E 09            [ 7] 3276 	ld	a, #0x09
    00000CD9 CDr00r00         [17] 3277 	call	_VDP_RegWriteBakMask
                                   3278 ;C:/MSXgl-1.3.2/engine/src/vdp.h:745: inline void VDP_EnableSprite(u8 enable) { VDP_RegWriteBakMask(8, (u8)~R08_SPD, !enable ? R08_SPD : 0); }
    00000CDC 3E 02            [ 7] 3279 	ld	a, #0x02
    00000CDE F5               [11] 3280 	push	af
    00000CDF 33               [ 6] 3281 	inc	sp
    00000CE0 2E FD            [ 7] 3282 	ld	l, #0xfd
                                   3283 ;	spillPairReg hl
                                   3284 ;	spillPairReg hl
    00000CE2 3E 08            [ 7] 3285 	ld	a, #0x08
    00000CE4 CDr00r00         [17] 3286 	call	_VDP_RegWriteBakMask
                                   3287 ;./soccerlg.c:529: VDP_ClearVRAM();
    00000CE7 CDr00r00         [17] 3288 	call	_VDP_ClearVRAM
                                   3289 ;./soccerlg.c:530: VDP_FillVRAM(0x77, 0x0000, 0, 0x8000);
    00000CEA 21 00 80         [10] 3290 	ld	hl, #0x8000
    00000CED E5               [11] 3291 	push	hl
    00000CEE AF               [ 4] 3292 	xor	a, a
    00000CEF F5               [11] 3293 	push	af
    00000CF0 33               [ 6] 3294 	inc	sp
    00000CF1 11 00 00         [10] 3295 	ld	de, #0x0000
    00000CF4 3E 77            [ 7] 3296 	ld	a, #0x77
    00000CF6 CDr00r00         [17] 3297 	call	_VDP_FillVRAM_128K
                                   3298 ;./soccerlg.c:535: LoadField(3);
    00000CF9 3E 03            [ 7] 3299 	ld	a, #0x03
    00000CFB CDrD9r0B         [17] 3300 	call	_LoadField
                                   3301 ;C:/MSXgl-1.3.2/engine/src/vdp_inl.h:167: g_VDP_Command.DX = dx; 
    00000CFE 21 00 00         [10] 3302 	ld	hl, #0x0000
    00000D01 22r04r00         [16] 3303 	ld	((_g_VDP_Command + 4)), hl
                                   3304 ;C:/MSXgl-1.3.2/engine/src/vdp_inl.h:168: g_VDP_Command.DY = dy; 
    00000D04 26 03            [ 7] 3305 	ld	h, #0x03
    00000D06 22r06r00         [16] 3306 	ld	((_g_VDP_Command + 6)), hl
                                   3307 ;C:/MSXgl-1.3.2/engine/src/vdp_inl.h:169: g_VDP_Command.NX = nx; 
    00000D09 21 08 00         [10] 3308 	ld	hl, #0x0008
    00000D0C 22r08r00         [16] 3309 	ld	((_g_VDP_Command + 8)), hl
                                   3310 ;C:/MSXgl-1.3.2/engine/src/vdp_inl.h:170: g_VDP_Command.NY = ny; 
    00000D0F 2E D4            [ 7] 3311 	ld	l, #0xd4
    00000D11 22r0Ar00         [16] 3312 	ld	((_g_VDP_Command + 10)), hl
                                   3313 ;C:/MSXgl-1.3.2/engine/src/vdp_inl.h:171: g_VDP_Command.CLR = col; 
    00000D14 21r0Cr00         [10] 3314 	ld	hl, #(_g_VDP_Command + 12)
    00000D17 36 77            [10] 3315 	ld	(hl), #0x77
                                   3316 ;C:/MSXgl-1.3.2/engine/src/vdp_inl.h:172: g_VDP_Command.ARG = arg; 
    00000D19 01r0Dr00         [10] 3317 	ld	bc, #_g_VDP_Command + 13
    00000D1C AF               [ 4] 3318 	xor	a, a
    00000D1D 02               [ 7] 3319 	ld	(bc), a
                                   3320 ;C:/MSXgl-1.3.2/engine/src/vdp_inl.h:173: g_VDP_Command.CMD = VDP_CMD_HMMV;
    00000D1E 21r0Er00         [10] 3321 	ld	hl, #(_g_VDP_Command + 14)
    00000D21 36 C0            [10] 3322 	ld	(hl), #0xc0
                                   3323 ;C:/MSXgl-1.3.2/engine/src/vdp_inl.h:174: VPD_CommandSetupR36();
    00000D23 C5               [11] 3324 	push	bc
    00000D24 CDr00r00         [17] 3325 	call	_VPD_CommandSetupR36
    00000D27 C1               [10] 3326 	pop	bc
                                   3327 ;C:/MSXgl-1.3.2/engine/src/vdp_inl.h:167: g_VDP_Command.DX = dx; 
    00000D28 21 00 00         [10] 3328 	ld	hl, #0x0000
    00000D2B 22r04r00         [16] 3329 	ld	((_g_VDP_Command + 4)), hl
                                   3330 ;C:/MSXgl-1.3.2/engine/src/vdp_inl.h:168: g_VDP_Command.DY = dy; 
    00000D2E 26 03            [ 7] 3331 	ld	h, #0x03
    00000D30 22r06r00         [16] 3332 	ld	((_g_VDP_Command + 6)), hl
                                   3333 ;C:/MSXgl-1.3.2/engine/src/vdp_inl.h:169: g_VDP_Command.NX = nx; 
    00000D33 21 08 00         [10] 3334 	ld	hl, #0x0008
    00000D36 22r08r00         [16] 3335 	ld	((_g_VDP_Command + 8)), hl
                                   3336 ;C:/MSXgl-1.3.2/engine/src/vdp_inl.h:170: g_VDP_Command.NY = ny; 
    00000D39 2E D4            [ 7] 3337 	ld	l, #0xd4
    00000D3B 22r0Ar00         [16] 3338 	ld	((_g_VDP_Command + 10)), hl
                                   3339 ;C:/MSXgl-1.3.2/engine/src/vdp_inl.h:171: g_VDP_Command.CLR = col; 
    00000D3E 21r0Cr00         [10] 3340 	ld	hl, #(_g_VDP_Command + 12)
    00000D41 36 77            [10] 3341 	ld	(hl), #0x77
                                   3342 ;C:/MSXgl-1.3.2/engine/src/vdp_inl.h:172: g_VDP_Command.ARG = arg; 
    00000D43 AF               [ 4] 3343 	xor	a, a
    00000D44 02               [ 7] 3344 	ld	(bc), a
                                   3345 ;C:/MSXgl-1.3.2/engine/src/vdp_inl.h:173: g_VDP_Command.CMD = VDP_CMD_HMMV;
    00000D45 21r0Er00         [10] 3346 	ld	hl, #(_g_VDP_Command + 14)
    00000D48 36 C0            [10] 3347 	ld	(hl), #0xc0
                                   3348 ;C:/MSXgl-1.3.2/engine/src/vdp_inl.h:174: VPD_CommandSetupR36();
    00000D4A CDr00r00         [17] 3349 	call	_VPD_CommandSetupR36
                                   3350 ;C:/MSXgl-1.3.2/engine/src/rom_mapper.h:190: g_Bank0Segment[b] = s;
    00000D4D 21 04 00         [10] 3351 	ld	hl, #0x0004
    00000D50 22r06r00         [16] 3352 	ld	((_g_Bank0Segment + 6)), hl
                                   3353 ;C:/MSXgl-1.3.2/engine/src/rom_mapper.h:191: Poke(YAMANOOTO_OFFR, (s >> 2) & 0xC0);
    00000D53 3E 01            [ 7] 3354 	ld	a, #0x01
    00000D55 E6 C0            [ 7] 3355 	and	a, #0xc0
                                   3356 ;C:/MSXgl-1.3.2/engine/src/system.h:101: inline void Poke(u16 addr, u8 val) { *(u8*)addr = val; }
    00000D57 32 FE 7F         [13] 3357 	ld	(#0x7ffe),a
                                   3358 ;C:/MSXgl-1.3.2/engine/src/rom_mapper.h:195: else if (b == 3)	Poke(ADDR_BANK_3, s & 0xFF);
    00000D5A 3E 04            [ 7] 3359 	ld	a, #0x04
                                   3360 ;C:/MSXgl-1.3.2/engine/src/system.h:101: inline void Poke(u16 addr, u8 val) { *(u8*)addr = val; }
    00000D5C 32 00 B0         [13] 3361 	ld	(#0xb000),a
                                   3362 ;./soccerlg.c:541: Print_SetBitmapFont(g_Fonts);
    00000D5F 21r00r00         [10] 3363 	ld	hl, #_g_Fonts
    00000D62 CDr00r00         [17] 3364 	call	_Print_SetBitmapFont
                                   3365 ;./soccerlg.c:542: Print_SetColor(4, 7);
    00000D65 2E 07            [ 7] 3366 	ld	l, #0x07
                                   3367 ;	spillPairReg hl
                                   3368 ;	spillPairReg hl
    00000D67 3E 04            [ 7] 3369 	ld	a, #0x04
    00000D69 CDr00r00         [17] 3370 	call	_Print_SetColor
                                   3371 ;C:/MSXgl-1.3.2/engine/src/print.h:223: g_PrintData.CursorX = x;
    00000D6C 01r05r00         [10] 3372 	ld	bc, #_g_PrintData + 5
    00000D6F AF               [ 4] 3373 	xor	a, a
    00000D70 02               [ 7] 3374 	ld	(bc), a
                                   3375 ;C:/MSXgl-1.3.2/engine/src/print.h:224: g_PrintData.CursorY = y;
    00000D71 21 08 03         [10] 3376 	ld	hl, #0x0308
    00000D74 22r06r00         [16] 3377 	ld	((_g_PrintData + 6)), hl
                                   3378 ;./soccerlg.c:544: Print_SetPosition(0,  8+768);Print_DrawText("A");
    00000D77 C5               [11] 3379 	push	bc
    00000D78 21r80r0F         [10] 3380 	ld	hl, #___str_1
    00000D7B CDr00r00         [17] 3381 	call	_Print_DrawText
    00000D7E C1               [10] 3382 	pop	bc
                                   3383 ;C:/MSXgl-1.3.2/engine/src/print.h:223: g_PrintData.CursorX = x;
    00000D7F AF               [ 4] 3384 	xor	a, a
    00000D80 02               [ 7] 3385 	ld	(bc), a
                                   3386 ;C:/MSXgl-1.3.2/engine/src/print.h:224: g_PrintData.CursorY = y;
    00000D81 21 10 03         [10] 3387 	ld	hl, #0x0310
    00000D84 22r06r00         [16] 3388 	ld	((_g_PrintData + 6)), hl
                                   3389 ;./soccerlg.c:545: Print_SetPosition(0,  16+768);Print_DrawText("U");
    00000D87 C5               [11] 3390 	push	bc
    00000D88 21r82r0F         [10] 3391 	ld	hl, #___str_2
    00000D8B CDr00r00         [17] 3392 	call	_Print_DrawText
    00000D8E C1               [10] 3393 	pop	bc
                                   3394 ;C:/MSXgl-1.3.2/engine/src/print.h:223: g_PrintData.CursorX = x;
    00000D8F AF               [ 4] 3395 	xor	a, a
    00000D90 02               [ 7] 3396 	ld	(bc), a
                                   3397 ;C:/MSXgl-1.3.2/engine/src/print.h:224: g_PrintData.CursorY = y;
    00000D91 21 18 03         [10] 3398 	ld	hl, #0x0318
    00000D94 22r06r00         [16] 3399 	ld	((_g_PrintData + 6)), hl
                                   3400 ;./soccerlg.c:546: Print_SetPosition(0,  24+768);Print_DrawText("S");
    00000D97 C5               [11] 3401 	push	bc
    00000D98 21r84r0F         [10] 3402 	ld	hl, #___str_3
    00000D9B CDr00r00         [17] 3403 	call	_Print_DrawText
    00000D9E C1               [10] 3404 	pop	bc
                                   3405 ;C:/MSXgl-1.3.2/engine/src/print.h:223: g_PrintData.CursorX = x;
    00000D9F AF               [ 4] 3406 	xor	a, a
    00000DA0 02               [ 7] 3407 	ld	(bc), a
                                   3408 ;C:/MSXgl-1.3.2/engine/src/print.h:224: g_PrintData.CursorY = y;
    00000DA1 21 20 03         [10] 3409 	ld	hl, #0x0320
    00000DA4 22r06r00         [16] 3410 	ld	((_g_PrintData + 6)), hl
                                   3411 ;./soccerlg.c:547: Print_SetPosition(0,  32+768);Print_DrawText(" ");
    00000DA7 C5               [11] 3412 	push	bc
    00000DA8 21r86r0F         [10] 3413 	ld	hl, #___str_4
    00000DAB CDr00r00         [17] 3414 	call	_Print_DrawText
    00000DAE C1               [10] 3415 	pop	bc
                                   3416 ;C:/MSXgl-1.3.2/engine/src/print.h:223: g_PrintData.CursorX = x;
    00000DAF AF               [ 4] 3417 	xor	a, a
    00000DB0 02               [ 7] 3418 	ld	(bc), a
                                   3419 ;C:/MSXgl-1.3.2/engine/src/print.h:224: g_PrintData.CursorY = y;
    00000DB1 21 28 03         [10] 3420 	ld	hl, #0x0328
    00000DB4 22r06r00         [16] 3421 	ld	((_g_PrintData + 6)), hl
                                   3422 ;./soccerlg.c:548: Print_SetPosition(0,  40+768);Print_DrawText("0");
    00000DB7 C5               [11] 3423 	push	bc
    00000DB8 21r88r0F         [10] 3424 	ld	hl, #___str_5
    00000DBB CDr00r00         [17] 3425 	call	_Print_DrawText
    00000DBE C1               [10] 3426 	pop	bc
                                   3427 ;C:/MSXgl-1.3.2/engine/src/print.h:223: g_PrintData.CursorX = x;
    00000DBF AF               [ 4] 3428 	xor	a, a
    00000DC0 02               [ 7] 3429 	ld	(bc), a
                                   3430 ;C:/MSXgl-1.3.2/engine/src/print.h:224: g_PrintData.CursorY = y;
    00000DC1 21 38 03         [10] 3431 	ld	hl, #0x0338
    00000DC4 22r06r00         [16] 3432 	ld	((_g_PrintData + 6)), hl
                                   3433 ;./soccerlg.c:550: Print_SetPosition(0,  56+768);Print_DrawText("I");
    00000DC7 C5               [11] 3434 	push	bc
    00000DC8 21r8Ar0F         [10] 3435 	ld	hl, #___str_6
    00000DCB CDr00r00         [17] 3436 	call	_Print_DrawText
    00000DCE C1               [10] 3437 	pop	bc
                                   3438 ;C:/MSXgl-1.3.2/engine/src/print.h:223: g_PrintData.CursorX = x;
    00000DCF AF               [ 4] 3439 	xor	a, a
    00000DD0 02               [ 7] 3440 	ld	(bc), a
                                   3441 ;C:/MSXgl-1.3.2/engine/src/print.h:224: g_PrintData.CursorY = y;
    00000DD1 21 40 03         [10] 3442 	ld	hl, #0x0340
    00000DD4 22r06r00         [16] 3443 	ld	((_g_PrintData + 6)), hl
                                   3444 ;./soccerlg.c:551: Print_SetPosition(0,  64+768);Print_DrawText("T");
    00000DD7 C5               [11] 3445 	push	bc
    00000DD8 21r8Cr0F         [10] 3446 	ld	hl, #___str_7
    00000DDB CDr00r00         [17] 3447 	call	_Print_DrawText
    00000DDE C1               [10] 3448 	pop	bc
                                   3449 ;C:/MSXgl-1.3.2/engine/src/print.h:223: g_PrintData.CursorX = x;
    00000DDF AF               [ 4] 3450 	xor	a, a
    00000DE0 02               [ 7] 3451 	ld	(bc), a
                                   3452 ;C:/MSXgl-1.3.2/engine/src/print.h:224: g_PrintData.CursorY = y;
    00000DE1 21 48 03         [10] 3453 	ld	hl, #0x0348
    00000DE4 22r06r00         [16] 3454 	ld	((_g_PrintData + 6)), hl
                                   3455 ;./soccerlg.c:552: Print_SetPosition(0,  72+768);Print_DrawText("A");
    00000DE7 C5               [11] 3456 	push	bc
    00000DE8 21r80r0F         [10] 3457 	ld	hl, #___str_1
    00000DEB CDr00r00         [17] 3458 	call	_Print_DrawText
    00000DEE C1               [10] 3459 	pop	bc
                                   3460 ;C:/MSXgl-1.3.2/engine/src/print.h:223: g_PrintData.CursorX = x;
    00000DEF AF               [ 4] 3461 	xor	a, a
    00000DF0 02               [ 7] 3462 	ld	(bc), a
                                   3463 ;C:/MSXgl-1.3.2/engine/src/print.h:224: g_PrintData.CursorY = y;
    00000DF1 21 50 03         [10] 3464 	ld	hl, #0x0350
    00000DF4 22r06r00         [16] 3465 	ld	((_g_PrintData + 6)), hl
                                   3466 ;./soccerlg.c:553: Print_SetPosition(0,  80+768);Print_DrawText(" ");
    00000DF7 C5               [11] 3467 	push	bc
    00000DF8 21r86r0F         [10] 3468 	ld	hl, #___str_4
    00000DFB CDr00r00         [17] 3469 	call	_Print_DrawText
    00000DFE C1               [10] 3470 	pop	bc
                                   3471 ;C:/MSXgl-1.3.2/engine/src/print.h:223: g_PrintData.CursorX = x;
    00000DFF AF               [ 4] 3472 	xor	a, a
    00000E00 02               [ 7] 3473 	ld	(bc), a
                                   3474 ;C:/MSXgl-1.3.2/engine/src/print.h:224: g_PrintData.CursorY = y;
    00000E01 21 58 03         [10] 3475 	ld	hl, #0x0358
    00000E04 22r06r00         [16] 3476 	ld	((_g_PrintData + 6)), hl
                                   3477 ;./soccerlg.c:554: Print_SetPosition(0,  88+768);Print_DrawText("0");
    00000E07 C5               [11] 3478 	push	bc
    00000E08 21r88r0F         [10] 3479 	ld	hl, #___str_5
    00000E0B CDr00r00         [17] 3480 	call	_Print_DrawText
    00000E0E C1               [10] 3481 	pop	bc
                                   3482 ;C:/MSXgl-1.3.2/engine/src/print.h:223: g_PrintData.CursorX = x;
    00000E0F 3E F8            [ 7] 3483 	ld	a, #0xf8
    00000E11 02               [ 7] 3484 	ld	(bc), a
                                   3485 ;C:/MSXgl-1.3.2/engine/src/print.h:224: g_PrintData.CursorY = y;
    00000E12 21 08 03         [10] 3486 	ld	hl, #0x0308
    00000E15 22r06r00         [16] 3487 	ld	((_g_PrintData + 6)), hl
                                   3488 ;./soccerlg.c:557: Print_SetPosition(248,  8+768);Print_DrawText("T");
    00000E18 C5               [11] 3489 	push	bc
    00000E19 21r8Cr0F         [10] 3490 	ld	hl, #___str_7
    00000E1C CDr00r00         [17] 3491 	call	_Print_DrawText
    00000E1F C1               [10] 3492 	pop	bc
                                   3493 ;C:/MSXgl-1.3.2/engine/src/print.h:223: g_PrintData.CursorX = x;
    00000E20 3E F8            [ 7] 3494 	ld	a, #0xf8
    00000E22 02               [ 7] 3495 	ld	(bc), a
                                   3496 ;C:/MSXgl-1.3.2/engine/src/print.h:224: g_PrintData.CursorY = y;
    00000E23 21 10 03         [10] 3497 	ld	hl, #0x0310
    00000E26 22r06r00         [16] 3498 	ld	((_g_PrintData + 6)), hl
                                   3499 ;./soccerlg.c:558: Print_SetPosition(248,  16+768);Print_DrawText("I");
    00000E29 C5               [11] 3500 	push	bc
    00000E2A 21r8Ar0F         [10] 3501 	ld	hl, #___str_6
    00000E2D CDr00r00         [17] 3502 	call	_Print_DrawText
    00000E30 C1               [10] 3503 	pop	bc
                                   3504 ;C:/MSXgl-1.3.2/engine/src/print.h:223: g_PrintData.CursorX = x;
    00000E31 3E F8            [ 7] 3505 	ld	a, #0xf8
    00000E33 02               [ 7] 3506 	ld	(bc), a
                                   3507 ;C:/MSXgl-1.3.2/engine/src/print.h:224: g_PrintData.CursorY = y;
    00000E34 21 18 03         [10] 3508 	ld	hl, #0x0318
    00000E37 22r06r00         [16] 3509 	ld	((_g_PrintData + 6)), hl
                                   3510 ;./soccerlg.c:559: Print_SetPosition(248,  24+768);Print_DrawText("M");
    00000E3A C5               [11] 3511 	push	bc
    00000E3B 21r8Er0F         [10] 3512 	ld	hl, #___str_8
    00000E3E CDr00r00         [17] 3513 	call	_Print_DrawText
    00000E41 C1               [10] 3514 	pop	bc
                                   3515 ;C:/MSXgl-1.3.2/engine/src/print.h:223: g_PrintData.CursorX = x;
    00000E42 3E F8            [ 7] 3516 	ld	a, #0xf8
    00000E44 02               [ 7] 3517 	ld	(bc), a
                                   3518 ;C:/MSXgl-1.3.2/engine/src/print.h:224: g_PrintData.CursorY = y;
    00000E45 21 20 03         [10] 3519 	ld	hl, #0x0320
    00000E48 22r06r00         [16] 3520 	ld	((_g_PrintData + 6)), hl
                                   3521 ;./soccerlg.c:560: Print_SetPosition(248,  32+768);Print_DrawText("E");
    00000E4B C5               [11] 3522 	push	bc
    00000E4C 21r90r0F         [10] 3523 	ld	hl, #___str_9
    00000E4F CDr00r00         [17] 3524 	call	_Print_DrawText
    00000E52 C1               [10] 3525 	pop	bc
                                   3526 ;C:/MSXgl-1.3.2/engine/src/print.h:223: g_PrintData.CursorX = x;
    00000E53 3E F8            [ 7] 3527 	ld	a, #0xf8
    00000E55 02               [ 7] 3528 	ld	(bc), a
                                   3529 ;C:/MSXgl-1.3.2/engine/src/print.h:224: g_PrintData.CursorY = y;
    00000E56 21 30 03         [10] 3530 	ld	hl, #0x0330
    00000E59 22r06r00         [16] 3531 	ld	((_g_PrintData + 6)), hl
                                   3532 ;./soccerlg.c:562: Print_SetPosition(248,  48+768);Print_DrawFormat("%i",Mins);//Print_DrawText("3");	
    00000E5C 3Ar02r00         [13] 3533 	ld	a, (_Mins+0)
    00000E5F 5F               [ 4] 3534 	ld	e, a
    00000E60 16 00            [ 7] 3535 	ld	d, #0x00
    00000E62 C5               [11] 3536 	push	bc
    00000E63 D5               [11] 3537 	push	de
    00000E64 21r92r0F         [10] 3538 	ld	hl, #___str_10
    00000E67 E5               [11] 3539 	push	hl
    00000E68 CDr00r00         [17] 3540 	call	_Print_DrawFormat
    00000E6B F1               [10] 3541 	pop	af
    00000E6C F1               [10] 3542 	pop	af
    00000E6D C1               [10] 3543 	pop	bc
                                   3544 ;C:/MSXgl-1.3.2/engine/src/print.h:223: g_PrintData.CursorX = x;
    00000E6E 3E F8            [ 7] 3545 	ld	a, #0xf8
    00000E70 02               [ 7] 3546 	ld	(bc), a
                                   3547 ;C:/MSXgl-1.3.2/engine/src/print.h:224: g_PrintData.CursorY = y;
    00000E71 21 3C 03         [10] 3548 	ld	hl, #0x033c
    00000E74 22r06r00         [16] 3549 	ld	((_g_PrintData + 6)), hl
                                   3550 ;./soccerlg.c:563: Print_SetPosition(248,  60+768);Print_DrawFormat("%i",Secs/10);	
    00000E77 3Ar01r00         [13] 3551 	ld	a, (_Secs+0)
    00000E7A 6F               [ 4] 3552 	ld	l, a
                                   3553 ;	spillPairReg hl
                                   3554 ;	spillPairReg hl
    00000E7B 26 00            [ 7] 3555 	ld	h, #0x00
                                   3556 ;	spillPairReg hl
                                   3557 ;	spillPairReg hl
    00000E7D C5               [11] 3558 	push	bc
    00000E7E 11 0A 00         [10] 3559 	ld	de, #0x000a
    00000E81 CDr00r00         [17] 3560 	call	__divsint
    00000E84 D5               [11] 3561 	push	de
    00000E85 21r92r0F         [10] 3562 	ld	hl, #___str_10
    00000E88 E5               [11] 3563 	push	hl
    00000E89 CDr00r00         [17] 3564 	call	_Print_DrawFormat
    00000E8C F1               [10] 3565 	pop	af
    00000E8D F1               [10] 3566 	pop	af
    00000E8E C1               [10] 3567 	pop	bc
                                   3568 ;C:/MSXgl-1.3.2/engine/src/print.h:223: g_PrintData.CursorX = x;
    00000E8F 3E F8            [ 7] 3569 	ld	a, #0xf8
    00000E91 02               [ 7] 3570 	ld	(bc), a
                                   3571 ;C:/MSXgl-1.3.2/engine/src/print.h:224: g_PrintData.CursorY = y;
    00000E92 21 44 03         [10] 3572 	ld	hl, #0x0344
    00000E95 22r06r00         [16] 3573 	ld	((_g_PrintData + 6)), hl
                                   3574 ;./soccerlg.c:564: Print_SetPosition(248,  68+768);Print_DrawFormat("%i",Secs-Secs/10*10);	
    00000E98 3Ar01r00         [13] 3575 	ld	a, (_Secs+0)
    00000E9B 4F               [ 4] 3576 	ld	c, a
    00000E9C 06 00            [ 7] 3577 	ld	b, #0x00
    00000E9E C5               [11] 3578 	push	bc
    00000E9F 11 0A 00         [10] 3579 	ld	de, #0x000a
    00000EA2 69               [ 4] 3580 	ld	l, c
                                   3581 ;	spillPairReg hl
                                   3582 ;	spillPairReg hl
    00000EA3 60               [ 4] 3583 	ld	h, b
                                   3584 ;	spillPairReg hl
                                   3585 ;	spillPairReg hl
    00000EA4 CDr00r00         [17] 3586 	call	__divsint
    00000EA7 C1               [10] 3587 	pop	bc
    00000EA8 6B               [ 4] 3588 	ld	l, e
    00000EA9 62               [ 4] 3589 	ld	h, d
    00000EAA 29               [11] 3590 	add	hl, hl
    00000EAB 29               [11] 3591 	add	hl, hl
    00000EAC 19               [11] 3592 	add	hl, de
    00000EAD 29               [11] 3593 	add	hl, hl
    00000EAE 79               [ 4] 3594 	ld	a, c
    00000EAF 95               [ 4] 3595 	sub	a, l
    00000EB0 4F               [ 4] 3596 	ld	c, a
    00000EB1 78               [ 4] 3597 	ld	a, b
    00000EB2 9C               [ 4] 3598 	sbc	a, h
    00000EB3 47               [ 4] 3599 	ld	b, a
    00000EB4 C5               [11] 3600 	push	bc
    00000EB5 21r92r0F         [10] 3601 	ld	hl, #___str_10
    00000EB8 E5               [11] 3602 	push	hl
    00000EB9 CDr00r00         [17] 3603 	call	_Print_DrawFormat
    00000EBC F1               [10] 3604 	pop	af
    00000EBD F1               [10] 3605 	pop	af
                                   3606 ;./soccerlg.c:573: Field.dy = 1;
    00000EBE 21r99r03         [10] 3607 	ld	hl, #(_Field + 18)
    00000EC1 36 01            [10] 3608 	ld	(hl), #0x01
                                   3609 ;./soccerlg.c:574: Field.ly = 0;
    00000EC3 21 00 00         [10] 3610 	ld	hl, #0x0000
    00000EC6 22r8Br03         [16] 3611 	ld	((_Field + 4)), hl
                                   3612 ;./soccerlg.c:576: ScoreBoardLeft.lx = 0;
    00000EC9 21r9Er03         [10] 3613 	ld	hl, #_ScoreBoardLeft
    00000ECC 36 00            [10] 3614 	ld	(hl), #0x00
                                   3615 ;./soccerlg.c:577: ScoreBoardLeft.ly = Field.ly;
    00000ECE ED 4Br8Br03      [20] 3616 	ld	bc, (#(_Field + 4) + 0)
    00000ED2 ED 43rA2r03      [20] 3617 	ld	((_ScoreBoardLeft + 4)), bc
                                   3618 ;./soccerlg.c:579: ScoreBoardRight.lx = 248;
    00000ED6 21rB5r03         [10] 3619 	ld	hl, #_ScoreBoardRight
    00000ED9 36 F8            [10] 3620 	ld	(hl), #0xf8
                                   3621 ;./soccerlg.c:580: ScoreBoardRight.ly = Field.ly;
    00000EDB ED 4Br8Br03      [20] 3622 	ld	bc, (#(_Field + 4) + 0)
    00000EDF ED 43rB9r03      [20] 3623 	ld	((_ScoreBoardRight + 4)), bc
                                   3624 ;C:/MSXgl-1.3.2/engine/src/vdp.h:705: inline void VDP_EnableDisplay(bool enable) { VDP_RegWriteBakMask(1, (u8)~R01_BL, enable ? R01_BL : 0); }
    00000EE3 AF               [ 4] 3625 	xor	a, a
    00000EE4 F5               [11] 3626 	push	af
    00000EE5 33               [ 6] 3627 	inc	sp
    00000EE6 2E BF            [ 7] 3628 	ld	l, #0xbf
                                   3629 ;	spillPairReg hl
                                   3630 ;	spillPairReg hl
    00000EE8 3E 01            [ 7] 3631 	ld	a, #0x01
    00000EEA CDr00r00         [17] 3632 	call	_VDP_RegWriteBakMask
                                   3633 ;./soccerlg.c:583: CallFnc_VOID_16_P2(SEG_DRAW, PlotField, Field.ly,   0);
    00000EED 2Ar8Br03         [16] 3634 	ld	hl, (#(_Field + 4) + 0)
    00000EF0 11 00 00         [10] 3635 	ld	de, #0x0000
    00000EF3 D5               [11] 3636 	push	de
    00000EF4 E5               [11] 3637 	push	hl
    00000EF5 11r00r00         [10] 3638 	ld	de, #_PlotField
    00000EF8 3E 05            [ 7] 3639 	ld	a, #0x05
    00000EFA CDr1Br05         [17] 3640 	call	_CallFnc_VOID_16_P2
                                   3641 ;./soccerlg.c:584: CallFnc_VOID_16_P2(SEG_DRAW, PlotField, Field.ly, 256);
    00000EFD 2Ar8Br03         [16] 3642 	ld	hl, (#(_Field + 4) + 0)
    00000F00 11 00 01         [10] 3643 	ld	de, #0x0100
    00000F03 D5               [11] 3644 	push	de
    00000F04 E5               [11] 3645 	push	hl
    00000F05 11r00r00         [10] 3646 	ld	de, #_PlotField
    00000F08 3E 05            [ 7] 3647 	ld	a, #0x05
    00000F0A CDr1Br05         [17] 3648 	call	_CallFnc_VOID_16_P2
                                   3649 ;./soccerlg.c:585: CallFnc_VOID_16_P2(SEG_DRAW, PlotField, Field.ly, 512);
    00000F0D 2Ar8Br03         [16] 3650 	ld	hl, (#(_Field + 4) + 0)
    00000F10 11 00 02         [10] 3651 	ld	de, #0x0200
    00000F13 D5               [11] 3652 	push	de
    00000F14 E5               [11] 3653 	push	hl
    00000F15 11r00r00         [10] 3654 	ld	de, #_PlotField
    00000F18 3E 05            [ 7] 3655 	ld	a, #0x05
    00000F1A CDr1Br05         [17] 3656 	call	_CallFnc_VOID_16_P2
                                   3657 ;./soccerlg.c:595: Bios_SetHookCallback(H_TIMI, VSyncCallback);
    00000F1D 11r93r0B         [10] 3658 	ld	de, #_VSyncCallback
    00000F20 21 9F FD         [10] 3659 	ld	hl, #0xfd9f
    00000F23 CDr00r00         [17] 3660 	call	_Bios_SetHookCallback
                                   3661 ;./soccerlg.c:597: ScoreBoardLeft.x0 = ScoreBoardLeft.lx;
    00000F26 01r9Fr03         [10] 3662 	ld	bc, #_ScoreBoardLeft + 1
    00000F29 3Ar9Er03         [13] 3663 	ld	a, (#_ScoreBoardLeft + 0)
    00000F2C 02               [ 7] 3664 	ld	(bc), a
                                   3665 ;./soccerlg.c:598: ScoreBoardLeft.x1 = ScoreBoardLeft.lx;
    00000F2D 01rA0r03         [10] 3666 	ld	bc, #_ScoreBoardLeft + 2
    00000F30 3Ar9Er03         [13] 3667 	ld	a, (#_ScoreBoardLeft + 0)
    00000F33 02               [ 7] 3668 	ld	(bc), a
                                   3669 ;./soccerlg.c:599: ScoreBoardLeft.x2 = ScoreBoardLeft.lx;
    00000F34 01rA1r03         [10] 3670 	ld	bc, #_ScoreBoardLeft + 3
    00000F37 3Ar9Er03         [13] 3671 	ld	a, (#_ScoreBoardLeft + 0)
    00000F3A 02               [ 7] 3672 	ld	(bc), a
                                   3673 ;./soccerlg.c:601: ScoreBoardRight.x0 = ScoreBoardRight.lx;
    00000F3B 01rB6r03         [10] 3674 	ld	bc, #_ScoreBoardRight + 1
    00000F3E 3ArB5r03         [13] 3675 	ld	a, (#_ScoreBoardRight + 0)
    00000F41 02               [ 7] 3676 	ld	(bc), a
                                   3677 ;./soccerlg.c:602: ScoreBoardRight.x1 = ScoreBoardRight.lx;
    00000F42 01rB7r03         [10] 3678 	ld	bc, #_ScoreBoardRight + 2
    00000F45 3ArB5r03         [13] 3679 	ld	a, (#_ScoreBoardRight + 0)
    00000F48 02               [ 7] 3680 	ld	(bc), a
                                   3681 ;./soccerlg.c:603: ScoreBoardRight.x2 = ScoreBoardRight.lx;
    00000F49 01rB8r03         [10] 3682 	ld	bc, #_ScoreBoardRight + 3
    00000F4C 3ArB5r03         [13] 3683 	ld	a, (#_ScoreBoardRight + 0)
    00000F4F 02               [ 7] 3684 	ld	(bc), a
                                   3685 ;C:/MSXgl-1.3.2/engine/src/vdp.h:705: inline void VDP_EnableDisplay(bool enable) { VDP_RegWriteBakMask(1, (u8)~R01_BL, enable ? R01_BL : 0); }
    00000F50 3E 40            [ 7] 3686 	ld	a, #0x40
    00000F52 F5               [11] 3687 	push	af
    00000F53 33               [ 6] 3688 	inc	sp
    00000F54 2E BF            [ 7] 3689 	ld	l, #0xbf
                                   3690 ;	spillPairReg hl
                                   3691 ;	spillPairReg hl
    00000F56 3E 01            [ 7] 3692 	ld	a, #0x01
    00000F58 CDr00r00         [17] 3693 	call	_VDP_RegWriteBakMask
                                   3694 ;./soccerlg.c:608: CallFnc_VOID(4,MainLoop);
    00000F5B 11r00r00         [10] 3695 	ld	de, #_MainLoop
    00000F5E 3E 04            [ 7] 3696 	ld	a, #0x04
                                   3697 ;./soccerlg.c:610: }
    00000F60 C3r00r00         [10] 3698 	jp	_CallFnc_VOID
    00000F63                       3699 ___str_0:
    00000F63 54 68 69 73 20 67 61  3700 	.ascii "This game need MSX2 or above"
             6D 65 20 6E 65 65 64
             20 4D 53 58 32 20 6F
             72 20 61 62 6F 76 65
    00000F7F 00                    3701 	.db 0x00
    00000F80                       3702 ___str_1:
    00000F80 41                    3703 	.ascii "A"
    00000F81 00                    3704 	.db 0x00
    00000F82                       3705 ___str_2:
    00000F82 55                    3706 	.ascii "U"
    00000F83 00                    3707 	.db 0x00
    00000F84                       3708 ___str_3:
    00000F84 53                    3709 	.ascii "S"
    00000F85 00                    3710 	.db 0x00
    00000F86                       3711 ___str_4:
    00000F86 20                    3712 	.ascii " "
    00000F87 00                    3713 	.db 0x00
    00000F88                       3714 ___str_5:
    00000F88 30                    3715 	.ascii "0"
    00000F89 00                    3716 	.db 0x00
    00000F8A                       3717 ___str_6:
    00000F8A 49                    3718 	.ascii "I"
    00000F8B 00                    3719 	.db 0x00
    00000F8C                       3720 ___str_7:
    00000F8C 54                    3721 	.ascii "T"
    00000F8D 00                    3722 	.db 0x00
    00000F8E                       3723 ___str_8:
    00000F8E 4D                    3724 	.ascii "M"
    00000F8F 00                    3725 	.db 0x00
    00000F90                       3726 ___str_9:
    00000F90 45                    3727 	.ascii "E"
    00000F91 00                    3728 	.db 0x00
    00000F92                       3729 ___str_10:
    00000F92 25 69                 3730 	.ascii "%i"
    00000F94 00                    3731 	.db 0x00
                                   3732 	.area _CODE
                                   3733 	.area _INITIALIZER
    00000000                       3734 __xinit__Frms:
    00000000 3C                    3735 	.db #0x3c	; 60
    00000001                       3736 __xinit__Secs:
    00000001 00                    3737 	.db #0x00	; 0
    00000002                       3738 __xinit__Mins:
    00000002 01                    3739 	.db #0x01	; 1
    00000003                       3740 __xinit__LastSecs:
    00000003 FF                    3741 	.db #0xff	; 255
    00000004                       3742 __xinit__Half:
    00000004 01                    3743 	.db #0x01	; 1
    00000005                       3744 __xinit__ScoreTeam1:
    00000005 00                    3745 	.db #0x00	; 0
    00000006                       3746 __xinit__ScoreTeam2:
    00000006 00                    3747 	.db #0x00	; 0
    00000007                       3748 __xinit__LastScoreTeam1:
    00000007 00                    3749 	.db #0x00	; 0
    00000008                       3750 __xinit__LastScoreTeam2:
    00000008 00                    3751 	.db #0x00	; 0
    00000009                       3752 __xinit__g_is_penalty_shootout:
    00000009 00                    3753 	.db #0x00	; 0
    0000000A                       3754 __xinit__g_penalty_shot_count:
    0000000A 00                    3755 	.db #0x00	; 0
    0000000B 00                    3756 	.db #0x00	; 0
    0000000C                       3757 __xinit__g_penalty_shooter_idx:
    0000000C 00                    3758 	.db #0x00	; 0
    0000000D                       3759 __xinit__g_penalty_team:
    0000000D 01                    3760 	.db #0x01	; 1
    0000000E                       3761 __xinit__g_penalty_arrow_pos:
    0000000E 01                    3762 	.db #0x01	; 1
    0000000F                       3763 __xinit__g_penalty_arrow_dir:
    0000000F 01                    3764 	.db #0x01	;  1
    00000010                       3765 __xinit__Team1Code:
    00000010 00                    3766 	.db #0x00	; 0
    00000011                       3767 __xinit__Team2Code:
    00000011 04                    3768 	.db #0x04	; 4
    00000012                       3769 __xinit__KickOffTeam:
    00000012 01                    3770 	.db #0x01	; 1
    00000013                       3771 __xinit__GameMode:
    00000013 00                    3772 	.db #0x00	; 0
    00000014                       3773 __xinit__T1_Carrier:
    00000014 FF                    3774 	.db #0xff	; 255
    00000015                       3775 __xinit__T1_Receiver:
    00000015 FF                    3776 	.db #0xff	; 255
    00000016                       3777 __xinit__T2_Carrier:
    00000016 FF                    3778 	.db #0xff	; 255
    00000017                       3779 __xinit__T2_Receiver:
    00000017 FF                    3780 	.db #0xff	; 255
    00000018                       3781 __xinit__TimerEnabled:
    00000018 00                    3782 	.db #0x00	; 0
    00000019                       3783 __xinit__LastTouchTeam:
    00000019 FF                    3784 	.db #0xff	; 255
    0000001A                       3785 __xinit__LastTouchPlayer:
    0000001A FF                    3786 	.db #0xff	; 255
    0000001B                       3787 __xinit__RestartType:
    0000001B 00                    3788 	.db #0x00	; 0
    0000001C                       3789 __xinit__RestartSideX:
    0000001C 00                    3790 	.db #0x00	; 0
    0000001D                       3791 __xinit__RestartSideY:
    0000001D 00 00                 3792 	.dw #0x0000
    0000001F                       3793 __xinit__g_throw_rec_1:
    0000001F FF                    3794 	.db #0xff	; 255
    00000020                       3795 __xinit__g_throw_rec_2:
    00000020 FF                    3796 	.db #0xff	; 255
    00000021                       3797 __xinit__g_selected_rec:
    00000021 00                    3798 	.db #0x00	; 0
    00000022                       3799 __xinit__g_thrower_id:
    00000022 FF                    3800 	.db #0xff	; 255
    00000023                       3801 __xinit__g_pass_start_x:
    00000023 00 00                 3802 	.dw #0x0000
    00000025                       3803 __xinit__g_pass_start_y:
    00000025 00 00                 3804 	.dw #0x0000
    00000027                       3805 __xinit__g_pass_target_x:
    00000027 00 00                 3806 	.dw #0x0000
    00000029                       3807 __xinit__g_pass_target_y:
    00000029 00 00                 3808 	.dw #0x0000
    0000002B                       3809 __xinit__g_pass_max_frames:
    0000002B 0A                    3810 	.db #0x0a	; 10
    0000002C                       3811 __xinit__g_pass_max_height:
    0000002C 07                    3812 	.db #0x07	; 7
    0000002D                       3813 __xinit__g_pass_receiver:
    0000002D FF                    3814 	.db #0xff	; 255
    0000002E                       3815 __xinit__g_last_dx:
    0000002E 00                    3816 	.db #0x00	;  0
    0000002F 00                    3817 	.db #0x00	;  0
    00000030                       3818 __xinit__g_last_dy:
    00000030 01                    3819 	.db #0x01	;  1
    00000031 FF                    3820 	.db #0xff	; -1
    00000032                       3821 __xinit__g_last_input_dir:
    00000032 00                    3822 	.db #0x00	; 0
    00000033                       3823 __xinit__g_h_arrow_x:
    00000033 64 00                 3824 	.dw #0x0064
    00000035                       3825 __xinit__g_h_arrow_dir:
    00000035 01                    3826 	.db #0x01	;  1
    00000036                       3827 __xinit__g_closest_t1:
    00000036 FF                    3828 	.db #0xff	; 255
    00000037                       3829 __xinit__g_closest_t2:
    00000037 FF                    3830 	.db #0xff	; 255
    00000038                       3831 __xinit__g_is_ball_carried:
    00000038 00                    3832 	.db #0x00	; 0
    00000039                       3833 __xinit__g_VSynch:
    00000039 00                    3834 	.db #0x00	; 0
                                   3835 	.area _CABS (ABS)
