                                      1 ;--------------------------------------------------------
                                      2 ; File Created by SDCC : free open source ANSI-C Compiler
                                      3 ; Version 4.2.0 #13081 (MINGW64)
                                      4 ;--------------------------------------------------------
                                      5 	.module soccerlg_s9_b3
                                      6 	.optsdcc -mz80
                                      7 	
                                      8 ;--------------------------------------------------------
                                      9 ; Public variables in this module
                                     10 ;--------------------------------------------------------
                                     11 	.globl _CheckFieldBoundaries
                                     12 	.globl _UpdateFieldCamera
                                     13 	.globl _GetPlayerIdleFrame
                                     14 	.globl _GetPlayerAnimFrame
                                     15 	.globl _UpdateReferee
                                     16 	.globl _UpdateBallPhysics
                                     17 	.globl _UpdateGameState_Init
                                     18 	.globl _UpdateGameState_Restarts
                                     19 	.globl _EventOffside
                                     20 	.globl _EventHalfTime
                                     21 	.globl _EventBallKicked
                                     22 	.globl _FindReceiver
                                     23 	.globl _PlayerAI
                                     24 	.globl _HideSpriteMessage
                                     25 	.globl _ShowSpriteMessage
                                     26 	.globl _RemoveSwSprite
                                     27 	.globl _CallFnc_U16_P4B
                                     28 	.globl _CallFnc_U16_P4
                                     29 	.globl _CallFnc_U16_P3
                                     30 	.globl _CallFnc_VOID_16_P1
                                     31 	.globl _CallFnc_VOID_3PTR_U16
                                     32 	.globl _CallFnc_VOID_3PTR
                                     33 	.globl _CallFnc_VOID_U8U16U16
                                     34 	.globl _CallFnc_VOID_P1
                                     35 	.globl _CallFnc_VOID
                                     36 	.globl _CallSpriteFrame
                                     37 	.globl _PlaySCCEvent
                                     38 	.globl _g_SLTSL
                                     39 	.globl _g_GRPACY
                                     40 	.globl _g_GRPACX
                                     41 	.globl _g_LOGOPR
                                     42 	.globl _g_CMASK
                                     43 	.globl _g_CLOC
                                     44 	.globl _g_FNKSTR
                                     45 	.globl _g_ATRBYT
                                     46 	.globl _g_BDRCLR
                                     47 	.globl _g_BAKCLR
                                     48 	.globl _g_FORCLR
                                     49 	.globl _g_CSRX
                                     50 	.globl _g_CSRY
                                     51 	.globl _g_CLIKSW
                                     52 	.globl _g_MLTPAT
                                     53 	.globl _g_MLTATR
                                     54 	.globl _g_MLTCGP
                                     55 	.globl _g_MLTCOL
                                     56 	.globl _g_MLTNAM
                                     57 	.globl _g_GRPPAT
                                     58 	.globl _g_GRPATR
                                     59 	.globl _g_GRPCGP
                                     60 	.globl _g_GRPCOL
                                     61 	.globl _g_GRPNAM
                                     62 	.globl _g_T32PAT
                                     63 	.globl _g_T32ATR
                                     64 	.globl _g_T32CGP
                                     65 	.globl _g_T32COL
                                     66 	.globl _g_T32NAM
                                     67 	.globl _g_TXTPAT
                                     68 	.globl _g_TXTATR
                                     69 	.globl _g_TXTCGP
                                     70 	.globl _g_TXTCOL
                                     71 	.globl _g_TXTNAM
                                     72 	.globl _g_CLMLST
                                     73 	.globl _g_CRTCNT
                                     74 	.globl _g_LINLEN
                                     75 	.globl _g_LINL32
                                     76 	.globl _g_LINL40
                                     77 	.globl _g_BDOS
                                     78 	.globl _g_MASTER
                                     79 	.globl _g_RAMAD3
                                     80 	.globl _g_RAMAD2
                                     81 	.globl _g_RAMAD1
                                     82 	.globl _g_RAMAD0
                                     83 	.globl _g_BREAKV
                                     84 	.globl _g_DISKVE
                                     85 	.globl _g_KANJTABLE
                                     86 	.globl _g_STRSRC
                                     87 	.globl _g_SUBRID
                                     88 	.globl _g_CHAR_16
                                     89 	.globl _g_MSXMID
                                     90 	.globl _g_MSXVER
                                     91 	.globl _g_ROMVersion
                                     92 	.globl _g_BASRVN
                                     93 	.globl _g_VDP_DW
                                     94 	.globl _g_VDP_DR
                                     95 	.globl _g_CGTABL
                                     96 	.globl _g_SVFFFD
                                     97 	.globl _g_RG27SAV
                                     98 	.globl _g_RG26SAV
                                     99 	.globl _g_RG25SAV
                                    100 	.globl _g_SVFFF8
                                    101 	.globl _g_MINROM
                                    102 	.globl _g_RG23SAV
                                    103 	.globl _g_RG22SAV
                                    104 	.globl _g_RG21SAV
                                    105 	.globl _g_RG20SAV
                                    106 	.globl _g_RG19SAV
                                    107 	.globl _g_RG18SAV
                                    108 	.globl _g_RG17SAV
                                    109 	.globl _g_RG16SAV
                                    110 	.globl _g_RG15SAV
                                    111 	.globl _g_RG14SAV
                                    112 	.globl _g_RG13SAV
                                    113 	.globl _g_RG12SAV
                                    114 	.globl _g_RG11SAV
                                    115 	.globl _g_RG10SAV
                                    116 	.globl _g_RG09SAV
                                    117 	.globl _g_RG08SAV
                                    118 	.globl _g_PROCNM
                                    119 	.globl _g_SLTWRK
                                    120 	.globl _g_SLTATR
                                    121 	.globl _g_SLTTBL
                                    122 	.globl _g_EXPTBL
                                    123 	.globl _g_MNROM
                                    124 	.globl _g_DRWANG
                                    125 	.globl _g_DRWSCL
                                    126 	.globl _g_DRWFLG
                                    127 	.globl _g_GYPOS
                                    128 	.globl _g_GXPOS
                                    129 	.globl _g_BRDATR
                                    130 	.globl _g_CASPRV
                                    131 	.globl _g_OLDSCR
                                    132 	.globl _g_SCRMOD
                                    133 	.globl _g_FLBMEM
                                    134 	.globl _g_KANAMD
                                    135 	.globl _g_KANAST
                                    136 	.globl _g_CAPST
                                    137 	.globl _g_CSTYLE
                                    138 	.globl _g_CSRSW
                                    139 	.globl _g_INSFLG
                                    140 	.globl _g_ESCCNT
                                    141 	.globl _g_GRPHED
                                    142 	.globl _g_WINWID
                                    143 	.globl _g_LOWLIM
                                    144 	.globl _g_INTCNT
                                    145 	.globl _g_INTVAL
                                    146 	.globl _g_JIFFY
                                    147 	.globl _g_PADX
                                    148 	.globl _g_PADY
                                    149 	.globl _g_INTFLG
                                    150 	.globl _g_RTYCNT
                                    151 	.globl _g_TRPTBL
                                    152 	.globl _g_HIMEM
                                    153 	.globl _g_BOTTOM
                                    154 	.globl _g_PATWRK
                                    155 	.globl _g_LINWRK
                                    156 	.globl _g_KEYBUF
                                    157 	.globl _g_NEWKEY
                                    158 	.globl _g_OLDKEY
                                    159 	.globl _g_CLIKFL
                                    160 	.globl _g_ONGSBF
                                    161 	.globl _g_FNKFLG
                                    162 	.globl _g_FNKSWI
                                    163 	.globl _g_CODSAV
                                    164 	.globl _g_FSTPOS
                                    165 	.globl _g_LINTTB
                                    166 	.globl _g_BASROM
                                    167 	.globl _g_ENSTOP
                                    168 	.globl _g_VCBC
                                    169 	.globl _g_VCBB
                                    170 	.globl _g_VCBA
                                    171 	.globl _g_PLYCNT
                                    172 	.globl _g_MUSICF
                                    173 	.globl _g_QUEUEN
                                    174 	.globl _g_MCLPTR
                                    175 	.globl _g_MCLLEN
                                    176 	.globl _g_SAVVOL
                                    177 	.globl _g_VOICEN
                                    178 	.globl _g_SAVSP
                                    179 	.globl _g_PRSCNT
                                    180 	.globl _g_LSTMOD
                                    181 	.globl _g_LSTCOM
                                    182 	.globl _g_COMMSK
                                    183 	.globl _g_ESTBLS
                                    184 	.globl _g_FLAGS
                                    185 	.globl _g_ERRORS
                                    186 	.globl _g_DATCNT
                                    187 	.globl _g_DEVNUM
                                    188 	.globl _g_OLDINT
                                    189 	.globl _g_OLDSTT
                                    190 	.globl _g_MEXBIh
                                    191 	.globl _g_RSIQLN
                                    192 	.globl _g_RSFCB
                                    193 	.globl _g_TOCNT
                                    194 	.globl _g_RSTMP
                                    195 	.globl _g_YSAVE
                                    196 	.globl _g_XSAVE
                                    197 	.globl _g_NORUSE
                                    198 	.globl _g_MODE
                                    199 	.globl _g_ROMA
                                    200 	.globl _g_CHRCNT
                                    201 	.globl _g_EXBRSA
                                    202 	.globl _g_AVCSAV
                                    203 	.globl _g_ACPAGE
                                    204 	.globl _g_DPPAGE
                                    205 	.globl _g_RS2IQ
                                    206 	.globl _g_VOICCQ
                                    207 	.globl _g_VOICBQ
                                    208 	.globl _g_VOICAQ
                                    209 	.globl _g_QUEBAK
                                    210 	.globl _g_QUETAB
                                    211 	.globl _g_ASPCT2
                                    212 	.globl _g_ASPCT1
                                    213 	.globl _g_HEADER
                                    214 	.globl _g_HIGH
                                    215 	.globl _g_LOW
                                    216 	.globl _g_CS240
                                    217 	.globl _g_CS120
                                    218 	.globl _g_GETPNT
                                    219 	.globl _g_PUTPNT
                                    220 	.globl _g_REPCNT
                                    221 	.globl _g_SCNCNT
                                    222 	.globl _g_FRCNEW
                                    223 	.globl _g_QUEUES
                                    224 	.globl _g_MINUPD
                                    225 	.globl _g_MAXUPD
                                    226 	.globl _g_TRGFLG
                                    227 	.globl _g_STATFL
                                    228 	.globl _g_RG7SAV
                                    229 	.globl _g_RG6SAV
                                    230 	.globl _g_RG5SAV
                                    231 	.globl _g_RG4SAV
                                    232 	.globl _g_RG3SAV
                                    233 	.globl _g_RG2SAV
                                    234 	.globl _g_RG1SAV
                                    235 	.globl _g_RG0SAV
                                    236 	.globl _g_CNSDFG
                                    237 	.globl _g_USRTAB
                                    238 	.globl _g_CLPRIM
                                    239 	.globl _g_WRPRIM
                                    240 	.globl _g_RDPRIM
                                    241 	.globl _UpdateGameState
                                    242 ;--------------------------------------------------------
                                    243 ; special function registers
                                    244 ;--------------------------------------------------------
                         000000A8   245 _g_PortPrimarySlot	=	0x00a8
                         000000A9   246 _g_PortReadKeyboard	=	0x00a9
                         000000AA   247 _g_PortAccessKeyboard	=	0x00aa
                         000000AB   248 _g_PortControl	=	0x00ab
                         00000098   249 _g_VDP_DataPort	=	0x0098
                         00000099   250 _g_VDP_RegPort	=	0x0099
                         00000099   251 _g_VDP_AddrPort	=	0x0099
                         00000099   252 _g_VDP_StatPort	=	0x0099
                         0000009A   253 _g_VDP_PalPort	=	0x009a
                         0000009B   254 _g_VDP_IRegPort	=	0x009b
                         000000A0   255 _g_PSG_RegPort	=	0x00a0
                         000000A1   256 _g_PSG_DataPort	=	0x00a1
                         000000A2   257 _g_PSG_StatPort	=	0x00a2
                         00000010   258 _g_PSG_Ext_RegPort	=	0x0010
                         00000011   259 _g_PSG_Ext_DataPort	=	0x0011
                         00000012   260 _g_PSG_Ext_StatPort	=	0x0012
                         0000007C   261 _g_MSXMusic_IndexPort	=	0x007c
                         0000007D   262 _g_MSXMusic_DataPort	=	0x007d
                         000000C0   263 _g_MSXAudio_IndexPort	=	0x00c0
                         000000C1   264 _g_MSXAudio_DataPort	=	0x00c1
                         000000C2   265 _g_MSXAudio_IndexPort2	=	0x00c2
                         000000C3   266 _g_MSXAudio_DataPort2	=	0x00c3
                         000000B4   267 _g_RTC_AddrPort	=	0x00b4
                         000000B5   268 _g_RTC_DataPort	=	0x00b5
                                    269 ;--------------------------------------------------------
                                    270 ; ram data
                                    271 ;--------------------------------------------------------
                                    272 	.area _DATA
                         0000F3AE   273 _g_LINL40	=	0xf3ae
                         0000F3AF   274 _g_LINL32	=	0xf3af
                         0000F3B0   275 _g_LINLEN	=	0xf3b0
                         0000F3B1   276 _g_CRTCNT	=	0xf3b1
                         0000F3B2   277 _g_CLMLST	=	0xf3b2
                         0000F3B3   278 _g_TXTNAM	=	0xf3b3
                         0000F3B5   279 _g_TXTCOL	=	0xf3b5
                         0000F3B7   280 _g_TXTCGP	=	0xf3b7
                         0000F3B9   281 _g_TXTATR	=	0xf3b9
                         0000F3BB   282 _g_TXTPAT	=	0xf3bb
                         0000F3BD   283 _g_T32NAM	=	0xf3bd
                         0000F3BF   284 _g_T32COL	=	0xf3bf
                         0000F3C1   285 _g_T32CGP	=	0xf3c1
                         0000F3C3   286 _g_T32ATR	=	0xf3c3
                         0000F3C5   287 _g_T32PAT	=	0xf3c5
                         0000F3C7   288 _g_GRPNAM	=	0xf3c7
                         0000F3C9   289 _g_GRPCOL	=	0xf3c9
                         0000F3CB   290 _g_GRPCGP	=	0xf3cb
                         0000F3CD   291 _g_GRPATR	=	0xf3cd
                         0000F3CF   292 _g_GRPPAT	=	0xf3cf
                         0000F3D1   293 _g_MLTNAM	=	0xf3d1
                         0000F3D3   294 _g_MLTCOL	=	0xf3d3
                         0000F3D5   295 _g_MLTCGP	=	0xf3d5
                         0000F3D7   296 _g_MLTATR	=	0xf3d7
                         0000F3D9   297 _g_MLTPAT	=	0xf3d9
                         0000F3DB   298 _g_CLIKSW	=	0xf3db
                         0000F3DC   299 _g_CSRY	=	0xf3dc
                         0000F3DD   300 _g_CSRX	=	0xf3dd
                         0000F3E9   301 _g_FORCLR	=	0xf3e9
                         0000F3EA   302 _g_BAKCLR	=	0xf3ea
                         0000F3EB   303 _g_BDRCLR	=	0xf3eb
                         0000F3F2   304 _g_ATRBYT	=	0xf3f2
                         0000F87F   305 _g_FNKSTR	=	0xf87f
                         0000F92A   306 _g_CLOC	=	0xf92a
                         0000F92C   307 _g_CMASK	=	0xf92c
                         0000FB02   308 _g_LOGOPR	=	0xfb02
                         0000FCB7   309 _g_GRPACX	=	0xfcb7
                         0000FCB9   310 _g_GRPACY	=	0xfcb9
                         0000FFFF   311 _g_SLTSL	=	0xffff
                                    312 ;--------------------------------------------------------
                                    313 ; ram data
                                    314 ;--------------------------------------------------------
                                    315 	.area _INITIALIZED
                                    316 ;--------------------------------------------------------
                                    317 ; absolute external ram data
                                    318 ;--------------------------------------------------------
                                    319 	.area _DABS (ABS)
                                    320 ;--------------------------------------------------------
                                    321 ; global & static initialisations
                                    322 ;--------------------------------------------------------
                                    323 	.area _HOME
                                    324 	.area _GSINIT
                                    325 	.area _GSFINAL
                                    326 	.area _GSINIT
                                    327 ;--------------------------------------------------------
                                    328 ; Home
                                    329 ;--------------------------------------------------------
                                    330 	.area _HOME
                                    331 	.area _HOME
                                    332 ;--------------------------------------------------------
                                    333 ; code
                                    334 ;--------------------------------------------------------
                                    335 	.area _SEG9
                                    336 ;E:\Dropbox\FAUSTO\SVILUPPI\MSX\CODE\C\MSXgl\projects\soccerlgMSX2/soccerlg_s9_b3.c:12: void UpdateGameState(u8* game_state, u8* wait_secs, u8* start_sec, u16 target_ly) 
                                    337 ;	---------------------------------
                                    338 ; Function UpdateGameState
                                    339 ; ---------------------------------
    00000000                        340 _UpdateGameState::
    00000000 DD E5            [15]  341 	push	ix
    00000002 DD 21 00 00      [14]  342 	ld	ix,#0
    00000006 DD 39            [15]  343 	add	ix,sp
    00000008 FD 21 D4 FF      [14]  344 	ld	iy, #-44
    0000000C FD 39            [15]  345 	add	iy, sp
    0000000E FD F9            [10]  346 	ld	sp, iy
    00000010 DD 75 FD         [19]  347 	ld	-3 (ix), l
    00000013 DD 74 FE         [19]  348 	ld	-2 (ix), h
    00000016 DD 73 FB         [19]  349 	ld	-5 (ix), e
    00000019 DD 72 FC         [19]  350 	ld	-4 (ix), d
                                    351 ;E:\Dropbox\FAUSTO\SVILUPPI\MSX\CODE\C\MSXgl\projects\soccerlgMSX2/soccerlg_s9_b3.c:14: if (*game_state < 3) {
    0000001C DD 6E FD         [19]  352 	ld	l, -3 (ix)
    0000001F DD 66 FE         [19]  353 	ld	h, -2 (ix)
    00000022 7E               [ 7]  354 	ld	a, (hl)
    00000023 DD 77 FF         [19]  355 	ld	-1 (ix), a
    00000026 D6 03            [ 7]  356 	sub	a, #0x03
    00000028 D2rE3r00         [10]  357 	jp	NC, 00410$
                                    358 ;E:\Dropbox\FAUSTO\SVILUPPI\MSX\CODE\C\MSXgl\projects\soccerlgMSX2/soccerlg_s9_b3.c:15: CallFnc_VOID_3PTR_U16(SEG_GAMESTATE_4, UpdateGameState_Init, game_state, wait_secs, start_sec, target_ly);
    0000002B DD 6E 06         [19]  359 	ld	l, 6 (ix)
                                    360 ;	spillPairReg hl
                                    361 ;	spillPairReg hl
    0000002E DD 66 07         [19]  362 	ld	h, 7 (ix)
                                    363 ;	spillPairReg hl
                                    364 ;	spillPairReg hl
    00000031 E5               [11]  365 	push	hl
    00000032 DD 6E 04         [19]  366 	ld	l, 4 (ix)
                                    367 ;	spillPairReg hl
                                    368 ;	spillPairReg hl
    00000035 DD 66 05         [19]  369 	ld	h, 5 (ix)
                                    370 ;	spillPairReg hl
                                    371 ;	spillPairReg hl
    00000038 E5               [11]  372 	push	hl
    00000039 DD 6E FB         [19]  373 	ld	l, -5 (ix)
                                    374 ;	spillPairReg hl
                                    375 ;	spillPairReg hl
    0000003C DD 66 FC         [19]  376 	ld	h, -4 (ix)
                                    377 ;	spillPairReg hl
                                    378 ;	spillPairReg hl
    0000003F E5               [11]  379 	push	hl
    00000040 DD 6E FD         [19]  380 	ld	l, -3 (ix)
                                    381 ;	spillPairReg hl
                                    382 ;	spillPairReg hl
    00000043 DD 66 FE         [19]  383 	ld	h, -2 (ix)
                                    384 ;	spillPairReg hl
                                    385 ;	spillPairReg hl
    00000046 E5               [11]  386 	push	hl
    00000047 11r00r00         [10]  387 	ld	de, #_UpdateGameState_Init
    0000004A 3E 0D            [ 7]  388 	ld	a, #0x0d
    0000004C CDr00r00         [17]  389 	call	_CallFnc_VOID_3PTR_U16
                                    390 ;E:\Dropbox\FAUSTO\SVILUPPI\MSX\CODE\C\MSXgl\projects\soccerlgMSX2/soccerlg_s9_b3.c:17: SwSprite[37].lx = PENALTY_DISH_X; SwSprite[37].frame = SPR_BIG_PENALTY_DISH;
    0000004F 21r53r03         [10]  391 	ld	hl, #(_SwSprite + 851)
    00000052 36 78            [10]  392 	ld	(hl), #0x78
    00000054 21 6D 00         [10]  393 	ld	hl, #0x006d
    00000057 22r62r03         [16]  394 	ld	((_SwSprite + 866)), hl
                                    395 ;E:\Dropbox\FAUSTO\SVILUPPI\MSX\CODE\C\MSXgl\projects\soccerlgMSX2/soccerlg_s9_b3.c:18: SwSprite[37].ly = (SwSprite[14].lx == PENALTY_DISH_X && SwSprite[14].ly == PENALTY_SOUTH_Y) ? 1000 : PENALTY_SOUTH_Y;
    0000005A 3Ar42r01         [13]  396 	ld	a, (#(_SwSprite + 322) + 0)
    0000005D D6 78            [ 7]  397 	sub	a, #0x78
    0000005F 20 24            [12]  398 	jr	NZ, 00427$
    00000061 21r46r01         [10]  399 	ld	hl, #_SwSprite + 326
    00000064 7E               [ 7]  400 	ld	a, (hl)
    00000065 DD 77 F9         [19]  401 	ld	-7 (ix), a
    00000068 23               [ 6]  402 	inc	hl
    00000069 7E               [ 7]  403 	ld	a, (hl)
    0000006A DD 77 FA         [19]  404 	ld	-6 (ix), a
    0000006D DD 4E F9         [19]  405 	ld	c, -7 (ix)
    00000070 DD 46 FA         [19]  406 	ld	b, -6 (ix)
    00000073 79               [ 4]  407 	ld	a, c
    00000074 D6 B2            [ 7]  408 	sub	a, #0xb2
    00000076 20 0D            [12]  409 	jr	NZ, 00427$
    00000078 10 0B            [13]  410 	djnz	00427$
    0000007A DD 36 F9 E8      [19]  411 	ld	-7 (ix), #0xe8
    0000007E DD 36 FA 03      [19]  412 	ld	-6 (ix), #0x03
    00000082 C3r8Dr00         [10]  413 	jp	00428$
    00000085                        414 00427$:
    00000085 DD 36 F9 B2      [19]  415 	ld	-7 (ix), #0xb2
    00000089 DD 36 FA 01      [19]  416 	ld	-6 (ix), #0x01
    0000008D                        417 00428$:
    0000008D 21r57r03         [10]  418 	ld	hl, #(_SwSprite + 855)
    00000090 DD 7E F9         [19]  419 	ld	a, -7 (ix)
    00000093 77               [ 7]  420 	ld	(hl), a
    00000094 23               [ 6]  421 	inc	hl
    00000095 DD 7E FA         [19]  422 	ld	a, -6 (ix)
    00000098 77               [ 7]  423 	ld	(hl), a
                                    424 ;E:\Dropbox\FAUSTO\SVILUPPI\MSX\CODE\C\MSXgl\projects\soccerlgMSX2/soccerlg_s9_b3.c:19: SwSprite[38].lx = PENALTY_DISH_X; SwSprite[38].frame = SPR_BIG_PENALTY_DISH;
    00000099 21r6Ar03         [10]  425 	ld	hl, #(_SwSprite + 874)
    0000009C 36 78            [10]  426 	ld	(hl), #0x78
    0000009E 21 6D 00         [10]  427 	ld	hl, #0x006d
    000000A1 22r79r03         [16]  428 	ld	((_SwSprite + 889)), hl
                                    429 ;E:\Dropbox\FAUSTO\SVILUPPI\MSX\CODE\C\MSXgl\projects\soccerlgMSX2/soccerlg_s9_b3.c:20: SwSprite[38].ly = (SwSprite[14].lx == PENALTY_DISH_X && SwSprite[14].ly == PENALTY_NORTH_Y) ? 1000 : PENALTY_NORTH_Y;
    000000A4 3Ar42r01         [13]  430 	ld	a, (#(_SwSprite + 322) + 0)
    000000A7 D6 78            [ 7]  431 	sub	a, #0x78
    000000A9 20 21            [12]  432 	jr	NZ, 00432$
    000000AB 21r46r01         [10]  433 	ld	hl, #_SwSprite + 326
    000000AE 7E               [ 7]  434 	ld	a, (hl)
    000000AF DD 77 F9         [19]  435 	ld	-7 (ix), a
    000000B2 23               [ 6]  436 	inc	hl
    000000B3 7E               [ 7]  437 	ld	a, (hl)
    000000B4 DD 77 FA         [19]  438 	ld	-6 (ix), a
    000000B7 DD 7E F9         [19]  439 	ld	a, -7 (ix)
    000000BA D6 4A            [ 7]  440 	sub	a, #0x4a
    000000BC DD B6 FA         [19]  441 	or	a, -6 (ix)
    000000BF 20 0B            [12]  442 	jr	NZ, 00432$
    000000C1 DD 36 F9 E8      [19]  443 	ld	-7 (ix), #0xe8
    000000C5 DD 36 FA 03      [19]  444 	ld	-6 (ix), #0x03
    000000C9 C3rD4r00         [10]  445 	jp	00433$
    000000CC                        446 00432$:
    000000CC DD 36 F9 4A      [19]  447 	ld	-7 (ix), #0x4a
    000000D0 DD 36 FA 00      [19]  448 	ld	-6 (ix), #0
    000000D4                        449 00433$:
    000000D4 21r6Er03         [10]  450 	ld	hl, #(_SwSprite + 878)
    000000D7 DD 7E F9         [19]  451 	ld	a, -7 (ix)
    000000DA 77               [ 7]  452 	ld	(hl), a
    000000DB 23               [ 6]  453 	inc	hl
    000000DC DD 7E FA         [19]  454 	ld	a, -6 (ix)
    000000DF 77               [ 7]  455 	ld	(hl), a
    000000E0 C3rF8r1F         [10]  456 	jp	00425$
    000000E3                        457 00410$:
                                    458 ;E:\Dropbox\FAUSTO\SVILUPPI\MSX\CODE\C\MSXgl\projects\soccerlgMSX2/soccerlg_s9_b3.c:21: } else if (*game_state == 3) {
    000000E3 DD 7E FF         [19]  459 	ld	a, -1 (ix)
    000000E6 D6 03            [ 7]  460 	sub	a, #0x03
    000000E8 C2rCBr1F         [10]  461 	jp	NZ,00407$
                                    462 ;E:\Dropbox\FAUSTO\SVILUPPI\MSX\CODE\C\MSXgl\projects\soccerlgMSX2/soccerlg_s9_b3.c:23: if (Mins == 0 && Secs == 0) {
    000000EB 3Ar00r00         [13]  463 	ld	a, (_Mins+0)
    000000EE B7               [ 4]  464 	or	a, a
    000000EF 20 6E            [12]  465 	jr	NZ, 00107$
    000000F1 3Ar00r00         [13]  466 	ld	a, (_Secs+0)
    000000F4 B7               [ 4]  467 	or	a, a
    000000F5 20 68            [12]  468 	jr	NZ, 00107$
                                    469 ;E:\Dropbox\FAUSTO\SVILUPPI\MSX\CODE\C\MSXgl\projects\soccerlgMSX2/soccerlg_s9_b3.c:24: if (Half == 1) {
    000000F7 3Ar00r00         [13]  470 	ld	a, (_Half+0)
    000000FA 3D               [ 4]  471 	dec	a
    000000FB 20 31            [12]  472 	jr	NZ, 00104$
                                    473 ;E:\Dropbox\FAUSTO\SVILUPPI\MSX\CODE\C\MSXgl\projects\soccerlgMSX2/soccerlg_s9_b3.c:25: *game_state = 4;
    000000FD DD 6E FD         [19]  474 	ld	l, -3 (ix)
    00000100 DD 66 FE         [19]  475 	ld	h, -2 (ix)
    00000103 36 04            [10]  476 	ld	(hl), #0x04
                                    477 ;E:\Dropbox\FAUSTO\SVILUPPI\MSX\CODE\C\MSXgl\projects\soccerlgMSX2/soccerlg_s9_b3.c:26: *wait_secs = 2;
    00000105 DD 6E FB         [19]  478 	ld	l, -5 (ix)
    00000108 DD 66 FC         [19]  479 	ld	h, -4 (ix)
    0000010B 36 02            [10]  480 	ld	(hl), #0x02
                                    481 ;E:\Dropbox\FAUSTO\SVILUPPI\MSX\CODE\C\MSXgl\projects\soccerlgMSX2/soccerlg_s9_b3.c:27: *start_sec = Frms;
    0000010D DD 4E 04         [19]  482 	ld	c, 4 (ix)
    00000110 DD 46 05         [19]  483 	ld	b, 5 (ix)
    00000113 3Ar00r00         [13]  484 	ld	a, (_Frms+0)
    00000116 02               [ 7]  485 	ld	(bc), a
                                    486 ;E:\Dropbox\FAUSTO\SVILUPPI\MSX\CODE\C\MSXgl\projects\soccerlgMSX2/soccerlg_s9_b3.c:28: CallFnc_VOID_16_P1(SEG_DRAW, ShowSpriteMessage, SPR_MSG_HALFTIME);
    00000117 21 44 01         [10]  487 	ld	hl, #0x0144
    0000011A E5               [11]  488 	push	hl
    0000011B 11r00r00         [10]  489 	ld	de, #_ShowSpriteMessage
    0000011E 3E 05            [ 7]  490 	ld	a, #0x05
    00000120 CDr00r00         [17]  491 	call	_CallFnc_VOID_16_P1
                                    492 ;E:\Dropbox\FAUSTO\SVILUPPI\MSX\CODE\C\MSXgl\projects\soccerlgMSX2/soccerlg_s9_b3.c:29: CallFnc_VOID(SEG_EVENTS, EventHalfTime);
    00000123 11r00r00         [10]  493 	ld	de, #_EventHalfTime
    00000126 3E 08            [ 7]  494 	ld	a, #0x08
    00000128 CDr00r00         [17]  495 	call	_CallFnc_VOID
    0000012B C3rF8r1F         [10]  496 	jp	00425$
    0000012E                        497 00104$:
                                    498 ;E:\Dropbox\FAUSTO\SVILUPPI\MSX\CODE\C\MSXgl\projects\soccerlgMSX2/soccerlg_s9_b3.c:30: } else if (Half == 2) {
    0000012E 3Ar00r00         [13]  499 	ld	a, (_Half+0)
    00000131 D6 02            [ 7]  500 	sub	a, #0x02
    00000133 C2rF8r1F         [10]  501 	jp	NZ,00425$
                                    502 ;E:\Dropbox\FAUSTO\SVILUPPI\MSX\CODE\C\MSXgl\projects\soccerlgMSX2/soccerlg_s9_b3.c:31: *game_state = 5;
    00000136 DD 6E FD         [19]  503 	ld	l, -3 (ix)
    00000139 DD 66 FE         [19]  504 	ld	h, -2 (ix)
    0000013C 36 05            [10]  505 	ld	(hl), #0x05
                                    506 ;E:\Dropbox\FAUSTO\SVILUPPI\MSX\CODE\C\MSXgl\projects\soccerlgMSX2/soccerlg_s9_b3.c:32: *wait_secs = 2;
    0000013E DD 6E FB         [19]  507 	ld	l, -5 (ix)
    00000141 DD 66 FC         [19]  508 	ld	h, -4 (ix)
    00000144 36 02            [10]  509 	ld	(hl), #0x02
                                    510 ;E:\Dropbox\FAUSTO\SVILUPPI\MSX\CODE\C\MSXgl\projects\soccerlgMSX2/soccerlg_s9_b3.c:33: *start_sec = Frms;
    00000146 DD 4E 04         [19]  511 	ld	c, 4 (ix)
    00000149 DD 46 05         [19]  512 	ld	b, 5 (ix)
    0000014C 3Ar00r00         [13]  513 	ld	a, (_Frms+0)
    0000014F 02               [ 7]  514 	ld	(bc), a
                                    515 ;E:\Dropbox\FAUSTO\SVILUPPI\MSX\CODE\C\MSXgl\projects\soccerlgMSX2/soccerlg_s9_b3.c:34: CallFnc_VOID_16_P1(SEG_DRAW, ShowSpriteMessage, SPR_MSG_TIMEUP);
    00000150 21 40 01         [10]  516 	ld	hl, #0x0140
    00000153 E5               [11]  517 	push	hl
    00000154 11r00r00         [10]  518 	ld	de, #_ShowSpriteMessage
    00000157 3E 05            [ 7]  519 	ld	a, #0x05
    00000159 CDr00r00         [17]  520 	call	_CallFnc_VOID_16_P1
                                    521 ;E:\Dropbox\FAUSTO\SVILUPPI\MSX\CODE\C\MSXgl\projects\soccerlgMSX2/soccerlg_s9_b3.c:36: return;
    0000015C C3rF8r1F         [10]  522 	jp	00425$
    0000015F                        523 00107$:
                                    524 ;E:\Dropbox\FAUSTO\SVILUPPI\MSX\CODE\C\MSXgl\projects\soccerlgMSX2/soccerlg_s9_b3.c:40: if (*wait_secs > 0) {
    0000015F DD 6E FB         [19]  525 	ld	l, -5 (ix)
    00000162 DD 66 FC         [19]  526 	ld	h, -4 (ix)
    00000165 4E               [ 7]  527 	ld	c, (hl)
    00000166 79               [ 4]  528 	ld	a, c
    00000167 B7               [ 4]  529 	or	a, a
    00000168 28 34            [12]  530 	jr	Z, 00114$
                                    531 ;E:\Dropbox\FAUSTO\SVILUPPI\MSX\CODE\C\MSXgl\projects\soccerlgMSX2/soccerlg_s9_b3.c:41: if (*start_sec < Frms) { // Frms wrapped from 1 to 60
    0000016A DD 5E 04         [19]  532 	ld	e, 4 (ix)
    0000016D DD 56 05         [19]  533 	ld	d, 5 (ix)
    00000170 1A               [ 7]  534 	ld	a, (de)
    00000171 47               [ 4]  535 	ld	b, a
    00000172 21r00r00         [10]  536 	ld	hl, #_Frms
    00000175 78               [ 4]  537 	ld	a, b
    00000176 96               [ 7]  538 	sub	a, (hl)
    00000177 30 1E            [12]  539 	jr	NC, 00112$
                                    540 ;E:\Dropbox\FAUSTO\SVILUPPI\MSX\CODE\C\MSXgl\projects\soccerlgMSX2/soccerlg_s9_b3.c:42: (*wait_secs)--;
    00000179 79               [ 4]  541 	ld	a, c
    0000017A 3D               [ 4]  542 	dec	a
    0000017B DD 6E FB         [19]  543 	ld	l, -5 (ix)
    0000017E DD 66 FC         [19]  544 	ld	h, -4 (ix)
    00000181 77               [ 7]  545 	ld	(hl), a
                                    546 ;E:\Dropbox\FAUSTO\SVILUPPI\MSX\CODE\C\MSXgl\projects\soccerlgMSX2/soccerlg_s9_b3.c:43: if (*wait_secs == 0) {
    00000182 B7               [ 4]  547 	or	a, a
    00000183 20 12            [12]  548 	jr	NZ, 00112$
                                    549 ;E:\Dropbox\FAUSTO\SVILUPPI\MSX\CODE\C\MSXgl\projects\soccerlgMSX2/soccerlg_s9_b3.c:44: CallFnc_VOID(SEG_DRAW, HideSpriteMessage);
    00000185 D5               [11]  550 	push	de
    00000186 11r00r00         [10]  551 	ld	de, #_HideSpriteMessage
    00000189 3E 05            [ 7]  552 	ld	a, #0x05
    0000018B CDr00r00         [17]  553 	call	_CallFnc_VOID
    0000018E D1               [10]  554 	pop	de
                                    555 ;E:\Dropbox\FAUSTO\SVILUPPI\MSX\CODE\C\MSXgl\projects\soccerlgMSX2/soccerlg_s9_b3.c:45: TimerEnabled = TRUE; // Avvia il cronometro alla sparizione della scritta
    0000018F FD 21r00r00      [14]  556 	ld	iy, #_TimerEnabled
    00000193 FD 36 00 01      [19]  557 	ld	0 (iy), #0x01
    00000197                        558 00112$:
                                    559 ;E:\Dropbox\FAUSTO\SVILUPPI\MSX\CODE\C\MSXgl\projects\soccerlgMSX2/soccerlg_s9_b3.c:48: *start_sec = Frms;
    00000197 3Ar00r00         [13]  560 	ld	a, (_Frms+0)
    0000019A 12               [ 7]  561 	ld	(de), a
                                    562 ;E:\Dropbox\FAUSTO\SVILUPPI\MSX\CODE\C\MSXgl\projects\soccerlgMSX2/soccerlg_s9_b3.c:50: return; // Ferma l'IA e il gioco finché la scritta non sparisce
    0000019B C3rF8r1F         [10]  563 	jp	00425$
    0000019E                        564 00114$:
                                    565 ;E:\Dropbox\FAUSTO\SVILUPPI\MSX\CODE\C\MSXgl\projects\soccerlgMSX2/soccerlg_s9_b3.c:54: CallFnc_VOID(SEG_FIELD, UpdateFieldCamera);
    0000019E 11r00r00         [10]  566 	ld	de, #_UpdateFieldCamera
    000001A1 3E 0A            [ 7]  567 	ld	a, #0x0a
    000001A3 CDr00r00         [17]  568 	call	_CallFnc_VOID
                                    569 ;E:\Dropbox\FAUSTO\SVILUPPI\MSX\CODE\C\MSXgl\projects\soccerlgMSX2/soccerlg_s9_b3.c:55: CallFnc_VOID_3PTR(SEG_FIELD, CheckFieldBoundaries, game_state, wait_secs, start_sec);
    000001A6 DD 6E 04         [19]  570 	ld	l, 4 (ix)
                                    571 ;	spillPairReg hl
                                    572 ;	spillPairReg hl
    000001A9 DD 66 05         [19]  573 	ld	h, 5 (ix)
                                    574 ;	spillPairReg hl
                                    575 ;	spillPairReg hl
    000001AC E5               [11]  576 	push	hl
    000001AD DD 6E FB         [19]  577 	ld	l, -5 (ix)
                                    578 ;	spillPairReg hl
                                    579 ;	spillPairReg hl
    000001B0 DD 66 FC         [19]  580 	ld	h, -4 (ix)
                                    581 ;	spillPairReg hl
                                    582 ;	spillPairReg hl
    000001B3 E5               [11]  583 	push	hl
    000001B4 DD 6E FD         [19]  584 	ld	l, -3 (ix)
                                    585 ;	spillPairReg hl
                                    586 ;	spillPairReg hl
    000001B7 DD 66 FE         [19]  587 	ld	h, -2 (ix)
                                    588 ;	spillPairReg hl
                                    589 ;	spillPairReg hl
    000001BA E5               [11]  590 	push	hl
    000001BB 11r00r00         [10]  591 	ld	de, #_CheckFieldBoundaries
    000001BE 3E 0A            [ 7]  592 	ld	a, #0x0a
    000001C0 CDr00r00         [17]  593 	call	_CallFnc_VOID_3PTR
                                    594 ;E:\Dropbox\FAUSTO\SVILUPPI\MSX\CODE\C\MSXgl\projects\soccerlgMSX2/soccerlg_s9_b3.c:58: g_h_arrow_x += g_h_arrow_dir;
    000001C3 3Ar00r00         [13]  595 	ld	a, (_g_h_arrow_dir+0)
    000001C6 4F               [ 4]  596 	ld	c, a
    000001C7 07               [ 4]  597 	rlca
    000001C8 9F               [ 4]  598 	sbc	a, a
    000001C9 47               [ 4]  599 	ld	b, a
    000001CA 2Ar00r00         [16]  600 	ld	hl, (_g_h_arrow_x)
    000001CD 09               [11]  601 	add	hl, bc
                                    602 ;E:\Dropbox\FAUSTO\SVILUPPI\MSX\CODE\C\MSXgl\projects\soccerlgMSX2/soccerlg_s9_b3.c:59: if (g_h_arrow_x < 80) { g_h_arrow_x = 80; g_h_arrow_dir = 1; }
    000001CE 22r00r00         [16]  603 	ld	(_g_h_arrow_x), hl
    000001D1 7D               [ 4]  604 	ld	a, l
    000001D2 D6 50            [ 7]  605 	sub	a, #0x50
    000001D4 7C               [ 4]  606 	ld	a, h
    000001D5 DE 00            [ 7]  607 	sbc	a, #0x00
    000001D7 30 0E            [12]  608 	jr	NC, 00118$
    000001D9 21 50 00         [10]  609 	ld	hl, #0x0050
    000001DC 22r00r00         [16]  610 	ld	(_g_h_arrow_x), hl
    000001DF 21r00r00         [10]  611 	ld	hl, #_g_h_arrow_dir
    000001E2 36 01            [10]  612 	ld	(hl), #0x01
    000001E4 C3rFAr01         [10]  613 	jp	00119$
    000001E7                        614 00118$:
                                    615 ;E:\Dropbox\FAUSTO\SVILUPPI\MSX\CODE\C\MSXgl\projects\soccerlgMSX2/soccerlg_s9_b3.c:60: else if (g_h_arrow_x > 162) { g_h_arrow_x = 162; g_h_arrow_dir = -1; }
    000001E7 3E A2            [ 7]  616 	ld	a, #0xa2
    000001E9 BD               [ 4]  617 	cp	a, l
    000001EA 3E 00            [ 7]  618 	ld	a, #0x00
    000001EC 9C               [ 4]  619 	sbc	a, h
    000001ED 30 0B            [12]  620 	jr	NC, 00119$
    000001EF 21 A2 00         [10]  621 	ld	hl, #0x00a2
    000001F2 22r00r00         [16]  622 	ld	(_g_h_arrow_x), hl
    000001F5 21r00r00         [10]  623 	ld	hl, #_g_h_arrow_dir
    000001F8 36 FF            [10]  624 	ld	(hl), #0xff
    000001FA                        625 00119$:
                                    626 ;E:\Dropbox\FAUSTO\SVILUPPI\MSX\CODE\C\MSXgl\projects\soccerlgMSX2/soccerlg_s9_b3.c:64: if (GameMode == GAMEMODE_P1_VS_P2) {
    000001FA 3Ar00r00         [13]  627 	ld	a, (_GameMode+0)
    000001FD 3D               [ 4]  628 	dec	a
    000001FE 20 16            [12]  629 	jr	NZ, 00121$
                                    630 ;E:\Dropbox\FAUSTO\SVILUPPI\MSX\CODE\C\MSXgl\projects\soccerlgMSX2/soccerlg_s9_b3.c:65: SwSprite[24].lx = (u8)g_h_arrow_x;
    00000200 01r28r02         [10]  631 	ld	bc, #_SwSprite + 552
    00000203 3Ar00r00         [13]  632 	ld	a, (_g_h_arrow_x+0)
    00000206 02               [ 7]  633 	ld	(bc), a
                                    634 ;E:\Dropbox\FAUSTO\SVILUPPI\MSX\CODE\C\MSXgl\projects\soccerlgMSX2/soccerlg_s9_b3.c:66: SwSprite[24].ly = 440; 
    00000207 21 B8 01         [10]  635 	ld	hl, #0x01b8
    0000020A 22r2Cr02         [16]  636 	ld	((_SwSprite + 556)), hl
                                    637 ;E:\Dropbox\FAUSTO\SVILUPPI\MSX\CODE\C\MSXgl\projects\soccerlgMSX2/soccerlg_s9_b3.c:67: SwSprite[24].frame = SPR_BIG_ARROW_BOTTOM;
    0000020D 21 6B 00         [10]  638 	ld	hl, #0x006b
    00000210 22r37r02         [16]  639 	ld	((_SwSprite + 567)), hl
    00000213 C3r1Cr02         [10]  640 	jp	00122$
    00000216                        641 00121$:
                                    642 ;E:\Dropbox\FAUSTO\SVILUPPI\MSX\CODE\C\MSXgl\projects\soccerlgMSX2/soccerlg_s9_b3.c:69: SwSprite[24].ly = 1000; // Nascondimento assoluto
    00000216 21 E8 03         [10]  643 	ld	hl, #0x03e8
    00000219 22r2Cr02         [16]  644 	ld	((_SwSprite + 556)), hl
    0000021C                        645 00122$:
                                    646 ;E:\Dropbox\FAUSTO\SVILUPPI\MSX\CODE\C\MSXgl\projects\soccerlgMSX2/soccerlg_s9_b3.c:72: SwSprite[25].lx = (u8)g_h_arrow_x; SwSprite[25].ly = 50; SwSprite[25].frame = SPR_BIG_ARROW_TOP;
    0000021C 01r3Fr02         [10]  647 	ld	bc, #_SwSprite + 575
    0000021F 3Ar00r00         [13]  648 	ld	a, (_g_h_arrow_x+0)
    00000222 02               [ 7]  649 	ld	(bc), a
    00000223 21 32 00         [10]  650 	ld	hl, #0x0032
    00000226 22r43r02         [16]  651 	ld	((_SwSprite + 579)), hl
    00000229 2E 6C            [ 7]  652 	ld	l, #0x6c
    0000022B 22r4Er02         [16]  653 	ld	((_SwSprite + 590)), hl
                                    654 ;E:\Dropbox\FAUSTO\SVILUPPI\MSX\CODE\C\MSXgl\projects\soccerlgMSX2/soccerlg_s9_b3.c:74: struct ObjectInfo* Ball = &SwSprite[14];
                                    655 ;E:\Dropbox\FAUSTO\SVILUPPI\MSX\CODE\C\MSXgl\projects\soccerlgMSX2/soccerlg_s9_b3.c:77: SwSprite[37].lx = PENALTY_DISH_X; SwSprite[37].frame = SPR_BIG_PENALTY_DISH;
    0000022E 21r53r03         [10]  656 	ld	hl, #(_SwSprite + 851)
    00000231 36 78            [10]  657 	ld	(hl), #0x78
    00000233 21 6D 00         [10]  658 	ld	hl, #0x006d
    00000236 22r62r03         [16]  659 	ld	((_SwSprite + 866)), hl
                                    660 ;E:\Dropbox\FAUSTO\SVILUPPI\MSX\CODE\C\MSXgl\projects\soccerlgMSX2/soccerlg_s9_b3.c:78: SwSprite[37].ly = (Ball->lx == PENALTY_DISH_X && Ball->ly == PENALTY_SOUTH_Y) ? 1000 : PENALTY_SOUTH_Y;
    00000239 3Ar42r01         [13]  661 	ld	a, (#(_SwSprite + 322) + 0)
    0000023C D6 78            [ 7]  662 	sub	a, #0x78
    0000023E 20 11            [12]  663 	jr	NZ, 00437$
    00000240 2Ar46r01         [16]  664 	ld	hl, (#(_SwSprite + 326) + 0)
    00000243 7D               [ 4]  665 	ld	a, l
    00000244 D6 B2            [ 7]  666 	sub	a, #0xb2
    00000246 20 09            [12]  667 	jr	NZ, 00437$
    00000248 25               [ 4]  668 	dec	h
    00000249 20 06            [12]  669 	jr	NZ, 00437$
    0000024B 01 E8 03         [10]  670 	ld	bc, #0x03e8
    0000024E C3r54r02         [10]  671 	jp	00438$
    00000251                        672 00437$:
    00000251 01 B2 01         [10]  673 	ld	bc, #0x01b2
    00000254                        674 00438$:
    00000254 ED 43r57r03      [20]  675 	ld	((_SwSprite + 855)), bc
                                    676 ;E:\Dropbox\FAUSTO\SVILUPPI\MSX\CODE\C\MSXgl\projects\soccerlgMSX2/soccerlg_s9_b3.c:79: SwSprite[38].lx = PENALTY_DISH_X; SwSprite[38].frame = SPR_BIG_PENALTY_DISH;
    00000258 21r6Ar03         [10]  677 	ld	hl, #(_SwSprite + 874)
    0000025B 36 78            [10]  678 	ld	(hl), #0x78
    0000025D 21 6D 00         [10]  679 	ld	hl, #0x006d
    00000260 22r79r03         [16]  680 	ld	((_SwSprite + 889)), hl
                                    681 ;E:\Dropbox\FAUSTO\SVILUPPI\MSX\CODE\C\MSXgl\projects\soccerlgMSX2/soccerlg_s9_b3.c:80: SwSprite[38].ly = (Ball->lx == PENALTY_DISH_X && Ball->ly == PENALTY_NORTH_Y) ? 1000 : PENALTY_NORTH_Y;
    00000263 3Ar42r01         [13]  682 	ld	a, (#(_SwSprite + 322) + 0)
    00000266 D6 78            [ 7]  683 	sub	a, #0x78
    00000268 20 0F            [12]  684 	jr	NZ, 00442$
    0000026A 2Ar46r01         [16]  685 	ld	hl, (#(_SwSprite + 326) + 0)
    0000026D 7D               [ 4]  686 	ld	a, l
    0000026E D6 4A            [ 7]  687 	sub	a, #0x4a
    00000270 B4               [ 4]  688 	or	a, h
    00000271 20 06            [12]  689 	jr	NZ, 00442$
    00000273 01 E8 03         [10]  690 	ld	bc, #0x03e8
    00000276 C3r7Cr02         [10]  691 	jp	00443$
    00000279                        692 00442$:
    00000279 01 4A 00         [10]  693 	ld	bc, #0x004a
    0000027C                        694 00443$:
    0000027C ED 43r6Er03      [20]  695 	ld	((_SwSprite + 878)), bc
                                    696 ;E:\Dropbox\FAUSTO\SVILUPPI\MSX\CODE\C\MSXgl\projects\soccerlgMSX2/soccerlg_s9_b3.c:84: u8 closest_t1 = 1; u16 min_dist_t1 = 0xFFFF;
    00000280 DD 36 ED 01      [19]  697 	ld	-19 (ix), #0x01
    00000284 DD 36 EE FF      [19]  698 	ld	-18 (ix), #0xff
    00000288 DD 36 EF FF      [19]  699 	ld	-17 (ix), #0xff
                                    700 ;E:\Dropbox\FAUSTO\SVILUPPI\MSX\CODE\C\MSXgl\projects\soccerlgMSX2/soccerlg_s9_b3.c:85: u8 closest_t2 = 8; u16 min_dist_t2 = 0xFFFF;
    0000028C DD 36 F0 08      [19]  701 	ld	-16 (ix), #0x08
    00000290 DD 36 F1 FF      [19]  702 	ld	-15 (ix), #0xff
    00000294 DD 36 F2 FF      [19]  703 	ld	-14 (ix), #0xff
                                    704 ;E:\Dropbox\FAUSTO\SVILUPPI\MSX\CODE\C\MSXgl\projects\soccerlgMSX2/soccerlg_s9_b3.c:87: for (u8 i = 1; i < 7; i++) { 
    00000298 DD 36 FF 01      [19]  705 	ld	-1 (ix), #0x01
    0000029C                        706 00413$:
    0000029C DD 7E FF         [19]  707 	ld	a, -1 (ix)
    0000029F D6 07            [ 7]  708 	sub	a, #0x07
    000002A1 D2r5Ar03         [10]  709 	jp	NC, 00130$
                                    710 ;E:\Dropbox\FAUSTO\SVILUPPI\MSX\CODE\C\MSXgl\projects\soccerlgMSX2/soccerlg_s9_b3.c:88: u8 dx_diff = (u8)(SwSprite[i].lx - Ball->lx);
    000002A4 DD 4E FF         [19]  711 	ld	c, -1 (ix)
    000002A7 06 00            [ 7]  712 	ld	b, #0x00
    000002A9 69               [ 4]  713 	ld	l, c
    000002AA 60               [ 4]  714 	ld	h, b
    000002AB 29               [11]  715 	add	hl, hl
    000002AC 29               [11]  716 	add	hl, hl
    000002AD 09               [11]  717 	add	hl, bc
    000002AE 29               [11]  718 	add	hl, hl
    000002AF 09               [11]  719 	add	hl, bc
    000002B0 29               [11]  720 	add	hl, hl
    000002B1 09               [11]  721 	add	hl, bc
    000002B2 11r00r00         [10]  722 	ld	de, #_SwSprite
    000002B5 19               [11]  723 	add	hl, de
    000002B6 4D               [ 4]  724 	ld	c, l
    000002B7 44               [ 4]  725 	ld	b, h
    000002B8 0A               [ 7]  726 	ld	a, (bc)
    000002B9 21r42r01         [10]  727 	ld	hl, #(_SwSprite + 322)
    000002BC 5E               [ 7]  728 	ld	e, (hl)
    000002BD 93               [ 4]  729 	sub	a, e
                                    730 ;E:\Dropbox\FAUSTO\SVILUPPI\MSX\CODE\C\MSXgl\projects\soccerlgMSX2/soccerlg_s9_b3.c:89: u16 dist_x = (dx_diff < 128) ? dx_diff : (256 - dx_diff);
    000002BE 5F               [ 4]  731 	ld	e, a
    000002BF 16 00            [ 7]  732 	ld	d, #0x00
    000002C1 D6 80            [ 7]  733 	sub	a, #0x80
    000002C3 30 04            [12]  734 	jr	NC, 00447$
    000002C5 7A               [ 4]  735 	ld	a, d
    000002C6 C3rCFr02         [10]  736 	jp	00448$
    000002C9                        737 00447$:
    000002C9 AF               [ 4]  738 	xor	a, a
    000002CA 93               [ 4]  739 	sub	a, e
    000002CB 5F               [ 4]  740 	ld	e, a
    000002CC 3E 01            [ 7]  741 	ld	a, #0x01
    000002CE 9A               [ 4]  742 	sbc	a, d
    000002CF                        743 00448$:
    000002CF DD 73 F5         [19]  744 	ld	-11 (ix), e
    000002D2 DD 77 F6         [19]  745 	ld	-10 (ix), a
                                    746 ;E:\Dropbox\FAUSTO\SVILUPPI\MSX\CODE\C\MSXgl\projects\soccerlgMSX2/soccerlg_s9_b3.c:90: u16 dy_diff = (u16)(SwSprite[i].ly - Ball->ly) & 511;
    000002D5 21 04 00         [10]  747 	ld	hl, #4
    000002D8 09               [11]  748 	add	hl, bc
    000002D9 4E               [ 7]  749 	ld	c, (hl)
    000002DA 23               [ 6]  750 	inc	hl
    000002DB 46               [ 7]  751 	ld	b, (hl)
    000002DC 2Ar46r01         [16]  752 	ld	hl, (#(_SwSprite + 326) + 0)
    000002DF 79               [ 4]  753 	ld	a, c
    000002E0 95               [ 4]  754 	sub	a, l
    000002E1 4F               [ 4]  755 	ld	c, a
    000002E2 78               [ 4]  756 	ld	a, b
    000002E3 9C               [ 4]  757 	sbc	a, h
    000002E4 E6 01            [ 7]  758 	and	a, #0x01
    000002E6 DD 71 F7         [19]  759 	ld	-9 (ix), c
                                    760 ;E:\Dropbox\FAUSTO\SVILUPPI\MSX\CODE\C\MSXgl\projects\soccerlgMSX2/soccerlg_s9_b3.c:91: u16 dist_y = (dy_diff < 256) ? dy_diff : (512 - dy_diff);
    000002E9 DD 77 F8         [19]  761 	ld	-8 (ix), a
    000002EC D6 01            [ 7]  762 	sub	a, #0x01
    000002EE 30 0F            [12]  763 	jr	NC, 00449$
    000002F0 DD 7E F7         [19]  764 	ld	a, -9 (ix)
    000002F3 DD 77 F9         [19]  765 	ld	-7 (ix), a
    000002F6 DD 7E F8         [19]  766 	ld	a, -8 (ix)
    000002F9 DD 77 FA         [19]  767 	ld	-6 (ix), a
    000002FC C3r0Er03         [10]  768 	jp	00450$
    000002FF                        769 00449$:
    000002FF AF               [ 4]  770 	xor	a, a
    00000300 DD 96 F7         [19]  771 	sub	a, -9 (ix)
    00000303 DD 77 F9         [19]  772 	ld	-7 (ix), a
    00000306 3E 02            [ 7]  773 	ld	a, #0x02
    00000308 DD 9E F8         [19]  774 	sbc	a, -8 (ix)
    0000030B DD 77 FA         [19]  775 	ld	-6 (ix), a
    0000030E                        776 00450$:
    0000030E DD 4E F9         [19]  777 	ld	c, -7 (ix)
    00000311 DD 46 FA         [19]  778 	ld	b, -6 (ix)
                                    779 ;E:\Dropbox\FAUSTO\SVILUPPI\MSX\CODE\C\MSXgl\projects\soccerlgMSX2/soccerlg_s9_b3.c:92: u16 dist = dist_x + dist_y;
    00000314 DD 6E F5         [19]  780 	ld	l, -11 (ix)
    00000317 DD 66 F6         [19]  781 	ld	h, -10 (ix)
    0000031A 09               [11]  782 	add	hl, bc
    0000031B EB               [ 4]  783 	ex	de, hl
                                    784 ;E:\Dropbox\FAUSTO\SVILUPPI\MSX\CODE\C\MSXgl\projects\soccerlgMSX2/soccerlg_s9_b3.c:93: if (LastTouchTeam == TEAM_1 && i == LastTouchPlayer && Ball->anim < 5 && g_is_ball_carried) dist = 0; // Forza il focus sul portatore (solo se ha davvero palla ai piedi)
    0000031C 3Ar00r00         [13]  785 	ld	a, (_LastTouchTeam+0)
    0000031F B7               [ 4]  786 	or	a, a
    00000320 20 1C            [12]  787 	jr	NZ, 00124$
    00000322 3Ar00r00         [13]  788 	ld	a, (_LastTouchPlayer+0)
    00000325 DD 96 FF         [19]  789 	sub	a, -1 (ix)
    00000328 20 14            [12]  790 	jr	NZ, 00124$
    0000032A 2Ar55r01         [16]  791 	ld	hl, (#(_SwSprite + 341) + 0)
    0000032D 7D               [ 4]  792 	ld	a, l
    0000032E D6 05            [ 7]  793 	sub	a, #0x05
    00000330 7C               [ 4]  794 	ld	a, h
    00000331 DE 00            [ 7]  795 	sbc	a, #0x00
    00000333 30 09            [12]  796 	jr	NC, 00124$
    00000335 3Ar00r00         [13]  797 	ld	a, (_g_is_ball_carried+0)
    00000338 B7               [ 4]  798 	or	a, a
    00000339 28 03            [12]  799 	jr	Z, 00124$
    0000033B 11 00 00         [10]  800 	ld	de, #0x0000
    0000033E                        801 00124$:
                                    802 ;E:\Dropbox\FAUSTO\SVILUPPI\MSX\CODE\C\MSXgl\projects\soccerlgMSX2/soccerlg_s9_b3.c:94: if (dist < min_dist_t1) { min_dist_t1 = dist; closest_t1 = i; }
    0000033E 7B               [ 4]  803 	ld	a, e
    0000033F DD 96 EE         [19]  804 	sub	a, -18 (ix)
    00000342 7A               [ 4]  805 	ld	a, d
    00000343 DD 9E EF         [19]  806 	sbc	a, -17 (ix)
    00000346 30 0C            [12]  807 	jr	NC, 00414$
    00000348 DD 73 EE         [19]  808 	ld	-18 (ix), e
    0000034B DD 72 EF         [19]  809 	ld	-17 (ix), d
    0000034E DD 7E FF         [19]  810 	ld	a, -1 (ix)
    00000351 DD 77 ED         [19]  811 	ld	-19 (ix), a
    00000354                        812 00414$:
                                    813 ;E:\Dropbox\FAUSTO\SVILUPPI\MSX\CODE\C\MSXgl\projects\soccerlgMSX2/soccerlg_s9_b3.c:87: for (u8 i = 1; i < 7; i++) { 
    00000354 DD 34 FF         [23]  814 	inc	-1 (ix)
    00000357 C3r9Cr02         [10]  815 	jp	00413$
    0000035A                        816 00130$:
                                    817 ;E:\Dropbox\FAUSTO\SVILUPPI\MSX\CODE\C\MSXgl\projects\soccerlgMSX2/soccerlg_s9_b3.c:96: for (u8 i = 8; i < 14; i++) {
    0000035A 0E 08            [ 7]  818 	ld	c, #0x08
    0000035C                        819 00416$:
                                    820 ;E:\Dropbox\FAUSTO\SVILUPPI\MSX\CODE\C\MSXgl\projects\soccerlgMSX2/soccerlg_s9_b3.c:102: if (LastTouchTeam == TEAM_2 && i == LastTouchPlayer && Ball->anim < 5 && g_is_ball_carried) dist = 0; // Forza il focus sul portatore (solo se ha davvero palla ai piedi)
    0000035C 3Ar00r00         [13]  821 	ld	a, (_LastTouchTeam+0)
    0000035F 3D               [ 4]  822 	dec	a
    00000360 3E 01            [ 7]  823 	ld	a, #0x01
    00000362 28 01            [12]  824 	jr	Z, 01835$
    00000364 AF               [ 4]  825 	xor	a, a
    00000365                        826 01835$:
    00000365 DD 77 F3         [19]  827 	ld	-13 (ix), a
                                    828 ;E:\Dropbox\FAUSTO\SVILUPPI\MSX\CODE\C\MSXgl\projects\soccerlgMSX2/soccerlg_s9_b3.c:96: for (u8 i = 8; i < 14; i++) {
    00000368 79               [ 4]  829 	ld	a, c
    00000369 D6 0E            [ 7]  830 	sub	a, #0x0e
    0000036B D2r02r04         [10]  831 	jp	NC, 00138$
                                    832 ;E:\Dropbox\FAUSTO\SVILUPPI\MSX\CODE\C\MSXgl\projects\soccerlgMSX2/soccerlg_s9_b3.c:97: u8 dx_diff = (u8)(SwSprite[i].lx - Ball->lx);
    0000036E 06 00            [ 7]  833 	ld	b, #0x00
    00000370 69               [ 4]  834 	ld	l, c
    00000371 60               [ 4]  835 	ld	h, b
    00000372 29               [11]  836 	add	hl, hl
    00000373 29               [11]  837 	add	hl, hl
    00000374 09               [11]  838 	add	hl, bc
    00000375 29               [11]  839 	add	hl, hl
    00000376 09               [11]  840 	add	hl, bc
    00000377 29               [11]  841 	add	hl, hl
    00000378 09               [11]  842 	add	hl, bc
    00000379 11r00r00         [10]  843 	ld	de, #_SwSprite
    0000037C 19               [11]  844 	add	hl, de
    0000037D DD 75 F7         [19]  845 	ld	-9 (ix), l
    00000380 DD 74 F8         [19]  846 	ld	-8 (ix), h
    00000383 7E               [ 7]  847 	ld	a, (hl)
    00000384 21r42r01         [10]  848 	ld	hl, #(_SwSprite + 322)
    00000387 46               [ 7]  849 	ld	b, (hl)
    00000388 90               [ 4]  850 	sub	a, b
                                    851 ;E:\Dropbox\FAUSTO\SVILUPPI\MSX\CODE\C\MSXgl\projects\soccerlgMSX2/soccerlg_s9_b3.c:98: u16 dist_x = (dx_diff < 128) ? dx_diff : (256 - dx_diff);
    00000389 5F               [ 4]  852 	ld	e, a
    0000038A 16 00            [ 7]  853 	ld	d, #0x00
    0000038C D6 80            [ 7]  854 	sub	a, #0x80
    0000038E 30 04            [12]  855 	jr	NC, 00451$
    00000390 7A               [ 4]  856 	ld	a, d
    00000391 C3r9Ar03         [10]  857 	jp	00452$
    00000394                        858 00451$:
    00000394 AF               [ 4]  859 	xor	a, a
    00000395 93               [ 4]  860 	sub	a, e
    00000396 5F               [ 4]  861 	ld	e, a
    00000397 3E 01            [ 7]  862 	ld	a, #0x01
    00000399 9A               [ 4]  863 	sbc	a, d
    0000039A                        864 00452$:
    0000039A DD 73 F9         [19]  865 	ld	-7 (ix), e
    0000039D DD 77 FA         [19]  866 	ld	-6 (ix), a
                                    867 ;E:\Dropbox\FAUSTO\SVILUPPI\MSX\CODE\C\MSXgl\projects\soccerlgMSX2/soccerlg_s9_b3.c:99: u16 dy_diff = (u16)(SwSprite[i].ly - Ball->ly) & 511;
    000003A0 DD 5E F7         [19]  868 	ld	e, -9 (ix)
    000003A3 DD 56 F8         [19]  869 	ld	d, -8 (ix)
    000003A6 21 04 00         [10]  870 	ld	hl, #4
    000003A9 19               [11]  871 	add	hl, de
    000003AA 5E               [ 7]  872 	ld	e, (hl)
    000003AB 23               [ 6]  873 	inc	hl
    000003AC 56               [ 7]  874 	ld	d, (hl)
    000003AD 2Ar46r01         [16]  875 	ld	hl, (#(_SwSprite + 326) + 0)
    000003B0 7B               [ 4]  876 	ld	a, e
    000003B1 95               [ 4]  877 	sub	a, l
    000003B2 5F               [ 4]  878 	ld	e, a
    000003B3 7A               [ 4]  879 	ld	a, d
    000003B4 9C               [ 4]  880 	sbc	a, h
    000003B5 E6 01            [ 7]  881 	and	a, #0x01
                                    882 ;E:\Dropbox\FAUSTO\SVILUPPI\MSX\CODE\C\MSXgl\projects\soccerlgMSX2/soccerlg_s9_b3.c:100: u16 dist_y = (dy_diff < 256) ? dy_diff : (512 - dy_diff);
                                    883 ;	spillPairReg hl
                                    884 ;	spillPairReg hl
    000003B7 57               [ 4]  885 	ld	d, a
    000003B8 D6 01            [ 7]  886 	sub	a, #0x01
    000003BA 38 07            [12]  887 	jr	C, 00454$
    000003BC 21 00 02         [10]  888 	ld	hl, #0x0200
    000003BF BF               [ 4]  889 	cp	a, a
    000003C0 ED 52            [15]  890 	sbc	hl, de
    000003C2 EB               [ 4]  891 	ex	de, hl
    000003C3                        892 00454$:
                                    893 ;E:\Dropbox\FAUSTO\SVILUPPI\MSX\CODE\C\MSXgl\projects\soccerlgMSX2/soccerlg_s9_b3.c:101: u16 dist = dist_x + dist_y;
    000003C3 DD 6E F9         [19]  894 	ld	l, -7 (ix)
    000003C6 DD 66 FA         [19]  895 	ld	h, -6 (ix)
    000003C9 19               [11]  896 	add	hl, de
    000003CA EB               [ 4]  897 	ex	de, hl
                                    898 ;E:\Dropbox\FAUSTO\SVILUPPI\MSX\CODE\C\MSXgl\projects\soccerlgMSX2/soccerlg_s9_b3.c:102: if (LastTouchTeam == TEAM_2 && i == LastTouchPlayer && Ball->anim < 5 && g_is_ball_carried) dist = 0; // Forza il focus sul portatore (solo se ha davvero palla ai piedi)
    000003CB DD 7E F3         [19]  899 	ld	a, -13 (ix)
    000003CE B7               [ 4]  900 	or	a, a
    000003CF 28 1A            [12]  901 	jr	Z, 00132$
    000003D1 3Ar00r00         [13]  902 	ld	a, (_LastTouchPlayer+0)
    000003D4 91               [ 4]  903 	sub	a, c
    000003D5 20 14            [12]  904 	jr	NZ, 00132$
    000003D7 2Ar55r01         [16]  905 	ld	hl, (#(_SwSprite + 341) + 0)
    000003DA 7D               [ 4]  906 	ld	a, l
    000003DB D6 05            [ 7]  907 	sub	a, #0x05
    000003DD 7C               [ 4]  908 	ld	a, h
    000003DE DE 00            [ 7]  909 	sbc	a, #0x00
    000003E0 30 09            [12]  910 	jr	NC, 00132$
    000003E2 3Ar00r00         [13]  911 	ld	a, (_g_is_ball_carried+0)
    000003E5 B7               [ 4]  912 	or	a, a
    000003E6 28 03            [12]  913 	jr	Z, 00132$
    000003E8 11 00 00         [10]  914 	ld	de, #0x0000
    000003EB                        915 00132$:
                                    916 ;E:\Dropbox\FAUSTO\SVILUPPI\MSX\CODE\C\MSXgl\projects\soccerlgMSX2/soccerlg_s9_b3.c:103: if (dist < min_dist_t2) { min_dist_t2 = dist; closest_t2 = i; }
    000003EB 7B               [ 4]  917 	ld	a, e
    000003EC DD 96 F1         [19]  918 	sub	a, -15 (ix)
    000003EF 7A               [ 4]  919 	ld	a, d
    000003F0 DD 9E F2         [19]  920 	sbc	a, -14 (ix)
    000003F3 30 09            [12]  921 	jr	NC, 00417$
    000003F5 DD 73 F1         [19]  922 	ld	-15 (ix), e
    000003F8 DD 72 F2         [19]  923 	ld	-14 (ix), d
    000003FB DD 71 F0         [19]  924 	ld	-16 (ix), c
    000003FE                        925 00417$:
                                    926 ;E:\Dropbox\FAUSTO\SVILUPPI\MSX\CODE\C\MSXgl\projects\soccerlgMSX2/soccerlg_s9_b3.c:96: for (u8 i = 8; i < 14; i++) {
    000003FE 0C               [ 4]  927 	inc	c
    000003FF C3r5Cr03         [10]  928 	jp	00416$
    00000402                        929 00138$:
                                    930 ;E:\Dropbox\FAUSTO\SVILUPPI\MSX\CODE\C\MSXgl\projects\soccerlgMSX2/soccerlg_s9_b3.c:106: g_closest_t1 = closest_t1;
    00000402 DD 7E ED         [19]  931 	ld	a, -19 (ix)
    00000405 32r00r00         [13]  932 	ld	(_g_closest_t1+0), a
                                    933 ;E:\Dropbox\FAUSTO\SVILUPPI\MSX\CODE\C\MSXgl\projects\soccerlgMSX2/soccerlg_s9_b3.c:107: g_closest_t2 = closest_t2;
    00000408 DD 7E F0         [19]  934 	ld	a, -16 (ix)
    0000040B 32r00r00         [13]  935 	ld	(_g_closest_t2+0), a
                                    936 ;E:\Dropbox\FAUSTO\SVILUPPI\MSX\CODE\C\MSXgl\projects\soccerlgMSX2/soccerlg_s9_b3.c:110: bool t1_switched = FALSE;
    0000040E DD 36 DC 00      [19]  937 	ld	-36 (ix), #0x00
                                    938 ;E:\Dropbox\FAUSTO\SVILUPPI\MSX\CODE\C\MSXgl\projects\soccerlgMSX2/soccerlg_s9_b3.c:111: bool t2_switched = FALSE;
    00000412 DD 36 DD 00      [19]  939 	ld	-35 (ix), #0x00
                                    940 ;E:\Dropbox\FAUSTO\SVILUPPI\MSX\CODE\C\MSXgl\projects\soccerlgMSX2/soccerlg_s9_b3.c:114: if (LastTouchTeam == TEAM_2 || LastTouchTeam == 0xFF || T2_Carrier == 0xFF) {
    00000416 DD 7E F3         [19]  941 	ld	a, -13 (ix)
    00000419 B7               [ 4]  942 	or	a, a
    0000041A 20 0C            [12]  943 	jr	NZ, 00145$
    0000041C 3Ar00r00         [13]  944 	ld	a, (_LastTouchTeam+0)
    0000041F 3C               [ 4]  945 	inc	a
    00000420 28 06            [12]  946 	jr	Z, 00145$
    00000422 3Ar00r00         [13]  947 	ld	a, (_T2_Carrier+0)
    00000425 3C               [ 4]  948 	inc	a
    00000426 20 09            [12]  949 	jr	NZ, 00146$
    00000428                        950 00145$:
                                    951 ;E:\Dropbox\FAUSTO\SVILUPPI\MSX\CODE\C\MSXgl\projects\soccerlgMSX2/soccerlg_s9_b3.c:115: T2_Carrier = closest_t2;
    00000428 DD 7E F0         [19]  952 	ld	a, -16 (ix)
    0000042B 32r00r00         [13]  953 	ld	(_T2_Carrier+0), a
    0000042E C3r4Cr05         [10]  954 	jp	00147$
    00000431                        955 00146$:
                                    956 ;E:\Dropbox\FAUSTO\SVILUPPI\MSX\CODE\C\MSXgl\projects\soccerlgMSX2/soccerlg_s9_b3.c:116: } else if (g_player_input[1].trigger_pressed) {
    00000431 3Ar04r00         [13]  957 	ld	a, (#(_g_player_input + 4) + 0)
    00000434 DD 77 FF         [19]  958 	ld	-1 (ix), a
    00000437 B7               [ 4]  959 	or	a, a
    00000438 CAr4Cr05         [10]  960 	jp	Z, 00147$
                                    961 ;E:\Dropbox\FAUSTO\SVILUPPI\MSX\CODE\C\MSXgl\projects\soccerlgMSX2/soccerlg_s9_b3.c:117: u16 b_dist_x = (SwSprite[T2_Carrier].lx > Ball->lx) ? (SwSprite[T2_Carrier].lx - Ball->lx) : (Ball->lx - SwSprite[T2_Carrier].lx);
    0000043B ED 4Br00r00      [20]  962 	ld	bc, (_T2_Carrier)
    0000043F 06 00            [ 7]  963 	ld	b, #0x00
    00000441 69               [ 4]  964 	ld	l, c
    00000442 60               [ 4]  965 	ld	h, b
    00000443 29               [11]  966 	add	hl, hl
    00000444 29               [11]  967 	add	hl, hl
    00000445 09               [11]  968 	add	hl, bc
    00000446 29               [11]  969 	add	hl, hl
    00000447 09               [11]  970 	add	hl, bc
    00000448 29               [11]  971 	add	hl, hl
    00000449 09               [11]  972 	add	hl, bc
    0000044A DD 75 F9         [19]  973 	ld	-7 (ix), l
    0000044D DD 74 FA         [19]  974 	ld	-6 (ix), h
    00000450 3Er00            [ 7]  975 	ld	a, #<(_SwSprite)
    00000452 DD 86 F9         [19]  976 	add	a, -7 (ix)
    00000455 DD 77 F4         [19]  977 	ld	-12 (ix), a
    00000458 3Es00            [ 7]  978 	ld	a, #>(_SwSprite)
    0000045A DD 8E FA         [19]  979 	adc	a, -6 (ix)
    0000045D DD 77 F5         [19]  980 	ld	-11 (ix), a
    00000460 DD 6E F4         [19]  981 	ld	l, -12 (ix)
    00000463 DD 66 F5         [19]  982 	ld	h, -11 (ix)
    00000466 7E               [ 7]  983 	ld	a, (hl)
    00000467 DD 77 F6         [19]  984 	ld	-10 (ix), a
    0000046A 3Ar42r01         [13]  985 	ld	a, (#(_SwSprite + 322) + 0)
    0000046D DD 77 FF         [19]  986 	ld	-1 (ix), a
    00000470 DD 7E F6         [19]  987 	ld	a, -10 (ix)
    00000473 DD 77 F7         [19]  988 	ld	-9 (ix), a
    00000476 DD 36 F8 00      [19]  989 	ld	-8 (ix), #0x00
    0000047A DD 7E FF         [19]  990 	ld	a, -1 (ix)
    0000047D DD 77 F9         [19]  991 	ld	-7 (ix), a
    00000480 DD 36 FA 00      [19]  992 	ld	-6 (ix), #0x00
    00000484 DD 7E FF         [19]  993 	ld	a, -1 (ix)
    00000487 DD 96 F6         [19]  994 	sub	a, -10 (ix)
    0000048A 30 15            [12]  995 	jr	NC, 00455$
    0000048C DD 7E F7         [19]  996 	ld	a, -9 (ix)
    0000048F DD 96 F9         [19]  997 	sub	a, -7 (ix)
    00000492 DD 77 EB         [19]  998 	ld	-21 (ix), a
    00000495 DD 7E F8         [19]  999 	ld	a, -8 (ix)
    00000498 DD 9E FA         [19] 1000 	sbc	a, -6 (ix)
    0000049B DD 77 EC         [19] 1001 	ld	-20 (ix), a
    0000049E C3rB3r04         [10] 1002 	jp	00456$
    000004A1                       1003 00455$:
    000004A1 DD 7E F9         [19] 1004 	ld	a, -7 (ix)
    000004A4 DD 96 F7         [19] 1005 	sub	a, -9 (ix)
    000004A7 DD 77 EB         [19] 1006 	ld	-21 (ix), a
    000004AA DD 7E FA         [19] 1007 	ld	a, -6 (ix)
    000004AD DD 9E F8         [19] 1008 	sbc	a, -8 (ix)
    000004B0 DD 77 EC         [19] 1009 	ld	-20 (ix), a
    000004B3                       1010 00456$:
    000004B3 DD 7E EB         [19] 1011 	ld	a, -21 (ix)
    000004B6 DD 77 F9         [19] 1012 	ld	-7 (ix), a
    000004B9 DD 7E EC         [19] 1013 	ld	a, -20 (ix)
    000004BC DD 77 FA         [19] 1014 	ld	-6 (ix), a
                                   1015 ;E:\Dropbox\FAUSTO\SVILUPPI\MSX\CODE\C\MSXgl\projects\soccerlgMSX2/soccerlg_s9_b3.c:118: u16 b_dist_y = (SwSprite[T2_Carrier].ly > Ball->ly) ? (SwSprite[T2_Carrier].ly - Ball->ly) : (Ball->ly - SwSprite[T2_Carrier].ly);
    000004BF DD 7E F4         [19] 1016 	ld	a, -12 (ix)
    000004C2 DD 77 F7         [19] 1017 	ld	-9 (ix), a
    000004C5 DD 7E F5         [19] 1018 	ld	a, -11 (ix)
    000004C8 DD 77 F8         [19] 1019 	ld	-8 (ix), a
    000004CB DD 6E F7         [19] 1020 	ld	l, -9 (ix)
    000004CE DD 66 F8         [19] 1021 	ld	h, -8 (ix)
    000004D1 11 04 00         [10] 1022 	ld	de, #0x0004
    000004D4 19               [11] 1023 	add	hl, de
    000004D5 7E               [ 7] 1024 	ld	a, (hl)
    000004D6 DD 77 EB         [19] 1025 	ld	-21 (ix), a
    000004D9 23               [ 6] 1026 	inc	hl
    000004DA 7E               [ 7] 1027 	ld	a, (hl)
    000004DB DD 77 EC         [19] 1028 	ld	-20 (ix), a
    000004DE 21r46r01         [10] 1029 	ld	hl, #(_SwSprite + 326)
    000004E1 7E               [ 7] 1030 	ld	a, (hl)
    000004E2 DD 77 F5         [19] 1031 	ld	-11 (ix), a
    000004E5 23               [ 6] 1032 	inc	hl
    000004E6 7E               [ 7] 1033 	ld	a, (hl)
    000004E7 DD 77 F6         [19] 1034 	ld	-10 (ix), a
    000004EA DD 7E F5         [19] 1035 	ld	a, -11 (ix)
    000004ED DD 96 EB         [19] 1036 	sub	a, -21 (ix)
    000004F0 DD 7E F6         [19] 1037 	ld	a, -10 (ix)
    000004F3 DD 9E EC         [19] 1038 	sbc	a, -20 (ix)
    000004F6 30 15            [12] 1039 	jr	NC, 00457$
    000004F8 DD 7E EB         [19] 1040 	ld	a, -21 (ix)
    000004FB DD 96 F5         [19] 1041 	sub	a, -11 (ix)
    000004FE DD 77 F7         [19] 1042 	ld	-9 (ix), a
    00000501 DD 7E EC         [19] 1043 	ld	a, -20 (ix)
    00000504 DD 9E F6         [19] 1044 	sbc	a, -10 (ix)
    00000507 DD 77 F8         [19] 1045 	ld	-8 (ix), a
    0000050A C3r1Fr05         [10] 1046 	jp	00458$
    0000050D                       1047 00457$:
    0000050D DD 7E F5         [19] 1048 	ld	a, -11 (ix)
    00000510 DD 96 EB         [19] 1049 	sub	a, -21 (ix)
    00000513 DD 77 F7         [19] 1050 	ld	-9 (ix), a
    00000516 DD 7E F6         [19] 1051 	ld	a, -10 (ix)
    00000519 DD 9E EC         [19] 1052 	sbc	a, -20 (ix)
    0000051C DD 77 F8         [19] 1053 	ld	-8 (ix), a
    0000051F                       1054 00458$:
                                   1055 ;E:\Dropbox\FAUSTO\SVILUPPI\MSX\CODE\C\MSXgl\projects\soccerlgMSX2/soccerlg_s9_b3.c:119: if ((b_dist_x > 48 || b_dist_y > 24) && closest_t2 != T2_Carrier) {
    0000051F 3E 30            [ 7] 1056 	ld	a, #0x30
    00000521 DD BE F9         [19] 1057 	cp	a, -7 (ix)
    00000524 3E 00            [ 7] 1058 	ld	a, #0x00
    00000526 DD 9E FA         [19] 1059 	sbc	a, -6 (ix)
    00000529 38 0E            [12] 1060 	jr	C, 00142$
    0000052B DD 4E F7         [19] 1061 	ld	c, -9 (ix)
    0000052E DD 46 F8         [19] 1062 	ld	b, -8 (ix)
    00000531 3E 18            [ 7] 1063 	ld	a, #0x18
    00000533 B9               [ 4] 1064 	cp	a, c
    00000534 3E 00            [ 7] 1065 	ld	a, #0x00
    00000536 98               [ 4] 1066 	sbc	a, b
    00000537 30 13            [12] 1067 	jr	NC, 00147$
    00000539                       1068 00142$:
    00000539 DD 7E F0         [19] 1069 	ld	a, -16 (ix)
    0000053C 21r00r00         [10] 1070 	ld	hl, #_T2_Carrier
    0000053F 96               [ 7] 1071 	sub	a, (hl)
    00000540 28 0A            [12] 1072 	jr	Z, 00147$
                                   1073 ;E:\Dropbox\FAUSTO\SVILUPPI\MSX\CODE\C\MSXgl\projects\soccerlgMSX2/soccerlg_s9_b3.c:120: T2_Carrier = closest_t2; // Cambio manuale del giocatore in difesa!
    00000542 DD 7E F0         [19] 1074 	ld	a, -16 (ix)
    00000545 32r00r00         [13] 1075 	ld	(_T2_Carrier+0), a
                                   1076 ;E:\Dropbox\FAUSTO\SVILUPPI\MSX\CODE\C\MSXgl\projects\soccerlgMSX2/soccerlg_s9_b3.c:121: t2_switched = TRUE;
    00000548 DD 36 DD 01      [19] 1077 	ld	-35 (ix), #0x01
    0000054C                       1078 00147$:
                                   1079 ;E:\Dropbox\FAUSTO\SVILUPPI\MSX\CODE\C\MSXgl\projects\soccerlgMSX2/soccerlg_s9_b3.c:125: if (GameMode == GAMEMODE_P1_VS_P2) {
    0000054C 3Ar00r00         [13] 1080 	ld	a, (_GameMode+0)
    0000054F 3D               [ 4] 1081 	dec	a
    00000550 C2r8Cr06         [10] 1082 	jp	NZ,00162$
                                   1083 ;E:\Dropbox\FAUSTO\SVILUPPI\MSX\CODE\C\MSXgl\projects\soccerlgMSX2/soccerlg_s9_b3.c:126: if (LastTouchTeam == TEAM_1 || LastTouchTeam == 0xFF || T1_Carrier == 0xFF) {
    00000553 3Ar00r00         [13] 1084 	ld	a, (_LastTouchTeam+0)
    00000556 B7               [ 4] 1085 	or	a, a
    00000557 28 0C            [12] 1086 	jr	Z, 00156$
    00000559 3Ar00r00         [13] 1087 	ld	a, (_LastTouchTeam+0)
    0000055C 3C               [ 4] 1088 	inc	a
    0000055D 28 06            [12] 1089 	jr	Z, 00156$
    0000055F 3Ar00r00         [13] 1090 	ld	a, (_T1_Carrier+0)
    00000562 3C               [ 4] 1091 	inc	a
    00000563 20 09            [12] 1092 	jr	NZ, 00157$
    00000565                       1093 00156$:
                                   1094 ;E:\Dropbox\FAUSTO\SVILUPPI\MSX\CODE\C\MSXgl\projects\soccerlgMSX2/soccerlg_s9_b3.c:127: T1_Carrier = closest_t1;
    00000565 DD 7E ED         [19] 1095 	ld	a, -19 (ix)
    00000568 32r00r00         [13] 1096 	ld	(_T1_Carrier+0), a
    0000056B C3r91r06         [10] 1097 	jp	00163$
    0000056E                       1098 00157$:
                                   1099 ;E:\Dropbox\FAUSTO\SVILUPPI\MSX\CODE\C\MSXgl\projects\soccerlgMSX2/soccerlg_s9_b3.c:128: } else if (g_player_input[0].trigger_pressed) {
    0000056E 3Ar01r00         [13] 1100 	ld	a, (#(_g_player_input + 1) + 0)
    00000571 DD 77 FF         [19] 1101 	ld	-1 (ix), a
    00000574 B7               [ 4] 1102 	or	a, a
    00000575 CAr91r06         [10] 1103 	jp	Z, 00163$
                                   1104 ;E:\Dropbox\FAUSTO\SVILUPPI\MSX\CODE\C\MSXgl\projects\soccerlgMSX2/soccerlg_s9_b3.c:129: u16 b_dist_x = (SwSprite[T1_Carrier].lx > Ball->lx) ? (SwSprite[T1_Carrier].lx - Ball->lx) : (Ball->lx - SwSprite[T1_Carrier].lx);
    00000578 ED 4Br00r00      [20] 1105 	ld	bc, (_T1_Carrier)
    0000057C 06 00            [ 7] 1106 	ld	b, #0x00
    0000057E 69               [ 4] 1107 	ld	l, c
    0000057F 60               [ 4] 1108 	ld	h, b
    00000580 29               [11] 1109 	add	hl, hl
    00000581 29               [11] 1110 	add	hl, hl
    00000582 09               [11] 1111 	add	hl, bc
    00000583 29               [11] 1112 	add	hl, hl
    00000584 09               [11] 1113 	add	hl, bc
    00000585 29               [11] 1114 	add	hl, hl
    00000586 09               [11] 1115 	add	hl, bc
    00000587 DD 75 F9         [19] 1116 	ld	-7 (ix), l
    0000058A DD 74 FA         [19] 1117 	ld	-6 (ix), h
    0000058D 3Er00            [ 7] 1118 	ld	a, #<(_SwSprite)
    0000058F DD 86 F9         [19] 1119 	add	a, -7 (ix)
    00000592 DD 77 F4         [19] 1120 	ld	-12 (ix), a
    00000595 3Es00            [ 7] 1121 	ld	a, #>(_SwSprite)
    00000597 DD 8E FA         [19] 1122 	adc	a, -6 (ix)
    0000059A DD 77 F5         [19] 1123 	ld	-11 (ix), a
    0000059D DD 6E F4         [19] 1124 	ld	l, -12 (ix)
    000005A0 DD 66 F5         [19] 1125 	ld	h, -11 (ix)
    000005A3 7E               [ 7] 1126 	ld	a, (hl)
    000005A4 DD 77 F6         [19] 1127 	ld	-10 (ix), a
    000005A7 3Ar42r01         [13] 1128 	ld	a, (#(_SwSprite + 322) + 0)
    000005AA DD 77 FF         [19] 1129 	ld	-1 (ix), a
    000005AD DD 7E F6         [19] 1130 	ld	a, -10 (ix)
    000005B0 DD 77 F7         [19] 1131 	ld	-9 (ix), a
    000005B3 DD 36 F8 00      [19] 1132 	ld	-8 (ix), #0x00
    000005B7 DD 7E FF         [19] 1133 	ld	a, -1 (ix)
    000005BA DD 77 F9         [19] 1134 	ld	-7 (ix), a
    000005BD DD 36 FA 00      [19] 1135 	ld	-6 (ix), #0x00
    000005C1 DD 7E FF         [19] 1136 	ld	a, -1 (ix)
    000005C4 DD 96 F6         [19] 1137 	sub	a, -10 (ix)
    000005C7 30 15            [12] 1138 	jr	NC, 00459$
    000005C9 DD 7E F7         [19] 1139 	ld	a, -9 (ix)
    000005CC DD 96 F9         [19] 1140 	sub	a, -7 (ix)
    000005CF DD 77 EB         [19] 1141 	ld	-21 (ix), a
    000005D2 DD 7E F8         [19] 1142 	ld	a, -8 (ix)
    000005D5 DD 9E FA         [19] 1143 	sbc	a, -6 (ix)
    000005D8 DD 77 EC         [19] 1144 	ld	-20 (ix), a
    000005DB C3rF0r05         [10] 1145 	jp	00460$
    000005DE                       1146 00459$:
    000005DE DD 7E F9         [19] 1147 	ld	a, -7 (ix)
    000005E1 DD 96 F7         [19] 1148 	sub	a, -9 (ix)
    000005E4 DD 77 EB         [19] 1149 	ld	-21 (ix), a
    000005E7 DD 7E FA         [19] 1150 	ld	a, -6 (ix)
    000005EA DD 9E F8         [19] 1151 	sbc	a, -8 (ix)
    000005ED DD 77 EC         [19] 1152 	ld	-20 (ix), a
    000005F0                       1153 00460$:
    000005F0 DD 7E EB         [19] 1154 	ld	a, -21 (ix)
    000005F3 DD 77 F9         [19] 1155 	ld	-7 (ix), a
    000005F6 DD 7E EC         [19] 1156 	ld	a, -20 (ix)
    000005F9 DD 77 FA         [19] 1157 	ld	-6 (ix), a
                                   1158 ;E:\Dropbox\FAUSTO\SVILUPPI\MSX\CODE\C\MSXgl\projects\soccerlgMSX2/soccerlg_s9_b3.c:130: u16 b_dist_y = (SwSprite[T1_Carrier].ly > Ball->ly) ? (SwSprite[T1_Carrier].ly - Ball->ly) : (Ball->ly - SwSprite[T1_Carrier].ly);
    000005FC DD 7E F4         [19] 1159 	ld	a, -12 (ix)
    000005FF DD 77 F7         [19] 1160 	ld	-9 (ix), a
    00000602 DD 7E F5         [19] 1161 	ld	a, -11 (ix)
    00000605 DD 77 F8         [19] 1162 	ld	-8 (ix), a
    00000608 DD 6E F7         [19] 1163 	ld	l, -9 (ix)
    0000060B DD 66 F8         [19] 1164 	ld	h, -8 (ix)
    0000060E 11 04 00         [10] 1165 	ld	de, #0x0004
    00000611 19               [11] 1166 	add	hl, de
    00000612 7E               [ 7] 1167 	ld	a, (hl)
    00000613 DD 77 EB         [19] 1168 	ld	-21 (ix), a
    00000616 23               [ 6] 1169 	inc	hl
    00000617 7E               [ 7] 1170 	ld	a, (hl)
    00000618 DD 77 EC         [19] 1171 	ld	-20 (ix), a
    0000061B 21r46r01         [10] 1172 	ld	hl, #(_SwSprite + 326)
    0000061E 7E               [ 7] 1173 	ld	a, (hl)
    0000061F DD 77 F5         [19] 1174 	ld	-11 (ix), a
    00000622 23               [ 6] 1175 	inc	hl
    00000623 7E               [ 7] 1176 	ld	a, (hl)
    00000624 DD 77 F6         [19] 1177 	ld	-10 (ix), a
    00000627 DD 7E F5         [19] 1178 	ld	a, -11 (ix)
    0000062A DD 96 EB         [19] 1179 	sub	a, -21 (ix)
    0000062D DD 7E F6         [19] 1180 	ld	a, -10 (ix)
    00000630 DD 9E EC         [19] 1181 	sbc	a, -20 (ix)
    00000633 30 15            [12] 1182 	jr	NC, 00461$
    00000635 DD 7E EB         [19] 1183 	ld	a, -21 (ix)
    00000638 DD 96 F5         [19] 1184 	sub	a, -11 (ix)
    0000063B DD 77 F7         [19] 1185 	ld	-9 (ix), a
    0000063E DD 7E EC         [19] 1186 	ld	a, -20 (ix)
    00000641 DD 9E F6         [19] 1187 	sbc	a, -10 (ix)
    00000644 DD 77 F8         [19] 1188 	ld	-8 (ix), a
    00000647 C3r5Cr06         [10] 1189 	jp	00462$
    0000064A                       1190 00461$:
    0000064A DD 7E F5         [19] 1191 	ld	a, -11 (ix)
    0000064D DD 96 EB         [19] 1192 	sub	a, -21 (ix)
    00000650 DD 77 F7         [19] 1193 	ld	-9 (ix), a
    00000653 DD 7E F6         [19] 1194 	ld	a, -10 (ix)
    00000656 DD 9E EC         [19] 1195 	sbc	a, -20 (ix)
    00000659 DD 77 F8         [19] 1196 	ld	-8 (ix), a
    0000065C                       1197 00462$:
                                   1198 ;E:\Dropbox\FAUSTO\SVILUPPI\MSX\CODE\C\MSXgl\projects\soccerlgMSX2/soccerlg_s9_b3.c:131: if ((b_dist_x > 48 || b_dist_y > 24) && closest_t1 != T1_Carrier) {
    0000065C 3E 30            [ 7] 1199 	ld	a, #0x30
    0000065E DD BE F9         [19] 1200 	cp	a, -7 (ix)
    00000661 3E 00            [ 7] 1201 	ld	a, #0x00
    00000663 DD 9E FA         [19] 1202 	sbc	a, -6 (ix)
    00000666 38 0E            [12] 1203 	jr	C, 00153$
    00000668 DD 4E F7         [19] 1204 	ld	c, -9 (ix)
    0000066B DD 46 F8         [19] 1205 	ld	b, -8 (ix)
    0000066E 3E 18            [ 7] 1206 	ld	a, #0x18
    00000670 B9               [ 4] 1207 	cp	a, c
    00000671 3E 00            [ 7] 1208 	ld	a, #0x00
    00000673 98               [ 4] 1209 	sbc	a, b
    00000674 30 1B            [12] 1210 	jr	NC, 00163$
    00000676                       1211 00153$:
    00000676 DD 7E ED         [19] 1212 	ld	a, -19 (ix)
    00000679 21r00r00         [10] 1213 	ld	hl, #_T1_Carrier
    0000067C 96               [ 7] 1214 	sub	a, (hl)
    0000067D 28 12            [12] 1215 	jr	Z, 00163$
                                   1216 ;E:\Dropbox\FAUSTO\SVILUPPI\MSX\CODE\C\MSXgl\projects\soccerlgMSX2/soccerlg_s9_b3.c:132: T1_Carrier = closest_t1; // Cambio manuale del giocatore in difesa!
    0000067F DD 7E ED         [19] 1217 	ld	a, -19 (ix)
    00000682 32r00r00         [13] 1218 	ld	(_T1_Carrier+0), a
                                   1219 ;E:\Dropbox\FAUSTO\SVILUPPI\MSX\CODE\C\MSXgl\projects\soccerlgMSX2/soccerlg_s9_b3.c:133: t1_switched = TRUE;
    00000685 DD 36 DC 01      [19] 1220 	ld	-36 (ix), #0x01
    00000689 C3r91r06         [10] 1221 	jp	00163$
    0000068C                       1222 00162$:
                                   1223 ;E:\Dropbox\FAUSTO\SVILUPPI\MSX\CODE\C\MSXgl\projects\soccerlgMSX2/soccerlg_s9_b3.c:137: T1_Carrier = 0xFF;
    0000068C 21r00r00         [10] 1224 	ld	hl, #_T1_Carrier
    0000068F 36 FF            [10] 1225 	ld	(hl), #0xff
    00000691                       1226 00163$:
                                   1227 ;E:\Dropbox\FAUSTO\SVILUPPI\MSX\CODE\C\MSXgl\projects\soccerlgMSX2/soccerlg_s9_b3.c:142: if (min_dist_t2 <= 24 && (LastTouchTeam == TEAM_2 || LastTouchTeam == 0xFF)) {
    00000691 DD 4E F1         [19] 1228 	ld	c, -15 (ix)
    00000694 DD 46 F2         [19] 1229 	ld	b, -14 (ix)
    00000697 3E 18            [ 7] 1230 	ld	a, #0x18
    00000699 B9               [ 4] 1231 	cp	a, c
    0000069A 3E 00            [ 7] 1232 	ld	a, #0x00
    0000069C 98               [ 4] 1233 	sbc	a, b
    0000069D 38 40            [12] 1234 	jr	C, 00168$
    0000069F DD 7E F3         [19] 1235 	ld	a, -13 (ix)
    000006A2 B7               [ 4] 1236 	or	a, a
    000006A3 20 06            [12] 1237 	jr	NZ, 00167$
    000006A5 3Ar00r00         [13] 1238 	ld	a, (_LastTouchTeam+0)
    000006A8 3C               [ 4] 1239 	inc	a
    000006A9 20 34            [12] 1240 	jr	NZ, 00168$
    000006AB                       1241 00167$:
                                   1242 ;E:\Dropbox\FAUSTO\SVILUPPI\MSX\CODE\C\MSXgl\projects\soccerlgMSX2/soccerlg_s9_b3.c:143: if (T2_Receiver == 0xFF || (Frms % 8) == 0) // Throttle: evita il cambio repentino di destinatario
    000006AB 3Ar00r00         [13] 1243 	ld	a, (_T2_Receiver+0)
    000006AE 3C               [ 4] 1244 	inc	a
    000006AF 28 07            [12] 1245 	jr	Z, 00164$
    000006B1 3Ar00r00         [13] 1246 	ld	a, (_Frms+0)
    000006B4 E6 07            [ 7] 1247 	and	a, #0x07
    000006B6 20 2C            [12] 1248 	jr	NZ, 00169$
    000006B8                       1249 00164$:
                                   1250 ;E:\Dropbox\FAUSTO\SVILUPPI\MSX\CODE\C\MSXgl\projects\soccerlgMSX2/soccerlg_s9_b3.c:144: T2_Receiver = (u8)CallFnc_U16_P4B(SEG_HELPERS, FindReceiver, T2_Carrier, 0xFF, g_last_dx[1], g_last_dy[1]);
    000006B8 21r01r00         [10] 1251 	ld	hl, #(_g_last_dy + 1)
    000006BB 7E               [ 7] 1252 	ld	a, (hl)
    000006BC DD 77 FF         [19] 1253 	ld	-1 (ix), a
    000006BF 3Ar01r00         [13] 1254 	ld	a, (#(_g_last_dx + 1) + 0)
    000006C2 DD 66 FF         [19] 1255 	ld	h, -1 (ix)
                                   1256 ;	spillPairReg hl
                                   1257 ;	spillPairReg hl
    000006C5 E5               [11] 1258 	push	hl
    000006C6 33               [ 6] 1259 	inc	sp
    000006C7 67               [ 4] 1260 	ld	h, a
    000006C8 2E FF            [ 7] 1261 	ld	l, #0xff
    000006CA E5               [11] 1262 	push	hl
    000006CB 3Ar00r00         [13] 1263 	ld	a, (_T2_Carrier+0)
    000006CE F5               [11] 1264 	push	af
    000006CF 33               [ 6] 1265 	inc	sp
    000006D0 11r00r00         [10] 1266 	ld	de, #_FindReceiver
    000006D3 3E 14            [ 7] 1267 	ld	a, #0x14
    000006D5 CDr00r00         [17] 1268 	call	_CallFnc_U16_P4B
    000006D8 21r00r00         [10] 1269 	ld	hl, #_T2_Receiver
    000006DB 73               [ 7] 1270 	ld	(hl), e
    000006DC C3rE4r06         [10] 1271 	jp	00169$
    000006DF                       1272 00168$:
                                   1273 ;E:\Dropbox\FAUSTO\SVILUPPI\MSX\CODE\C\MSXgl\projects\soccerlgMSX2/soccerlg_s9_b3.c:145: } else T2_Receiver = 0xFF;
    000006DF 21r00r00         [10] 1274 	ld	hl, #_T2_Receiver
    000006E2 36 FF            [10] 1275 	ld	(hl), #0xff
    000006E4                       1276 00169$:
                                   1277 ;E:\Dropbox\FAUSTO\SVILUPPI\MSX\CODE\C\MSXgl\projects\soccerlgMSX2/soccerlg_s9_b3.c:147: if (GameMode == GAMEMODE_P1_VS_P2) {
    000006E4 3Ar00r00         [13] 1278 	ld	a, (_GameMode+0)
    000006E7 3D               [ 4] 1279 	dec	a
    000006E8 20 5D            [12] 1280 	jr	NZ, 00181$
                                   1281 ;E:\Dropbox\FAUSTO\SVILUPPI\MSX\CODE\C\MSXgl\projects\soccerlgMSX2/soccerlg_s9_b3.c:148: if (min_dist_t1 <= 24 && (LastTouchTeam == TEAM_1 || LastTouchTeam == 0xFF)) {
    000006EA DD 7E EE         [19] 1282 	ld	a, -18 (ix)
    000006ED DD 77 F9         [19] 1283 	ld	-7 (ix), a
    000006F0 DD 7E EF         [19] 1284 	ld	a, -17 (ix)
    000006F3 DD 77 FA         [19] 1285 	ld	-6 (ix), a
    000006F6 3E 18            [ 7] 1286 	ld	a, #0x18
    000006F8 DD BE F9         [19] 1287 	cp	a, -7 (ix)
    000006FB 3E 00            [ 7] 1288 	ld	a, #0x00
    000006FD DD 9E FA         [19] 1289 	sbc	a, -6 (ix)
    00000700 38 40            [12] 1290 	jr	C, 00176$
    00000702 3Ar00r00         [13] 1291 	ld	a, (_LastTouchTeam+0)
    00000705 B7               [ 4] 1292 	or	a, a
    00000706 28 06            [12] 1293 	jr	Z, 00175$
    00000708 3Ar00r00         [13] 1294 	ld	a, (_LastTouchTeam+0)
    0000070B 3C               [ 4] 1295 	inc	a
    0000070C 20 34            [12] 1296 	jr	NZ, 00176$
    0000070E                       1297 00175$:
                                   1298 ;E:\Dropbox\FAUSTO\SVILUPPI\MSX\CODE\C\MSXgl\projects\soccerlgMSX2/soccerlg_s9_b3.c:149: if (T1_Receiver == 0xFF || (Frms % 8) == 0) // Throttle: evita il cambio repentino di destinatario
    0000070E 3Ar00r00         [13] 1299 	ld	a, (_T1_Receiver+0)
    00000711 3C               [ 4] 1300 	inc	a
    00000712 28 07            [12] 1301 	jr	Z, 00172$
    00000714 3Ar00r00         [13] 1302 	ld	a, (_Frms+0)
    00000717 E6 07            [ 7] 1303 	and	a, #0x07
    00000719 20 2C            [12] 1304 	jr	NZ, 00181$
    0000071B                       1305 00172$:
                                   1306 ;E:\Dropbox\FAUSTO\SVILUPPI\MSX\CODE\C\MSXgl\projects\soccerlgMSX2/soccerlg_s9_b3.c:150: T1_Receiver = (u8)CallFnc_U16_P4B(SEG_HELPERS, FindReceiver, T1_Carrier, 0xFF, g_last_dx[0], g_last_dy[0]);
    0000071B 21r00r00         [10] 1307 	ld	hl, #_g_last_dy
    0000071E 7E               [ 7] 1308 	ld	a, (hl)
    0000071F DD 77 FF         [19] 1309 	ld	-1 (ix), a
    00000722 3Ar00r00         [13] 1310 	ld	a, (#_g_last_dx + 0)
    00000725 DD 66 FF         [19] 1311 	ld	h, -1 (ix)
                                   1312 ;	spillPairReg hl
                                   1313 ;	spillPairReg hl
    00000728 E5               [11] 1314 	push	hl
    00000729 33               [ 6] 1315 	inc	sp
    0000072A 67               [ 4] 1316 	ld	h, a
    0000072B 2E FF            [ 7] 1317 	ld	l, #0xff
    0000072D E5               [11] 1318 	push	hl
    0000072E 3Ar00r00         [13] 1319 	ld	a, (_T1_Carrier+0)
    00000731 F5               [11] 1320 	push	af
    00000732 33               [ 6] 1321 	inc	sp
    00000733 11r00r00         [10] 1322 	ld	de, #_FindReceiver
    00000736 3E 14            [ 7] 1323 	ld	a, #0x14
    00000738 CDr00r00         [17] 1324 	call	_CallFnc_U16_P4B
    0000073B 21r00r00         [10] 1325 	ld	hl, #_T1_Receiver
    0000073E 73               [ 7] 1326 	ld	(hl), e
    0000073F C3r47r07         [10] 1327 	jp	00181$
    00000742                       1328 00176$:
                                   1329 ;E:\Dropbox\FAUSTO\SVILUPPI\MSX\CODE\C\MSXgl\projects\soccerlgMSX2/soccerlg_s9_b3.c:151: } else T1_Receiver = 0xFF;
    00000742 21r00r00         [10] 1330 	ld	hl, #_T1_Receiver
    00000745 36 FF            [10] 1331 	ld	(hl), #0xff
    00000747                       1332 00181$:
                                   1333 ;E:\Dropbox\FAUSTO\SVILUPPI\MSX\CODE\C\MSXgl\projects\soccerlgMSX2/soccerlg_s9_b3.c:157: u8 gks[2] = {0, 7};
    00000747 DD 36 DA 00      [19] 1334 	ld	-38 (ix), #0x00
    0000074B DD 36 DB 07      [19] 1335 	ld	-37 (ix), #0x07
                                   1336 ;E:\Dropbox\FAUSTO\SVILUPPI\MSX\CODE\C\MSXgl\projects\soccerlgMSX2/soccerlg_s9_b3.c:158: for (u8 g = 0; g < 2; g++) {
    0000074F DD 36 FF 00      [19] 1337 	ld	-1 (ix), #0x00
    00000753                       1338 00419$:
    00000753 DD 7E FF         [19] 1339 	ld	a, -1 (ix)
    00000756 D6 02            [ 7] 1340 	sub	a, #0x02
    00000758 D2r6Fr0A         [10] 1341 	jp	NC, 00195$
                                   1342 ;E:\Dropbox\FAUSTO\SVILUPPI\MSX\CODE\C\MSXgl\projects\soccerlgMSX2/soccerlg_s9_b3.c:159: u8 gk_idx = gks[g];
    0000075B DD 5E FF         [19] 1343 	ld	e, -1 (ix)
    0000075E 16 00            [ 7] 1344 	ld	d, #0x00
    00000760 21 06 00         [10] 1345 	ld	hl, #6
    00000763 39               [11] 1346 	add	hl, sp
    00000764 19               [11] 1347 	add	hl, de
    00000765 4E               [ 7] 1348 	ld	c, (hl)
                                   1349 ;E:\Dropbox\FAUSTO\SVILUPPI\MSX\CODE\C\MSXgl\projects\soccerlgMSX2/soccerlg_s9_b3.c:162: if (LastTouchPlayer == gk_idx) continue;
    00000766 3Ar00r00         [13] 1350 	ld	a, (_LastTouchPlayer+0)
    00000769 91               [ 4] 1351 	sub	a, c
    0000076A CAr69r0A         [10] 1352 	jp	Z,00194$
                                   1353 ;E:\Dropbox\FAUSTO\SVILUPPI\MSX\CODE\C\MSXgl\projects\soccerlgMSX2/soccerlg_s9_b3.c:164: u16 dist_x = (SwSprite[gk_idx].lx > Ball->lx) ? (SwSprite[gk_idx].lx - Ball->lx) : (Ball->lx - SwSprite[gk_idx].lx);
    0000076D 06 00            [ 7] 1354 	ld	b, #0x00
    0000076F 69               [ 4] 1355 	ld	l, c
    00000770 60               [ 4] 1356 	ld	h, b
    00000771 29               [11] 1357 	add	hl, hl
    00000772 29               [11] 1358 	add	hl, hl
    00000773 09               [11] 1359 	add	hl, bc
    00000774 29               [11] 1360 	add	hl, hl
    00000775 09               [11] 1361 	add	hl, bc
    00000776 29               [11] 1362 	add	hl, hl
    00000777 09               [11] 1363 	add	hl, bc
    00000778 11r00r00         [10] 1364 	ld	de, #_SwSprite
    0000077B 19               [11] 1365 	add	hl, de
                                   1366 ;E:\Dropbox\FAUSTO\SVILUPPI\MSX\CODE\C\MSXgl\projects\soccerlgMSX2/soccerlg_s9_b3.c:176: if (Ball->lx < SwSprite[gk_idx].lx) {
    0000077C DD 75 F1         [19] 1367 	ld	-15 (ix), l
    0000077F DD 74 F2         [19] 1368 	ld	-14 (ix), h
    00000782 7E               [ 7] 1369 	ld	a, (hl)
    00000783 DD 77 F3         [19] 1370 	ld	-13 (ix), a
                                   1371 ;E:\Dropbox\FAUSTO\SVILUPPI\MSX\CODE\C\MSXgl\projects\soccerlgMSX2/soccerlg_s9_b3.c:164: u16 dist_x = (SwSprite[gk_idx].lx > Ball->lx) ? (SwSprite[gk_idx].lx - Ball->lx) : (Ball->lx - SwSprite[gk_idx].lx);
    00000786 3Ar42r01         [13] 1372 	ld	a, (#(_SwSprite + 322) + 0)
    00000789 DD 77 F4         [19] 1373 	ld	-12 (ix), a
    0000078C DD 7E F3         [19] 1374 	ld	a, -13 (ix)
    0000078F DD 77 F5         [19] 1375 	ld	-11 (ix), a
    00000792 DD 36 F6 00      [19] 1376 	ld	-10 (ix), #0x00
    00000796 DD 7E F4         [19] 1377 	ld	a, -12 (ix)
    00000799 DD 77 F7         [19] 1378 	ld	-9 (ix), a
    0000079C DD 36 F8 00      [19] 1379 	ld	-8 (ix), #0x00
    000007A0 DD 7E F4         [19] 1380 	ld	a, -12 (ix)
    000007A3 DD 96 F3         [19] 1381 	sub	a, -13 (ix)
    000007A6 30 15            [12] 1382 	jr	NC, 00463$
    000007A8 DD 7E F5         [19] 1383 	ld	a, -11 (ix)
    000007AB DD 96 F7         [19] 1384 	sub	a, -9 (ix)
    000007AE DD 77 F9         [19] 1385 	ld	-7 (ix), a
    000007B1 DD 7E F6         [19] 1386 	ld	a, -10 (ix)
    000007B4 DD 9E F8         [19] 1387 	sbc	a, -8 (ix)
    000007B7 DD 77 FA         [19] 1388 	ld	-6 (ix), a
    000007BA C3rCFr07         [10] 1389 	jp	00464$
    000007BD                       1390 00463$:
    000007BD DD 7E F7         [19] 1391 	ld	a, -9 (ix)
    000007C0 DD 96 F5         [19] 1392 	sub	a, -11 (ix)
    000007C3 DD 77 F9         [19] 1393 	ld	-7 (ix), a
    000007C6 DD 7E F8         [19] 1394 	ld	a, -8 (ix)
    000007C9 DD 9E F6         [19] 1395 	sbc	a, -10 (ix)
    000007CC DD 77 FA         [19] 1396 	ld	-6 (ix), a
    000007CF                       1397 00464$:
                                   1398 ;E:\Dropbox\FAUSTO\SVILUPPI\MSX\CODE\C\MSXgl\projects\soccerlgMSX2/soccerlg_s9_b3.c:165: u16 dist_y = (SwSprite[gk_idx].ly > Ball->ly) ? (SwSprite[gk_idx].ly - Ball->ly) : (Ball->ly - SwSprite[gk_idx].ly);
    000007CF DD 7E F1         [19] 1399 	ld	a, -15 (ix)
    000007D2 C6 04            [ 7] 1400 	add	a, #0x04
    000007D4 DD 77 F7         [19] 1401 	ld	-9 (ix), a
    000007D7 DD 7E F2         [19] 1402 	ld	a, -14 (ix)
    000007DA CE 00            [ 7] 1403 	adc	a, #0x00
    000007DC DD 77 F8         [19] 1404 	ld	-8 (ix), a
    000007DF DD 6E F7         [19] 1405 	ld	l, -9 (ix)
    000007E2 DD 66 F8         [19] 1406 	ld	h, -8 (ix)
    000007E5 4E               [ 7] 1407 	ld	c, (hl)
    000007E6 23               [ 6] 1408 	inc	hl
    000007E7 46               [ 7] 1409 	ld	b, (hl)
    000007E8 ED 5Br46r01      [20] 1410 	ld	de, (#(_SwSprite + 326) + 0)
    000007EC 7B               [ 4] 1411 	ld	a, e
    000007ED 91               [ 4] 1412 	sub	a, c
    000007EE 7A               [ 4] 1413 	ld	a, d
    000007EF 98               [ 4] 1414 	sbc	a, b
    000007F0 30 08            [12] 1415 	jr	NC, 00465$
    000007F2 79               [ 4] 1416 	ld	a, c
    000007F3 93               [ 4] 1417 	sub	a, e
    000007F4 4F               [ 4] 1418 	ld	c, a
    000007F5 78               [ 4] 1419 	ld	a, b
    000007F6 9A               [ 4] 1420 	sbc	a, d
    000007F7 C3rFFr07         [10] 1421 	jp	00466$
    000007FA                       1422 00465$:
    000007FA 7B               [ 4] 1423 	ld	a, e
    000007FB 91               [ 4] 1424 	sub	a, c
    000007FC 4F               [ 4] 1425 	ld	c, a
    000007FD 7A               [ 4] 1426 	ld	a, d
    000007FE 98               [ 4] 1427 	sbc	a, b
    000007FF                       1428 00466$:
    000007FF 47               [ 4] 1429 	ld	b, a
                                   1430 ;E:\Dropbox\FAUSTO\SVILUPPI\MSX\CODE\C\MSXgl\projects\soccerlgMSX2/soccerlg_s9_b3.c:167: if (dist_x <= 16 && dist_y <= 16) { // Area di presa (16 px)
    00000800 DD 5E F9         [19] 1431 	ld	e, -7 (ix)
    00000803 DD 56 FA         [19] 1432 	ld	d, -6 (ix)
    00000806 3E 10            [ 7] 1433 	ld	a, #0x10
    00000808 BB               [ 4] 1434 	cp	a, e
    00000809 3E 00            [ 7] 1435 	ld	a, #0x00
    0000080B 9A               [ 4] 1436 	sbc	a, d
    0000080C DAr69r0A         [10] 1437 	jp	C, 00194$
    0000080F 3E 10            [ 7] 1438 	ld	a, #0x10
    00000811 B9               [ 4] 1439 	cp	a, c
    00000812 3E 00            [ 7] 1440 	ld	a, #0x00
    00000814 98               [ 4] 1441 	sbc	a, b
    00000815 DAr69r0A         [10] 1442 	jp	C, 00194$
                                   1443 ;E:\Dropbox\FAUSTO\SVILUPPI\MSX\CODE\C\MSXgl\projects\soccerlgMSX2/soccerlg_s9_b3.c:168: if(g_is_penalty_shootout) {
    00000818 3Ar00r00         [13] 1444 	ld	a, (_g_is_penalty_shootout+0)
    0000081B B7               [ 4] 1445 	or	a, a
    0000081C 28 16            [12] 1446 	jr	Z, 00185$
                                   1447 ;E:\Dropbox\FAUSTO\SVILUPPI\MSX\CODE\C\MSXgl\projects\soccerlgMSX2/soccerlg_s9_b3.c:169: RestartType = RESTART_GKSAVE; // Segnala la parata per lo stato 15
    0000081E 21r00r00         [10] 1448 	ld	hl, #_RestartType
    00000821 36 04            [10] 1449 	ld	(hl), #0x04
                                   1450 ;E:\Dropbox\FAUSTO\SVILUPPI\MSX\CODE\C\MSXgl\projects\soccerlgMSX2/soccerlg_s9_b3.c:170: Ball->anim = 0; // Ferma la palla
    00000823 21 00 00         [10] 1451 	ld	hl, #0x0000
    00000826 22r55r01         [16] 1452 	ld	((_SwSprite + 341)), hl
                                   1453 ;E:\Dropbox\FAUSTO\SVILUPPI\MSX\CODE\C\MSXgl\projects\soccerlgMSX2/soccerlg_s9_b3.c:171: g_scc_resume_timer = 120; // 2 secondi a 60 FPS
    00000829 FD 21r00r00      [14] 1454 	ld	iy, #_g_scc_resume_timer
    0000082D FD 36 00 78      [19] 1455 	ld	0 (iy), #0x78
                                   1456 ;E:\Dropbox\FAUSTO\SVILUPPI\MSX\CODE\C\MSXgl\projects\soccerlgMSX2/soccerlg_s9_b3.c:172: return;
    00000831 C3rF8r1F         [10] 1457 	jp	00425$
    00000834                       1458 00185$:
                                   1459 ;E:\Dropbox\FAUSTO\SVILUPPI\MSX\CODE\C\MSXgl\projects\soccerlgMSX2/soccerlg_s9_b3.c:175: if (dist_x >= 6) {
    00000834 7B               [ 4] 1460 	ld	a, e
    00000835 D6 06            [ 7] 1461 	sub	a, #0x06
    00000837 7A               [ 4] 1462 	ld	a, d
    00000838 DE 00            [ 7] 1463 	sbc	a, #0x00
    0000083A DArE8r09         [10] 1464 	jp	C, 00190$
                                   1465 ;E:\Dropbox\FAUSTO\SVILUPPI\MSX\CODE\C\MSXgl\projects\soccerlgMSX2/soccerlg_s9_b3.c:177: SwSprite[gk_idx].lx = Ball->lx + 8;
    0000083D DD 4E F4         [19] 1466 	ld	c, -12 (ix)
                                   1467 ;E:\Dropbox\FAUSTO\SVILUPPI\MSX\CODE\C\MSXgl\projects\soccerlgMSX2/soccerlg_s9_b3.c:178: SwSprite[gk_idx].frame = (gk_idx == 0) ? SPR_GK_PLAYER_DOWN_WEST_NORTH : SPR_GK_PLAYER_DOWN_WEST_SOUTH;
    00000840 DD 7E F1         [19] 1468 	ld	a, -15 (ix)
    00000843 C6 0F            [ 7] 1469 	add	a, #0x0f
    00000845 DD 77 F9         [19] 1470 	ld	-7 (ix), a
    00000848 DD 7E F2         [19] 1471 	ld	a, -14 (ix)
    0000084B CE 00            [ 7] 1472 	adc	a, #0x00
    0000084D DD 77 FA         [19] 1473 	ld	-6 (ix), a
                                   1474 ;E:\Dropbox\FAUSTO\SVILUPPI\MSX\CODE\C\MSXgl\projects\soccerlgMSX2/soccerlg_s9_b3.c:176: if (Ball->lx < SwSprite[gk_idx].lx) {
    00000850 DD 7E F4         [19] 1475 	ld	a, -12 (ix)
    00000853 DD 96 F3         [19] 1476 	sub	a, -13 (ix)
    00000856 30 18            [12] 1477 	jr	NC, 00187$
                                   1478 ;E:\Dropbox\FAUSTO\SVILUPPI\MSX\CODE\C\MSXgl\projects\soccerlgMSX2/soccerlg_s9_b3.c:177: SwSprite[gk_idx].lx = Ball->lx + 8;
    00000858 79               [ 4] 1479 	ld	a, c
    00000859 C6 08            [ 7] 1480 	add	a, #0x08
    0000085B DD 6E F1         [19] 1481 	ld	l, -15 (ix)
    0000085E DD 66 F2         [19] 1482 	ld	h, -14 (ix)
    00000861 77               [ 7] 1483 	ld	(hl), a
                                   1484 ;E:\Dropbox\FAUSTO\SVILUPPI\MSX\CODE\C\MSXgl\projects\soccerlgMSX2/soccerlg_s9_b3.c:178: SwSprite[gk_idx].frame = (gk_idx == 0) ? SPR_GK_PLAYER_DOWN_WEST_NORTH : SPR_GK_PLAYER_DOWN_WEST_SOUTH;
    00000862 DD 6E F9         [19] 1485 	ld	l, -7 (ix)
    00000865 DD 66 FA         [19] 1486 	ld	h, -6 (ix)
    00000868 36 EF            [10] 1487 	ld	(hl), #0xef
    0000086A 23               [ 6] 1488 	inc	hl
    0000086B 36 00            [10] 1489 	ld	(hl), #0x00
    0000086D C3r85r08         [10] 1490 	jp	00188$
    00000870                       1491 00187$:
                                   1492 ;E:\Dropbox\FAUSTO\SVILUPPI\MSX\CODE\C\MSXgl\projects\soccerlgMSX2/soccerlg_s9_b3.c:180: SwSprite[gk_idx].lx = Ball->lx - 8;
    00000870 79               [ 4] 1493 	ld	a, c
    00000871 C6 F8            [ 7] 1494 	add	a, #0xf8
    00000873 DD 6E F1         [19] 1495 	ld	l, -15 (ix)
    00000876 DD 66 F2         [19] 1496 	ld	h, -14 (ix)
    00000879 77               [ 7] 1497 	ld	(hl), a
                                   1498 ;E:\Dropbox\FAUSTO\SVILUPPI\MSX\CODE\C\MSXgl\projects\soccerlgMSX2/soccerlg_s9_b3.c:181: SwSprite[gk_idx].frame = (gk_idx == 0) ? SPR_GK_PLAYER_DOWN_EAST_NORTH : SPR_GK_PLAYER_DOWN_EAST_SOUTH;
    0000087A DD 6E F9         [19] 1499 	ld	l, -7 (ix)
    0000087D DD 66 FA         [19] 1500 	ld	h, -6 (ix)
    00000880 36 EE            [10] 1501 	ld	(hl), #0xee
    00000882 23               [ 6] 1502 	inc	hl
    00000883 36 00            [10] 1503 	ld	(hl), #0x00
    00000885                       1504 00188$:
                                   1505 ;E:\Dropbox\FAUSTO\SVILUPPI\MSX\CODE\C\MSXgl\projects\soccerlgMSX2/soccerlg_s9_b3.c:185: CallFnc_VOID_U8U16U16(SEG_DRAW, RemoveSwSprite, SwSprite[gk_idx].x0, SwSprite[gk_idx].y0, 0);
    00000885 DD 7E F1         [19] 1506 	ld	a, -15 (ix)
    00000888 C6 06            [ 7] 1507 	add	a, #0x06
    0000088A DD 77 EB         [19] 1508 	ld	-21 (ix), a
    0000088D DD 7E F2         [19] 1509 	ld	a, -14 (ix)
    00000890 CE 00            [ 7] 1510 	adc	a, #0x00
    00000892 DD 77 EC         [19] 1511 	ld	-20 (ix), a
    00000895 DD 6E EB         [19] 1512 	ld	l, -21 (ix)
    00000898 DD 66 EC         [19] 1513 	ld	h, -20 (ix)
    0000089B 5E               [ 7] 1514 	ld	e, (hl)
    0000089C 23               [ 6] 1515 	inc	hl
    0000089D 56               [ 7] 1516 	ld	d, (hl)
    0000089E DD 4E F1         [19] 1517 	ld	c, -15 (ix)
    000008A1 DD 46 F2         [19] 1518 	ld	b, -14 (ix)
    000008A4 03               [ 6] 1519 	inc	bc
    000008A5 0A               [ 7] 1520 	ld	a, (bc)
    000008A6 C5               [11] 1521 	push	bc
    000008A7 21 00 00         [10] 1522 	ld	hl, #0x0000
    000008AA E5               [11] 1523 	push	hl
    000008AB D5               [11] 1524 	push	de
    000008AC F5               [11] 1525 	push	af
    000008AD 33               [ 6] 1526 	inc	sp
    000008AE 11r00r00         [10] 1527 	ld	de, #_RemoveSwSprite
    000008B1 3E 05            [ 7] 1528 	ld	a, #0x05
    000008B3 CDr00r00         [17] 1529 	call	_CallFnc_VOID_U8U16U16
    000008B6 C1               [10] 1530 	pop	bc
                                   1531 ;E:\Dropbox\FAUSTO\SVILUPPI\MSX\CODE\C\MSXgl\projects\soccerlgMSX2/soccerlg_s9_b3.c:186: CallFnc_VOID_U8U16U16(SEG_DRAW, RemoveSwSprite, SwSprite[gk_idx].x1, SwSprite[gk_idx].y1, 256);
    000008B7 DD 7E F1         [19] 1532 	ld	a, -15 (ix)
    000008BA C6 08            [ 7] 1533 	add	a, #0x08
    000008BC DD 77 ED         [19] 1534 	ld	-19 (ix), a
    000008BF DD 7E F2         [19] 1535 	ld	a, -14 (ix)
    000008C2 CE 00            [ 7] 1536 	adc	a, #0x00
    000008C4 DD 77 EE         [19] 1537 	ld	-18 (ix), a
    000008C7 DD 6E ED         [19] 1538 	ld	l, -19 (ix)
    000008CA DD 66 EE         [19] 1539 	ld	h, -18 (ix)
    000008CD 5E               [ 7] 1540 	ld	e, (hl)
    000008CE 23               [ 6] 1541 	inc	hl
    000008CF 56               [ 7] 1542 	ld	d, (hl)
    000008D0 DD 7E F1         [19] 1543 	ld	a, -15 (ix)
    000008D3 C6 02            [ 7] 1544 	add	a, #0x02
    000008D5 DD 77 EF         [19] 1545 	ld	-17 (ix), a
    000008D8 DD 7E F2         [19] 1546 	ld	a, -14 (ix)
    000008DB CE 00            [ 7] 1547 	adc	a, #0x00
    000008DD DD 77 F0         [19] 1548 	ld	-16 (ix), a
    000008E0 DD 6E EF         [19] 1549 	ld	l, -17 (ix)
    000008E3 DD 66 F0         [19] 1550 	ld	h, -16 (ix)
    000008E6 7E               [ 7] 1551 	ld	a, (hl)
    000008E7 C5               [11] 1552 	push	bc
    000008E8 21 00 01         [10] 1553 	ld	hl, #0x0100
    000008EB E5               [11] 1554 	push	hl
    000008EC D5               [11] 1555 	push	de
    000008ED F5               [11] 1556 	push	af
    000008EE 33               [ 6] 1557 	inc	sp
    000008EF 11r00r00         [10] 1558 	ld	de, #_RemoveSwSprite
    000008F2 3E 05            [ 7] 1559 	ld	a, #0x05
    000008F4 CDr00r00         [17] 1560 	call	_CallFnc_VOID_U8U16U16
    000008F7 C1               [10] 1561 	pop	bc
                                   1562 ;E:\Dropbox\FAUSTO\SVILUPPI\MSX\CODE\C\MSXgl\projects\soccerlgMSX2/soccerlg_s9_b3.c:187: CallFnc_VOID_U8U16U16(SEG_DRAW, RemoveSwSprite, SwSprite[gk_idx].x2, SwSprite[gk_idx].y2, 512);
    000008F8 DD 7E F1         [19] 1563 	ld	a, -15 (ix)
    000008FB C6 0A            [ 7] 1564 	add	a, #0x0a
    000008FD DD 77 F3         [19] 1565 	ld	-13 (ix), a
    00000900 DD 7E F2         [19] 1566 	ld	a, -14 (ix)
    00000903 CE 00            [ 7] 1567 	adc	a, #0x00
    00000905 DD 77 F4         [19] 1568 	ld	-12 (ix), a
    00000908 DD 6E F3         [19] 1569 	ld	l, -13 (ix)
    0000090B DD 66 F4         [19] 1570 	ld	h, -12 (ix)
    0000090E 5E               [ 7] 1571 	ld	e, (hl)
    0000090F 23               [ 6] 1572 	inc	hl
    00000910 56               [ 7] 1573 	ld	d, (hl)
    00000911 DD 7E F1         [19] 1574 	ld	a, -15 (ix)
    00000914 C6 03            [ 7] 1575 	add	a, #0x03
    00000916 DD 77 F5         [19] 1576 	ld	-11 (ix), a
    00000919 DD 7E F2         [19] 1577 	ld	a, -14 (ix)
    0000091C CE 00            [ 7] 1578 	adc	a, #0x00
    0000091E DD 77 F6         [19] 1579 	ld	-10 (ix), a
    00000921 DD 6E F5         [19] 1580 	ld	l, -11 (ix)
    00000924 DD 66 F6         [19] 1581 	ld	h, -10 (ix)
    00000927 7E               [ 7] 1582 	ld	a, (hl)
    00000928 C5               [11] 1583 	push	bc
    00000929 21 00 02         [10] 1584 	ld	hl, #0x0200
    0000092C E5               [11] 1585 	push	hl
    0000092D D5               [11] 1586 	push	de
    0000092E F5               [11] 1587 	push	af
    0000092F 33               [ 6] 1588 	inc	sp
    00000930 11r00r00         [10] 1589 	ld	de, #_RemoveSwSprite
    00000933 3E 05            [ 7] 1590 	ld	a, #0x05
    00000935 CDr00r00         [17] 1591 	call	_CallFnc_VOID_U8U16U16
    00000938 C1               [10] 1592 	pop	bc
                                   1593 ;E:\Dropbox\FAUSTO\SVILUPPI\MSX\CODE\C\MSXgl\projects\soccerlgMSX2/soccerlg_s9_b3.c:188: CallSpriteFrame(SwSprite[gk_idx].lx, (SwSprite[gk_idx].ly & 255) + 0,   SwSprite[gk_idx].frame);
    00000939 DD 6E F9         [19] 1594 	ld	l, -7 (ix)
    0000093C DD 66 FA         [19] 1595 	ld	h, -6 (ix)
    0000093F 5E               [ 7] 1596 	ld	e, (hl)
    00000940 23               [ 6] 1597 	inc	hl
    00000941 56               [ 7] 1598 	ld	d, (hl)
    00000942 DD 6E F7         [19] 1599 	ld	l, -9 (ix)
    00000945 DD 66 F8         [19] 1600 	ld	h, -8 (ix)
                                   1601 ;	spillPairReg hl
    00000948 6E               [ 7] 1602 	ld	l, (hl)
                                   1603 ;	spillPairReg hl
                                   1604 ;	spillPairReg hl
    00000949 26 00            [ 7] 1605 	ld	h, #0x00
                                   1606 ;	spillPairReg hl
                                   1607 ;	spillPairReg hl
    0000094B E5               [11] 1608 	push	hl
    0000094C FD E1            [14] 1609 	pop	iy
    0000094E DD 6E F1         [19] 1610 	ld	l, -15 (ix)
    00000951 DD 66 F2         [19] 1611 	ld	h, -14 (ix)
    00000954 6E               [ 7] 1612 	ld	l, (hl)
                                   1613 ;	spillPairReg hl
    00000955 C5               [11] 1614 	push	bc
    00000956 D5               [11] 1615 	push	de
    00000957 FD E5            [15] 1616 	push	iy
    00000959 D1               [10] 1617 	pop	de
    0000095A 7D               [ 4] 1618 	ld	a, l
    0000095B CDr00r00         [17] 1619 	call	_CallSpriteFrame
    0000095E C1               [10] 1620 	pop	bc
                                   1621 ;E:\Dropbox\FAUSTO\SVILUPPI\MSX\CODE\C\MSXgl\projects\soccerlgMSX2/soccerlg_s9_b3.c:189: CallSpriteFrame(SwSprite[gk_idx].lx, (SwSprite[gk_idx].ly & 255) + 256, SwSprite[gk_idx].frame);
    0000095F DD 6E F9         [19] 1622 	ld	l, -7 (ix)
    00000962 DD 66 FA         [19] 1623 	ld	h, -6 (ix)
    00000965 5E               [ 7] 1624 	ld	e, (hl)
    00000966 23               [ 6] 1625 	inc	hl
    00000967 56               [ 7] 1626 	ld	d, (hl)
    00000968 DD 6E F7         [19] 1627 	ld	l, -9 (ix)
    0000096B DD 66 F8         [19] 1628 	ld	h, -8 (ix)
                                   1629 ;	spillPairReg hl
    0000096E 6E               [ 7] 1630 	ld	l, (hl)
                                   1631 ;	spillPairReg hl
                                   1632 ;	spillPairReg hl
                                   1633 ;	spillPairReg hl
                                   1634 ;	spillPairReg hl
    0000096F AF               [ 4] 1635 	xor	a, a
    00000970 3C               [ 4] 1636 	inc	a
    00000971 67               [ 4] 1637 	ld	h, a
                                   1638 ;	spillPairReg hl
                                   1639 ;	spillPairReg hl
    00000972 E5               [11] 1640 	push	hl
    00000973 FD E1            [14] 1641 	pop	iy
    00000975 DD 6E F1         [19] 1642 	ld	l, -15 (ix)
    00000978 DD 66 F2         [19] 1643 	ld	h, -14 (ix)
    0000097B 6E               [ 7] 1644 	ld	l, (hl)
                                   1645 ;	spillPairReg hl
    0000097C C5               [11] 1646 	push	bc
    0000097D D5               [11] 1647 	push	de
    0000097E FD E5            [15] 1648 	push	iy
    00000980 D1               [10] 1649 	pop	de
    00000981 7D               [ 4] 1650 	ld	a, l
    00000982 CDr00r00         [17] 1651 	call	_CallSpriteFrame
    00000985 C1               [10] 1652 	pop	bc
                                   1653 ;E:\Dropbox\FAUSTO\SVILUPPI\MSX\CODE\C\MSXgl\projects\soccerlgMSX2/soccerlg_s9_b3.c:190: CallSpriteFrame(SwSprite[gk_idx].lx, (SwSprite[gk_idx].ly & 255) + 512, SwSprite[gk_idx].frame);
    00000986 DD 6E F9         [19] 1654 	ld	l, -7 (ix)
    00000989 DD 66 FA         [19] 1655 	ld	h, -6 (ix)
    0000098C 5E               [ 7] 1656 	ld	e, (hl)
    0000098D 23               [ 6] 1657 	inc	hl
    0000098E 56               [ 7] 1658 	ld	d, (hl)
    0000098F DD 6E F7         [19] 1659 	ld	l, -9 (ix)
    00000992 DD 66 F8         [19] 1660 	ld	h, -8 (ix)
                                   1661 ;	spillPairReg hl
    00000995 6E               [ 7] 1662 	ld	l, (hl)
                                   1663 ;	spillPairReg hl
                                   1664 ;	spillPairReg hl
                                   1665 ;	spillPairReg hl
                                   1666 ;	spillPairReg hl
    00000996 AF               [ 4] 1667 	xor	a, a
    00000997 C6 02            [ 7] 1668 	add	a, #0x02
    00000999 67               [ 4] 1669 	ld	h, a
                                   1670 ;	spillPairReg hl
                                   1671 ;	spillPairReg hl
    0000099A E5               [11] 1672 	push	hl
    0000099B FD E1            [14] 1673 	pop	iy
    0000099D DD 6E F1         [19] 1674 	ld	l, -15 (ix)
    000009A0 DD 66 F2         [19] 1675 	ld	h, -14 (ix)
    000009A3 6E               [ 7] 1676 	ld	l, (hl)
                                   1677 ;	spillPairReg hl
    000009A4 C5               [11] 1678 	push	bc
    000009A5 D5               [11] 1679 	push	de
    000009A6 FD E5            [15] 1680 	push	iy
    000009A8 D1               [10] 1681 	pop	de
    000009A9 7D               [ 4] 1682 	ld	a, l
    000009AA CDr00r00         [17] 1683 	call	_CallSpriteFrame
    000009AD C1               [10] 1684 	pop	bc
                                   1685 ;E:\Dropbox\FAUSTO\SVILUPPI\MSX\CODE\C\MSXgl\projects\soccerlgMSX2/soccerlg_s9_b3.c:191: SwSprite[gk_idx].x0 = SwSprite[gk_idx].x1 = SwSprite[gk_idx].x2 = SwSprite[gk_idx].lx;
    000009AE DD 6E F1         [19] 1686 	ld	l, -15 (ix)
    000009B1 DD 66 F2         [19] 1687 	ld	h, -14 (ix)
    000009B4 7E               [ 7] 1688 	ld	a, (hl)
    000009B5 DD 6E F5         [19] 1689 	ld	l, -11 (ix)
    000009B8 DD 66 F6         [19] 1690 	ld	h, -10 (ix)
    000009BB 77               [ 7] 1691 	ld	(hl), a
    000009BC DD 6E EF         [19] 1692 	ld	l, -17 (ix)
    000009BF DD 66 F0         [19] 1693 	ld	h, -16 (ix)
    000009C2 77               [ 7] 1694 	ld	(hl), a
    000009C3 02               [ 7] 1695 	ld	(bc), a
                                   1696 ;E:\Dropbox\FAUSTO\SVILUPPI\MSX\CODE\C\MSXgl\projects\soccerlgMSX2/soccerlg_s9_b3.c:192: SwSprite[gk_idx].y0 = SwSprite[gk_idx].y1 = SwSprite[gk_idx].y2 = SwSprite[gk_idx].ly;
    000009C4 DD 6E F7         [19] 1697 	ld	l, -9 (ix)
    000009C7 DD 66 F8         [19] 1698 	ld	h, -8 (ix)
    000009CA 4E               [ 7] 1699 	ld	c, (hl)
    000009CB 23               [ 6] 1700 	inc	hl
    000009CC 46               [ 7] 1701 	ld	b, (hl)
    000009CD DD 6E F3         [19] 1702 	ld	l, -13 (ix)
    000009D0 DD 66 F4         [19] 1703 	ld	h, -12 (ix)
    000009D3 71               [ 7] 1704 	ld	(hl), c
    000009D4 23               [ 6] 1705 	inc	hl
    000009D5 70               [ 7] 1706 	ld	(hl), b
    000009D6 DD 6E ED         [19] 1707 	ld	l, -19 (ix)
    000009D9 DD 66 EE         [19] 1708 	ld	h, -18 (ix)
    000009DC 71               [ 7] 1709 	ld	(hl), c
    000009DD 23               [ 6] 1710 	inc	hl
    000009DE 70               [ 7] 1711 	ld	(hl), b
    000009DF DD 6E EB         [19] 1712 	ld	l, -21 (ix)
    000009E2 DD 66 EC         [19] 1713 	ld	h, -20 (ix)
    000009E5 71               [ 7] 1714 	ld	(hl), c
    000009E6 23               [ 6] 1715 	inc	hl
    000009E7 70               [ 7] 1716 	ld	(hl), b
    000009E8                       1717 00190$:
                                   1718 ;E:\Dropbox\FAUSTO\SVILUPPI\MSX\CODE\C\MSXgl\projects\soccerlgMSX2/soccerlg_s9_b3.c:195: *game_state = 6; // Ferma il gioco per preparare il rinvio
    000009E8 DD 6E FD         [19] 1719 	ld	l, -3 (ix)
    000009EB DD 66 FE         [19] 1720 	ld	h, -2 (ix)
    000009EE 36 06            [10] 1721 	ld	(hl), #0x06
                                   1722 ;E:\Dropbox\FAUSTO\SVILUPPI\MSX\CODE\C\MSXgl\projects\soccerlgMSX2/soccerlg_s9_b3.c:196: Field.dy = 0;
    000009F0 21r12r00         [10] 1723 	ld	hl, #(_Field + 18)
    000009F3 36 00            [10] 1724 	ld	(hl), #0x00
                                   1725 ;E:\Dropbox\FAUSTO\SVILUPPI\MSX\CODE\C\MSXgl\projects\soccerlgMSX2/soccerlg_s9_b3.c:197: RestartType = RESTART_GKSAVE;
    000009F5 21r00r00         [10] 1726 	ld	hl, #_RestartType
    000009F8 36 04            [10] 1727 	ld	(hl), #0x04
                                   1728 ;E:\Dropbox\FAUSTO\SVILUPPI\MSX\CODE\C\MSXgl\projects\soccerlgMSX2/soccerlg_s9_b3.c:198: RestartSideX = SwSprite[gk_idx].lx;
    000009FA DD 6E F1         [19] 1729 	ld	l, -15 (ix)
    000009FD DD 66 F2         [19] 1730 	ld	h, -14 (ix)
    00000A00 7E               [ 7] 1731 	ld	a, (hl)
    00000A01 32r00r00         [13] 1732 	ld	(_RestartSideX+0), a
                                   1733 ;E:\Dropbox\FAUSTO\SVILUPPI\MSX\CODE\C\MSXgl\projects\soccerlgMSX2/soccerlg_s9_b3.c:199: RestartSideY = SwSprite[gk_idx].ly;
    00000A04 DD 6E F7         [19] 1734 	ld	l, -9 (ix)
    00000A07 DD 66 F8         [19] 1735 	ld	h, -8 (ix)
    00000A0A 7E               [ 7] 1736 	ld	a, (hl)
    00000A0B 23               [ 6] 1737 	inc	hl
    00000A0C 32r00r00         [13] 1738 	ld	(_RestartSideY+0), a
    00000A0F 7E               [ 7] 1739 	ld	a, (hl)
    00000A10 32r01r00         [13] 1740 	ld	(_RestartSideY+1), a
                                   1741 ;E:\Dropbox\FAUSTO\SVILUPPI\MSX\CODE\C\MSXgl\projects\soccerlgMSX2/soccerlg_s9_b3.c:200: Ball->anim = Ball->dx = Ball->dy = 0;
    00000A13 21r54r01         [10] 1742 	ld	hl, #(_SwSprite + 340)
    00000A16 36 00            [10] 1743 	ld	(hl), #0x00
    00000A18 21r53r01         [10] 1744 	ld	hl, #(_SwSprite + 339)
    00000A1B 36 00            [10] 1745 	ld	(hl), #0x00
    00000A1D 21 00 00         [10] 1746 	ld	hl, #0x0000
    00000A20 22r55r01         [16] 1747 	ld	((_SwSprite + 341)), hl
                                   1748 ;E:\Dropbox\FAUSTO\SVILUPPI\MSX\CODE\C\MSXgl\projects\soccerlgMSX2/soccerlg_s9_b3.c:201: Ball->frame = SPR_BALL_SIZE_1; // Forza la dimensione a terra
    00000A23 2E 60            [ 7] 1749 	ld	l, #0x60
    00000A25 22r51r01         [16] 1750 	ld	((_SwSprite + 337)), hl
                                   1751 ;E:\Dropbox\FAUSTO\SVILUPPI\MSX\CODE\C\MSXgl\projects\soccerlgMSX2/soccerlg_s9_b3.c:202: Ball->lx = SwSprite[gk_idx].lx; // Teletrasporta la palla sulle braccia del portiere
    00000A28 DD 6E F1         [19] 1752 	ld	l, -15 (ix)
    00000A2B DD 66 F2         [19] 1753 	ld	h, -14 (ix)
    00000A2E 7E               [ 7] 1754 	ld	a, (hl)
    00000A2F 32r42r01         [13] 1755 	ld	(#(_SwSprite + 322)),a
                                   1756 ;E:\Dropbox\FAUSTO\SVILUPPI\MSX\CODE\C\MSXgl\projects\soccerlgMSX2/soccerlg_s9_b3.c:203: Ball->ly = SwSprite[gk_idx].ly;
    00000A32 DD 6E F7         [19] 1757 	ld	l, -9 (ix)
    00000A35 DD 66 F8         [19] 1758 	ld	h, -8 (ix)
    00000A38 4E               [ 7] 1759 	ld	c, (hl)
    00000A39 23               [ 6] 1760 	inc	hl
    00000A3A 46               [ 7] 1761 	ld	b, (hl)
    00000A3B ED 43r46r01      [20] 1762 	ld	((_SwSprite + 326)), bc
                                   1763 ;E:\Dropbox\FAUSTO\SVILUPPI\MSX\CODE\C\MSXgl\projects\soccerlgMSX2/soccerlg_s9_b3.c:204: T1_Carrier = T2_Carrier = 0xFF;
    00000A3F 21r00r00         [10] 1764 	ld	hl, #_T2_Carrier
    00000A42 36 FF            [10] 1765 	ld	(hl), #0xff
    00000A44 21r00r00         [10] 1766 	ld	hl, #_T1_Carrier
    00000A47 36 FF            [10] 1767 	ld	(hl), #0xff
                                   1768 ;E:\Dropbox\FAUSTO\SVILUPPI\MSX\CODE\C\MSXgl\projects\soccerlgMSX2/soccerlg_s9_b3.c:205: TimerEnabled = FALSE;
    00000A49 21r00r00         [10] 1769 	ld	hl, #_TimerEnabled
    00000A4C 36 00            [10] 1770 	ld	(hl), #0x00
                                   1771 ;E:\Dropbox\FAUSTO\SVILUPPI\MSX\CODE\C\MSXgl\projects\soccerlgMSX2/soccerlg_s9_b3.c:206: g_scc_resume_timer = 120; // Ripristina l'audio dopo 2 secondi
    00000A4E FD 21r00r00      [14] 1772 	ld	iy, #_g_scc_resume_timer
    00000A52 FD 36 00 78      [19] 1773 	ld	0 (iy), #0x78
                                   1774 ;E:\Dropbox\FAUSTO\SVILUPPI\MSX\CODE\C\MSXgl\projects\soccerlgMSX2/soccerlg_s9_b3.c:207: *wait_secs = 1; *start_sec = 0; // start_sec=0: la pausa scade al frame successivo (nessun freeze)
    00000A56 DD 6E FB         [19] 1775 	ld	l, -5 (ix)
    00000A59 DD 66 FC         [19] 1776 	ld	h, -4 (ix)
    00000A5C 36 01            [10] 1777 	ld	(hl), #0x01
    00000A5E DD 4E 04         [19] 1778 	ld	c, 4 (ix)
    00000A61 DD 46 05         [19] 1779 	ld	b, 5 (ix)
    00000A64 AF               [ 4] 1780 	xor	a, a
    00000A65 02               [ 7] 1781 	ld	(bc), a
                                   1782 ;E:\Dropbox\FAUSTO\SVILUPPI\MSX\CODE\C\MSXgl\projects\soccerlgMSX2/soccerlg_s9_b3.c:208: return; // Esci dall'update per avviare la routine di pausa e ripresa
    00000A66 C3rF8r1F         [10] 1783 	jp	00425$
    00000A69                       1784 00194$:
                                   1785 ;E:\Dropbox\FAUSTO\SVILUPPI\MSX\CODE\C\MSXgl\projects\soccerlgMSX2/soccerlg_s9_b3.c:158: for (u8 g = 0; g < 2; g++) {
    00000A69 DD 34 FF         [23] 1786 	inc	-1 (ix)
    00000A6C C3r53r07         [10] 1787 	jp	00419$
    00000A6F                       1788 00195$:
                                   1789 ;E:\Dropbox\FAUSTO\SVILUPPI\MSX\CODE\C\MSXgl\projects\soccerlgMSX2/soccerlg_s9_b3.c:213: CallFnc_VOID(SEG_GAMESTATE_8, UpdateBallPhysics);
    00000A6F 11r00r00         [10] 1790 	ld	de, #_UpdateBallPhysics
    00000A72 3E 12            [ 7] 1791 	ld	a, #0x12
    00000A74 CDr00r00         [17] 1792 	call	_CallFnc_VOID
                                   1793 ;E:\Dropbox\FAUSTO\SVILUPPI\MSX\CODE\C\MSXgl\projects\soccerlgMSX2/soccerlg_s9_b3.c:222: if (g_pass_receiver & 0x80) {
    00000A77 3Ar00r00         [13] 1794 	ld	a, (_g_pass_receiver+0)
    00000A7A 4F               [ 4] 1795 	ld	c, a
                                   1796 ;E:\Dropbox\FAUSTO\SVILUPPI\MSX\CODE\C\MSXgl\projects\soccerlgMSX2/soccerlg_s9_b3.c:200: Ball->anim = Ball->dx = Ball->dy = 0;
                                   1797 ;E:\Dropbox\FAUSTO\SVILUPPI\MSX\CODE\C\MSXgl\projects\soccerlgMSX2/soccerlg_s9_b3.c:222: if (g_pass_receiver & 0x80) {
    00000A7B CB 79            [ 8] 1798 	bit	7, c
    00000A7D CAr3Er0C         [10] 1799 	jp	Z,00212$
                                   1800 ;E:\Dropbox\FAUSTO\SVILUPPI\MSX\CODE\C\MSXgl\projects\soccerlgMSX2/soccerlg_s9_b3.c:223: u8 rec = g_pass_receiver & 0x7F;
    00000A80 CB B9            [ 8] 1801 	res	7, c
                                   1802 ;E:\Dropbox\FAUSTO\SVILUPPI\MSX\CODE\C\MSXgl\projects\soccerlgMSX2/soccerlg_s9_b3.c:224: if (rec >= 14) {
    00000A82 79               [ 4] 1803 	ld	a, c
    00000A83 D6 0E            [ 7] 1804 	sub	a, #0x0e
    00000A85 38 08            [12] 1805 	jr	C, 00209$
                                   1806 ;E:\Dropbox\FAUSTO\SVILUPPI\MSX\CODE\C\MSXgl\projects\soccerlgMSX2/soccerlg_s9_b3.c:226: g_pass_receiver = 0xFF;
    00000A87 21r00r00         [10] 1807 	ld	hl, #_g_pass_receiver
    00000A8A 36 FF            [10] 1808 	ld	(hl), #0xff
    00000A8C C3r3Er0C         [10] 1809 	jp	00212$
    00000A8F                       1810 00209$:
                                   1811 ;E:\Dropbox\FAUSTO\SVILUPPI\MSX\CODE\C\MSXgl\projects\soccerlgMSX2/soccerlg_s9_b3.c:228: u8 pass_team = (rec < 7) ? TEAM_1 : TEAM_2;
    00000A8F 79               [ 4] 1812 	ld	a, c
    00000A90 D6 07            [ 7] 1813 	sub	a, #0x07
    00000A92 30 06            [12] 1814 	jr	NC, 00467$
    00000A94 11 00 00         [10] 1815 	ld	de, #0x0000
    00000A97 C3r9Dr0A         [10] 1816 	jp	00468$
    00000A9A                       1817 00467$:
    00000A9A 11 01 00         [10] 1818 	ld	de, #0x0001
    00000A9D                       1819 00468$:
                                   1820 ;E:\Dropbox\FAUSTO\SVILUPPI\MSX\CODE\C\MSXgl\projects\soccerlgMSX2/soccerlg_s9_b3.c:230: if (LastTouchTeam != 0xFF && LastTouchTeam != pass_team) {
    00000A9D 3Ar00r00         [13] 1821 	ld	a, (_LastTouchTeam+0)
    00000AA0 3C               [ 4] 1822 	inc	a
    00000AA1 28 0E            [12] 1823 	jr	Z, 00205$
    00000AA3 3Ar00r00         [13] 1824 	ld	a, (_LastTouchTeam+0)
    00000AA6 93               [ 4] 1825 	sub	a, e
    00000AA7 28 08            [12] 1826 	jr	Z, 00205$
                                   1827 ;E:\Dropbox\FAUSTO\SVILUPPI\MSX\CODE\C\MSXgl\projects\soccerlgMSX2/soccerlg_s9_b3.c:231: g_pass_receiver = 0xFF; // Intercettata dagli avversari: annulla offside
    00000AA9 21r00r00         [10] 1828 	ld	hl, #_g_pass_receiver
    00000AAC 36 FF            [10] 1829 	ld	(hl), #0xff
    00000AAE C3r3Er0C         [10] 1830 	jp	00212$
    00000AB1                       1831 00205$:
                                   1832 ;E:\Dropbox\FAUSTO\SVILUPPI\MSX\CODE\C\MSXgl\projects\soccerlgMSX2/soccerlg_s9_b3.c:232: } else if (Ball->anim == 5) {
    00000AB1 2Ar55r01         [16] 1833 	ld	hl, (#(_SwSprite + 341) + 0)
    00000AB4 7D               [ 4] 1834 	ld	a, l
    00000AB5 D6 05            [ 7] 1835 	sub	a, #0x05
    00000AB7 B4               [ 4] 1836 	or	a, h
    00000AB8 20 75            [12] 1837 	jr	NZ, 00202$
                                   1838 ;E:\Dropbox\FAUSTO\SVILUPPI\MSX\CODE\C\MSXgl\projects\soccerlgMSX2/soccerlg_s9_b3.c:234: *game_state = 6;
    00000ABA DD 6E FD         [19] 1839 	ld	l, -3 (ix)
    00000ABD DD 66 FE         [19] 1840 	ld	h, -2 (ix)
    00000AC0 36 06            [10] 1841 	ld	(hl), #0x06
                                   1842 ;E:\Dropbox\FAUSTO\SVILUPPI\MSX\CODE\C\MSXgl\projects\soccerlgMSX2/soccerlg_s9_b3.c:235: RestartType = RESTART_OFFSIDE;
    00000AC2 21r00r00         [10] 1843 	ld	hl, #_RestartType
    00000AC5 36 07            [10] 1844 	ld	(hl), #0x07
                                   1845 ;E:\Dropbox\FAUSTO\SVILUPPI\MSX\CODE\C\MSXgl\projects\soccerlgMSX2/soccerlg_s9_b3.c:236: RestartSideX = (u8)g_pass_target_x;
    00000AC7 3Ar00r00         [13] 1846 	ld	a, (_g_pass_target_x+0)
    00000ACA 32r00r00         [13] 1847 	ld	(_RestartSideX+0), a
                                   1848 ;E:\Dropbox\FAUSTO\SVILUPPI\MSX\CODE\C\MSXgl\projects\soccerlgMSX2/soccerlg_s9_b3.c:237: RestartSideY = g_pass_target_y;
    00000ACD 2Ar00r00         [16] 1849 	ld	hl, (_g_pass_target_y)
    00000AD0 22r00r00         [16] 1850 	ld	(_RestartSideY), hl
                                   1851 ;E:\Dropbox\FAUSTO\SVILUPPI\MSX\CODE\C\MSXgl\projects\soccerlgMSX2/soccerlg_s9_b3.c:238: CallFnc_VOID(SEG_EVENTS, EventOffside);
    00000AD3 11r00r00         [10] 1852 	ld	de, #_EventOffside
    00000AD6 3E 08            [ 7] 1853 	ld	a, #0x08
    00000AD8 CDr00r00         [17] 1854 	call	_CallFnc_VOID
                                   1855 ;E:\Dropbox\FAUSTO\SVILUPPI\MSX\CODE\C\MSXgl\projects\soccerlgMSX2/soccerlg_s9_b3.c:239: Ball->anim = Ball->dx = Ball->dy = 0;
    00000ADB 21r54r01         [10] 1856 	ld	hl, #(_SwSprite + 340)
    00000ADE 36 00            [10] 1857 	ld	(hl), #0x00
    00000AE0 21r53r01         [10] 1858 	ld	hl, #(_SwSprite + 339)
    00000AE3 36 00            [10] 1859 	ld	(hl), #0x00
    00000AE5 21 00 00         [10] 1860 	ld	hl, #0x0000
    00000AE8 22r55r01         [16] 1861 	ld	((_SwSprite + 341)), hl
                                   1862 ;E:\Dropbox\FAUSTO\SVILUPPI\MSX\CODE\C\MSXgl\projects\soccerlgMSX2/soccerlg_s9_b3.c:240: Ball->lx = g_pass_target_x;
    00000AEB 3Ar00r00         [13] 1863 	ld	a, (_g_pass_target_x+0)
    00000AEE 32r42r01         [13] 1864 	ld	(#(_SwSprite + 322)),a
                                   1865 ;E:\Dropbox\FAUSTO\SVILUPPI\MSX\CODE\C\MSXgl\projects\soccerlgMSX2/soccerlg_s9_b3.c:241: Ball->ly = g_pass_target_y;
    00000AF1 21r46r01         [10] 1866 	ld	hl, #(_SwSprite + 326)
    00000AF4 3Ar00r00         [13] 1867 	ld	a, (_g_pass_target_y+0)
    00000AF7 77               [ 7] 1868 	ld	(hl), a
    00000AF8 23               [ 6] 1869 	inc	hl
    00000AF9 3Ar01r00         [13] 1870 	ld	a, (_g_pass_target_y+1)
    00000AFC 77               [ 7] 1871 	ld	(hl), a
                                   1872 ;E:\Dropbox\FAUSTO\SVILUPPI\MSX\CODE\C\MSXgl\projects\soccerlgMSX2/soccerlg_s9_b3.c:242: Ball->frame = SPR_BALL_SIZE_1;
    00000AFD 21 60 00         [10] 1873 	ld	hl, #0x0060
    00000B00 22r51r01         [16] 1874 	ld	((_SwSprite + 337)), hl
                                   1875 ;E:\Dropbox\FAUSTO\SVILUPPI\MSX\CODE\C\MSXgl\projects\soccerlgMSX2/soccerlg_s9_b3.c:243: T1_Carrier = T2_Carrier = 0xFF;
    00000B03 21r00r00         [10] 1876 	ld	hl, #_T2_Carrier
    00000B06 36 FF            [10] 1877 	ld	(hl), #0xff
    00000B08 21r00r00         [10] 1878 	ld	hl, #_T1_Carrier
    00000B0B 36 FF            [10] 1879 	ld	(hl), #0xff
                                   1880 ;E:\Dropbox\FAUSTO\SVILUPPI\MSX\CODE\C\MSXgl\projects\soccerlgMSX2/soccerlg_s9_b3.c:244: g_pass_receiver = 0xFF;
    00000B0D 21r00r00         [10] 1881 	ld	hl, #_g_pass_receiver
    00000B10 36 FF            [10] 1882 	ld	(hl), #0xff
                                   1883 ;E:\Dropbox\FAUSTO\SVILUPPI\MSX\CODE\C\MSXgl\projects\soccerlgMSX2/soccerlg_s9_b3.c:245: TimerEnabled = FALSE;
    00000B12 FD 21r00r00      [14] 1884 	ld	iy, #_TimerEnabled
    00000B16 FD 36 00 00      [19] 1885 	ld	0 (iy), #0x00
                                   1886 ;E:\Dropbox\FAUSTO\SVILUPPI\MSX\CODE\C\MSXgl\projects\soccerlgMSX2/soccerlg_s9_b3.c:246: *wait_secs = 2; *start_sec = Frms;
    00000B1A DD 6E FB         [19] 1887 	ld	l, -5 (ix)
    00000B1D DD 66 FC         [19] 1888 	ld	h, -4 (ix)
    00000B20 36 02            [10] 1889 	ld	(hl), #0x02
    00000B22 DD 4E 04         [19] 1890 	ld	c, 4 (ix)
    00000B25 DD 46 05         [19] 1891 	ld	b, 5 (ix)
    00000B28 3Ar00r00         [13] 1892 	ld	a, (_Frms+0)
    00000B2B 02               [ 7] 1893 	ld	(bc), a
                                   1894 ;E:\Dropbox\FAUSTO\SVILUPPI\MSX\CODE\C\MSXgl\projects\soccerlgMSX2/soccerlg_s9_b3.c:247: return;
    00000B2C C3rF8r1F         [10] 1895 	jp	00425$
    00000B2F                       1896 00202$:
                                   1897 ;E:\Dropbox\FAUSTO\SVILUPPI\MSX\CODE\C\MSXgl\projects\soccerlgMSX2/soccerlg_s9_b3.c:248: } else if (Ball->anim < 5) {
    00000B2F 11 05 00         [10] 1898 	ld	de, #0x0005
    00000B32 BF               [ 4] 1899 	cp	a, a
    00000B33 ED 52            [15] 1900 	sbc	hl, de
    00000B35 D2r3Er0C         [10] 1901 	jp	NC, 00212$
                                   1902 ;E:\Dropbox\FAUSTO\SVILUPPI\MSX\CODE\C\MSXgl\projects\soccerlgMSX2/soccerlg_s9_b3.c:250: u16 dist_x = (SwSprite[rec].lx > Ball->lx) ? (SwSprite[rec].lx - Ball->lx) : (Ball->lx - SwSprite[rec].lx);
    00000B38 06 00            [ 7] 1903 	ld	b, #0x00
    00000B3A 69               [ 4] 1904 	ld	l, c
    00000B3B 60               [ 4] 1905 	ld	h, b
    00000B3C 29               [11] 1906 	add	hl, hl
    00000B3D 29               [11] 1907 	add	hl, hl
    00000B3E 09               [11] 1908 	add	hl, bc
    00000B3F 29               [11] 1909 	add	hl, hl
    00000B40 09               [11] 1910 	add	hl, bc
    00000B41 29               [11] 1911 	add	hl, hl
    00000B42 09               [11] 1912 	add	hl, bc
    00000B43 EB               [ 4] 1913 	ex	de, hl
    00000B44 21r00r00         [10] 1914 	ld	hl, #_SwSprite
    00000B47 19               [11] 1915 	add	hl, de
    00000B48 EB               [ 4] 1916 	ex	de, hl
    00000B49 1A               [ 7] 1917 	ld	a, (de)
    00000B4A 4F               [ 4] 1918 	ld	c, a
    00000B4B 21r42r01         [10] 1919 	ld	hl, #(_SwSprite + 322)
    00000B4E 46               [ 7] 1920 	ld	b, (hl)
    00000B4F 69               [ 4] 1921 	ld	l, c
                                   1922 ;	spillPairReg hl
                                   1923 ;	spillPairReg hl
    00000B50 26 00            [ 7] 1924 	ld	h, #0x00
                                   1925 ;	spillPairReg hl
                                   1926 ;	spillPairReg hl
    00000B52 DD 70 F7         [19] 1927 	ld	-9 (ix), b
    00000B55 DD 36 F8 00      [19] 1928 	ld	-8 (ix), #0x00
    00000B59 78               [ 4] 1929 	ld	a, b
    00000B5A 91               [ 4] 1930 	sub	a, c
    00000B5B 30 11            [12] 1931 	jr	NC, 00469$
    00000B5D 7D               [ 4] 1932 	ld	a, l
    00000B5E DD 96 F7         [19] 1933 	sub	a, -9 (ix)
    00000B61 DD 77 F9         [19] 1934 	ld	-7 (ix), a
    00000B64 7C               [ 4] 1935 	ld	a, h
    00000B65 DD 9E F8         [19] 1936 	sbc	a, -8 (ix)
    00000B68 DD 77 FA         [19] 1937 	ld	-6 (ix), a
    00000B6B C3r7Cr0B         [10] 1938 	jp	00470$
    00000B6E                       1939 00469$:
    00000B6E DD 7E F7         [19] 1940 	ld	a, -9 (ix)
    00000B71 95               [ 4] 1941 	sub	a, l
    00000B72 DD 77 F9         [19] 1942 	ld	-7 (ix), a
    00000B75 DD 7E F8         [19] 1943 	ld	a, -8 (ix)
    00000B78 9C               [ 4] 1944 	sbc	a, h
    00000B79 DD 77 FA         [19] 1945 	ld	-6 (ix), a
    00000B7C                       1946 00470$:
    00000B7C DD 7E F9         [19] 1947 	ld	a, -7 (ix)
    00000B7F DD 77 F5         [19] 1948 	ld	-11 (ix), a
    00000B82 DD 7E FA         [19] 1949 	ld	a, -6 (ix)
    00000B85 DD 77 F6         [19] 1950 	ld	-10 (ix), a
                                   1951 ;E:\Dropbox\FAUSTO\SVILUPPI\MSX\CODE\C\MSXgl\projects\soccerlgMSX2/soccerlg_s9_b3.c:251: u16 dist_y = (SwSprite[rec].ly > Ball->ly) ? (SwSprite[rec].ly - Ball->ly) : (Ball->ly - SwSprite[rec].ly);
    00000B88 21 04 00         [10] 1952 	ld	hl, #0x0004
    00000B8B 19               [11] 1953 	add	hl, de
    00000B8C DD 75 F7         [19] 1954 	ld	-9 (ix), l
    00000B8F DD 74 F8         [19] 1955 	ld	-8 (ix), h
    00000B92 7E               [ 7] 1956 	ld	a, (hl)
    00000B93 DD 77 F9         [19] 1957 	ld	-7 (ix), a
    00000B96 23               [ 6] 1958 	inc	hl
    00000B97 7E               [ 7] 1959 	ld	a, (hl)
    00000B98 DD 77 FA         [19] 1960 	ld	-6 (ix), a
    00000B9B ED 4Br46r01      [20] 1961 	ld	bc, (#(_SwSprite + 326) + 0)
    00000B9F 79               [ 4] 1962 	ld	a, c
    00000BA0 DD 96 F9         [19] 1963 	sub	a, -7 (ix)
    00000BA3 78               [ 4] 1964 	ld	a, b
    00000BA4 DD 9E FA         [19] 1965 	sbc	a, -6 (ix)
    00000BA7 30 0C            [12] 1966 	jr	NC, 00471$
    00000BA9 DD 7E F9         [19] 1967 	ld	a, -7 (ix)
    00000BAC 91               [ 4] 1968 	sub	a, c
    00000BAD 4F               [ 4] 1969 	ld	c, a
    00000BAE DD 7E FA         [19] 1970 	ld	a, -6 (ix)
    00000BB1 98               [ 4] 1971 	sbc	a, b
    00000BB2 C3rBEr0B         [10] 1972 	jp	00472$
    00000BB5                       1973 00471$:
    00000BB5 79               [ 4] 1974 	ld	a, c
    00000BB6 DD 96 F9         [19] 1975 	sub	a, -7 (ix)
    00000BB9 4F               [ 4] 1976 	ld	c, a
    00000BBA 78               [ 4] 1977 	ld	a, b
    00000BBB DD 9E FA         [19] 1978 	sbc	a, -6 (ix)
    00000BBE                       1979 00472$:
    00000BBE 47               [ 4] 1980 	ld	b, a
                                   1981 ;E:\Dropbox\FAUSTO\SVILUPPI\MSX\CODE\C\MSXgl\projects\soccerlgMSX2/soccerlg_s9_b3.c:252: if (dist_x <= 20 && dist_y <= 20) {
    00000BBF DD 6E F5         [19] 1982 	ld	l, -11 (ix)
                                   1983 ;	spillPairReg hl
                                   1984 ;	spillPairReg hl
    00000BC2 DD 66 F6         [19] 1985 	ld	h, -10 (ix)
                                   1986 ;	spillPairReg hl
                                   1987 ;	spillPairReg hl
    00000BC5 3E 14            [ 7] 1988 	ld	a, #0x14
    00000BC7 BD               [ 4] 1989 	cp	a, l
    00000BC8 3E 00            [ 7] 1990 	ld	a, #0x00
    00000BCA 9C               [ 4] 1991 	sbc	a, h
    00000BCB 38 71            [12] 1992 	jr	C, 00212$
    00000BCD 3E 14            [ 7] 1993 	ld	a, #0x14
    00000BCF B9               [ 4] 1994 	cp	a, c
    00000BD0 3E 00            [ 7] 1995 	ld	a, #0x00
    00000BD2 98               [ 4] 1996 	sbc	a, b
    00000BD3 38 69            [12] 1997 	jr	C, 00212$
                                   1998 ;E:\Dropbox\FAUSTO\SVILUPPI\MSX\CODE\C\MSXgl\projects\soccerlgMSX2/soccerlg_s9_b3.c:253: *game_state = 6;
    00000BD5 DD 6E FD         [19] 1999 	ld	l, -3 (ix)
    00000BD8 DD 66 FE         [19] 2000 	ld	h, -2 (ix)
    00000BDB 36 06            [10] 2001 	ld	(hl), #0x06
                                   2002 ;E:\Dropbox\FAUSTO\SVILUPPI\MSX\CODE\C\MSXgl\projects\soccerlgMSX2/soccerlg_s9_b3.c:254: RestartType = RESTART_OFFSIDE;
    00000BDD 21r00r00         [10] 2003 	ld	hl, #_RestartType
    00000BE0 36 07            [10] 2004 	ld	(hl), #0x07
                                   2005 ;E:\Dropbox\FAUSTO\SVILUPPI\MSX\CODE\C\MSXgl\projects\soccerlgMSX2/soccerlg_s9_b3.c:255: RestartSideX = SwSprite[rec].lx;
    00000BE2 1A               [ 7] 2006 	ld	a, (de)
    00000BE3 32r00r00         [13] 2007 	ld	(_RestartSideX+0), a
                                   2008 ;E:\Dropbox\FAUSTO\SVILUPPI\MSX\CODE\C\MSXgl\projects\soccerlgMSX2/soccerlg_s9_b3.c:256: RestartSideY = SwSprite[rec].ly;
    00000BE6 DD 6E F7         [19] 2009 	ld	l, -9 (ix)
    00000BE9 DD 66 F8         [19] 2010 	ld	h, -8 (ix)
    00000BEC 7E               [ 7] 2011 	ld	a, (hl)
    00000BED 23               [ 6] 2012 	inc	hl
    00000BEE 32r00r00         [13] 2013 	ld	(_RestartSideY+0), a
    00000BF1 7E               [ 7] 2014 	ld	a, (hl)
    00000BF2 32r01r00         [13] 2015 	ld	(_RestartSideY+1), a
                                   2016 ;E:\Dropbox\FAUSTO\SVILUPPI\MSX\CODE\C\MSXgl\projects\soccerlgMSX2/soccerlg_s9_b3.c:257: CallFnc_VOID(SEG_EVENTS, EventOffside);
    00000BF5 11r00r00         [10] 2017 	ld	de, #_EventOffside
    00000BF8 3E 08            [ 7] 2018 	ld	a, #0x08
    00000BFA CDr00r00         [17] 2019 	call	_CallFnc_VOID
                                   2020 ;E:\Dropbox\FAUSTO\SVILUPPI\MSX\CODE\C\MSXgl\projects\soccerlgMSX2/soccerlg_s9_b3.c:258: Ball->anim = Ball->dx = Ball->dy = 0;
    00000BFD 21r54r01         [10] 2021 	ld	hl, #(_SwSprite + 340)
    00000C00 36 00            [10] 2022 	ld	(hl), #0x00
    00000C02 21r53r01         [10] 2023 	ld	hl, #(_SwSprite + 339)
    00000C05 36 00            [10] 2024 	ld	(hl), #0x00
    00000C07 21 00 00         [10] 2025 	ld	hl, #0x0000
    00000C0A 22r55r01         [16] 2026 	ld	((_SwSprite + 341)), hl
                                   2027 ;E:\Dropbox\FAUSTO\SVILUPPI\MSX\CODE\C\MSXgl\projects\soccerlgMSX2/soccerlg_s9_b3.c:259: Ball->frame = SPR_BALL_SIZE_1;
    00000C0D 2E 60            [ 7] 2028 	ld	l, #0x60
    00000C0F 22r51r01         [16] 2029 	ld	((_SwSprite + 337)), hl
                                   2030 ;E:\Dropbox\FAUSTO\SVILUPPI\MSX\CODE\C\MSXgl\projects\soccerlgMSX2/soccerlg_s9_b3.c:260: T1_Carrier = T2_Carrier = 0xFF;
    00000C12 21r00r00         [10] 2031 	ld	hl, #_T2_Carrier
    00000C15 36 FF            [10] 2032 	ld	(hl), #0xff
    00000C17 21r00r00         [10] 2033 	ld	hl, #_T1_Carrier
    00000C1A 36 FF            [10] 2034 	ld	(hl), #0xff
                                   2035 ;E:\Dropbox\FAUSTO\SVILUPPI\MSX\CODE\C\MSXgl\projects\soccerlgMSX2/soccerlg_s9_b3.c:261: g_pass_receiver = 0xFF;
    00000C1C 21r00r00         [10] 2036 	ld	hl, #_g_pass_receiver
    00000C1F 36 FF            [10] 2037 	ld	(hl), #0xff
                                   2038 ;E:\Dropbox\FAUSTO\SVILUPPI\MSX\CODE\C\MSXgl\projects\soccerlgMSX2/soccerlg_s9_b3.c:262: TimerEnabled = FALSE;
    00000C21 FD 21r00r00      [14] 2039 	ld	iy, #_TimerEnabled
    00000C25 FD 36 00 00      [19] 2040 	ld	0 (iy), #0x00
                                   2041 ;E:\Dropbox\FAUSTO\SVILUPPI\MSX\CODE\C\MSXgl\projects\soccerlgMSX2/soccerlg_s9_b3.c:263: *wait_secs = 2; *start_sec = Frms;
    00000C29 DD 6E FB         [19] 2042 	ld	l, -5 (ix)
    00000C2C DD 66 FC         [19] 2043 	ld	h, -4 (ix)
    00000C2F 36 02            [10] 2044 	ld	(hl), #0x02
    00000C31 DD 4E 04         [19] 2045 	ld	c, 4 (ix)
    00000C34 DD 46 05         [19] 2046 	ld	b, 5 (ix)
    00000C37 3Ar00r00         [13] 2047 	ld	a, (_Frms+0)
    00000C3A 02               [ 7] 2048 	ld	(bc), a
                                   2049 ;E:\Dropbox\FAUSTO\SVILUPPI\MSX\CODE\C\MSXgl\projects\soccerlgMSX2/soccerlg_s9_b3.c:264: return;
    00000C3B C3rF8r1F         [10] 2050 	jp	00425$
    00000C3E                       2051 00212$:
                                   2052 ;E:\Dropbox\FAUSTO\SVILUPPI\MSX\CODE\C\MSXgl\projects\soccerlgMSX2/soccerlg_s9_b3.c:270: g_is_ball_carried = FALSE;
    00000C3E FD 21r00r00      [14] 2053 	ld	iy, #_g_is_ball_carried
    00000C42 FD 36 00 00      [19] 2054 	ld	0 (iy), #0x00
                                   2055 ;E:\Dropbox\FAUSTO\SVILUPPI\MSX\CODE\C\MSXgl\projects\soccerlgMSX2/soccerlg_s9_b3.c:271: if (LastTouchPlayer != 0xFF && Ball->anim < 5) {
    00000C46 3Ar00r00         [13] 2056 	ld	a, (_LastTouchPlayer+0)
    00000C49 3C               [ 4] 2057 	inc	a
    00000C4A CArD9r0C         [10] 2058 	jp	Z,00217$
    00000C4D 2Ar55r01         [16] 2059 	ld	hl, (#(_SwSprite + 341) + 0)
    00000C50 11 05 00         [10] 2060 	ld	de, #0x0005
    00000C53 BF               [ 4] 2061 	cp	a, a
    00000C54 ED 52            [15] 2062 	sbc	hl, de
    00000C56 D2rD9r0C         [10] 2063 	jp	NC, 00217$
                                   2064 ;E:\Dropbox\FAUSTO\SVILUPPI\MSX\CODE\C\MSXgl\projects\soccerlgMSX2/soccerlg_s9_b3.c:272: u16 c_dist_x = (SwSprite[LastTouchPlayer].lx > Ball->lx) ? (SwSprite[LastTouchPlayer].lx - Ball->lx) : (Ball->lx - SwSprite[LastTouchPlayer].lx);
    00000C59 ED 4Br00r00      [20] 2065 	ld	bc, (_LastTouchPlayer)
    00000C5D 06 00            [ 7] 2066 	ld	b, #0x00
    00000C5F 69               [ 4] 2067 	ld	l, c
    00000C60 60               [ 4] 2068 	ld	h, b
    00000C61 29               [11] 2069 	add	hl, hl
    00000C62 29               [11] 2070 	add	hl, hl
    00000C63 09               [11] 2071 	add	hl, bc
    00000C64 29               [11] 2072 	add	hl, hl
    00000C65 09               [11] 2073 	add	hl, bc
    00000C66 29               [11] 2074 	add	hl, hl
    00000C67 09               [11] 2075 	add	hl, bc
    00000C68 11r00r00         [10] 2076 	ld	de, #_SwSprite
    00000C6B 19               [11] 2077 	add	hl, de
    00000C6C DD 75 F7         [19] 2078 	ld	-9 (ix), l
    00000C6F DD 74 F8         [19] 2079 	ld	-8 (ix), h
    00000C72 5E               [ 7] 2080 	ld	e, (hl)
    00000C73 21r42r01         [10] 2081 	ld	hl, #(_SwSprite + 322)
    00000C76 56               [ 7] 2082 	ld	d, (hl)
    00000C77 4B               [ 4] 2083 	ld	c, e
    00000C78 06 00            [ 7] 2084 	ld	b, #0x00
    00000C7A 6A               [ 4] 2085 	ld	l, d
                                   2086 ;	spillPairReg hl
                                   2087 ;	spillPairReg hl
    00000C7B 26 00            [ 7] 2088 	ld	h, #0x00
                                   2089 ;	spillPairReg hl
                                   2090 ;	spillPairReg hl
    00000C7D 7A               [ 4] 2091 	ld	a, d
    00000C7E 93               [ 4] 2092 	sub	a, e
    00000C7F 30 09            [12] 2093 	jr	NC, 00473$
    00000C81 79               [ 4] 2094 	ld	a, c
    00000C82 95               [ 4] 2095 	sub	a, l
    00000C83 4F               [ 4] 2096 	ld	c, a
    00000C84 78               [ 4] 2097 	ld	a, b
    00000C85 9C               [ 4] 2098 	sbc	a, h
    00000C86 47               [ 4] 2099 	ld	b, a
    00000C87 C3r90r0C         [10] 2100 	jp	00474$
    00000C8A                       2101 00473$:
    00000C8A 7D               [ 4] 2102 	ld	a, l
    00000C8B 91               [ 4] 2103 	sub	a, c
    00000C8C 4F               [ 4] 2104 	ld	c, a
    00000C8D 7C               [ 4] 2105 	ld	a, h
    00000C8E 98               [ 4] 2106 	sbc	a, b
    00000C8F 47               [ 4] 2107 	ld	b, a
    00000C90                       2108 00474$:
    00000C90 DD 71 F9         [19] 2109 	ld	-7 (ix), c
    00000C93 DD 70 FA         [19] 2110 	ld	-6 (ix), b
                                   2111 ;E:\Dropbox\FAUSTO\SVILUPPI\MSX\CODE\C\MSXgl\projects\soccerlgMSX2/soccerlg_s9_b3.c:273: u16 c_dist_y = (SwSprite[LastTouchPlayer].ly > Ball->ly) ? (SwSprite[LastTouchPlayer].ly - Ball->ly) : (Ball->ly - SwSprite[LastTouchPlayer].ly);
    00000C96 DD 4E F7         [19] 2112 	ld	c, -9 (ix)
    00000C99 DD 46 F8         [19] 2113 	ld	b, -8 (ix)
    00000C9C 21 04 00         [10] 2114 	ld	hl, #4
    00000C9F 09               [11] 2115 	add	hl, bc
    00000CA0 4E               [ 7] 2116 	ld	c, (hl)
    00000CA1 23               [ 6] 2117 	inc	hl
    00000CA2 46               [ 7] 2118 	ld	b, (hl)
    00000CA3 ED 5Br46r01      [20] 2119 	ld	de, (#(_SwSprite + 326) + 0)
    00000CA7 7B               [ 4] 2120 	ld	a, e
    00000CA8 91               [ 4] 2121 	sub	a, c
    00000CA9 7A               [ 4] 2122 	ld	a, d
    00000CAA 98               [ 4] 2123 	sbc	a, b
    00000CAB 30 08            [12] 2124 	jr	NC, 00475$
    00000CAD 79               [ 4] 2125 	ld	a, c
    00000CAE 93               [ 4] 2126 	sub	a, e
    00000CAF 4F               [ 4] 2127 	ld	c, a
    00000CB0 78               [ 4] 2128 	ld	a, b
    00000CB1 9A               [ 4] 2129 	sbc	a, d
    00000CB2 C3rBAr0C         [10] 2130 	jp	00476$
    00000CB5                       2131 00475$:
    00000CB5 7B               [ 4] 2132 	ld	a, e
    00000CB6 91               [ 4] 2133 	sub	a, c
    00000CB7 4F               [ 4] 2134 	ld	c, a
    00000CB8 7A               [ 4] 2135 	ld	a, d
    00000CB9 98               [ 4] 2136 	sbc	a, b
    00000CBA                       2137 00476$:
    00000CBA 47               [ 4] 2138 	ld	b, a
                                   2139 ;E:\Dropbox\FAUSTO\SVILUPPI\MSX\CODE\C\MSXgl\projects\soccerlgMSX2/soccerlg_s9_b3.c:274: if (c_dist_x <= 24 && c_dist_y <= 24) g_is_ball_carried = TRUE;
    00000CBB DD 5E F9         [19] 2140 	ld	e, -7 (ix)
    00000CBE DD 56 FA         [19] 2141 	ld	d, -6 (ix)
    00000CC1 3E 18            [ 7] 2142 	ld	a, #0x18
    00000CC3 BB               [ 4] 2143 	cp	a, e
    00000CC4 3E 00            [ 7] 2144 	ld	a, #0x00
    00000CC6 9A               [ 4] 2145 	sbc	a, d
    00000CC7 38 10            [12] 2146 	jr	C, 00217$
    00000CC9 3E 18            [ 7] 2147 	ld	a, #0x18
    00000CCB B9               [ 4] 2148 	cp	a, c
    00000CCC 3E 00            [ 7] 2149 	ld	a, #0x00
    00000CCE 98               [ 4] 2150 	sbc	a, b
    00000CCF 38 08            [12] 2151 	jr	C, 00217$
    00000CD1 FD 21r00r00      [14] 2152 	ld	iy, #_g_is_ball_carried
    00000CD5 FD 36 00 01      [19] 2153 	ld	0 (iy), #0x01
    00000CD9                       2154 00217$:
                                   2155 ;E:\Dropbox\FAUSTO\SVILUPPI\MSX\CODE\C\MSXgl\projects\soccerlgMSX2/soccerlg_s9_b3.c:278: u8 carriers[2] = {T1_Carrier, T2_Carrier};
    00000CD9 3Ar00r00         [13] 2156 	ld	a, (_T1_Carrier+0)
    00000CDC DD 77 D4         [19] 2157 	ld	-44 (ix), a
    00000CDF 3Ar00r00         [13] 2158 	ld	a, (_T2_Carrier+0)
    00000CE2 DD 77 D5         [19] 2159 	ld	-43 (ix), a
                                   2160 ;E:\Dropbox\FAUSTO\SVILUPPI\MSX\CODE\C\MSXgl\projects\soccerlgMSX2/soccerlg_s9_b3.c:279: u8 receivers[2] = {T1_Receiver, T2_Receiver};
    00000CE5 3Ar00r00         [13] 2161 	ld	a, (_T1_Receiver+0)
    00000CE8 DD 77 D6         [19] 2162 	ld	-42 (ix), a
    00000CEB 3Ar00r00         [13] 2163 	ld	a, (_T2_Receiver+0)
    00000CEE DD 77 D7         [19] 2164 	ld	-41 (ix), a
                                   2165 ;E:\Dropbox\FAUSTO\SVILUPPI\MSX\CODE\C\MSXgl\projects\soccerlgMSX2/soccerlg_s9_b3.c:281: for (u8 i = 0; i < 2; i++) { // i=0 per Team 1 (P2/CPU), i=1 per Team 2 (P1)
    00000CF1 DD 36 FF 00      [19] 2166 	ld	-1 (ix), #0x00
    00000CF5                       2167 00421$:
    00000CF5 DD 7E FF         [19] 2168 	ld	a, -1 (ix)
    00000CF8 D6 02            [ 7] 2169 	sub	a, #0x02
    00000CFA D2rA9r1F         [10] 2170 	jp	NC, 00404$
                                   2171 ;E:\Dropbox\FAUSTO\SVILUPPI\MSX\CODE\C\MSXgl\projects\soccerlgMSX2/soccerlg_s9_b3.c:282: u8 carrier = carriers[i];
    00000CFD DD 5E FF         [19] 2172 	ld	e, -1 (ix)
    00000D00 16 00            [ 7] 2173 	ld	d, #0x00
    00000D02 21 00 00         [10] 2174 	ld	hl, #0
    00000D05 39               [11] 2175 	add	hl, sp
    00000D06 19               [11] 2176 	add	hl, de
    00000D07 DD 75 F9         [19] 2177 	ld	-7 (ix), l
    00000D0A DD 74 FA         [19] 2178 	ld	-6 (ix), h
    00000D0D 7E               [ 7] 2179 	ld	a, (hl)
                                   2180 ;E:\Dropbox\FAUSTO\SVILUPPI\MSX\CODE\C\MSXgl\projects\soccerlgMSX2/soccerlg_s9_b3.c:283: if (carrier == 0xFF) continue;
    00000D0E DD 77 DE         [19] 2181 	ld	-34 (ix), a
    00000D11 3C               [ 4] 2182 	inc	a
    00000D12 CArA3r1F         [10] 2183 	jp	Z,00403$
                                   2184 ;E:\Dropbox\FAUSTO\SVILUPPI\MSX\CODE\C\MSXgl\projects\soccerlgMSX2/soccerlg_s9_b3.c:285: u8 dir = g_player_input[i].direction;
    00000D15 DD 4E FF         [19] 2185 	ld	c, -1 (ix)
    00000D18 06 00            [ 7] 2186 	ld	b, #0x00
    00000D1A 69               [ 4] 2187 	ld	l, c
    00000D1B 60               [ 4] 2188 	ld	h, b
    00000D1C 29               [11] 2189 	add	hl, hl
    00000D1D 09               [11] 2190 	add	hl, bc
    00000D1E 11r00r00         [10] 2191 	ld	de, #_g_player_input
    00000D21 19               [11] 2192 	add	hl, de
    00000D22 DD 75 DF         [19] 2193 	ld	-33 (ix), l
    00000D25 DD 74 E0         [19] 2194 	ld	-32 (ix), h
    00000D28 7E               [ 7] 2195 	ld	a, (hl)
    00000D29 DD 77 F9         [19] 2196 	ld	-7 (ix), a
                                   2197 ;E:\Dropbox\FAUSTO\SVILUPPI\MSX\CODE\C\MSXgl\projects\soccerlgMSX2/soccerlg_s9_b3.c:286: bool trigger_pressed = g_player_input[i].trigger_pressed;
    00000D2C DD 4E DF         [19] 2198 	ld	c, -33 (ix)
    00000D2F DD 46 E0         [19] 2199 	ld	b, -32 (ix)
    00000D32 03               [ 6] 2200 	inc	bc
    00000D33 0A               [ 7] 2201 	ld	a, (bc)
    00000D34 DD 77 E1         [19] 2202 	ld	-31 (ix), a
                                   2203 ;E:\Dropbox\FAUSTO\SVILUPPI\MSX\CODE\C\MSXgl\projects\soccerlgMSX2/soccerlg_s9_b3.c:289: if (i == 0 && t1_switched) trigger_pressed = FALSE;
    00000D37 DD 7E FF         [19] 2204 	ld	a, -1 (ix)
    00000D3A B7               [ 4] 2205 	or	a, a
    00000D3B 20 0A            [12] 2206 	jr	NZ, 00222$
    00000D3D DD 7E DC         [19] 2207 	ld	a, -36 (ix)
    00000D40 B7               [ 4] 2208 	or	a, a
    00000D41 28 04            [12] 2209 	jr	Z, 00222$
    00000D43 DD 36 E1 00      [19] 2210 	ld	-31 (ix), #0x00
    00000D47                       2211 00222$:
                                   2212 ;E:\Dropbox\FAUSTO\SVILUPPI\MSX\CODE\C\MSXgl\projects\soccerlgMSX2/soccerlg_s9_b3.c:290: if (i == 1 && t2_switched) trigger_pressed = FALSE;
    00000D47 DD 7E FF         [19] 2213 	ld	a, -1 (ix)
    00000D4A 3D               [ 4] 2214 	dec	a
    00000D4B 3E 01            [ 7] 2215 	ld	a, #0x01
    00000D4D 28 01            [12] 2216 	jr	Z, 01869$
    00000D4F AF               [ 4] 2217 	xor	a, a
    00000D50                       2218 01869$:
    00000D50 DD 77 E2         [19] 2219 	ld	-30 (ix), a
    00000D53 B7               [ 4] 2220 	or	a, a
    00000D54 28 0A            [12] 2221 	jr	Z, 00225$
    00000D56 DD 7E DD         [19] 2222 	ld	a, -35 (ix)
    00000D59 B7               [ 4] 2223 	or	a, a
    00000D5A 28 04            [12] 2224 	jr	Z, 00225$
    00000D5C DD 36 E1 00      [19] 2225 	ld	-31 (ix), #0x00
    00000D60                       2226 00225$:
                                   2227 ;E:\Dropbox\FAUSTO\SVILUPPI\MSX\CODE\C\MSXgl\projects\soccerlgMSX2/soccerlg_s9_b3.c:292: struct ObjectInfo* Carrier = &SwSprite[carrier];
    00000D60 DD 4E DE         [19] 2228 	ld	c, -34 (ix)
    00000D63 06 00            [ 7] 2229 	ld	b, #0x00
    00000D65 69               [ 4] 2230 	ld	l, c
    00000D66 60               [ 4] 2231 	ld	h, b
    00000D67 29               [11] 2232 	add	hl, hl
    00000D68 29               [11] 2233 	add	hl, hl
    00000D69 09               [11] 2234 	add	hl, bc
    00000D6A 29               [11] 2235 	add	hl, hl
    00000D6B 09               [11] 2236 	add	hl, bc
    00000D6C 29               [11] 2237 	add	hl, hl
    00000D6D 09               [11] 2238 	add	hl, bc
    00000D6E 11r00r00         [10] 2239 	ld	de, #_SwSprite
    00000D71 19               [11] 2240 	add	hl, de
    00000D72 DD 75 E3         [19] 2241 	ld	-29 (ix), l
    00000D75 DD 74 E4         [19] 2242 	ld	-28 (ix), h
                                   2243 ;E:\Dropbox\FAUSTO\SVILUPPI\MSX\CODE\C\MSXgl\projects\soccerlgMSX2/soccerlg_s9_b3.c:293: u8 carrier_team = (carrier < 7) ? TEAM_1 : TEAM_2;
    00000D78 DD 7E DE         [19] 2244 	ld	a, -34 (ix)
    00000D7B D6 07            [ 7] 2245 	sub	a, #0x07
    00000D7D 3E 00            [ 7] 2246 	ld	a, #0x00
    00000D7F 17               [ 4] 2247 	rla
    00000D80 DD 77 E5         [19] 2248 	ld	-27 (ix), a
    00000D83 B7               [ 4] 2249 	or	a, a
    00000D84 28 06            [12] 2250 	jr	Z, 00477$
    00000D86 01 00 00         [10] 2251 	ld	bc, #0x0000
    00000D89 C3r8Fr0D         [10] 2252 	jp	00478$
    00000D8C                       2253 00477$:
    00000D8C 01 01 00         [10] 2254 	ld	bc, #0x0001
    00000D8F                       2255 00478$:
    00000D8F DD 71 FA         [19] 2256 	ld	-6 (ix), c
                                   2257 ;E:\Dropbox\FAUSTO\SVILUPPI\MSX\CODE\C\MSXgl\projects\soccerlgMSX2/soccerlg_s9_b3.c:296: if (Carrier->count > 0) {
    00000D92 DD 7E E3         [19] 2258 	ld	a, -29 (ix)
    00000D95 C6 15            [ 7] 2259 	add	a, #0x15
    00000D97 DD 77 E6         [19] 2260 	ld	-26 (ix), a
    00000D9A DD 7E E4         [19] 2261 	ld	a, -28 (ix)
    00000D9D CE 00            [ 7] 2262 	adc	a, #0x00
    00000D9F DD 77 E7         [19] 2263 	ld	-25 (ix), a
    00000DA2 DD 6E E6         [19] 2264 	ld	l, -26 (ix)
    00000DA5 DD 66 E7         [19] 2265 	ld	h, -25 (ix)
    00000DA8 4E               [ 7] 2266 	ld	c, (hl)
    00000DA9 23               [ 6] 2267 	inc	hl
    00000DAA 46               [ 7] 2268 	ld	b, (hl)
                                   2269 ;E:\Dropbox\FAUSTO\SVILUPPI\MSX\CODE\C\MSXgl\projects\soccerlgMSX2/soccerlg_s9_b3.c:308: Carrier->frame = (Carrier->dx > 0) ? 
    00000DAB DD 7E E3         [19] 2270 	ld	a, -29 (ix)
    00000DAE C6 0F            [ 7] 2271 	add	a, #0x0f
    00000DB0 DD 77 F2         [19] 2272 	ld	-14 (ix), a
    00000DB3 DD 7E E4         [19] 2273 	ld	a, -28 (ix)
    00000DB6 CE 00            [ 7] 2274 	adc	a, #0x00
    00000DB8 DD 77 F3         [19] 2275 	ld	-13 (ix), a
                                   2276 ;E:\Dropbox\FAUSTO\SVILUPPI\MSX\CODE\C\MSXgl\projects\soccerlgMSX2/soccerlg_s9_b3.c:296: if (Carrier->count > 0) {
    00000DBB 78               [ 4] 2277 	ld	a, b
    00000DBC B1               [ 4] 2278 	or	a, c
    00000DBD CArB9r11         [10] 2279 	jp	Z, 00259$
                                   2280 ;E:\Dropbox\FAUSTO\SVILUPPI\MSX\CODE\C\MSXgl\projects\soccerlgMSX2/soccerlg_s9_b3.c:297: Carrier->count--;
    00000DC0 0B               [ 6] 2281 	dec	bc
    00000DC1 DD 6E E6         [19] 2282 	ld	l, -26 (ix)
    00000DC4 DD 66 E7         [19] 2283 	ld	h, -25 (ix)
    00000DC7 71               [ 7] 2284 	ld	(hl), c
    00000DC8 23               [ 6] 2285 	inc	hl
    00000DC9 70               [ 7] 2286 	ld	(hl), b
                                   2287 ;E:\Dropbox\FAUSTO\SVILUPPI\MSX\CODE\C\MSXgl\projects\soccerlgMSX2/soccerlg_s9_b3.c:299: if (Carrier->count >= 20) {
    00000DCA DD 6E E6         [19] 2288 	ld	l, -26 (ix)
    00000DCD DD 66 E7         [19] 2289 	ld	h, -25 (ix)
    00000DD0 7E               [ 7] 2290 	ld	a, (hl)
    00000DD1 DD 77 F8         [19] 2291 	ld	-8 (ix), a
    00000DD4 23               [ 6] 2292 	inc	hl
    00000DD5 7E               [ 7] 2293 	ld	a, (hl)
    00000DD6 DD 77 F9         [19] 2294 	ld	-7 (ix), a
    00000DD9 79               [ 4] 2295 	ld	a, c
    00000DDA D6 14            [ 7] 2296 	sub	a, #0x14
    00000DDC 78               [ 4] 2297 	ld	a, b
    00000DDD DE 00            [ 7] 2298 	sbc	a, #0x00
    00000DDF DAr3Cr11         [10] 2299 	jp	C, 00256$
                                   2300 ;E:\Dropbox\FAUSTO\SVILUPPI\MSX\CODE\C\MSXgl\projects\soccerlgMSX2/soccerlg_s9_b3.c:300: Carrier->lx += Carrier->dx;
    00000DE2 DD 6E E3         [19] 2301 	ld	l, -29 (ix)
    00000DE5 DD 66 E4         [19] 2302 	ld	h, -28 (ix)
    00000DE8 7E               [ 7] 2303 	ld	a, (hl)
    00000DE9 DD 77 F9         [19] 2304 	ld	-7 (ix), a
    00000DEC DD 7E E3         [19] 2305 	ld	a, -29 (ix)
    00000DEF C6 11            [ 7] 2306 	add	a, #0x11
    00000DF1 DD 77 EE         [19] 2307 	ld	-18 (ix), a
    00000DF4 DD 7E E4         [19] 2308 	ld	a, -28 (ix)
    00000DF7 CE 00            [ 7] 2309 	adc	a, #0x00
    00000DF9 DD 77 EF         [19] 2310 	ld	-17 (ix), a
    00000DFC DD 6E EE         [19] 2311 	ld	l, -18 (ix)
    00000DFF DD 66 EF         [19] 2312 	ld	h, -17 (ix)
    00000E02 7E               [ 7] 2313 	ld	a, (hl)
    00000E03 DD 77 F8         [19] 2314 	ld	-8 (ix), a
    00000E06 DD 7E F9         [19] 2315 	ld	a, -7 (ix)
    00000E09 DD 86 F8         [19] 2316 	add	a, -8 (ix)
    00000E0C DD 6E E3         [19] 2317 	ld	l, -29 (ix)
    00000E0F DD 66 E4         [19] 2318 	ld	h, -28 (ix)
    00000E12 77               [ 7] 2319 	ld	(hl), a
                                   2320 ;E:\Dropbox\FAUSTO\SVILUPPI\MSX\CODE\C\MSXgl\projects\soccerlgMSX2/soccerlg_s9_b3.c:301: Carrier->ly += Carrier->dy;
    00000E13 DD 7E E3         [19] 2321 	ld	a, -29 (ix)
    00000E16 C6 04            [ 7] 2322 	add	a, #0x04
    00000E18 DD 77 F0         [19] 2323 	ld	-16 (ix), a
    00000E1B DD 7E E4         [19] 2324 	ld	a, -28 (ix)
    00000E1E CE 00            [ 7] 2325 	adc	a, #0x00
    00000E20 DD 77 F1         [19] 2326 	ld	-15 (ix), a
    00000E23 DD 6E F0         [19] 2327 	ld	l, -16 (ix)
    00000E26 DD 66 F1         [19] 2328 	ld	h, -15 (ix)
    00000E29 7E               [ 7] 2329 	ld	a, (hl)
    00000E2A DD 77 F6         [19] 2330 	ld	-10 (ix), a
    00000E2D 23               [ 6] 2331 	inc	hl
    00000E2E 7E               [ 7] 2332 	ld	a, (hl)
    00000E2F DD 77 F7         [19] 2333 	ld	-9 (ix), a
    00000E32 DD 7E E3         [19] 2334 	ld	a, -29 (ix)
    00000E35 DD 77 F8         [19] 2335 	ld	-8 (ix), a
    00000E38 DD 7E E4         [19] 2336 	ld	a, -28 (ix)
    00000E3B DD 77 F9         [19] 2337 	ld	-7 (ix), a
    00000E3E DD 6E F8         [19] 2338 	ld	l, -8 (ix)
    00000E41 DD 66 F9         [19] 2339 	ld	h, -7 (ix)
    00000E44 11 12 00         [10] 2340 	ld	de, #0x0012
    00000E47 19               [11] 2341 	add	hl, de
    00000E48 7E               [ 7] 2342 	ld	a, (hl)
    00000E49 DD 77 F9         [19] 2343 	ld	-7 (ix), a
    00000E4C DD 77 F8         [19] 2344 	ld	-8 (ix), a
    00000E4F 07               [ 4] 2345 	rlca
    00000E50 9F               [ 4] 2346 	sbc	a, a
    00000E51 DD 77 F9         [19] 2347 	ld	-7 (ix), a
    00000E54 DD 7E F6         [19] 2348 	ld	a, -10 (ix)
    00000E57 DD 77 F4         [19] 2349 	ld	-12 (ix), a
    00000E5A DD 7E F7         [19] 2350 	ld	a, -9 (ix)
    00000E5D DD 77 F5         [19] 2351 	ld	-11 (ix), a
    00000E60 DD 7E F8         [19] 2352 	ld	a, -8 (ix)
    00000E63 DD 77 F6         [19] 2353 	ld	-10 (ix), a
    00000E66 DD 7E F9         [19] 2354 	ld	a, -7 (ix)
    00000E69 DD 77 F7         [19] 2355 	ld	-9 (ix), a
    00000E6C DD 7E F6         [19] 2356 	ld	a, -10 (ix)
    00000E6F DD 86 F4         [19] 2357 	add	a, -12 (ix)
    00000E72 DD 77 F8         [19] 2358 	ld	-8 (ix), a
    00000E75 DD 7E F7         [19] 2359 	ld	a, -9 (ix)
    00000E78 DD 8E F5         [19] 2360 	adc	a, -11 (ix)
    00000E7B DD 77 F9         [19] 2361 	ld	-7 (ix), a
    00000E7E DD 6E F0         [19] 2362 	ld	l, -16 (ix)
    00000E81 DD 66 F1         [19] 2363 	ld	h, -15 (ix)
    00000E84 DD 7E F8         [19] 2364 	ld	a, -8 (ix)
    00000E87 77               [ 7] 2365 	ld	(hl), a
    00000E88 23               [ 6] 2366 	inc	hl
    00000E89 DD 7E F9         [19] 2367 	ld	a, -7 (ix)
    00000E8C 77               [ 7] 2368 	ld	(hl), a
                                   2369 ;E:\Dropbox\FAUSTO\SVILUPPI\MSX\CODE\C\MSXgl\projects\soccerlgMSX2/soccerlg_s9_b3.c:303: if (Carrier->lx < 16) Carrier->lx = 16;
    00000E8D DD 6E E3         [19] 2370 	ld	l, -29 (ix)
    00000E90 DD 66 E4         [19] 2371 	ld	h, -28 (ix)
    00000E93 7E               [ 7] 2372 	ld	a, (hl)
    00000E94 D6 10            [ 7] 2373 	sub	a, #0x10
    00000E96 30 08            [12] 2374 	jr	NC, 00228$
    00000E98 DD 6E E3         [19] 2375 	ld	l, -29 (ix)
    00000E9B DD 66 E4         [19] 2376 	ld	h, -28 (ix)
    00000E9E 36 10            [10] 2377 	ld	(hl), #0x10
    00000EA0                       2378 00228$:
                                   2379 ;E:\Dropbox\FAUSTO\SVILUPPI\MSX\CODE\C\MSXgl\projects\soccerlgMSX2/soccerlg_s9_b3.c:304: if (Carrier->lx > 224) Carrier->lx = 224;
    00000EA0 DD 6E E3         [19] 2380 	ld	l, -29 (ix)
    00000EA3 DD 66 E4         [19] 2381 	ld	h, -28 (ix)
    00000EA6 4E               [ 7] 2382 	ld	c, (hl)
    00000EA7 3E E0            [ 7] 2383 	ld	a, #0xe0
    00000EA9 91               [ 4] 2384 	sub	a, c
    00000EAA 30 08            [12] 2385 	jr	NC, 00230$
    00000EAC DD 6E E3         [19] 2386 	ld	l, -29 (ix)
    00000EAF DD 66 E4         [19] 2387 	ld	h, -28 (ix)
    00000EB2 36 E0            [10] 2388 	ld	(hl), #0xe0
    00000EB4                       2389 00230$:
                                   2390 ;E:\Dropbox\FAUSTO\SVILUPPI\MSX\CODE\C\MSXgl\projects\soccerlgMSX2/soccerlg_s9_b3.c:305: if (Carrier->ly < 24) Carrier->ly = 24;
    00000EB4 DD 6E F0         [19] 2391 	ld	l, -16 (ix)
    00000EB7 DD 66 F1         [19] 2392 	ld	h, -15 (ix)
    00000EBA 4E               [ 7] 2393 	ld	c, (hl)
    00000EBB 23               [ 6] 2394 	inc	hl
    00000EBC 46               [ 7] 2395 	ld	b, (hl)
    00000EBD 79               [ 4] 2396 	ld	a, c
    00000EBE D6 18            [ 7] 2397 	sub	a, #0x18
    00000EC0 78               [ 4] 2398 	ld	a, b
    00000EC1 DE 00            [ 7] 2399 	sbc	a, #0x00
    00000EC3 30 0B            [12] 2400 	jr	NC, 00232$
    00000EC5 DD 6E F0         [19] 2401 	ld	l, -16 (ix)
    00000EC8 DD 66 F1         [19] 2402 	ld	h, -15 (ix)
    00000ECB 36 18            [10] 2403 	ld	(hl), #0x18
    00000ECD 23               [ 6] 2404 	inc	hl
    00000ECE 36 00            [10] 2405 	ld	(hl), #0x00
    00000ED0                       2406 00232$:
                                   2407 ;E:\Dropbox\FAUSTO\SVILUPPI\MSX\CODE\C\MSXgl\projects\soccerlgMSX2/soccerlg_s9_b3.c:306: if (Carrier->ly > 488) Carrier->ly = 488;
    00000ED0 DD 6E F0         [19] 2408 	ld	l, -16 (ix)
    00000ED3 DD 66 F1         [19] 2409 	ld	h, -15 (ix)
    00000ED6 4E               [ 7] 2410 	ld	c, (hl)
    00000ED7 23               [ 6] 2411 	inc	hl
    00000ED8 46               [ 7] 2412 	ld	b, (hl)
    00000ED9 3E E8            [ 7] 2413 	ld	a, #0xe8
    00000EDB B9               [ 4] 2414 	cp	a, c
    00000EDC 3E 01            [ 7] 2415 	ld	a, #0x01
    00000EDE 98               [ 4] 2416 	sbc	a, b
    00000EDF 30 0B            [12] 2417 	jr	NC, 00234$
    00000EE1 DD 6E F0         [19] 2418 	ld	l, -16 (ix)
    00000EE4 DD 66 F1         [19] 2419 	ld	h, -15 (ix)
    00000EE7 36 E8            [10] 2420 	ld	(hl), #0xe8
    00000EE9 23               [ 6] 2421 	inc	hl
    00000EEA 36 01            [10] 2422 	ld	(hl), #0x01
    00000EEC                       2423 00234$:
                                   2424 ;E:\Dropbox\FAUSTO\SVILUPPI\MSX\CODE\C\MSXgl\projects\soccerlgMSX2/soccerlg_s9_b3.c:308: Carrier->frame = (Carrier->dx > 0) ? 
    00000EEC DD 6E EE         [19] 2425 	ld	l, -18 (ix)
    00000EEF DD 66 EF         [19] 2426 	ld	h, -17 (ix)
    00000EF2 4E               [ 7] 2427 	ld	c, (hl)
    00000EF3 AF               [ 4] 2428 	xor	a, a
    00000EF4 91               [ 4] 2429 	sub	a, c
    00000EF5 E2rFAr0E         [10] 2430 	jp	PO, 01870$
    00000EF8 EE 80            [ 7] 2431 	xor	a, #0x80
    00000EFA                       2432 01870$:
    00000EFA F2r19r0F         [10] 2433 	jp	P, 00479$
                                   2434 ;E:\Dropbox\FAUSTO\SVILUPPI\MSX\CODE\C\MSXgl\projects\soccerlgMSX2/soccerlg_s9_b3.c:309: ((carrier_team == TEAM_1) ? SPR_T1_PLAYER_TACKLE_FROM_WEST : SPR_T2_PLAYER_TACKLE_FROM_WEST) :
    00000EFD DD 7E FA         [19] 2435 	ld	a, -6 (ix)
    00000F00 B7               [ 4] 2436 	or	a, a
    00000F01 20 0B            [12] 2437 	jr	NZ, 00481$
    00000F03 DD 36 F8 1E      [19] 2438 	ld	-8 (ix), #0x1e
    00000F07 DD 36 F9 00      [19] 2439 	ld	-7 (ix), #0
    00000F0B C3r32r0F         [10] 2440 	jp	00480$
    00000F0E                       2441 00481$:
    00000F0E DD 36 F8 8E      [19] 2442 	ld	-8 (ix), #0x8e
    00000F12 DD 36 F9 00      [19] 2443 	ld	-7 (ix), #0
    00000F16 C3r32r0F         [10] 2444 	jp	00480$
    00000F19                       2445 00479$:
                                   2446 ;E:\Dropbox\FAUSTO\SVILUPPI\MSX\CODE\C\MSXgl\projects\soccerlgMSX2/soccerlg_s9_b3.c:310: ((carrier_team == TEAM_1) ? SPR_T1_PLAYER_TACKLE_FROM_EAST : SPR_T2_PLAYER_TACKLE_FROM_EAST);
    00000F19 DD 7E FA         [19] 2447 	ld	a, -6 (ix)
    00000F1C B7               [ 4] 2448 	or	a, a
    00000F1D 20 0B            [12] 2449 	jr	NZ, 00483$
    00000F1F DD 36 F8 1F      [19] 2450 	ld	-8 (ix), #0x1f
    00000F23 DD 36 F9 00      [19] 2451 	ld	-7 (ix), #0
    00000F27 C3r32r0F         [10] 2452 	jp	00484$
    00000F2A                       2453 00483$:
    00000F2A DD 36 F8 8F      [19] 2454 	ld	-8 (ix), #0x8f
    00000F2E DD 36 F9 00      [19] 2455 	ld	-7 (ix), #0
    00000F32                       2456 00484$:
    00000F32                       2457 00480$:
    00000F32 DD 4E F8         [19] 2458 	ld	c, -8 (ix)
    00000F35 DD 46 F9         [19] 2459 	ld	b, -7 (ix)
    00000F38 DD 6E F2         [19] 2460 	ld	l, -14 (ix)
    00000F3B DD 66 F3         [19] 2461 	ld	h, -13 (ix)
    00000F3E 71               [ 7] 2462 	ld	(hl), c
    00000F3F 23               [ 6] 2463 	inc	hl
    00000F40 70               [ 7] 2464 	ld	(hl), b
                                   2465 ;E:\Dropbox\FAUSTO\SVILUPPI\MSX\CODE\C\MSXgl\projects\soccerlgMSX2/soccerlg_s9_b3.c:300: Carrier->lx += Carrier->dx;
    00000F41 DD 6E E3         [19] 2466 	ld	l, -29 (ix)
    00000F44 DD 66 E4         [19] 2467 	ld	h, -28 (ix)
    00000F47 7E               [ 7] 2468 	ld	a, (hl)
    00000F48 DD 77 F9         [19] 2469 	ld	-7 (ix), a
                                   2470 ;E:\Dropbox\FAUSTO\SVILUPPI\MSX\CODE\C\MSXgl\projects\soccerlgMSX2/soccerlg_s9_b3.c:313: u16 b_dist_x = (Carrier->lx > Ball->lx) ? (Carrier->lx - Ball->lx) : (Ball->lx - Carrier->lx);
    00000F4B 3Ar42r01         [13] 2471 	ld	a, (#(_SwSprite + 322) + 0)
    00000F4E DD 77 F8         [19] 2472 	ld	-8 (ix), a
    00000F51 DD 77 F4         [19] 2473 	ld	-12 (ix), a
    00000F54 DD 36 F5 00      [19] 2474 	ld	-11 (ix), #0x00
    00000F58 DD 7E F9         [19] 2475 	ld	a, -7 (ix)
    00000F5B DD 77 F6         [19] 2476 	ld	-10 (ix), a
    00000F5E DD 36 F7 00      [19] 2477 	ld	-9 (ix), #0x00
    00000F62 DD 7E F8         [19] 2478 	ld	a, -8 (ix)
    00000F65 DD 96 F9         [19] 2479 	sub	a, -7 (ix)
    00000F68 30 15            [12] 2480 	jr	NC, 00485$
    00000F6A DD 7E F6         [19] 2481 	ld	a, -10 (ix)
    00000F6D DD 96 F4         [19] 2482 	sub	a, -12 (ix)
    00000F70 DD 77 F8         [19] 2483 	ld	-8 (ix), a
    00000F73 DD 7E F7         [19] 2484 	ld	a, -9 (ix)
    00000F76 DD 9E F5         [19] 2485 	sbc	a, -11 (ix)
    00000F79 DD 77 F9         [19] 2486 	ld	-7 (ix), a
    00000F7C C3r91r0F         [10] 2487 	jp	00486$
    00000F7F                       2488 00485$:
    00000F7F DD 7E F4         [19] 2489 	ld	a, -12 (ix)
    00000F82 DD 96 F6         [19] 2490 	sub	a, -10 (ix)
    00000F85 DD 77 F8         [19] 2491 	ld	-8 (ix), a
    00000F88 DD 7E F5         [19] 2492 	ld	a, -11 (ix)
    00000F8B DD 9E F7         [19] 2493 	sbc	a, -9 (ix)
    00000F8E DD 77 F9         [19] 2494 	ld	-7 (ix), a
    00000F91                       2495 00486$:
    00000F91 DD 7E F8         [19] 2496 	ld	a, -8 (ix)
    00000F94 DD 77 F6         [19] 2497 	ld	-10 (ix), a
    00000F97 DD 7E F9         [19] 2498 	ld	a, -7 (ix)
    00000F9A DD 77 F7         [19] 2499 	ld	-9 (ix), a
                                   2500 ;E:\Dropbox\FAUSTO\SVILUPPI\MSX\CODE\C\MSXgl\projects\soccerlgMSX2/soccerlg_s9_b3.c:301: Carrier->ly += Carrier->dy;
    00000F9D DD 6E F0         [19] 2501 	ld	l, -16 (ix)
    00000FA0 DD 66 F1         [19] 2502 	ld	h, -15 (ix)
    00000FA3 7E               [ 7] 2503 	ld	a, (hl)
    00000FA4 DD 77 F8         [19] 2504 	ld	-8 (ix), a
    00000FA7 23               [ 6] 2505 	inc	hl
    00000FA8 7E               [ 7] 2506 	ld	a, (hl)
    00000FA9 DD 77 F9         [19] 2507 	ld	-7 (ix), a
                                   2508 ;E:\Dropbox\FAUSTO\SVILUPPI\MSX\CODE\C\MSXgl\projects\soccerlgMSX2/soccerlg_s9_b3.c:314: u16 b_dist_y = (Carrier->ly > Ball->ly) ? (Carrier->ly - Ball->ly) : (Ball->ly - Carrier->ly);
    00000FAC 21r46r01         [10] 2509 	ld	hl, #(_SwSprite + 326)
    00000FAF 7E               [ 7] 2510 	ld	a, (hl)
    00000FB0 DD 77 F2         [19] 2511 	ld	-14 (ix), a
    00000FB3 23               [ 6] 2512 	inc	hl
    00000FB4 7E               [ 7] 2513 	ld	a, (hl)
    00000FB5 DD 77 F3         [19] 2514 	ld	-13 (ix), a
    00000FB8 DD 7E F2         [19] 2515 	ld	a, -14 (ix)
    00000FBB DD 96 F8         [19] 2516 	sub	a, -8 (ix)
    00000FBE DD 7E F3         [19] 2517 	ld	a, -13 (ix)
    00000FC1 DD 9E F9         [19] 2518 	sbc	a, -7 (ix)
    00000FC4 30 15            [12] 2519 	jr	NC, 00487$
    00000FC6 DD 7E F8         [19] 2520 	ld	a, -8 (ix)
    00000FC9 DD 96 F2         [19] 2521 	sub	a, -14 (ix)
    00000FCC DD 77 F4         [19] 2522 	ld	-12 (ix), a
    00000FCF DD 7E F9         [19] 2523 	ld	a, -7 (ix)
    00000FD2 DD 9E F3         [19] 2524 	sbc	a, -13 (ix)
    00000FD5 DD 77 F5         [19] 2525 	ld	-11 (ix), a
    00000FD8 C3rEDr0F         [10] 2526 	jp	00488$
    00000FDB                       2527 00487$:
    00000FDB DD 7E F2         [19] 2528 	ld	a, -14 (ix)
    00000FDE DD 96 F8         [19] 2529 	sub	a, -8 (ix)
    00000FE1 DD 77 F4         [19] 2530 	ld	-12 (ix), a
    00000FE4 DD 7E F3         [19] 2531 	ld	a, -13 (ix)
    00000FE7 DD 9E F9         [19] 2532 	sbc	a, -7 (ix)
    00000FEA DD 77 F5         [19] 2533 	ld	-11 (ix), a
    00000FED                       2534 00488$:
                                   2535 ;E:\Dropbox\FAUSTO\SVILUPPI\MSX\CODE\C\MSXgl\projects\soccerlgMSX2/soccerlg_s9_b3.c:316: bool can_steal = (b_dist_x <= 24 && b_dist_y <= 24);
    00000FED DD 7E F6         [19] 2536 	ld	a, -10 (ix)
    00000FF0 DD 77 F1         [19] 2537 	ld	-15 (ix), a
    00000FF3 DD 7E F7         [19] 2538 	ld	a, -9 (ix)
    00000FF6 DD 77 F2         [19] 2539 	ld	-14 (ix), a
    00000FF9 3E 18            [ 7] 2540 	ld	a, #0x18
    00000FFB DD BE F1         [19] 2541 	cp	a, -15 (ix)
    00000FFE 3E 00            [ 7] 2542 	ld	a, #0x00
    00001000 DD 9E F2         [19] 2543 	sbc	a, -14 (ix)
    00001003 38 18            [12] 2544 	jr	C, 00489$
    00001005 DD 7E F4         [19] 2545 	ld	a, -12 (ix)
    00001008 DD 77 F6         [19] 2546 	ld	-10 (ix), a
    0000100B DD 7E F5         [19] 2547 	ld	a, -11 (ix)
    0000100E DD 77 F7         [19] 2548 	ld	-9 (ix), a
    00001011 3E 18            [ 7] 2549 	ld	a, #0x18
    00001013 DD BE F6         [19] 2550 	cp	a, -10 (ix)
    00001016 3E 00            [ 7] 2551 	ld	a, #0x00
    00001018 DD 9E F7         [19] 2552 	sbc	a, -9 (ix)
    0000101B 30 07            [12] 2553 	jr	NC, 00490$
    0000101D                       2554 00489$:
    0000101D DD 36 F7 00      [19] 2555 	ld	-9 (ix), #0x00
    00001021 C3r28r10         [10] 2556 	jp	00491$
    00001024                       2557 00490$:
    00001024 DD 36 F7 01      [19] 2558 	ld	-9 (ix), #0x01
    00001028                       2559 00491$:
    00001028 DD 4E F7         [19] 2560 	ld	c, -9 (ix)
    0000102B DD 71 F3         [19] 2561 	ld	-13 (ix), c
                                   2562 ;E:\Dropbox\FAUSTO\SVILUPPI\MSX\CODE\C\MSXgl\projects\soccerlgMSX2/soccerlg_s9_b3.c:317: if (!can_steal && g_is_ball_carried && LastTouchPlayer != 0xFF && LastTouchTeam != carrier_team) {
    0000102E 79               [ 4] 2563 	ld	a, c
    0000102F B7               [ 4] 2564 	or	a, a
    00001030 C2rBBr10         [10] 2565 	jp	NZ, 00239$
    00001033 3Ar00r00         [13] 2566 	ld	a, (_g_is_ball_carried+0)
    00001036 B7               [ 4] 2567 	or	a, a
    00001037 CArBBr10         [10] 2568 	jp	Z, 00239$
    0000103A 3Ar00r00         [13] 2569 	ld	a, (_LastTouchPlayer+0)
    0000103D 3C               [ 4] 2570 	inc	a
    0000103E 28 7B            [12] 2571 	jr	Z, 00239$
    00001040 3Ar00r00         [13] 2572 	ld	a, (_LastTouchTeam+0)
    00001043 DD 96 FA         [19] 2573 	sub	a, -6 (ix)
    00001046 28 73            [12] 2574 	jr	Z, 00239$
                                   2575 ;E:\Dropbox\FAUSTO\SVILUPPI\MSX\CODE\C\MSXgl\projects\soccerlgMSX2/soccerlg_s9_b3.c:318: u16 c_dist_y = (Carrier->ly > SwSprite[LastTouchPlayer].ly) ? (Carrier->ly - SwSprite[LastTouchPlayer].ly) : (SwSprite[LastTouchPlayer].ly - Carrier->ly);
    00001048 ED 4Br00r00      [20] 2576 	ld	bc, (_LastTouchPlayer)
    0000104C 06 00            [ 7] 2577 	ld	b, #0x00
    0000104E 69               [ 4] 2578 	ld	l, c
    0000104F 60               [ 4] 2579 	ld	h, b
    00001050 29               [11] 2580 	add	hl, hl
    00001051 29               [11] 2581 	add	hl, hl
    00001052 09               [11] 2582 	add	hl, bc
    00001053 29               [11] 2583 	add	hl, hl
    00001054 09               [11] 2584 	add	hl, bc
    00001055 29               [11] 2585 	add	hl, hl
    00001056 09               [11] 2586 	add	hl, bc
    00001057 11r00r00         [10] 2587 	ld	de, #_SwSprite
    0000105A 19               [11] 2588 	add	hl, de
    0000105B 11 04 00         [10] 2589 	ld	de, #0x0004
    0000105E 19               [11] 2590 	add	hl, de
    0000105F 7E               [ 7] 2591 	ld	a, (hl)
    00001060 DD 77 F4         [19] 2592 	ld	-12 (ix), a
    00001063 23               [ 6] 2593 	inc	hl
    00001064 7E               [ 7] 2594 	ld	a, (hl)
    00001065 DD 77 F5         [19] 2595 	ld	-11 (ix), a
    00001068 DD 7E F4         [19] 2596 	ld	a, -12 (ix)
    0000106B DD 96 F8         [19] 2597 	sub	a, -8 (ix)
    0000106E DD 7E F5         [19] 2598 	ld	a, -11 (ix)
    00001071 DD 9E F9         [19] 2599 	sbc	a, -7 (ix)
    00001074 30 15            [12] 2600 	jr	NC, 00492$
    00001076 DD 7E F8         [19] 2601 	ld	a, -8 (ix)
    00001079 DD 96 F4         [19] 2602 	sub	a, -12 (ix)
    0000107C DD 77 F6         [19] 2603 	ld	-10 (ix), a
    0000107F DD 7E F9         [19] 2604 	ld	a, -7 (ix)
    00001082 DD 9E F5         [19] 2605 	sbc	a, -11 (ix)
    00001085 DD 77 F7         [19] 2606 	ld	-9 (ix), a
    00001088 C3r9Dr10         [10] 2607 	jp	00493$
    0000108B                       2608 00492$:
    0000108B DD 7E F4         [19] 2609 	ld	a, -12 (ix)
    0000108E DD 96 F8         [19] 2610 	sub	a, -8 (ix)
    00001091 DD 77 F6         [19] 2611 	ld	-10 (ix), a
    00001094 DD 7E F5         [19] 2612 	ld	a, -11 (ix)
    00001097 DD 9E F9         [19] 2613 	sbc	a, -7 (ix)
    0000109A DD 77 F7         [19] 2614 	ld	-9 (ix), a
    0000109D                       2615 00493$:
    0000109D DD 4E F6         [19] 2616 	ld	c, -10 (ix)
    000010A0 DD 46 F7         [19] 2617 	ld	b, -9 (ix)
                                   2618 ;E:\Dropbox\FAUSTO\SVILUPPI\MSX\CODE\C\MSXgl\projects\soccerlgMSX2/soccerlg_s9_b3.c:319: if (b_dist_x <= 28 && c_dist_y <= 16) can_steal = TRUE;
    000010A3 3E 1C            [ 7] 2619 	ld	a, #0x1c
    000010A5 DD BE F1         [19] 2620 	cp	a, -15 (ix)
    000010A8 3E 00            [ 7] 2621 	ld	a, #0x00
    000010AA DD 9E F2         [19] 2622 	sbc	a, -14 (ix)
    000010AD 38 0C            [12] 2623 	jr	C, 00239$
    000010AF 3E 10            [ 7] 2624 	ld	a, #0x10
    000010B1 B9               [ 4] 2625 	cp	a, c
    000010B2 3E 00            [ 7] 2626 	ld	a, #0x00
    000010B4 98               [ 4] 2627 	sbc	a, b
    000010B5 38 04            [12] 2628 	jr	C, 00239$
    000010B7 DD 36 F3 01      [19] 2629 	ld	-13 (ix), #0x01
    000010BB                       2630 00239$:
                                   2631 ;E:\Dropbox\FAUSTO\SVILUPPI\MSX\CODE\C\MSXgl\projects\soccerlgMSX2/soccerlg_s9_b3.c:322: bool is_immune_tackle = (Ball->count > 0 && LastTouchTeam != carrier_team && LastTouchTeam != 0xFF);
    000010BB ED 4Br57r01      [20] 2632 	ld	bc, (#(_SwSprite + 343) + 0)
    000010BF 78               [ 4] 2633 	ld	a, b
    000010C0 B1               [ 4] 2634 	or	a, c
    000010C1 28 0E            [12] 2635 	jr	Z, 00494$
    000010C3 3Ar00r00         [13] 2636 	ld	a, (_LastTouchTeam+0)
    000010C6 DD 96 FA         [19] 2637 	sub	a, -6 (ix)
    000010C9 28 06            [12] 2638 	jr	Z, 00494$
    000010CB 3Ar00r00         [13] 2639 	ld	a, (_LastTouchTeam+0)
    000010CE 3C               [ 4] 2640 	inc	a
    000010CF 20 05            [12] 2641 	jr	NZ, 00495$
    000010D1                       2642 00494$:
    000010D1 0E 00            [ 7] 2643 	ld	c, #0x00
    000010D3 C3rD8r10         [10] 2644 	jp	00496$
    000010D6                       2645 00495$:
    000010D6 0E 01            [ 7] 2646 	ld	c, #0x01
    000010D8                       2647 00496$:
                                   2648 ;E:\Dropbox\FAUSTO\SVILUPPI\MSX\CODE\C\MSXgl\projects\soccerlgMSX2/soccerlg_s9_b3.c:324: if (can_steal && Ball->anim < 5 && RestartType == 0 && !is_immune_tackle) {
    000010D8 DD 7E F3         [19] 2649 	ld	a, -13 (ix)
    000010DB B7               [ 4] 2650 	or	a, a
    000010DC CArA3r1F         [10] 2651 	jp	Z, 00403$
    000010DF 2Ar55r01         [16] 2652 	ld	hl, (#(_SwSprite + 341) + 0)
    000010E2 11 05 00         [10] 2653 	ld	de, #0x0005
    000010E5 BF               [ 4] 2654 	cp	a, a
    000010E6 ED 52            [15] 2655 	sbc	hl, de
    000010E8 D2rA3r1F         [10] 2656 	jp	NC, 00403$
    000010EB 3Ar00r00         [13] 2657 	ld	a, (_RestartType+0)
    000010EE B7               [ 4] 2658 	or	a,a
    000010EF C2rA3r1F         [10] 2659 	jp	NZ,00403$
    000010F2 B1               [ 4] 2660 	or	a,c
    000010F3 C2rA3r1F         [10] 2661 	jp	NZ, 00403$
                                   2662 ;E:\Dropbox\FAUSTO\SVILUPPI\MSX\CODE\C\MSXgl\projects\soccerlgMSX2/soccerlg_s9_b3.c:325: if (LastTouchTeam != carrier_team) {
    000010F6 3Ar00r00         [13] 2663 	ld	a, (_LastTouchTeam+0)
    000010F9 DD 96 FA         [19] 2664 	sub	a, -6 (ix)
    000010FC 28 0E            [12] 2665 	jr	Z, 00244$
                                   2666 ;E:\Dropbox\FAUSTO\SVILUPPI\MSX\CODE\C\MSXgl\projects\soccerlgMSX2/soccerlg_s9_b3.c:326: Ball->count = 30; // Immunità aumentata
    000010FE 21 1E 00         [10] 2667 	ld	hl, #0x001e
    00001101 22r57r01         [16] 2668 	ld	((_SwSprite + 343)), hl
                                   2669 ;E:\Dropbox\FAUSTO\SVILUPPI\MSX\CODE\C\MSXgl\projects\soccerlgMSX2/soccerlg_s9_b3.c:327: g_pass_receiver = 0xFF; // Intercetto: disinnesca fuorigioco
    00001104 FD 21r00r00      [14] 2670 	ld	iy, #_g_pass_receiver
    00001108 FD 36 00 FF      [19] 2671 	ld	0 (iy), #0xff
    0000110C                       2672 00244$:
                                   2673 ;E:\Dropbox\FAUSTO\SVILUPPI\MSX\CODE\C\MSXgl\projects\soccerlgMSX2/soccerlg_s9_b3.c:329: LastTouchTeam = carrier_team;
    0000110C DD 7E FA         [19] 2674 	ld	a, -6 (ix)
    0000110F 32r00r00         [13] 2675 	ld	(_LastTouchTeam+0), a
                                   2676 ;E:\Dropbox\FAUSTO\SVILUPPI\MSX\CODE\C\MSXgl\projects\soccerlgMSX2/soccerlg_s9_b3.c:330: LastTouchPlayer = carrier;
    00001112 DD 7E DE         [19] 2677 	ld	a, -34 (ix)
    00001115 32r00r00         [13] 2678 	ld	(_LastTouchPlayer+0), a
                                   2679 ;E:\Dropbox\FAUSTO\SVILUPPI\MSX\CODE\C\MSXgl\projects\soccerlgMSX2/soccerlg_s9_b3.c:331: if (Ball->anim > 3) Ball->anim = 3;
    00001118 2Ar55r01         [16] 2680 	ld	hl, (#(_SwSprite + 341) + 0)
    0000111B 3E 03            [ 7] 2681 	ld	a, #0x03
    0000111D BD               [ 4] 2682 	cp	a, l
    0000111E 3E 00            [ 7] 2683 	ld	a, #0x00
    00001120 9C               [ 4] 2684 	sbc	a, h
    00001121 30 06            [12] 2685 	jr	NC, 00246$
    00001123 21 03 00         [10] 2686 	ld	hl, #0x0003
    00001126 22r55r01         [16] 2687 	ld	((_SwSprite + 341)), hl
    00001129                       2688 00246$:
                                   2689 ;E:\Dropbox\FAUSTO\SVILUPPI\MSX\CODE\C\MSXgl\projects\soccerlgMSX2/soccerlg_s9_b3.c:332: Ball->frame = SPR_BALL_SIZE_1;
    00001129 21 60 00         [10] 2690 	ld	hl, #0x0060
    0000112C 22r51r01         [16] 2691 	ld	((_SwSprite + 337)), hl
                                   2692 ;E:\Dropbox\FAUSTO\SVILUPPI\MSX\CODE\C\MSXgl\projects\soccerlgMSX2/soccerlg_s9_b3.c:333: Carrier->count = 0; // Ferma la scivolata appena ruba palla
    0000112F DD 6E E6         [19] 2693 	ld	l, -26 (ix)
    00001132 DD 66 E7         [19] 2694 	ld	h, -25 (ix)
    00001135 AF               [ 4] 2695 	xor	a, a
    00001136 77               [ 7] 2696 	ld	(hl), a
    00001137 23               [ 6] 2697 	inc	hl
    00001138 77               [ 7] 2698 	ld	(hl), a
    00001139 C3rA3r1F         [10] 2699 	jp	00403$
    0000113C                       2700 00256$:
                                   2701 ;E:\Dropbox\FAUSTO\SVILUPPI\MSX\CODE\C\MSXgl\projects\soccerlgMSX2/soccerlg_s9_b3.c:336: if (Carrier->count >= 10) {
    0000113C DD 7E F8         [19] 2702 	ld	a, -8 (ix)
    0000113F DD 46 F9         [19] 2703 	ld	b, -7 (ix)
    00001142 D6 0A            [ 7] 2704 	sub	a, #0x0a
    00001144 78               [ 4] 2705 	ld	a, b
    00001145 DE 00            [ 7] 2706 	sbc	a, #0x00
    00001147 38 42            [12] 2707 	jr	C, 00253$
                                   2708 ;E:\Dropbox\FAUSTO\SVILUPPI\MSX\CODE\C\MSXgl\projects\soccerlgMSX2/soccerlg_s9_b3.c:337: Carrier->frame = (Carrier->dx > 0) ? 
    00001149 DD 4E E3         [19] 2709 	ld	c, -29 (ix)
    0000114C DD 46 E4         [19] 2710 	ld	b, -28 (ix)
    0000114F 21 11 00         [10] 2711 	ld	hl, #17
    00001152 09               [11] 2712 	add	hl, bc
    00001153 4E               [ 7] 2713 	ld	c, (hl)
    00001154 AF               [ 4] 2714 	xor	a, a
    00001155 91               [ 4] 2715 	sub	a, c
    00001156 E2r5Br11         [10] 2716 	jp	PO, 01877$
    00001159 EE 80            [ 7] 2717 	xor	a, #0x80
    0000115B                       2718 01877$:
    0000115B F2r70r11         [10] 2719 	jp	P, 00500$
                                   2720 ;E:\Dropbox\FAUSTO\SVILUPPI\MSX\CODE\C\MSXgl\projects\soccerlgMSX2/soccerlg_s9_b3.c:338: ((carrier_team == TEAM_1) ? SPR_T1_PLAYER_TACKLE_FROM_WEST : SPR_T2_PLAYER_TACKLE_FROM_WEST) :
    0000115E DD 7E FA         [19] 2721 	ld	a, -6 (ix)
    00001161 B7               [ 4] 2722 	or	a, a
    00001162 20 06            [12] 2723 	jr	NZ, 00502$
    00001164 01 1E 00         [10] 2724 	ld	bc, #0x001e
    00001167 C3r7Fr11         [10] 2725 	jp	00501$
    0000116A                       2726 00502$:
    0000116A 01 8E 00         [10] 2727 	ld	bc, #0x008e
    0000116D C3r7Fr11         [10] 2728 	jp	00501$
    00001170                       2729 00500$:
                                   2730 ;E:\Dropbox\FAUSTO\SVILUPPI\MSX\CODE\C\MSXgl\projects\soccerlgMSX2/soccerlg_s9_b3.c:339: ((carrier_team == TEAM_1) ? SPR_T1_PLAYER_TACKLE_FROM_EAST : SPR_T2_PLAYER_TACKLE_FROM_EAST);
    00001170 DD 7E FA         [19] 2731 	ld	a, -6 (ix)
    00001173 B7               [ 4] 2732 	or	a, a
    00001174 20 06            [12] 2733 	jr	NZ, 00504$
    00001176 01 1F 00         [10] 2734 	ld	bc, #0x001f
    00001179 C3r7Fr11         [10] 2735 	jp	00505$
    0000117C                       2736 00504$:
    0000117C 01 8F 00         [10] 2737 	ld	bc, #0x008f
    0000117F                       2738 00505$:
    0000117F                       2739 00501$:
    0000117F DD 6E F2         [19] 2740 	ld	l, -14 (ix)
    00001182 DD 66 F3         [19] 2741 	ld	h, -13 (ix)
    00001185 71               [ 7] 2742 	ld	(hl), c
    00001186 23               [ 6] 2743 	inc	hl
    00001187 70               [ 7] 2744 	ld	(hl), b
    00001188 C3rA3r1F         [10] 2745 	jp	00403$
    0000118B                       2746 00253$:
                                   2747 ;E:\Dropbox\FAUSTO\SVILUPPI\MSX\CODE\C\MSXgl\projects\soccerlgMSX2/soccerlg_s9_b3.c:341: Carrier->frame = CallFnc_U16_P3(SEG_GAMESTATE_9, GetPlayerIdleFrame, carrier, 0, (carrier_team == TEAM_1) ? 1 : -1);
    0000118B DD 7E FA         [19] 2748 	ld	a, -6 (ix)
    0000118E B7               [ 4] 2749 	or	a, a
    0000118F 20 06            [12] 2750 	jr	NZ, 00506$
    00001191 01 01 00         [10] 2751 	ld	bc, #0x0001
    00001194 C3r9Ar11         [10] 2752 	jp	00507$
    00001197                       2753 00506$:
    00001197 01 FF FF         [10] 2754 	ld	bc, #0xffff
    0000119A                       2755 00507$:
    0000119A 79               [ 4] 2756 	ld	a, c
    0000119B F5               [11] 2757 	push	af
    0000119C 33               [ 6] 2758 	inc	sp
    0000119D AF               [ 4] 2759 	xor	a, a
    0000119E F5               [11] 2760 	push	af
    0000119F 33               [ 6] 2761 	inc	sp
    000011A0 DD 7E DE         [19] 2762 	ld	a, -34 (ix)
    000011A3 F5               [11] 2763 	push	af
    000011A4 33               [ 6] 2764 	inc	sp
    000011A5 11r00r00         [10] 2765 	ld	de, #_GetPlayerIdleFrame
    000011A8 3E 13            [ 7] 2766 	ld	a, #0x13
    000011AA CDr00r00         [17] 2767 	call	_CallFnc_U16_P3
    000011AD DD 6E F2         [19] 2768 	ld	l, -14 (ix)
    000011B0 DD 66 F3         [19] 2769 	ld	h, -13 (ix)
    000011B3 73               [ 7] 2770 	ld	(hl), e
    000011B4 23               [ 6] 2771 	inc	hl
    000011B5 72               [ 7] 2772 	ld	(hl), d
                                   2773 ;E:\Dropbox\FAUSTO\SVILUPPI\MSX\CODE\C\MSXgl\projects\soccerlgMSX2/soccerlg_s9_b3.c:344: continue; // Salta il resto dei comandi e dell'animazione
    000011B6 C3rA3r1F         [10] 2774 	jp	00403$
    000011B9                       2775 00259$:
                                   2776 ;E:\Dropbox\FAUSTO\SVILUPPI\MSX\CODE\C\MSXgl\projects\soccerlgMSX2/soccerlg_s9_b3.c:347: Carrier->dx = 0; Carrier->dy = 0;
    000011B9 DD 7E E3         [19] 2777 	ld	a, -29 (ix)
    000011BC C6 11            [ 7] 2778 	add	a, #0x11
    000011BE DD 77 E8         [19] 2779 	ld	-24 (ix), a
    000011C1 DD 7E E4         [19] 2780 	ld	a, -28 (ix)
    000011C4 CE 00            [ 7] 2781 	adc	a, #0x00
    000011C6 DD 77 E9         [19] 2782 	ld	-23 (ix), a
    000011C9 DD 6E E8         [19] 2783 	ld	l, -24 (ix)
    000011CC DD 66 E9         [19] 2784 	ld	h, -23 (ix)
    000011CF 36 00            [10] 2785 	ld	(hl), #0x00
    000011D1 DD 7E E3         [19] 2786 	ld	a, -29 (ix)
    000011D4 C6 12            [ 7] 2787 	add	a, #0x12
    000011D6 DD 77 EA         [19] 2788 	ld	-22 (ix), a
    000011D9 DD 7E E4         [19] 2789 	ld	a, -28 (ix)
    000011DC CE 00            [ 7] 2790 	adc	a, #0x00
    000011DE DD 77 EB         [19] 2791 	ld	-21 (ix), a
    000011E1 DD 6E EA         [19] 2792 	ld	l, -22 (ix)
    000011E4 DD 66 EB         [19] 2793 	ld	h, -21 (ix)
    000011E7 36 00            [10] 2794 	ld	(hl), #0x00
                                   2795 ;E:\Dropbox\FAUSTO\SVILUPPI\MSX\CODE\C\MSXgl\projects\soccerlgMSX2/soccerlg_s9_b3.c:348: switch(dir) {
    000011E9 3E 08            [ 7] 2796 	ld	a, #0x08
    000011EB DD 96 F9         [19] 2797 	sub	a, -7 (ix)
    000011EE DAr8Dr12         [10] 2798 	jp	C, 00268$
    000011F1 DD 4E F9         [19] 2799 	ld	c, -7 (ix)
    000011F4 06 00            [ 7] 2800 	ld	b, #0x00
    000011F6 21rFDr11         [10] 2801 	ld	hl, #01878$
    000011F9 09               [11] 2802 	add	hl, bc
    000011FA 09               [11] 2803 	add	hl, bc
    000011FB 09               [11] 2804 	add	hl, bc
    000011FC E9               [ 4] 2805 	jp	(hl)
    000011FD                       2806 01878$:
    000011FD C3r8Dr12         [10] 2807 	jp	00268$
    00001200 C3r18r12         [10] 2808 	jp	00260$
    00001203 C3r23r12         [10] 2809 	jp	00261$
    00001206 C3r36r12         [10] 2810 	jp	00262$
    00001209 C3r41r12         [10] 2811 	jp	00263$
    0000120C C3r54r12         [10] 2812 	jp	00264$
    0000120F C3r5Fr12         [10] 2813 	jp	00265$
    00001212 C3r72r12         [10] 2814 	jp	00266$
    00001215 C3r7Dr12         [10] 2815 	jp	00267$
                                   2816 ;E:\Dropbox\FAUSTO\SVILUPPI\MSX\CODE\C\MSXgl\projects\soccerlgMSX2/soccerlg_s9_b3.c:349: case DIRECTION_UP: Carrier->dy = -2; break;
    00001218                       2817 00260$:
    00001218 DD 6E EA         [19] 2818 	ld	l, -22 (ix)
    0000121B DD 66 EB         [19] 2819 	ld	h, -21 (ix)
    0000121E 36 FE            [10] 2820 	ld	(hl), #0xfe
    00001220 C3r8Dr12         [10] 2821 	jp	00268$
                                   2822 ;E:\Dropbox\FAUSTO\SVILUPPI\MSX\CODE\C\MSXgl\projects\soccerlgMSX2/soccerlg_s9_b3.c:350: case DIRECTION_UP_RIGHT: Carrier->dy = -2; Carrier->dx = 2; break;
    00001223                       2823 00261$:
    00001223 DD 6E EA         [19] 2824 	ld	l, -22 (ix)
    00001226 DD 66 EB         [19] 2825 	ld	h, -21 (ix)
    00001229 36 FE            [10] 2826 	ld	(hl), #0xfe
    0000122B DD 6E E8         [19] 2827 	ld	l, -24 (ix)
    0000122E DD 66 E9         [19] 2828 	ld	h, -23 (ix)
    00001231 36 02            [10] 2829 	ld	(hl), #0x02
    00001233 C3r8Dr12         [10] 2830 	jp	00268$
                                   2831 ;E:\Dropbox\FAUSTO\SVILUPPI\MSX\CODE\C\MSXgl\projects\soccerlgMSX2/soccerlg_s9_b3.c:351: case DIRECTION_RIGHT: Carrier->dx = 2; break;
    00001236                       2832 00262$:
    00001236 DD 6E E8         [19] 2833 	ld	l, -24 (ix)
    00001239 DD 66 E9         [19] 2834 	ld	h, -23 (ix)
    0000123C 36 02            [10] 2835 	ld	(hl), #0x02
    0000123E C3r8Dr12         [10] 2836 	jp	00268$
                                   2837 ;E:\Dropbox\FAUSTO\SVILUPPI\MSX\CODE\C\MSXgl\projects\soccerlgMSX2/soccerlg_s9_b3.c:352: case DIRECTION_DOWN_RIGHT: Carrier->dy = 2; Carrier->dx = 2; break;
    00001241                       2838 00263$:
    00001241 DD 6E EA         [19] 2839 	ld	l, -22 (ix)
    00001244 DD 66 EB         [19] 2840 	ld	h, -21 (ix)
    00001247 36 02            [10] 2841 	ld	(hl), #0x02
    00001249 DD 6E E8         [19] 2842 	ld	l, -24 (ix)
    0000124C DD 66 E9         [19] 2843 	ld	h, -23 (ix)
    0000124F 36 02            [10] 2844 	ld	(hl), #0x02
    00001251 C3r8Dr12         [10] 2845 	jp	00268$
                                   2846 ;E:\Dropbox\FAUSTO\SVILUPPI\MSX\CODE\C\MSXgl\projects\soccerlgMSX2/soccerlg_s9_b3.c:353: case DIRECTION_DOWN: Carrier->dy = 2; break;
    00001254                       2847 00264$:
    00001254 DD 6E EA         [19] 2848 	ld	l, -22 (ix)
    00001257 DD 66 EB         [19] 2849 	ld	h, -21 (ix)
    0000125A 36 02            [10] 2850 	ld	(hl), #0x02
    0000125C C3r8Dr12         [10] 2851 	jp	00268$
                                   2852 ;E:\Dropbox\FAUSTO\SVILUPPI\MSX\CODE\C\MSXgl\projects\soccerlgMSX2/soccerlg_s9_b3.c:354: case DIRECTION_DOWN_LEFT: Carrier->dy = 2; Carrier->dx = -2; break;
    0000125F                       2853 00265$:
    0000125F DD 6E EA         [19] 2854 	ld	l, -22 (ix)
    00001262 DD 66 EB         [19] 2855 	ld	h, -21 (ix)
    00001265 36 02            [10] 2856 	ld	(hl), #0x02
    00001267 DD 6E E8         [19] 2857 	ld	l, -24 (ix)
    0000126A DD 66 E9         [19] 2858 	ld	h, -23 (ix)
    0000126D 36 FE            [10] 2859 	ld	(hl), #0xfe
    0000126F C3r8Dr12         [10] 2860 	jp	00268$
                                   2861 ;E:\Dropbox\FAUSTO\SVILUPPI\MSX\CODE\C\MSXgl\projects\soccerlgMSX2/soccerlg_s9_b3.c:355: case DIRECTION_LEFT: Carrier->dx = -2; break;
    00001272                       2862 00266$:
    00001272 DD 6E E8         [19] 2863 	ld	l, -24 (ix)
    00001275 DD 66 E9         [19] 2864 	ld	h, -23 (ix)
    00001278 36 FE            [10] 2865 	ld	(hl), #0xfe
    0000127A C3r8Dr12         [10] 2866 	jp	00268$
                                   2867 ;E:\Dropbox\FAUSTO\SVILUPPI\MSX\CODE\C\MSXgl\projects\soccerlgMSX2/soccerlg_s9_b3.c:356: case DIRECTION_UP_LEFT: Carrier->dy = -2; Carrier->dx = -2; break;
    0000127D                       2868 00267$:
    0000127D DD 6E EA         [19] 2869 	ld	l, -22 (ix)
    00001280 DD 66 EB         [19] 2870 	ld	h, -21 (ix)
    00001283 36 FE            [10] 2871 	ld	(hl), #0xfe
    00001285 DD 6E E8         [19] 2872 	ld	l, -24 (ix)
    00001288 DD 66 E9         [19] 2873 	ld	h, -23 (ix)
    0000128B 36 FE            [10] 2874 	ld	(hl), #0xfe
                                   2875 ;E:\Dropbox\FAUSTO\SVILUPPI\MSX\CODE\C\MSXgl\projects\soccerlgMSX2/soccerlg_s9_b3.c:357: }
    0000128D                       2876 00268$:
                                   2877 ;E:\Dropbox\FAUSTO\SVILUPPI\MSX\CODE\C\MSXgl\projects\soccerlgMSX2/soccerlg_s9_b3.c:360: if (Carrier->dx != 0 || Carrier->dy != 0) {
    0000128D DD 6E E8         [19] 2878 	ld	l, -24 (ix)
    00001290 DD 66 E9         [19] 2879 	ld	h, -23 (ix)
    00001293 7E               [ 7] 2880 	ld	a, (hl)
    00001294 DD 77 F7         [19] 2881 	ld	-9 (ix), a
                                   2882 ;E:\Dropbox\FAUSTO\SVILUPPI\MSX\CODE\C\MSXgl\projects\soccerlgMSX2/soccerlg_s9_b3.c:301: Carrier->ly += Carrier->dy;
    00001297 DD 7E E3         [19] 2883 	ld	a, -29 (ix)
    0000129A C6 04            [ 7] 2884 	add	a, #0x04
    0000129C DD 77 EC         [19] 2885 	ld	-20 (ix), a
    0000129F DD 7E E4         [19] 2886 	ld	a, -28 (ix)
    000012A2 CE 00            [ 7] 2887 	adc	a, #0x00
    000012A4 DD 77 ED         [19] 2888 	ld	-19 (ix), a
                                   2889 ;E:\Dropbox\FAUSTO\SVILUPPI\MSX\CODE\C\MSXgl\projects\soccerlgMSX2/soccerlg_s9_b3.c:360: if (Carrier->dx != 0 || Carrier->dy != 0) {
    000012A7 DD 7E F7         [19] 2890 	ld	a, -9 (ix)
    000012AA B7               [ 4] 2891 	or	a, a
    000012AB 20 0B            [12] 2892 	jr	NZ, 00281$
    000012AD DD 6E EA         [19] 2893 	ld	l, -22 (ix)
    000012B0 DD 66 EB         [19] 2894 	ld	h, -21 (ix)
    000012B3 7E               [ 7] 2895 	ld	a, (hl)
    000012B4 B7               [ 4] 2896 	or	a, a
    000012B5 CAr79r14         [10] 2897 	jp	Z, 00282$
    000012B8                       2898 00281$:
                                   2899 ;E:\Dropbox\FAUSTO\SVILUPPI\MSX\CODE\C\MSXgl\projects\soccerlgMSX2/soccerlg_s9_b3.c:361: g_last_dx[i] = Carrier->dx;
    000012B8 3Er00            [ 7] 2900 	ld	a, #<(_g_last_dx)
    000012BA DD 86 FF         [19] 2901 	add	a, -1 (ix)
    000012BD DD 77 F8         [19] 2902 	ld	-8 (ix), a
    000012C0 3Es00            [ 7] 2903 	ld	a, #>(_g_last_dx)
    000012C2 CE 00            [ 7] 2904 	adc	a, #0x00
    000012C4 DD 77 F9         [19] 2905 	ld	-7 (ix), a
    000012C7 DD 6E F8         [19] 2906 	ld	l, -8 (ix)
    000012CA DD 66 F9         [19] 2907 	ld	h, -7 (ix)
    000012CD DD 7E F7         [19] 2908 	ld	a, -9 (ix)
    000012D0 77               [ 7] 2909 	ld	(hl), a
                                   2910 ;E:\Dropbox\FAUSTO\SVILUPPI\MSX\CODE\C\MSXgl\projects\soccerlgMSX2/soccerlg_s9_b3.c:362: g_last_dy[i] = Carrier->dy;
    000012D1 3Er00            [ 7] 2911 	ld	a, #<(_g_last_dy)
    000012D3 DD 86 FF         [19] 2912 	add	a, -1 (ix)
    000012D6 DD 77 F7         [19] 2913 	ld	-9 (ix), a
    000012D9 3Es00            [ 7] 2914 	ld	a, #>(_g_last_dy)
    000012DB CE 00            [ 7] 2915 	adc	a, #0x00
    000012DD DD 77 F8         [19] 2916 	ld	-8 (ix), a
    000012E0 DD 6E EA         [19] 2917 	ld	l, -22 (ix)
    000012E3 DD 66 EB         [19] 2918 	ld	h, -21 (ix)
    000012E6 7E               [ 7] 2919 	ld	a, (hl)
    000012E7 DD 77 F9         [19] 2920 	ld	-7 (ix), a
    000012EA DD 6E F7         [19] 2921 	ld	l, -9 (ix)
    000012ED DD 66 F8         [19] 2922 	ld	h, -8 (ix)
    000012F0 DD 7E F9         [19] 2923 	ld	a, -7 (ix)
    000012F3 77               [ 7] 2924 	ld	(hl), a
                                   2925 ;E:\Dropbox\FAUSTO\SVILUPPI\MSX\CODE\C\MSXgl\projects\soccerlgMSX2/soccerlg_s9_b3.c:364: i16 next_x = (i16)Carrier->lx + Carrier->dx;
    000012F4 DD 6E E3         [19] 2926 	ld	l, -29 (ix)
    000012F7 DD 66 E4         [19] 2927 	ld	h, -28 (ix)
    000012FA 7E               [ 7] 2928 	ld	a, (hl)
    000012FB DD 77 F9         [19] 2929 	ld	-7 (ix), a
    000012FE DD 77 F8         [19] 2930 	ld	-8 (ix), a
    00001301 DD 36 F9 00      [19] 2931 	ld	-7 (ix), #0x00
    00001305 DD 6E E8         [19] 2932 	ld	l, -24 (ix)
    00001308 DD 66 E9         [19] 2933 	ld	h, -23 (ix)
    0000130B 7E               [ 7] 2934 	ld	a, (hl)
    0000130C DD 77 F7         [19] 2935 	ld	-9 (ix), a
    0000130F DD 77 F4         [19] 2936 	ld	-12 (ix), a
    00001312 07               [ 4] 2937 	rlca
    00001313 9F               [ 4] 2938 	sbc	a, a
    00001314 DD 77 F5         [19] 2939 	ld	-11 (ix), a
    00001317 DD 7E F8         [19] 2940 	ld	a, -8 (ix)
    0000131A DD 77 F6         [19] 2941 	ld	-10 (ix), a
    0000131D DD 7E F9         [19] 2942 	ld	a, -7 (ix)
    00001320 DD 77 F7         [19] 2943 	ld	-9 (ix), a
    00001323 DD 7E F6         [19] 2944 	ld	a, -10 (ix)
    00001326 DD 86 F4         [19] 2945 	add	a, -12 (ix)
    00001329 DD 77 F8         [19] 2946 	ld	-8 (ix), a
    0000132C DD 7E F7         [19] 2947 	ld	a, -9 (ix)
    0000132F DD 8E F5         [19] 2948 	adc	a, -11 (ix)
    00001332 DD 77 F9         [19] 2949 	ld	-7 (ix), a
                                   2950 ;E:\Dropbox\FAUSTO\SVILUPPI\MSX\CODE\C\MSXgl\projects\soccerlgMSX2/soccerlg_s9_b3.c:365: if (next_x < 16) Carrier->lx = 16;
    00001335 DD 7E F8         [19] 2951 	ld	a, -8 (ix)
    00001338 DD 77 F6         [19] 2952 	ld	-10 (ix), a
    0000133B DD 7E F9         [19] 2953 	ld	a, -7 (ix)
    0000133E DD 77 F7         [19] 2954 	ld	-9 (ix), a
    00001341 DD 7E F6         [19] 2955 	ld	a, -10 (ix)
    00001344 D6 10            [ 7] 2956 	sub	a, #0x10
    00001346 DD 7E F7         [19] 2957 	ld	a, -9 (ix)
    00001349 17               [ 4] 2958 	rla
    0000134A 3F               [ 4] 2959 	ccf
    0000134B 1F               [ 4] 2960 	rra
    0000134C DE 80            [ 7] 2961 	sbc	a, #0x80
    0000134E 30 0B            [12] 2962 	jr	NC, 00273$
    00001350 DD 6E E3         [19] 2963 	ld	l, -29 (ix)
    00001353 DD 66 E4         [19] 2964 	ld	h, -28 (ix)
    00001356 36 10            [10] 2965 	ld	(hl), #0x10
    00001358 C3r82r13         [10] 2966 	jp	00274$
    0000135B                       2967 00273$:
                                   2968 ;E:\Dropbox\FAUSTO\SVILUPPI\MSX\CODE\C\MSXgl\projects\soccerlgMSX2/soccerlg_s9_b3.c:366: else if (next_x > 224) Carrier->lx = 224;
    0000135B 3E E0            [ 7] 2969 	ld	a, #0xe0
    0000135D DD BE F6         [19] 2970 	cp	a, -10 (ix)
    00001360 3E 00            [ 7] 2971 	ld	a, #0x00
    00001362 DD 9E F7         [19] 2972 	sbc	a, -9 (ix)
    00001365 E2r6Ar13         [10] 2973 	jp	PO, 01879$
    00001368 EE 80            [ 7] 2974 	xor	a, #0x80
    0000136A                       2975 01879$:
    0000136A F2r78r13         [10] 2976 	jp	P, 00270$
    0000136D DD 6E E3         [19] 2977 	ld	l, -29 (ix)
    00001370 DD 66 E4         [19] 2978 	ld	h, -28 (ix)
    00001373 36 E0            [10] 2979 	ld	(hl), #0xe0
    00001375 C3r82r13         [10] 2980 	jp	00274$
    00001378                       2981 00270$:
                                   2982 ;E:\Dropbox\FAUSTO\SVILUPPI\MSX\CODE\C\MSXgl\projects\soccerlgMSX2/soccerlg_s9_b3.c:367: else Carrier->lx = (u8)next_x;
    00001378 DD 7E F8         [19] 2983 	ld	a, -8 (ix)
    0000137B DD 6E E3         [19] 2984 	ld	l, -29 (ix)
    0000137E DD 66 E4         [19] 2985 	ld	h, -28 (ix)
    00001381 77               [ 7] 2986 	ld	(hl), a
    00001382                       2987 00274$:
                                   2988 ;E:\Dropbox\FAUSTO\SVILUPPI\MSX\CODE\C\MSXgl\projects\soccerlgMSX2/soccerlg_s9_b3.c:369: i16 next_y = (i16)Carrier->ly + Carrier->dy;
    00001382 DD 6E EC         [19] 2989 	ld	l, -20 (ix)
    00001385 DD 66 ED         [19] 2990 	ld	h, -19 (ix)
    00001388 7E               [ 7] 2991 	ld	a, (hl)
    00001389 DD 77 F8         [19] 2992 	ld	-8 (ix), a
    0000138C 23               [ 6] 2993 	inc	hl
    0000138D 7E               [ 7] 2994 	ld	a, (hl)
    0000138E DD 77 F9         [19] 2995 	ld	-7 (ix), a
    00001391 DD 6E EA         [19] 2996 	ld	l, -22 (ix)
    00001394 DD 66 EB         [19] 2997 	ld	h, -21 (ix)
    00001397 7E               [ 7] 2998 	ld	a, (hl)
    00001398 DD 77 F7         [19] 2999 	ld	-9 (ix), a
    0000139B DD 77 F4         [19] 3000 	ld	-12 (ix), a
    0000139E 07               [ 4] 3001 	rlca
    0000139F 9F               [ 4] 3002 	sbc	a, a
    000013A0 DD 77 F5         [19] 3003 	ld	-11 (ix), a
    000013A3 DD 7E F8         [19] 3004 	ld	a, -8 (ix)
    000013A6 DD 77 F6         [19] 3005 	ld	-10 (ix), a
    000013A9 DD 7E F9         [19] 3006 	ld	a, -7 (ix)
    000013AC DD 77 F7         [19] 3007 	ld	-9 (ix), a
    000013AF DD 7E F6         [19] 3008 	ld	a, -10 (ix)
    000013B2 DD 86 F4         [19] 3009 	add	a, -12 (ix)
    000013B5 DD 77 F8         [19] 3010 	ld	-8 (ix), a
    000013B8 DD 7E F7         [19] 3011 	ld	a, -9 (ix)
    000013BB DD 8E F5         [19] 3012 	adc	a, -11 (ix)
    000013BE DD 77 F9         [19] 3013 	ld	-7 (ix), a
                                   3014 ;E:\Dropbox\FAUSTO\SVILUPPI\MSX\CODE\C\MSXgl\projects\soccerlgMSX2/soccerlg_s9_b3.c:370: if (next_y < 24) Carrier->ly = 24;
    000013C1 DD 7E F8         [19] 3015 	ld	a, -8 (ix)
    000013C4 DD 77 F6         [19] 3016 	ld	-10 (ix), a
    000013C7 DD 7E F9         [19] 3017 	ld	a, -7 (ix)
    000013CA DD 77 F7         [19] 3018 	ld	-9 (ix), a
    000013CD DD 7E F6         [19] 3019 	ld	a, -10 (ix)
    000013D0 D6 18            [ 7] 3020 	sub	a, #0x18
    000013D2 DD 7E F7         [19] 3021 	ld	a, -9 (ix)
    000013D5 17               [ 4] 3022 	rla
    000013D6 3F               [ 4] 3023 	ccf
    000013D7 1F               [ 4] 3024 	rra
    000013D8 DE 80            [ 7] 3025 	sbc	a, #0x80
    000013DA 30 0E            [12] 3026 	jr	NC, 00279$
    000013DC DD 6E EC         [19] 3027 	ld	l, -20 (ix)
    000013DF DD 66 ED         [19] 3028 	ld	h, -19 (ix)
    000013E2 36 18            [10] 3029 	ld	(hl), #0x18
    000013E4 23               [ 6] 3030 	inc	hl
    000013E5 36 00            [10] 3031 	ld	(hl), #0x00
    000013E7 C3r19r14         [10] 3032 	jp	00280$
    000013EA                       3033 00279$:
                                   3034 ;E:\Dropbox\FAUSTO\SVILUPPI\MSX\CODE\C\MSXgl\projects\soccerlgMSX2/soccerlg_s9_b3.c:371: else if (next_y > 488) Carrier->ly = 488;
    000013EA 3E E8            [ 7] 3035 	ld	a, #0xe8
    000013EC DD BE F6         [19] 3036 	cp	a, -10 (ix)
    000013EF 3E 01            [ 7] 3037 	ld	a, #0x01
    000013F1 DD 9E F7         [19] 3038 	sbc	a, -9 (ix)
    000013F4 E2rF9r13         [10] 3039 	jp	PO, 01880$
    000013F7 EE 80            [ 7] 3040 	xor	a, #0x80
    000013F9                       3041 01880$:
    000013F9 F2r0Ar14         [10] 3042 	jp	P, 00276$
    000013FC DD 6E EC         [19] 3043 	ld	l, -20 (ix)
    000013FF DD 66 ED         [19] 3044 	ld	h, -19 (ix)
    00001402 36 E8            [10] 3045 	ld	(hl), #0xe8
    00001404 23               [ 6] 3046 	inc	hl
    00001405 36 01            [10] 3047 	ld	(hl), #0x01
    00001407 C3r19r14         [10] 3048 	jp	00280$
    0000140A                       3049 00276$:
                                   3050 ;E:\Dropbox\FAUSTO\SVILUPPI\MSX\CODE\C\MSXgl\projects\soccerlgMSX2/soccerlg_s9_b3.c:372: else Carrier->ly = (u16)next_y;
    0000140A DD 4E F8         [19] 3051 	ld	c, -8 (ix)
    0000140D DD 46 F9         [19] 3052 	ld	b, -7 (ix)
    00001410 DD 6E EC         [19] 3053 	ld	l, -20 (ix)
    00001413 DD 66 ED         [19] 3054 	ld	h, -19 (ix)
    00001416 71               [ 7] 3055 	ld	(hl), c
    00001417 23               [ 6] 3056 	inc	hl
    00001418 70               [ 7] 3057 	ld	(hl), b
    00001419                       3058 00280$:
                                   3059 ;E:\Dropbox\FAUSTO\SVILUPPI\MSX\CODE\C\MSXgl\projects\soccerlgMSX2/soccerlg_s9_b3.c:374: Carrier->anim++;
    00001419 DD 6E E3         [19] 3060 	ld	l, -29 (ix)
    0000141C DD 66 E4         [19] 3061 	ld	h, -28 (ix)
    0000141F 11 13 00         [10] 3062 	ld	de, #0x0013
    00001422 19               [11] 3063 	add	hl, de
    00001423 5E               [ 7] 3064 	ld	e, (hl)
    00001424 23               [ 6] 3065 	inc	hl
    00001425 56               [ 7] 3066 	ld	d, (hl)
    00001426 2B               [ 6] 3067 	dec	hl
    00001427 13               [ 6] 3068 	inc	de
    00001428 73               [ 7] 3069 	ld	(hl), e
    00001429 23               [ 6] 3070 	inc	hl
    0000142A 72               [ 7] 3071 	ld	(hl), d
                                   3072 ;E:\Dropbox\FAUSTO\SVILUPPI\MSX\CODE\C\MSXgl\projects\soccerlgMSX2/soccerlg_s9_b3.c:375: const u8 walk_seq[4] = {0, 1, 2, 1}; 
    0000142B DD 36 D8 00      [19] 3073 	ld	-40 (ix), #0x00
    0000142F DD 36 D9 01      [19] 3074 	ld	-39 (ix), #0x01
    00001433 DD 36 DA 02      [19] 3075 	ld	-38 (ix), #0x02
    00001437 DD 36 DB 01      [19] 3076 	ld	-37 (ix), #0x01
                                   3077 ;E:\Dropbox\FAUSTO\SVILUPPI\MSX\CODE\C\MSXgl\projects\soccerlgMSX2/soccerlg_s9_b3.c:376: Carrier->frame = CallFnc_U16_P4(SEG_GAMESTATE_9, GetPlayerAnimFrame, carrier, Carrier->dx, Carrier->dy, walk_seq[(Carrier->anim / 3) % 4]);
    0000143B EB               [ 4] 3078 	ex	de, hl
    0000143C 11 03 00         [10] 3079 	ld	de, #0x0003
    0000143F CDr00r00         [17] 3080 	call	__divuint
    00001442 7B               [ 4] 3081 	ld	a, e
    00001443 E6 03            [ 7] 3082 	and	a, #0x03
    00001445 4F               [ 4] 3083 	ld	c, a
    00001446 06 00            [ 7] 3084 	ld	b, #0x00
    00001448 21 04 00         [10] 3085 	ld	hl, #4
    0000144B 39               [11] 3086 	add	hl, sp
    0000144C 09               [11] 3087 	add	hl, bc
    0000144D 56               [ 7] 3088 	ld	d, (hl)
    0000144E DD 6E EA         [19] 3089 	ld	l, -22 (ix)
    00001451 DD 66 EB         [19] 3090 	ld	h, -21 (ix)
    00001454 46               [ 7] 3091 	ld	b, (hl)
    00001455 DD 6E E8         [19] 3092 	ld	l, -24 (ix)
    00001458 DD 66 E9         [19] 3093 	ld	h, -23 (ix)
    0000145B 7E               [ 7] 3094 	ld	a, (hl)
    0000145C 58               [ 4] 3095 	ld	e, b
    0000145D D5               [11] 3096 	push	de
    0000145E F5               [11] 3097 	push	af
    0000145F 33               [ 6] 3098 	inc	sp
    00001460 DD 7E DE         [19] 3099 	ld	a, -34 (ix)
    00001463 F5               [11] 3100 	push	af
    00001464 33               [ 6] 3101 	inc	sp
    00001465 11r00r00         [10] 3102 	ld	de, #_GetPlayerAnimFrame
    00001468 3E 13            [ 7] 3103 	ld	a, #0x13
    0000146A CDr00r00         [17] 3104 	call	_CallFnc_U16_P4
    0000146D DD 6E F2         [19] 3105 	ld	l, -14 (ix)
    00001470 DD 66 F3         [19] 3106 	ld	h, -13 (ix)
    00001473 73               [ 7] 3107 	ld	(hl), e
    00001474 23               [ 6] 3108 	inc	hl
    00001475 72               [ 7] 3109 	ld	(hl), d
    00001476 C3rABr14         [10] 3110 	jp	00283$
    00001479                       3111 00282$:
                                   3112 ;E:\Dropbox\FAUSTO\SVILUPPI\MSX\CODE\C\MSXgl\projects\soccerlgMSX2/soccerlg_s9_b3.c:379: Carrier->frame = CallFnc_U16_P3(SEG_GAMESTATE_9, GetPlayerIdleFrame, carrier, g_last_dx[i], g_last_dy[i]);
    00001479 3Er00            [ 7] 3113 	ld	a, #<(_g_last_dy)
    0000147B DD 86 FF         [19] 3114 	add	a, -1 (ix)
    0000147E 6F               [ 4] 3115 	ld	l, a
                                   3116 ;	spillPairReg hl
                                   3117 ;	spillPairReg hl
    0000147F 3Es00            [ 7] 3118 	ld	a, #>(_g_last_dy)
    00001481 CE 00            [ 7] 3119 	adc	a, #0x00
    00001483 67               [ 4] 3120 	ld	h, a
                                   3121 ;	spillPairReg hl
                                   3122 ;	spillPairReg hl
    00001484 46               [ 7] 3123 	ld	b, (hl)
    00001485 3Er00            [ 7] 3124 	ld	a, #<(_g_last_dx)
    00001487 DD 86 FF         [19] 3125 	add	a, -1 (ix)
    0000148A 5F               [ 4] 3126 	ld	e, a
    0000148B 3Es00            [ 7] 3127 	ld	a, #>(_g_last_dx)
    0000148D CE 00            [ 7] 3128 	adc	a, #0x00
    0000148F 57               [ 4] 3129 	ld	d, a
    00001490 1A               [ 7] 3130 	ld	a, (de)
    00001491 C5               [11] 3131 	push	bc
    00001492 33               [ 6] 3132 	inc	sp
    00001493 F5               [11] 3133 	push	af
    00001494 33               [ 6] 3134 	inc	sp
    00001495 DD 7E DE         [19] 3135 	ld	a, -34 (ix)
    00001498 F5               [11] 3136 	push	af
    00001499 33               [ 6] 3137 	inc	sp
    0000149A 11r00r00         [10] 3138 	ld	de, #_GetPlayerIdleFrame
    0000149D 3E 13            [ 7] 3139 	ld	a, #0x13
    0000149F CDr00r00         [17] 3140 	call	_CallFnc_U16_P3
    000014A2 DD 6E F2         [19] 3141 	ld	l, -14 (ix)
    000014A5 DD 66 F3         [19] 3142 	ld	h, -13 (ix)
    000014A8 73               [ 7] 3143 	ld	(hl), e
    000014A9 23               [ 6] 3144 	inc	hl
    000014AA 72               [ 7] 3145 	ld	(hl), d
    000014AB                       3146 00283$:
                                   3147 ;E:\Dropbox\FAUSTO\SVILUPPI\MSX\CODE\C\MSXgl\projects\soccerlgMSX2/soccerlg_s9_b3.c:383: u16 dist_x = (Carrier->lx > Ball->lx) ? (Carrier->lx - Ball->lx) : (Ball->lx - Carrier->lx);
    000014AB DD 6E E3         [19] 3148 	ld	l, -29 (ix)
    000014AE DD 66 E4         [19] 3149 	ld	h, -28 (ix)
    000014B1 5E               [ 7] 3150 	ld	e, (hl)
    000014B2 21r42r01         [10] 3151 	ld	hl, #(_SwSprite + 322)
    000014B5 56               [ 7] 3152 	ld	d, (hl)
    000014B6 4B               [ 4] 3153 	ld	c, e
    000014B7 06 00            [ 7] 3154 	ld	b, #0x00
    000014B9 DD 72 F8         [19] 3155 	ld	-8 (ix), d
    000014BC DD 36 F9 00      [19] 3156 	ld	-7 (ix), #0x00
    000014C0 7A               [ 4] 3157 	ld	a, d
    000014C1 93               [ 4] 3158 	sub	a, e
    000014C2 30 0C            [12] 3159 	jr	NC, 00508$
    000014C4 79               [ 4] 3160 	ld	a, c
    000014C5 DD 96 F8         [19] 3161 	sub	a, -8 (ix)
    000014C8 4F               [ 4] 3162 	ld	c, a
    000014C9 78               [ 4] 3163 	ld	a, b
    000014CA DD 9E F9         [19] 3164 	sbc	a, -7 (ix)
    000014CD C3rD9r14         [10] 3165 	jp	00509$
    000014D0                       3166 00508$:
    000014D0 DD 7E F8         [19] 3167 	ld	a, -8 (ix)
    000014D3 91               [ 4] 3168 	sub	a, c
    000014D4 4F               [ 4] 3169 	ld	c, a
    000014D5 DD 7E F9         [19] 3170 	ld	a, -7 (ix)
    000014D8 98               [ 4] 3171 	sbc	a, b
    000014D9                       3172 00509$:
    000014D9 DD 71 EE         [19] 3173 	ld	-18 (ix), c
    000014DC DD 77 EF         [19] 3174 	ld	-17 (ix), a
                                   3175 ;E:\Dropbox\FAUSTO\SVILUPPI\MSX\CODE\C\MSXgl\projects\soccerlgMSX2/soccerlg_s9_b3.c:384: u16 dist_y = (Carrier->ly > Ball->ly) ? (Carrier->ly - Ball->ly) : (Ball->ly - Carrier->ly);
    000014DF DD 6E EC         [19] 3176 	ld	l, -20 (ix)
    000014E2 DD 66 ED         [19] 3177 	ld	h, -19 (ix)
    000014E5 7E               [ 7] 3178 	ld	a, (hl)
    000014E6 DD 77 F0         [19] 3179 	ld	-16 (ix), a
    000014E9 23               [ 6] 3180 	inc	hl
    000014EA 7E               [ 7] 3181 	ld	a, (hl)
    000014EB DD 77 F1         [19] 3182 	ld	-15 (ix), a
    000014EE 21r46r01         [10] 3183 	ld	hl, #(_SwSprite + 326)
    000014F1 7E               [ 7] 3184 	ld	a, (hl)
    000014F2 DD 77 F6         [19] 3185 	ld	-10 (ix), a
    000014F5 23               [ 6] 3186 	inc	hl
    000014F6 7E               [ 7] 3187 	ld	a, (hl)
    000014F7 DD 77 F7         [19] 3188 	ld	-9 (ix), a
    000014FA DD 7E F6         [19] 3189 	ld	a, -10 (ix)
    000014FD DD 96 F0         [19] 3190 	sub	a, -16 (ix)
    00001500 DD 7E F7         [19] 3191 	ld	a, -9 (ix)
    00001503 DD 9E F1         [19] 3192 	sbc	a, -15 (ix)
    00001506 30 15            [12] 3193 	jr	NC, 00510$
    00001508 DD 7E F0         [19] 3194 	ld	a, -16 (ix)
    0000150B DD 96 F6         [19] 3195 	sub	a, -10 (ix)
    0000150E DD 77 F8         [19] 3196 	ld	-8 (ix), a
    00001511 DD 7E F1         [19] 3197 	ld	a, -15 (ix)
    00001514 DD 9E F7         [19] 3198 	sbc	a, -9 (ix)
    00001517 DD 77 F9         [19] 3199 	ld	-7 (ix), a
    0000151A C3r2Fr15         [10] 3200 	jp	00511$
    0000151D                       3201 00510$:
    0000151D DD 7E F6         [19] 3202 	ld	a, -10 (ix)
    00001520 DD 96 F0         [19] 3203 	sub	a, -16 (ix)
    00001523 DD 77 F8         [19] 3204 	ld	-8 (ix), a
    00001526 DD 7E F7         [19] 3205 	ld	a, -9 (ix)
    00001529 DD 9E F1         [19] 3206 	sbc	a, -15 (ix)
    0000152C DD 77 F9         [19] 3207 	ld	-7 (ix), a
    0000152F                       3208 00511$:
    0000152F DD 7E F8         [19] 3209 	ld	a, -8 (ix)
    00001532 DD 77 F2         [19] 3210 	ld	-14 (ix), a
    00001535 DD 7E F9         [19] 3211 	ld	a, -7 (ix)
    00001538 DD 77 F3         [19] 3212 	ld	-13 (ix), a
                                   3213 ;E:\Dropbox\FAUSTO\SVILUPPI\MSX\CODE\C\MSXgl\projects\soccerlgMSX2/soccerlg_s9_b3.c:317: if (!can_steal && g_is_ball_carried && LastTouchPlayer != 0xFF && LastTouchTeam != carrier_team) {
    0000153B 3Ar00r00         [13] 3214 	ld	a, (_LastTouchTeam+0)
    0000153E DD 96 FA         [19] 3215 	sub	a, -6 (ix)
    00001541 3E 01            [ 7] 3216 	ld	a, #0x01
    00001543 28 01            [12] 3217 	jr	Z, 01882$
    00001545 AF               [ 4] 3218 	xor	a, a
    00001546                       3219 01882$:
    00001546 DD 77 F4         [19] 3220 	ld	-12 (ix), a
                                   3221 ;E:\Dropbox\FAUSTO\SVILUPPI\MSX\CODE\C\MSXgl\projects\soccerlgMSX2/soccerlg_s9_b3.c:388: u8 touch_dist = (LastTouchTeam == carrier_team || LastTouchTeam == 0xFF) ? 32 : (g_is_ball_carried ? 10 : 14); 
    00001549 DD CB F4 46      [20] 3222 	bit	0, -12 (ix)
    0000154D 20 06            [12] 3223 	jr	NZ, 00515$
    0000154F 3Ar00r00         [13] 3224 	ld	a, (_LastTouchTeam+0)
    00001552 3C               [ 4] 3225 	inc	a
    00001553 20 0B            [12] 3226 	jr	NZ, 00512$
    00001555                       3227 00515$:
    00001555 DD 36 F9 20      [19] 3228 	ld	-7 (ix), #0x20
    00001559 DD 36 FA 00      [19] 3229 	ld	-6 (ix), #0
    0000155D C3r79r15         [10] 3230 	jp	00513$
    00001560                       3231 00512$:
    00001560 3Ar00r00         [13] 3232 	ld	a, (_g_is_ball_carried+0)
    00001563 B7               [ 4] 3233 	or	a, a
    00001564 28 0B            [12] 3234 	jr	Z, 00517$
    00001566 DD 36 F9 0A      [19] 3235 	ld	-7 (ix), #0x0a
    0000156A DD 36 FA 00      [19] 3236 	ld	-6 (ix), #0
    0000156E C3r79r15         [10] 3237 	jp	00518$
    00001571                       3238 00517$:
    00001571 DD 36 F9 0E      [19] 3239 	ld	-7 (ix), #0x0e
    00001575 DD 36 FA 00      [19] 3240 	ld	-6 (ix), #0
    00001579                       3241 00518$:
    00001579                       3242 00513$:
    00001579 DD 7E F9         [19] 3243 	ld	a, -7 (ix)
    0000157C DD 77 F5         [19] 3244 	ld	-11 (ix), a
                                   3245 ;E:\Dropbox\FAUSTO\SVILUPPI\MSX\CODE\C\MSXgl\projects\soccerlgMSX2/soccerlg_s9_b3.c:389: if (Ball->anim >= 6) touch_dist = 12; // I tiri potenti sfuggono facilmente al tackle
    0000157F 2Ar55r01         [16] 3246 	ld	hl, (#(_SwSprite + 341) + 0)
    00001582 11 06 00         [10] 3247 	ld	de, #0x0006
    00001585 BF               [ 4] 3248 	cp	a, a
    00001586 ED 52            [15] 3249 	sbc	hl, de
    00001588 38 04            [12] 3250 	jr	C, 00286$
    0000158A DD 36 F5 0C      [19] 3251 	ld	-11 (ix), #0x0c
    0000158E                       3252 00286$:
                                   3253 ;E:\Dropbox\FAUSTO\SVILUPPI\MSX\CODE\C\MSXgl\projects\soccerlgMSX2/soccerlg_s9_b3.c:391: bool is_immune = (Ball->count > 0 && LastTouchTeam != carrier_team && LastTouchTeam != 0xFF);
    0000158E 21r57r01         [10] 3254 	ld	hl, #(_SwSprite + 343)
    00001591 7E               [ 7] 3255 	ld	a, (hl)
    00001592 DD 77 F6         [19] 3256 	ld	-10 (ix), a
    00001595 23               [ 6] 3257 	inc	hl
    00001596 7E               [ 7] 3258 	ld	a, (hl)
    00001597 DD 77 F7         [19] 3259 	ld	-9 (ix), a
    0000159A DD B6 F6         [19] 3260 	or	a, -10 (ix)
    0000159D 28 0C            [12] 3261 	jr	Z, 00519$
    0000159F DD CB F4 46      [20] 3262 	bit	0, -12 (ix)
    000015A3 20 06            [12] 3263 	jr	NZ, 00519$
    000015A5 3Ar00r00         [13] 3264 	ld	a, (_LastTouchTeam+0)
    000015A8 3C               [ 4] 3265 	inc	a
    000015A9 20 04            [12] 3266 	jr	NZ, 00520$
    000015AB                       3267 00519$:
    000015AB AF               [ 4] 3268 	xor	a, a
    000015AC C3rB1r15         [10] 3269 	jp	00521$
    000015AF                       3270 00520$:
    000015AF 3E 01            [ 7] 3271 	ld	a, #0x01
    000015B1                       3272 00521$:
    000015B1 DD 77 F8         [19] 3273 	ld	-8 (ix), a
                                   3274 ;E:\Dropbox\FAUSTO\SVILUPPI\MSX\CODE\C\MSXgl\projects\soccerlgMSX2/soccerlg_s9_b3.c:394: u16 eff_dist_y = dist_y;
    000015B4 DD 5E F2         [19] 3275 	ld	e, -14 (ix)
    000015B7 DD 56 F3         [19] 3276 	ld	d, -13 (ix)
                                   3277 ;E:\Dropbox\FAUSTO\SVILUPPI\MSX\CODE\C\MSXgl\projects\soccerlgMSX2/soccerlg_s9_b3.c:395: u8 touch_dist_y = touch_dist;
    000015BA DD 4E F5         [19] 3278 	ld	c, -11 (ix)
                                   3279 ;E:\Dropbox\FAUSTO\SVILUPPI\MSX\CODE\C\MSXgl\projects\soccerlgMSX2/soccerlg_s9_b3.c:396: if (g_is_ball_carried && LastTouchPlayer != 0xFF && LastTouchTeam != carrier_team && SwSprite[LastTouchPlayer].dy == 0) {
    000015BD 3Ar00r00         [13] 3280 	ld	a, (_g_is_ball_carried+0)
    000015C0 B7               [ 4] 3281 	or	a, a
    000015C1 28 6E            [12] 3282 	jr	Z, 00288$
    000015C3 3Ar00r00         [13] 3283 	ld	a, (_LastTouchPlayer+0)
    000015C6 3C               [ 4] 3284 	inc	a
    000015C7 28 68            [12] 3285 	jr	Z, 00288$
    000015C9 DD CB F4 46      [20] 3286 	bit	0, -12 (ix)
    000015CD 20 62            [12] 3287 	jr	NZ, 00288$
    000015CF D5               [11] 3288 	push	de
    000015D0 ED 5Br00r00      [20] 3289 	ld	de, (_LastTouchPlayer)
    000015D4 16 00            [ 7] 3290 	ld	d, #0x00
    000015D6 6B               [ 4] 3291 	ld	l, e
    000015D7 62               [ 4] 3292 	ld	h, d
    000015D8 29               [11] 3293 	add	hl, hl
    000015D9 29               [11] 3294 	add	hl, hl
    000015DA 19               [11] 3295 	add	hl, de
    000015DB 29               [11] 3296 	add	hl, hl
    000015DC 19               [11] 3297 	add	hl, de
    000015DD 29               [11] 3298 	add	hl, hl
    000015DE 19               [11] 3299 	add	hl, de
    000015DF D1               [10] 3300 	pop	de
    000015E0 44               [ 4] 3301 	ld	b, h
    000015E1 FD 21r00r00      [14] 3302 	ld	iy, #_SwSprite
    000015E5 C5               [11] 3303 	push	bc
    000015E6 4D               [ 4] 3304 	ld	c, l
    000015E7 FD 09            [15] 3305 	add	iy, bc
    000015E9 C1               [10] 3306 	pop	bc
    000015EA FD E5            [15] 3307 	push	iy
    000015EC E1               [10] 3308 	pop	hl
    000015ED C5               [11] 3309 	push	bc
    000015EE 01 12 00         [10] 3310 	ld	bc, #0x0012
    000015F1 09               [11] 3311 	add	hl, bc
    000015F2 C1               [10] 3312 	pop	bc
    000015F3 7E               [ 7] 3313 	ld	a, (hl)
    000015F4 B7               [ 4] 3314 	or	a, a
    000015F5 20 3A            [12] 3315 	jr	NZ, 00288$
                                   3316 ;E:\Dropbox\FAUSTO\SVILUPPI\MSX\CODE\C\MSXgl\projects\soccerlgMSX2/soccerlg_s9_b3.c:397: touch_dist_y = 9;
    000015F7 0E 09            [ 7] 3317 	ld	c, #0x09
                                   3318 ;E:\Dropbox\FAUSTO\SVILUPPI\MSX\CODE\C\MSXgl\projects\soccerlgMSX2/soccerlg_s9_b3.c:398: eff_dist_y = (Carrier->ly >= SwSprite[LastTouchPlayer].ly) ?
    000015F9 FD 7E 04         [19] 3319 	ld	a, 4 (iy)
    000015FC DD 77 F9         [19] 3320 	ld	-7 (ix), a
    000015FF FD 7E 05         [19] 3321 	ld	a, 5 (iy)
    00001602 DD 77 FA         [19] 3322 	ld	-6 (ix), a
    00001605 DD 7E F0         [19] 3323 	ld	a, -16 (ix)
    00001608 DD 96 F9         [19] 3324 	sub	a, -7 (ix)
    0000160B DD 7E F1         [19] 3325 	ld	a, -15 (ix)
    0000160E DD 9E FA         [19] 3326 	sbc	a, -6 (ix)
    00001611 38 10            [12] 3327 	jr	C, 00525$
                                   3328 ;E:\Dropbox\FAUSTO\SVILUPPI\MSX\CODE\C\MSXgl\projects\soccerlgMSX2/soccerlg_s9_b3.c:399: (u16)(Carrier->ly - SwSprite[LastTouchPlayer].ly) :
    00001613 DD 7E F0         [19] 3329 	ld	a, -16 (ix)
    00001616 DD 96 F9         [19] 3330 	sub	a, -7 (ix)
    00001619 5F               [ 4] 3331 	ld	e, a
    0000161A DD 7E F1         [19] 3332 	ld	a, -15 (ix)
    0000161D DD 9E FA         [19] 3333 	sbc	a, -6 (ix)
    00001620 C3r30r16         [10] 3334 	jp	00526$
    00001623                       3335 00525$:
                                   3336 ;E:\Dropbox\FAUSTO\SVILUPPI\MSX\CODE\C\MSXgl\projects\soccerlgMSX2/soccerlg_s9_b3.c:400: (u16)(SwSprite[LastTouchPlayer].ly - Carrier->ly);
    00001623 DD 7E F9         [19] 3337 	ld	a, -7 (ix)
    00001626 DD 96 F0         [19] 3338 	sub	a, -16 (ix)
    00001629 5F               [ 4] 3339 	ld	e, a
    0000162A DD 7E FA         [19] 3340 	ld	a, -6 (ix)
    0000162D DD 9E F1         [19] 3341 	sbc	a, -15 (ix)
    00001630                       3342 00526$:
    00001630 57               [ 4] 3343 	ld	d, a
    00001631                       3344 00288$:
                                   3345 ;E:\Dropbox\FAUSTO\SVILUPPI\MSX\CODE\C\MSXgl\projects\soccerlgMSX2/soccerlg_s9_b3.c:405: bool actively_carried_by_opp = (g_is_ball_carried && LastTouchTeam != carrier_team && LastTouchTeam != 0xFF);
    00001631 3Ar00r00         [13] 3346 	ld	a, (_g_is_ball_carried+0)
    00001634 B7               [ 4] 3347 	or	a, a
    00001635 28 0C            [12] 3348 	jr	Z, 00527$
    00001637 DD CB F4 46      [20] 3349 	bit	0, -12 (ix)
    0000163B 20 06            [12] 3350 	jr	NZ, 00527$
    0000163D 3Ar00r00         [13] 3351 	ld	a, (_LastTouchTeam+0)
    00001640 3C               [ 4] 3352 	inc	a
    00001641 20 04            [12] 3353 	jr	NZ, 00528$
    00001643                       3354 00527$:
    00001643 AF               [ 4] 3355 	xor	a, a
    00001644 C3r49r16         [10] 3356 	jp	00529$
    00001647                       3357 00528$:
    00001647 3E 01            [ 7] 3358 	ld	a, #0x01
    00001649                       3359 00529$:
    00001649 DD 77 FA         [19] 3360 	ld	-6 (ix), a
                                   3361 ;E:\Dropbox\FAUSTO\SVILUPPI\MSX\CODE\C\MSXgl\projects\soccerlgMSX2/soccerlg_s9_b3.c:408: if (dist_x <= touch_dist && eff_dist_y <= touch_dist_y && Ball->anim < 5 && !is_immune && RestartType == 0 && !actively_carried_by_opp) {
                                   3362 ;	spillPairReg hl
                                   3363 ;	spillPairReg hl
                                   3364 ;	spillPairReg hl
                                   3365 ;	spillPairReg hl
    0000164C DD 7E F5         [19] 3366 	ld	a, -11 (ix)
    0000164F 26 00            [ 7] 3367 	ld	h, #0x00
    00001651 DD 96 EE         [19] 3368 	sub	a, -18 (ix)
    00001654 7C               [ 4] 3369 	ld	a, h
    00001655 DD 9E EF         [19] 3370 	sbc	a, -17 (ix)
    00001658 DAr0Fr1F         [10] 3371 	jp	C, 00396$
    0000165B 06 00            [ 7] 3372 	ld	b, #0x00
    0000165D 79               [ 4] 3373 	ld	a, c
    0000165E 93               [ 4] 3374 	sub	a, e
    0000165F 78               [ 4] 3375 	ld	a, b
    00001660 9A               [ 4] 3376 	sbc	a, d
    00001661 DAr0Fr1F         [10] 3377 	jp	C, 00396$
    00001664 2Ar55r01         [16] 3378 	ld	hl, (#(_SwSprite + 341) + 0)
    00001667 11 05 00         [10] 3379 	ld	de, #0x0005
    0000166A BF               [ 4] 3380 	cp	a, a
    0000166B ED 52            [15] 3381 	sbc	hl, de
    0000166D D2r0Fr1F         [10] 3382 	jp	NC, 00396$
    00001670 DD 7E F8         [19] 3383 	ld	a, -8 (ix)
    00001673 B7               [ 4] 3384 	or	a, a
    00001674 C2r0Fr1F         [10] 3385 	jp	NZ, 00396$
    00001677 3Ar00r00         [13] 3386 	ld	a, (_RestartType+0)
    0000167A B7               [ 4] 3387 	or	a, a
    0000167B C2r0Fr1F         [10] 3388 	jp	NZ, 00396$
    0000167E DD 7E FA         [19] 3389 	ld	a, -6 (ix)
    00001681 B7               [ 4] 3390 	or	a, a
    00001682 C2r0Fr1F         [10] 3391 	jp	NZ, 00396$
                                   3392 ;E:\Dropbox\FAUSTO\SVILUPPI\MSX\CODE\C\MSXgl\projects\soccerlgMSX2/soccerlg_s9_b3.c:409: if (LastTouchTeam != carrier_team) {
    00001685 DD CB F4 46      [20] 3393 	bit	0, -12 (ix)
    00001689 20 09            [12] 3394 	jr	NZ, 00295$
                                   3395 ;E:\Dropbox\FAUSTO\SVILUPPI\MSX\CODE\C\MSXgl\projects\soccerlgMSX2/soccerlg_s9_b3.c:410: Ball->count = 30; // Immunità aumentata
    0000168B 21 1E 00         [10] 3396 	ld	hl, #0x001e
    0000168E 22r57r01         [16] 3397 	ld	((_SwSprite + 343)), hl
    00001691 C3rA2r16         [10] 3398 	jp	00296$
    00001694                       3399 00295$:
                                   3400 ;E:\Dropbox\FAUSTO\SVILUPPI\MSX\CODE\C\MSXgl\projects\soccerlgMSX2/soccerlg_s9_b3.c:411: } else if (LastTouchPlayer != carrier) {
    00001694 3Ar00r00         [13] 3401 	ld	a, (_LastTouchPlayer+0)
    00001697 DD 96 DE         [19] 3402 	sub	a, -34 (ix)
    0000169A 28 06            [12] 3403 	jr	Z, 00296$
                                   3404 ;E:\Dropbox\FAUSTO\SVILUPPI\MSX\CODE\C\MSXgl\projects\soccerlgMSX2/soccerlg_s9_b3.c:412: Ball->count = 20; // Immunità alla ricezione del passaggio
    0000169C 21 14 00         [10] 3405 	ld	hl, #0x0014
    0000169F 22r57r01         [16] 3406 	ld	((_SwSprite + 343)), hl
    000016A2                       3407 00296$:
                                   3408 ;E:\Dropbox\FAUSTO\SVILUPPI\MSX\CODE\C\MSXgl\projects\soccerlgMSX2/soccerlg_s9_b3.c:414: LastTouchTeam = (carrier < 7) ? TEAM_1 : TEAM_2;
    000016A2 DD 7E E5         [19] 3409 	ld	a, -27 (ix)
    000016A5 B7               [ 4] 3410 	or	a, a
    000016A6 28 0A            [12] 3411 	jr	Z, 00533$
    000016A8 AF               [ 4] 3412 	xor	a, a
    000016A9 DD 77 F9         [19] 3413 	ld	-7 (ix), a
    000016AC DD 77 FA         [19] 3414 	ld	-6 (ix), a
    000016AF C3rBAr16         [10] 3415 	jp	00534$
    000016B2                       3416 00533$:
    000016B2 DD 36 F9 01      [19] 3417 	ld	-7 (ix), #0x01
    000016B6 DD 36 FA 00      [19] 3418 	ld	-6 (ix), #0
    000016BA                       3419 00534$:
    000016BA DD 7E F9         [19] 3420 	ld	a, -7 (ix)
    000016BD 32r00r00         [13] 3421 	ld	(_LastTouchTeam+0), a
                                   3422 ;E:\Dropbox\FAUSTO\SVILUPPI\MSX\CODE\C\MSXgl\projects\soccerlgMSX2/soccerlg_s9_b3.c:415: LastTouchPlayer = carrier;
    000016C0 DD 7E DE         [19] 3423 	ld	a, -34 (ix)
    000016C3 32r00r00         [13] 3424 	ld	(_LastTouchPlayer+0), a
                                   3425 ;E:\Dropbox\FAUSTO\SVILUPPI\MSX\CODE\C\MSXgl\projects\soccerlgMSX2/soccerlg_s9_b3.c:416: Ball->frame = SPR_BALL_SIZE_1; // Assicura che la palla sia a terra quando tra i piedi
    000016C6 21 60 00         [10] 3426 	ld	hl, #0x0060
    000016C9 22r51r01         [16] 3427 	ld	((_SwSprite + 337)), hl
                                   3428 ;E:\Dropbox\FAUSTO\SVILUPPI\MSX\CODE\C\MSXgl\projects\soccerlgMSX2/soccerlg_s9_b3.c:417: g_pass_receiver = 0xFF; // Resetta il ricevitore adesso che ha palla
    000016CC 21r00r00         [10] 3429 	ld	hl, #_g_pass_receiver
    000016CF 36 FF            [10] 3430 	ld	(hl), #0xff
                                   3431 ;E:\Dropbox\FAUSTO\SVILUPPI\MSX\CODE\C\MSXgl\projects\soccerlgMSX2/soccerlg_s9_b3.c:360: if (Carrier->dx != 0 || Carrier->dy != 0) {
    000016D1 DD 6E E8         [19] 3432 	ld	l, -24 (ix)
    000016D4 DD 66 E9         [19] 3433 	ld	h, -23 (ix)
    000016D7 4E               [ 7] 3434 	ld	c, (hl)
    000016D8 DD 6E EA         [19] 3435 	ld	l, -22 (ix)
    000016DB DD 66 EB         [19] 3436 	ld	h, -21 (ix)
    000016DE 7E               [ 7] 3437 	ld	a, (hl)
    000016DF DD 77 FA         [19] 3438 	ld	-6 (ix), a
                                   3439 ;E:\Dropbox\FAUSTO\SVILUPPI\MSX\CODE\C\MSXgl\projects\soccerlgMSX2/soccerlg_s9_b3.c:421: if (Carrier->dx != 0 || Carrier->dy != 0) {
    000016E2 79               [ 4] 3440 	ld	a, c
    000016E3 B7               [ 4] 3441 	or	a, a
    000016E4 20 06            [12] 3442 	jr	NZ, 00297$
    000016E6 DD 7E FA         [19] 3443 	ld	a, -6 (ix)
    000016E9 B7               [ 4] 3444 	or	a, a
    000016EA 28 47            [12] 3445 	jr	Z, 00298$
    000016EC                       3446 00297$:
                                   3447 ;E:\Dropbox\FAUSTO\SVILUPPI\MSX\CODE\C\MSXgl\projects\soccerlgMSX2/soccerlg_s9_b3.c:422: c_dx = (Carrier->dx > 0) ? 1 : ((Carrier->dx < 0) ? -1 : 0);
    000016EC AF               [ 4] 3448 	xor	a, a
    000016ED 91               [ 4] 3449 	sub	a, c
    000016EE E2rF3r16         [10] 3450 	jp	PO, 01891$
    000016F1 EE 80            [ 7] 3451 	xor	a, #0x80
    000016F3                       3452 01891$:
    000016F3 F2rFCr16         [10] 3453 	jp	P, 00535$
    000016F6 01 01 00         [10] 3454 	ld	bc, #0x0001
    000016F9 C3r09r17         [10] 3455 	jp	00536$
    000016FC                       3456 00535$:
    000016FC CB 79            [ 8] 3457 	bit	7, c
    000016FE 28 06            [12] 3458 	jr	Z, 00537$
    00001700 01 FF FF         [10] 3459 	ld	bc, #0xffff
    00001703 C3r09r17         [10] 3460 	jp	00538$
    00001706                       3461 00537$:
    00001706 01 00 00         [10] 3462 	ld	bc, #0x0000
    00001709                       3463 00538$:
    00001709                       3464 00536$:
    00001709 DD 71 F9         [19] 3465 	ld	-7 (ix), c
                                   3466 ;E:\Dropbox\FAUSTO\SVILUPPI\MSX\CODE\C\MSXgl\projects\soccerlgMSX2/soccerlg_s9_b3.c:423: c_dy = (Carrier->dy > 0) ? 1 : ((Carrier->dy < 0) ? -1 : 0);
    0000170C AF               [ 4] 3467 	xor	a, a
    0000170D DD 96 FA         [19] 3468 	sub	a, -6 (ix)
    00001710 E2r15r17         [10] 3469 	jp	PO, 01892$
    00001713 EE 80            [ 7] 3470 	xor	a, #0x80
    00001715                       3471 01892$:
    00001715 F2r1Er17         [10] 3472 	jp	P, 00539$
    00001718 01 01 00         [10] 3473 	ld	bc, #0x0001
    0000171B C3r2Dr17         [10] 3474 	jp	00540$
    0000171E                       3475 00539$:
    0000171E DD CB FA 7E      [20] 3476 	bit	7, -6 (ix)
    00001722 28 06            [12] 3477 	jr	Z, 00541$
    00001724 01 FF FF         [10] 3478 	ld	bc, #0xffff
    00001727 C3r2Dr17         [10] 3479 	jp	00542$
    0000172A                       3480 00541$:
    0000172A 01 00 00         [10] 3481 	ld	bc, #0x0000
    0000172D                       3482 00542$:
    0000172D                       3483 00540$:
    0000172D DD 71 FA         [19] 3484 	ld	-6 (ix), c
    00001730 C3r8Br17         [10] 3485 	jp	00299$
    00001733                       3486 00298$:
                                   3487 ;E:\Dropbox\FAUSTO\SVILUPPI\MSX\CODE\C\MSXgl\projects\soccerlgMSX2/soccerlg_s9_b3.c:426: c_dx = (g_last_dx[i] > 0) ? 1 : ((g_last_dx[i] < 0) ? -1 : 0);
    00001733 3Er00            [ 7] 3488 	ld	a, #<(_g_last_dx)
    00001735 DD 86 FF         [19] 3489 	add	a, -1 (ix)
    00001738 6F               [ 4] 3490 	ld	l, a
                                   3491 ;	spillPairReg hl
                                   3492 ;	spillPairReg hl
    00001739 3Es00            [ 7] 3493 	ld	a, #>(_g_last_dx)
    0000173B CE 00            [ 7] 3494 	adc	a, #0x00
    0000173D 67               [ 4] 3495 	ld	h, a
    0000173E 4E               [ 7] 3496 	ld	c, (hl)
    0000173F AF               [ 4] 3497 	xor	a, a
    00001740 91               [ 4] 3498 	sub	a, c
    00001741 E2r46r17         [10] 3499 	jp	PO, 01893$
    00001744 EE 80            [ 7] 3500 	xor	a, #0x80
    00001746                       3501 01893$:
    00001746 F2r4Fr17         [10] 3502 	jp	P, 00543$
    00001749 01 01 00         [10] 3503 	ld	bc, #0x0001
    0000174C C3r5Cr17         [10] 3504 	jp	00544$
    0000174F                       3505 00543$:
    0000174F CB 79            [ 8] 3506 	bit	7, c
    00001751 28 06            [12] 3507 	jr	Z, 00545$
    00001753 01 FF FF         [10] 3508 	ld	bc, #0xffff
    00001756 C3r5Cr17         [10] 3509 	jp	00546$
    00001759                       3510 00545$:
    00001759 01 00 00         [10] 3511 	ld	bc, #0x0000
    0000175C                       3512 00546$:
    0000175C                       3513 00544$:
    0000175C DD 71 F9         [19] 3514 	ld	-7 (ix), c
                                   3515 ;E:\Dropbox\FAUSTO\SVILUPPI\MSX\CODE\C\MSXgl\projects\soccerlgMSX2/soccerlg_s9_b3.c:427: c_dy = (g_last_dy[i] > 0) ? 1 : ((g_last_dy[i] < 0) ? -1 : 0);
    0000175F 3Er00            [ 7] 3516 	ld	a, #<(_g_last_dy)
    00001761 DD 86 FF         [19] 3517 	add	a, -1 (ix)
    00001764 6F               [ 4] 3518 	ld	l, a
                                   3519 ;	spillPairReg hl
                                   3520 ;	spillPairReg hl
    00001765 3Es00            [ 7] 3521 	ld	a, #>(_g_last_dy)
    00001767 CE 00            [ 7] 3522 	adc	a, #0x00
    00001769 67               [ 4] 3523 	ld	h, a
    0000176A 4E               [ 7] 3524 	ld	c, (hl)
    0000176B AF               [ 4] 3525 	xor	a, a
    0000176C 91               [ 4] 3526 	sub	a, c
    0000176D E2r72r17         [10] 3527 	jp	PO, 01894$
    00001770 EE 80            [ 7] 3528 	xor	a, #0x80
    00001772                       3529 01894$:
    00001772 F2r7Br17         [10] 3530 	jp	P, 00547$
    00001775 01 01 00         [10] 3531 	ld	bc, #0x0001
    00001778 C3r88r17         [10] 3532 	jp	00548$
    0000177B                       3533 00547$:
    0000177B CB 79            [ 8] 3534 	bit	7, c
    0000177D 28 06            [12] 3535 	jr	Z, 00549$
    0000177F 01 FF FF         [10] 3536 	ld	bc, #0xffff
    00001782 C3r88r17         [10] 3537 	jp	00550$
    00001785                       3538 00549$:
    00001785 01 00 00         [10] 3539 	ld	bc, #0x0000
    00001788                       3540 00550$:
    00001788                       3541 00548$:
    00001788 DD 71 FA         [19] 3542 	ld	-6 (ix), c
    0000178B                       3543 00299$:
                                   3544 ;E:\Dropbox\FAUSTO\SVILUPPI\MSX\CODE\C\MSXgl\projects\soccerlgMSX2/soccerlg_s9_b3.c:429: receivers[i] = (u8)CallFnc_U16_P4B(SEG_HELPERS, FindReceiver, carrier, 0xFF, c_dx, c_dy);
    0000178B DD 5E FF         [19] 3545 	ld	e, -1 (ix)
    0000178E 16 00            [ 7] 3546 	ld	d, #0x00
    00001790 21 02 00         [10] 3547 	ld	hl, #2
    00001793 39               [11] 3548 	add	hl, sp
    00001794 19               [11] 3549 	add	hl, de
    00001795 DD 75 F7         [19] 3550 	ld	-9 (ix), l
    00001798 DD 74 F8         [19] 3551 	ld	-8 (ix), h
    0000179B DD 7E FA         [19] 3552 	ld	a, -6 (ix)
    0000179E F5               [11] 3553 	push	af
    0000179F 33               [ 6] 3554 	inc	sp
    000017A0 DD 66 F9         [19] 3555 	ld	h, -7 (ix)
    000017A3 2E FF            [ 7] 3556 	ld	l, #0xff
    000017A5 E5               [11] 3557 	push	hl
    000017A6 DD 7E DE         [19] 3558 	ld	a, -34 (ix)
    000017A9 F5               [11] 3559 	push	af
    000017AA 33               [ 6] 3560 	inc	sp
    000017AB 11r00r00         [10] 3561 	ld	de, #_FindReceiver
    000017AE 3E 14            [ 7] 3562 	ld	a, #0x14
    000017B0 CDr00r00         [17] 3563 	call	_CallFnc_U16_P4B
    000017B3 DD 6E F7         [19] 3564 	ld	l, -9 (ix)
    000017B6 DD 66 F8         [19] 3565 	ld	h, -8 (ix)
    000017B9 73               [ 7] 3566 	ld	(hl), e
                                   3567 ;E:\Dropbox\FAUSTO\SVILUPPI\MSX\CODE\C\MSXgl\projects\soccerlgMSX2/soccerlg_s9_b3.c:432: bool action_taken = FALSE;
    000017BA DD 36 F6 00      [19] 3568 	ld	-10 (ix), #0x00
                                   3569 ;E:\Dropbox\FAUSTO\SVILUPPI\MSX\CODE\C\MSXgl\projects\soccerlgMSX2/soccerlg_s9_b3.c:433: if (trigger_pressed) {						
    000017BE DD 7E E1         [19] 3570 	ld	a, -31 (ix)
    000017C1 B7               [ 4] 3571 	or	a, a
    000017C2 CArA5r1B         [10] 3572 	jp	Z, 00346$
                                   3573 ;E:\Dropbox\FAUSTO\SVILUPPI\MSX\CODE\C\MSXgl\projects\soccerlgMSX2/soccerlg_s9_b3.c:434: bool is_shooting = FALSE;
    000017C5 DD 36 F4 00      [19] 3574 	ld	-12 (ix), #0x00
                                   3575 ;E:\Dropbox\FAUSTO\SVILUPPI\MSX\CODE\C\MSXgl\projects\soccerlgMSX2/soccerlg_s9_b3.c:435: u8 dir = g_player_input[i].direction;
    000017C9 DD 6E DF         [19] 3576 	ld	l, -33 (ix)
    000017CC DD 66 E0         [19] 3577 	ld	h, -32 (ix)
    000017CF 7E               [ 7] 3578 	ld	a, (hl)
    000017D0 DD 77 F5         [19] 3579 	ld	-11 (ix), a
                                   3580 ;E:\Dropbox\FAUSTO\SVILUPPI\MSX\CODE\C\MSXgl\projects\soccerlgMSX2/soccerlg_s9_b3.c:439: if (i == 1 && Carrier->ly < 256 && Field.ly == 0) {
    000017D3 DD 7E E2         [19] 3581 	ld	a, -30 (ix)
    000017D6 B7               [ 4] 3582 	or	a, a
    000017D7 28 35            [12] 3583 	jr	Z, 00315$
    000017D9 DD 6E EC         [19] 3584 	ld	l, -20 (ix)
    000017DC DD 66 ED         [19] 3585 	ld	h, -19 (ix)
    000017DF 7E               [ 7] 3586 	ld	a, (hl)
    000017E0 DD 77 F2         [19] 3587 	ld	-14 (ix), a
    000017E3 23               [ 6] 3588 	inc	hl
    000017E4 7E               [ 7] 3589 	ld	a, (hl)
    000017E5 DD 77 F3         [19] 3590 	ld	-13 (ix), a
    000017E8 D6 01            [ 7] 3591 	sub	a, #0x01
    000017EA 30 22            [12] 3592 	jr	NC, 00315$
    000017EC 2Ar04r00         [16] 3593 	ld	hl, (#(_Field + 4) + 0)
    000017EF 7C               [ 4] 3594 	ld	a, h
    000017F0 B5               [ 4] 3595 	or	a, l
    000017F1 20 1B            [12] 3596 	jr	NZ, 00315$
                                   3597 ;E:\Dropbox\FAUSTO\SVILUPPI\MSX\CODE\C\MSXgl\projects\soccerlgMSX2/soccerlg_s9_b3.c:440: if (dir == DIRECTION_UP || dir == DIRECTION_UP_LEFT || dir == DIRECTION_UP_RIGHT) {
    000017F3 DD 7E F5         [19] 3598 	ld	a, -11 (ix)
    000017F6 3D               [ 4] 3599 	dec	a
    000017F7 28 0E            [12] 3600 	jr	Z, 00301$
    000017F9 DD 7E F5         [19] 3601 	ld	a, -11 (ix)
    000017FC D6 08            [ 7] 3602 	sub	a, #0x08
    000017FE 28 07            [12] 3603 	jr	Z, 00301$
    00001800 DD 7E F5         [19] 3604 	ld	a, -11 (ix)
    00001803 D6 02            [ 7] 3605 	sub	a, #0x02
    00001805 20 47            [12] 3606 	jr	NZ, 00316$
    00001807                       3607 00301$:
                                   3608 ;E:\Dropbox\FAUSTO\SVILUPPI\MSX\CODE\C\MSXgl\projects\soccerlgMSX2/soccerlg_s9_b3.c:441: is_shooting = TRUE;
    00001807 DD 36 F4 01      [19] 3609 	ld	-12 (ix), #0x01
    0000180B C3r4Er18         [10] 3610 	jp	00316$
    0000180E                       3611 00315$:
                                   3612 ;E:\Dropbox\FAUSTO\SVILUPPI\MSX\CODE\C\MSXgl\projects\soccerlgMSX2/soccerlg_s9_b3.c:445: else if (i == 0 && GameMode == GAMEMODE_P1_VS_P2 && Carrier->ly > 256 && Field.ly == (FIELD_HEIGHT - 192)) {
    0000180E DD 7E FF         [19] 3613 	ld	a, -1 (ix)
    00001811 B7               [ 4] 3614 	or	a, a
    00001812 20 3A            [12] 3615 	jr	NZ, 00316$
    00001814 3Ar00r00         [13] 3616 	ld	a, (_GameMode+0)
    00001817 3D               [ 4] 3617 	dec	a
    00001818 20 34            [12] 3618 	jr	NZ, 00316$
    0000181A DD 6E EC         [19] 3619 	ld	l, -20 (ix)
    0000181D DD 66 ED         [19] 3620 	ld	h, -19 (ix)
    00001820 4E               [ 7] 3621 	ld	c, (hl)
    00001821 23               [ 6] 3622 	inc	hl
    00001822 46               [ 7] 3623 	ld	b, (hl)
    00001823 AF               [ 4] 3624 	xor	a, a
    00001824 B9               [ 4] 3625 	cp	a, c
    00001825 3E 01            [ 7] 3626 	ld	a, #0x01
    00001827 98               [ 4] 3627 	sbc	a, b
    00001828 30 24            [12] 3628 	jr	NC, 00316$
    0000182A 2Ar04r00         [16] 3629 	ld	hl, (#(_Field + 4) + 0)
    0000182D 7D               [ 4] 3630 	ld	a, l
    0000182E D6 40            [ 7] 3631 	sub	a, #0x40
    00001830 20 1C            [12] 3632 	jr	NZ, 00316$
    00001832 25               [ 4] 3633 	dec	h
    00001833 20 19            [12] 3634 	jr	NZ, 00316$
                                   3635 ;E:\Dropbox\FAUSTO\SVILUPPI\MSX\CODE\C\MSXgl\projects\soccerlgMSX2/soccerlg_s9_b3.c:446: if (dir == DIRECTION_DOWN || dir == DIRECTION_DOWN_LEFT || dir == DIRECTION_DOWN_RIGHT) {
    00001835 DD 7E F5         [19] 3636 	ld	a, -11 (ix)
    00001838 D6 05            [ 7] 3637 	sub	a, #0x05
    0000183A 28 0E            [12] 3638 	jr	Z, 00305$
    0000183C DD 7E F5         [19] 3639 	ld	a, -11 (ix)
    0000183F D6 06            [ 7] 3640 	sub	a, #0x06
    00001841 28 07            [12] 3641 	jr	Z, 00305$
    00001843 DD 7E F5         [19] 3642 	ld	a, -11 (ix)
    00001846 D6 04            [ 7] 3643 	sub	a, #0x04
    00001848 20 04            [12] 3644 	jr	NZ, 00316$
    0000184A                       3645 00305$:
                                   3646 ;E:\Dropbox\FAUSTO\SVILUPPI\MSX\CODE\C\MSXgl\projects\soccerlgMSX2/soccerlg_s9_b3.c:447: is_shooting = TRUE;
    0000184A DD 36 F4 01      [19] 3647 	ld	-12 (ix), #0x01
    0000184E                       3648 00316$:
                                   3649 ;E:\Dropbox\FAUSTO\SVILUPPI\MSX\CODE\C\MSXgl\projects\soccerlgMSX2/soccerlg_s9_b3.c:451: if (is_shooting) {
    0000184E DD 7E F4         [19] 3650 	ld	a, -12 (ix)
    00001851 B7               [ 4] 3651 	or	a, a
    00001852 CAr94r19         [10] 3652 	jp	Z, 00343$
                                   3653 ;E:\Dropbox\FAUSTO\SVILUPPI\MSX\CODE\C\MSXgl\projects\soccerlgMSX2/soccerlg_s9_b3.c:452: action_taken = TRUE;
    00001855 DD 36 F6 01      [19] 3654 	ld	-10 (ix), #0x01
                                   3655 ;E:\Dropbox\FAUSTO\SVILUPPI\MSX\CODE\C\MSXgl\projects\soccerlgMSX2/soccerlg_s9_b3.c:453: Ball->anim = 0; Ball->count = 0;
    00001859 21 00 00         [10] 3656 	ld	hl, #0x0000
    0000185C 22r55r01         [16] 3657 	ld	((_SwSprite + 341)), hl
    0000185F 22r57r01         [16] 3658 	ld	((_SwSprite + 343)), hl
                                   3659 ;E:\Dropbox\FAUSTO\SVILUPPI\MSX\CODE\C\MSXgl\projects\soccerlgMSX2/soccerlg_s9_b3.c:454: g_pass_receiver = 0xFF; 
    00001862 21r00r00         [10] 3660 	ld	hl, #_g_pass_receiver
    00001865 36 FF            [10] 3661 	ld	(hl), #0xff
                                   3662 ;E:\Dropbox\FAUSTO\SVILUPPI\MSX\CODE\C\MSXgl\projects\soccerlgMSX2/soccerlg_s9_b3.c:456: g_pass_start_x = Carrier->lx;
    00001867 DD 6E E3         [19] 3663 	ld	l, -29 (ix)
    0000186A DD 66 E4         [19] 3664 	ld	h, -28 (ix)
    0000186D 7E               [ 7] 3665 	ld	a, (hl)
    0000186E 32r00r00         [13] 3666 	ld	(_g_pass_start_x+0), a
    00001871 21r01r00         [10] 3667 	ld	hl, #_g_pass_start_x + 1
    00001874 36 00            [10] 3668 	ld	(hl), #0x00
                                   3669 ;E:\Dropbox\FAUSTO\SVILUPPI\MSX\CODE\C\MSXgl\projects\soccerlgMSX2/soccerlg_s9_b3.c:457: g_pass_start_y = Carrier->ly;
    00001876 DD 6E EC         [19] 3670 	ld	l, -20 (ix)
    00001879 DD 66 ED         [19] 3671 	ld	h, -19 (ix)
    0000187C 7E               [ 7] 3672 	ld	a, (hl)
    0000187D 23               [ 6] 3673 	inc	hl
    0000187E 32r00r00         [13] 3674 	ld	(_g_pass_start_y+0), a
    00001881 7E               [ 7] 3675 	ld	a, (hl)
    00001882 32r01r00         [13] 3676 	ld	(_g_pass_start_y+1), a
                                   3677 ;E:\Dropbox\FAUSTO\SVILUPPI\MSX\CODE\C\MSXgl\projects\soccerlgMSX2/soccerlg_s9_b3.c:459: g_pass_target_x = g_h_arrow_x; // Direzione della freccia
    00001885 2Ar00r00         [16] 3678 	ld	hl, (_g_h_arrow_x)
    00001888 22r00r00         [16] 3679 	ld	(_g_pass_target_x), hl
                                   3680 ;E:\Dropbox\FAUSTO\SVILUPPI\MSX\CODE\C\MSXgl\projects\soccerlgMSX2/soccerlg_s9_b3.c:460: g_pass_target_y = (i == 1) ? 16 : 496; // Dentro la porta
    0000188B DD 7E E2         [19] 3681 	ld	a, -30 (ix)
    0000188E B7               [ 4] 3682 	or	a, a
    0000188F 28 06            [12] 3683 	jr	Z, 00551$
    00001891 11 10 00         [10] 3684 	ld	de, #0x0010
    00001894 C3r9Ar18         [10] 3685 	jp	00552$
    00001897                       3686 00551$:
    00001897 11 F0 01         [10] 3687 	ld	de, #0x01f0
    0000189A                       3688 00552$:
    0000189A ED 53r00r00      [20] 3689 	ld	(_g_pass_target_y), de
                                   3690 ;E:\Dropbox\FAUSTO\SVILUPPI\MSX\CODE\C\MSXgl\projects\soccerlgMSX2/soccerlg_s9_b3.c:462: u16 r_dx = (g_pass_target_x > g_pass_start_x) ? (g_pass_target_x - g_pass_start_x) : (g_pass_start_x - g_pass_target_x);
    0000189E 21r00r00         [10] 3691 	ld	hl, #_g_pass_start_x
    000018A1 7E               [ 7] 3692 	ld	a, (hl)
    000018A2 FD 21r00r00      [14] 3693 	ld	iy, #_g_pass_target_x
    000018A6 FD 96 00         [19] 3694 	sub	a, 0 (iy)
    000018A9 23               [ 6] 3695 	inc	hl
    000018AA 7E               [ 7] 3696 	ld	a, (hl)
    000018AB FD 9E 01         [19] 3697 	sbc	a, 1 (iy)
    000018AE 30 15            [12] 3698 	jr	NC, 00553$
    000018B0 21r00r00         [10] 3699 	ld	hl, #_g_pass_start_x
    000018B3 3Ar00r00         [13] 3700 	ld	a, (_g_pass_target_x+0)
    000018B6 96               [ 7] 3701 	sub	a, (hl)
    000018B7 DD 77 F7         [19] 3702 	ld	-9 (ix), a
    000018BA 23               [ 6] 3703 	inc	hl
    000018BB 3Ar01r00         [13] 3704 	ld	a, (_g_pass_target_x+1)
    000018BE 9E               [ 7] 3705 	sbc	a, (hl)
    000018BF DD 77 F8         [19] 3706 	ld	-8 (ix), a
    000018C2 C3rD7r18         [10] 3707 	jp	00554$
    000018C5                       3708 00553$:
    000018C5 21r00r00         [10] 3709 	ld	hl, #_g_pass_target_x
    000018C8 3Ar00r00         [13] 3710 	ld	a, (_g_pass_start_x+0)
    000018CB 96               [ 7] 3711 	sub	a, (hl)
    000018CC DD 77 F7         [19] 3712 	ld	-9 (ix), a
    000018CF 23               [ 6] 3713 	inc	hl
    000018D0 3Ar01r00         [13] 3714 	ld	a, (_g_pass_start_x+1)
    000018D3 9E               [ 7] 3715 	sbc	a, (hl)
    000018D4 DD 77 F8         [19] 3716 	ld	-8 (ix), a
    000018D7                       3717 00554$:
    000018D7 DD 7E F7         [19] 3718 	ld	a, -9 (ix)
    000018DA DD 77 F2         [19] 3719 	ld	-14 (ix), a
    000018DD DD 7E F8         [19] 3720 	ld	a, -8 (ix)
    000018E0 DD 77 F3         [19] 3721 	ld	-13 (ix), a
                                   3722 ;E:\Dropbox\FAUSTO\SVILUPPI\MSX\CODE\C\MSXgl\projects\soccerlgMSX2/soccerlg_s9_b3.c:463: u16 r_dy = (g_pass_target_y > g_pass_start_y) ? (g_pass_target_y - g_pass_start_y) : (g_pass_start_y - g_pass_target_y);
    000018E3 21r00r00         [10] 3723 	ld	hl, #_g_pass_start_y
    000018E6 7E               [ 7] 3724 	ld	a, (hl)
    000018E7 FD 21r00r00      [14] 3725 	ld	iy, #_g_pass_target_y
    000018EB FD 96 00         [19] 3726 	sub	a, 0 (iy)
    000018EE 23               [ 6] 3727 	inc	hl
    000018EF 7E               [ 7] 3728 	ld	a, (hl)
    000018F0 FD 9E 01         [19] 3729 	sbc	a, 1 (iy)
    000018F3 30 15            [12] 3730 	jr	NC, 00555$
    000018F5 21r00r00         [10] 3731 	ld	hl, #_g_pass_start_y
    000018F8 3Ar00r00         [13] 3732 	ld	a, (_g_pass_target_y+0)
    000018FB 96               [ 7] 3733 	sub	a, (hl)
    000018FC DD 77 F7         [19] 3734 	ld	-9 (ix), a
    000018FF 23               [ 6] 3735 	inc	hl
    00001900 3Ar01r00         [13] 3736 	ld	a, (_g_pass_target_y+1)
    00001903 9E               [ 7] 3737 	sbc	a, (hl)
    00001904 DD 77 F8         [19] 3738 	ld	-8 (ix), a
    00001907 C3r1Cr19         [10] 3739 	jp	00556$
    0000190A                       3740 00555$:
    0000190A 21r00r00         [10] 3741 	ld	hl, #_g_pass_target_y
    0000190D 3Ar00r00         [13] 3742 	ld	a, (_g_pass_start_y+0)
    00001910 96               [ 7] 3743 	sub	a, (hl)
    00001911 DD 77 F7         [19] 3744 	ld	-9 (ix), a
    00001914 23               [ 6] 3745 	inc	hl
    00001915 3Ar01r00         [13] 3746 	ld	a, (_g_pass_start_y+1)
    00001918 9E               [ 7] 3747 	sbc	a, (hl)
    00001919 DD 77 F8         [19] 3748 	ld	-8 (ix), a
    0000191C                       3749 00556$:
    0000191C DD 7E F7         [19] 3750 	ld	a, -9 (ix)
    0000191F DD 77 F4         [19] 3751 	ld	-12 (ix), a
    00001922 DD 7E F8         [19] 3752 	ld	a, -8 (ix)
    00001925 DD 77 F5         [19] 3753 	ld	-11 (ix), a
                                   3754 ;E:\Dropbox\FAUSTO\SVILUPPI\MSX\CODE\C\MSXgl\projects\soccerlgMSX2/soccerlg_s9_b3.c:465: g_pass_max_frames = (r_dx + r_dy) / 8; // Tiro potente e veloce
    00001928 DD 7E F4         [19] 3755 	ld	a, -12 (ix)
    0000192B DD 86 F2         [19] 3756 	add	a, -14 (ix)
    0000192E DD 77 F7         [19] 3757 	ld	-9 (ix), a
    00001931 DD 7E F5         [19] 3758 	ld	a, -11 (ix)
    00001934 DD 8E F3         [19] 3759 	adc	a, -13 (ix)
    00001937 DD 77 F8         [19] 3760 	ld	-8 (ix), a
    0000193A DD CB F8 3E      [23] 3761 	srl	-8 (ix)
    0000193E DD CB F7 1E      [23] 3762 	rr	-9 (ix)
    00001942 DD CB F8 3E      [23] 3763 	srl	-8 (ix)
    00001946 DD CB F7 1E      [23] 3764 	rr	-9 (ix)
    0000194A DD CB F8 3E      [23] 3765 	srl	-8 (ix)
    0000194E DD CB F7 1E      [23] 3766 	rr	-9 (ix)
    00001952 DD 7E F7         [19] 3767 	ld	a, -9 (ix)
                                   3768 ;E:\Dropbox\FAUSTO\SVILUPPI\MSX\CODE\C\MSXgl\projects\soccerlgMSX2/soccerlg_s9_b3.c:466: if (g_pass_max_frames < 10) g_pass_max_frames = 10;
    00001955 32r00r00         [13] 3769 	ld	(_g_pass_max_frames+0), a
    00001958 D6 0A            [ 7] 3770 	sub	a, #0x0a
    0000195A 30 05            [12] 3771 	jr	NC, 00320$
    0000195C 21r00r00         [10] 3772 	ld	hl, #_g_pass_max_frames
    0000195F 36 0A            [10] 3773 	ld	(hl), #0x0a
    00001961                       3774 00320$:
                                   3775 ;E:\Dropbox\FAUSTO\SVILUPPI\MSX\CODE\C\MSXgl\projects\soccerlgMSX2/soccerlg_s9_b3.c:467: if (g_pass_max_frames > 25) g_pass_max_frames = 25;
    00001961 3E 19            [ 7] 3776 	ld	a, #0x19
    00001963 FD 21r00r00      [14] 3777 	ld	iy, #_g_pass_max_frames
    00001967 FD 96 00         [19] 3778 	sub	a, 0 (iy)
    0000196A 30 04            [12] 3779 	jr	NC, 00322$
    0000196C FD 36 00 19      [19] 3780 	ld	0 (iy), #0x19
    00001970                       3781 00322$:
                                   3782 ;E:\Dropbox\FAUSTO\SVILUPPI\MSX\CODE\C\MSXgl\projects\soccerlgMSX2/soccerlg_s9_b3.c:468: g_pass_max_height = 2; // Tiro rasoterra e limitato
    00001970 21r00r00         [10] 3783 	ld	hl, #_g_pass_max_height
    00001973 36 02            [10] 3784 	ld	(hl), #0x02
                                   3785 ;E:\Dropbox\FAUSTO\SVILUPPI\MSX\CODE\C\MSXgl\projects\soccerlgMSX2/soccerlg_s9_b3.c:470: Ball->anim = 5;
    00001975 21 05 00         [10] 3786 	ld	hl, #0x0005
    00001978 22r55r01         [16] 3787 	ld	((_SwSprite + 341)), hl
                                   3788 ;E:\Dropbox\FAUSTO\SVILUPPI\MSX\CODE\C\MSXgl\projects\soccerlgMSX2/soccerlg_s9_b3.c:471: CallFnc_VOID(SEG_EVENTS, EventBallKicked);
    0000197B 11r00r00         [10] 3789 	ld	de, #_EventBallKicked
    0000197E 3E 08            [ 7] 3790 	ld	a, #0x08
    00001980 CDr00r00         [17] 3791 	call	_CallFnc_VOID
                                   3792 ;E:\Dropbox\FAUSTO\SVILUPPI\MSX\CODE\C\MSXgl\projects\soccerlgMSX2/soccerlg_s9_b3.c:472: PlaySCCEvent(DANGER_KICK_BIN_SEG, DANGER_KICK_BIN_SIZE);
    00001983 21 01 00         [10] 3793 	ld	hl, #0x0001
    00001986 E5               [11] 3794 	push	hl
    00001987 21 80 2E         [10] 3795 	ld	hl, #0x2e80
    0000198A E5               [11] 3796 	push	hl
    0000198B 21 9A 01         [10] 3797 	ld	hl, #0x019a
    0000198E CDr00r00         [17] 3798 	call	_PlaySCCEvent
    00001991 C3rA5r1B         [10] 3799 	jp	00346$
    00001994                       3800 00343$:
                                   3801 ;E:\Dropbox\FAUSTO\SVILUPPI\MSX\CODE\C\MSXgl\projects\soccerlgMSX2/soccerlg_s9_b3.c:475: u8 receiver = receivers[i];
    00001994 DD 6E F7         [19] 3802 	ld	l, -9 (ix)
    00001997 DD 66 F8         [19] 3803 	ld	h, -8 (ix)
    0000199A 7E               [ 7] 3804 	ld	a, (hl)
                                   3805 ;E:\Dropbox\FAUSTO\SVILUPPI\MSX\CODE\C\MSXgl\projects\soccerlgMSX2/soccerlg_s9_b3.c:477: if (receiver != 0xFF) {
    0000199B DD 77 EF         [19] 3806 	ld	-17 (ix), a
    0000199E 3C               [ 4] 3807 	inc	a
    0000199F CArA5r1B         [10] 3808 	jp	Z,00346$
                                   3809 ;E:\Dropbox\FAUSTO\SVILUPPI\MSX\CODE\C\MSXgl\projects\soccerlgMSX2/soccerlg_s9_b3.c:479: bool is_offside = FALSE;
    000019A2 DD 36 F0 00      [19] 3810 	ld	-16 (ix), #0x00
                                   3811 ;E:\Dropbox\FAUSTO\SVILUPPI\MSX\CODE\C\MSXgl\projects\soccerlgMSX2/soccerlg_s9_b3.c:384: u16 dist_y = (Carrier->ly > Ball->ly) ? (Carrier->ly - Ball->ly) : (Ball->ly - Carrier->ly);
    000019A6 DD 6E EC         [19] 3812 	ld	l, -20 (ix)
    000019A9 DD 66 ED         [19] 3813 	ld	h, -19 (ix)
    000019AC 7E               [ 7] 3814 	ld	a, (hl)
    000019AD DD 77 F1         [19] 3815 	ld	-15 (ix), a
    000019B0 23               [ 6] 3816 	inc	hl
    000019B1 7E               [ 7] 3817 	ld	a, (hl)
    000019B2 DD 77 F2         [19] 3818 	ld	-14 (ix), a
                                   3819 ;E:\Dropbox\FAUSTO\SVILUPPI\MSX\CODE\C\MSXgl\projects\soccerlgMSX2/soccerlg_s9_b3.c:483: if (SwSprite[receiver].ly < offside_line - 8 && SwSprite[receiver].ly < 256) is_offside = TRUE;
    000019B5 DD 4E EF         [19] 3820 	ld	c, -17 (ix)
    000019B8 06 00            [ 7] 3821 	ld	b, #0x00
    000019BA 69               [ 4] 3822 	ld	l, c
    000019BB 60               [ 4] 3823 	ld	h, b
    000019BC 29               [11] 3824 	add	hl, hl
    000019BD 29               [11] 3825 	add	hl, hl
    000019BE 09               [11] 3826 	add	hl, bc
    000019BF 29               [11] 3827 	add	hl, hl
    000019C0 09               [11] 3828 	add	hl, bc
    000019C1 29               [11] 3829 	add	hl, hl
    000019C2 09               [11] 3830 	add	hl, bc
    000019C3 DD 75 F7         [19] 3831 	ld	-9 (ix), l
    000019C6 DD 74 F8         [19] 3832 	ld	-8 (ix), h
                                   3833 ;E:\Dropbox\FAUSTO\SVILUPPI\MSX\CODE\C\MSXgl\projects\soccerlgMSX2/soccerlg_s9_b3.c:496: g_pass_target_x = SwSprite[receiver].lx;
    000019C9 3Er00            [ 7] 3834 	ld	a, #<(_SwSprite)
    000019CB DD 86 F7         [19] 3835 	add	a, -9 (ix)
    000019CE DD 77 F3         [19] 3836 	ld	-13 (ix), a
    000019D1 3Es00            [ 7] 3837 	ld	a, #>(_SwSprite)
    000019D3 DD 8E F8         [19] 3838 	adc	a, -8 (ix)
    000019D6 DD 77 F4         [19] 3839 	ld	-12 (ix), a
                                   3840 ;E:\Dropbox\FAUSTO\SVILUPPI\MSX\CODE\C\MSXgl\projects\soccerlgMSX2/soccerlg_s9_b3.c:483: if (SwSprite[receiver].ly < offside_line - 8 && SwSprite[receiver].ly < 256) is_offside = TRUE;
    000019D9 DD 7E F3         [19] 3841 	ld	a, -13 (ix)
    000019DC C6 04            [ 7] 3842 	add	a, #0x04
    000019DE DD 77 F5         [19] 3843 	ld	-11 (ix), a
    000019E1 DD 7E F4         [19] 3844 	ld	a, -12 (ix)
    000019E4 CE 00            [ 7] 3845 	adc	a, #0x00
    000019E6 DD 77 F6         [19] 3846 	ld	-10 (ix), a
    000019E9 DD 6E F5         [19] 3847 	ld	l, -11 (ix)
    000019EC DD 66 F6         [19] 3848 	ld	h, -10 (ix)
    000019EF 7E               [ 7] 3849 	ld	a, (hl)
    000019F0 DD 77 F7         [19] 3850 	ld	-9 (ix), a
    000019F3 23               [ 6] 3851 	inc	hl
    000019F4 7E               [ 7] 3852 	ld	a, (hl)
    000019F5 DD 77 F8         [19] 3853 	ld	-8 (ix), a
                                   3854 ;E:\Dropbox\FAUSTO\SVILUPPI\MSX\CODE\C\MSXgl\projects\soccerlgMSX2/soccerlg_s9_b3.c:480: if (i == 1) { // Team 2 (P1)
    000019F8 DD 7E E2         [19] 3855 	ld	a, -30 (ix)
    000019FB B7               [ 4] 3856 	or	a, a
    000019FC 28 68            [12] 3857 	jr	Z, 00334$
                                   3858 ;E:\Dropbox\FAUSTO\SVILUPPI\MSX\CODE\C\MSXgl\projects\soccerlgMSX2/soccerlg_s9_b3.c:481: u16 offside_line = (SwSprite[1].ly < SwSprite[2].ly) ? SwSprite[1].ly : SwSprite[2].ly;
    000019FE ED 4Br1Br00      [20] 3859 	ld	bc, (#_SwSprite + 27)
    00001A02 ED 5Br32r00      [20] 3860 	ld	de, (#_SwSprite + 50)
    00001A06 79               [ 4] 3861 	ld	a, c
    00001A07 93               [ 4] 3862 	sub	a, e
    00001A08 78               [ 4] 3863 	ld	a, b
    00001A09 9A               [ 4] 3864 	sbc	a, d
    00001A0A 30 02            [12] 3865 	jr	NC, 00557$
    00001A0C 59               [ 4] 3866 	ld	e, c
    00001A0D 50               [ 4] 3867 	ld	d, b
    00001A0E                       3868 00557$:
    00001A0E DD 73 E6         [19] 3869 	ld	-26 (ix), e
    00001A11 DD 72 E7         [19] 3870 	ld	-25 (ix), d
                                   3871 ;E:\Dropbox\FAUSTO\SVILUPPI\MSX\CODE\C\MSXgl\projects\soccerlgMSX2/soccerlg_s9_b3.c:482: if (Carrier->ly < offside_line) offside_line = Carrier->ly; // Regola linea palla
    00001A14 DD 7E F1         [19] 3872 	ld	a, -15 (ix)
    00001A17 DD 96 E6         [19] 3873 	sub	a, -26 (ix)
    00001A1A DD 7E F2         [19] 3874 	ld	a, -14 (ix)
    00001A1D DD 9E E7         [19] 3875 	sbc	a, -25 (ix)
    00001A20 30 0C            [12] 3876 	jr	NC, 00324$
    00001A22 DD 7E F1         [19] 3877 	ld	a, -15 (ix)
    00001A25 DD 77 E6         [19] 3878 	ld	-26 (ix), a
    00001A28 DD 7E F2         [19] 3879 	ld	a, -14 (ix)
    00001A2B DD 77 E7         [19] 3880 	ld	-25 (ix), a
    00001A2E                       3881 00324$:
                                   3882 ;E:\Dropbox\FAUSTO\SVILUPPI\MSX\CODE\C\MSXgl\projects\soccerlgMSX2/soccerlg_s9_b3.c:483: if (SwSprite[receiver].ly < offside_line - 8 && SwSprite[receiver].ly < 256) is_offside = TRUE;
    00001A2E DD 7E E6         [19] 3883 	ld	a, -26 (ix)
    00001A31 DD 77 F1         [19] 3884 	ld	-15 (ix), a
    00001A34 DD 7E E7         [19] 3885 	ld	a, -25 (ix)
    00001A37 DD 77 F2         [19] 3886 	ld	-14 (ix), a
    00001A3A DD 7E F1         [19] 3887 	ld	a, -15 (ix)
    00001A3D C6 F8            [ 7] 3888 	add	a, #0xf8
    00001A3F DD 77 E6         [19] 3889 	ld	-26 (ix), a
    00001A42 DD 7E F2         [19] 3890 	ld	a, -14 (ix)
    00001A45 CE FF            [ 7] 3891 	adc	a, #0xff
    00001A47 DD 77 E7         [19] 3892 	ld	-25 (ix), a
    00001A4A DD 7E F7         [19] 3893 	ld	a, -9 (ix)
    00001A4D DD 96 E6         [19] 3894 	sub	a, -26 (ix)
    00001A50 DD 7E F8         [19] 3895 	ld	a, -8 (ix)
    00001A53 DD 9E E7         [19] 3896 	sbc	a, -25 (ix)
    00001A56 30 61            [12] 3897 	jr	NC, 00335$
    00001A58 DD 7E F8         [19] 3898 	ld	a, -8 (ix)
    00001A5B D6 01            [ 7] 3899 	sub	a, #0x01
    00001A5D 30 5A            [12] 3900 	jr	NC, 00335$
    00001A5F DD 36 F0 01      [19] 3901 	ld	-16 (ix), #0x01
    00001A63 C3rB9r1A         [10] 3902 	jp	00335$
    00001A66                       3903 00334$:
                                   3904 ;E:\Dropbox\FAUSTO\SVILUPPI\MSX\CODE\C\MSXgl\projects\soccerlgMSX2/soccerlg_s9_b3.c:485: u16 offside_line = (SwSprite[8].ly > SwSprite[9].ly) ? SwSprite[8].ly : SwSprite[9].ly;
    00001A66 ED 4BrBCr00      [20] 3905 	ld	bc, (#_SwSprite + 188)
    00001A6A 21rD3r00         [10] 3906 	ld	hl, #_SwSprite + 211
    00001A6D 7E               [ 7] 3907 	ld	a, (hl)
    00001A6E DD 77 E6         [19] 3908 	ld	-26 (ix), a
    00001A71 23               [ 6] 3909 	inc	hl
    00001A72 7E               [ 7] 3910 	ld	a, (hl)
    00001A73 DD 77 E7         [19] 3911 	ld	-25 (ix), a
    00001A76 DD 7E E6         [19] 3912 	ld	a, -26 (ix)
    00001A79 91               [ 4] 3913 	sub	a, c
    00001A7A DD 7E E7         [19] 3914 	ld	a, -25 (ix)
    00001A7D 98               [ 4] 3915 	sbc	a, b
    00001A7E 30 06            [12] 3916 	jr	NC, 00559$
    00001A80 DD 71 E6         [19] 3917 	ld	-26 (ix), c
    00001A83 DD 70 E7         [19] 3918 	ld	-25 (ix), b
    00001A86                       3919 00559$:
    00001A86 DD 4E E6         [19] 3920 	ld	c, -26 (ix)
    00001A89 DD 46 E7         [19] 3921 	ld	b, -25 (ix)
                                   3922 ;E:\Dropbox\FAUSTO\SVILUPPI\MSX\CODE\C\MSXgl\projects\soccerlgMSX2/soccerlg_s9_b3.c:486: if (Carrier->ly > offside_line) offside_line = Carrier->ly; // Regola linea palla
    00001A8C 79               [ 4] 3923 	ld	a, c
    00001A8D DD 96 F1         [19] 3924 	sub	a, -15 (ix)
    00001A90 78               [ 4] 3925 	ld	a, b
    00001A91 DD 9E F2         [19] 3926 	sbc	a, -14 (ix)
    00001A94 30 06            [12] 3927 	jr	NC, 00329$
    00001A96 DD 4E F1         [19] 3928 	ld	c, -15 (ix)
    00001A99 DD 46 F2         [19] 3929 	ld	b, -14 (ix)
    00001A9C                       3930 00329$:
                                   3931 ;E:\Dropbox\FAUSTO\SVILUPPI\MSX\CODE\C\MSXgl\projects\soccerlgMSX2/soccerlg_s9_b3.c:487: if (SwSprite[receiver].ly > offside_line + 8 && SwSprite[receiver].ly > 256) is_offside = TRUE;
    00001A9C 21 08 00         [10] 3932 	ld	hl, #0x0008
    00001A9F 09               [11] 3933 	add	hl, bc
    00001AA0 7D               [ 4] 3934 	ld	a, l
    00001AA1 DD 96 F7         [19] 3935 	sub	a, -9 (ix)
    00001AA4 7C               [ 4] 3936 	ld	a, h
    00001AA5 DD 9E F8         [19] 3937 	sbc	a, -8 (ix)
    00001AA8 30 0F            [12] 3938 	jr	NC, 00335$
    00001AAA AF               [ 4] 3939 	xor	a, a
    00001AAB DD BE F7         [19] 3940 	cp	a, -9 (ix)
    00001AAE 3E 01            [ 7] 3941 	ld	a, #0x01
    00001AB0 DD 9E F8         [19] 3942 	sbc	a, -8 (ix)
    00001AB3 30 04            [12] 3943 	jr	NC, 00335$
    00001AB5 DD 36 F0 01      [19] 3944 	ld	-16 (ix), #0x01
    00001AB9                       3945 00335$:
                                   3946 ;E:\Dropbox\FAUSTO\SVILUPPI\MSX\CODE\C\MSXgl\projects\soccerlgMSX2/soccerlg_s9_b3.c:491: Ball->anim = 0; Ball->count = 0;
    00001AB9 21 00 00         [10] 3947 	ld	hl, #0x0000
    00001ABC 22r55r01         [16] 3948 	ld	((_SwSprite + 341)), hl
    00001ABF 22r57r01         [16] 3949 	ld	((_SwSprite + 343)), hl
                                   3950 ;E:\Dropbox\FAUSTO\SVILUPPI\MSX\CODE\C\MSXgl\projects\soccerlgMSX2/soccerlg_s9_b3.c:493: g_pass_receiver = receiver | (is_offside ? 0x80 : 0);
    00001AC2 DD 7E F0         [19] 3951 	ld	a, -16 (ix)
    00001AC5 B7               [ 4] 3952 	or	a, a
    00001AC6 28 06            [12] 3953 	jr	Z, 00561$
    00001AC8 01 80 00         [10] 3954 	ld	bc, #0x0080
    00001ACB C3rD1r1A         [10] 3955 	jp	00562$
    00001ACE                       3956 00561$:
    00001ACE 01 00 00         [10] 3957 	ld	bc, #0x0000
    00001AD1                       3958 00562$:
    00001AD1 79               [ 4] 3959 	ld	a, c
    00001AD2 DD B6 EF         [19] 3960 	or	a, -17 (ix)
    00001AD5 32r00r00         [13] 3961 	ld	(_g_pass_receiver+0), a
                                   3962 ;E:\Dropbox\FAUSTO\SVILUPPI\MSX\CODE\C\MSXgl\projects\soccerlgMSX2/soccerlg_s9_b3.c:494: g_pass_start_x = Carrier->lx;
    00001AD8 DD 6E E3         [19] 3963 	ld	l, -29 (ix)
    00001ADB DD 66 E4         [19] 3964 	ld	h, -28 (ix)
    00001ADE 7E               [ 7] 3965 	ld	a, (hl)
    00001ADF 32r00r00         [13] 3966 	ld	(_g_pass_start_x+0), a
    00001AE2 21r01r00         [10] 3967 	ld	hl, #_g_pass_start_x + 1
    00001AE5 36 00            [10] 3968 	ld	(hl), #0x00
                                   3969 ;E:\Dropbox\FAUSTO\SVILUPPI\MSX\CODE\C\MSXgl\projects\soccerlgMSX2/soccerlg_s9_b3.c:495: g_pass_start_y = Carrier->ly;
    00001AE7 DD 6E EC         [19] 3970 	ld	l, -20 (ix)
    00001AEA DD 66 ED         [19] 3971 	ld	h, -19 (ix)
    00001AED 7E               [ 7] 3972 	ld	a, (hl)
    00001AEE 23               [ 6] 3973 	inc	hl
    00001AEF 32r00r00         [13] 3974 	ld	(_g_pass_start_y+0), a
    00001AF2 7E               [ 7] 3975 	ld	a, (hl)
    00001AF3 32r01r00         [13] 3976 	ld	(_g_pass_start_y+1), a
                                   3977 ;E:\Dropbox\FAUSTO\SVILUPPI\MSX\CODE\C\MSXgl\projects\soccerlgMSX2/soccerlg_s9_b3.c:496: g_pass_target_x = SwSprite[receiver].lx;
    00001AF6 DD 6E F3         [19] 3978 	ld	l, -13 (ix)
    00001AF9 DD 66 F4         [19] 3979 	ld	h, -12 (ix)
    00001AFC 7E               [ 7] 3980 	ld	a, (hl)
    00001AFD 32r00r00         [13] 3981 	ld	(_g_pass_target_x+0), a
    00001B00 FD 21r00r00      [14] 3982 	ld	iy, #_g_pass_target_x
    00001B04 FD 36 01 00      [19] 3983 	ld	1 (iy), #0x00
                                   3984 ;E:\Dropbox\FAUSTO\SVILUPPI\MSX\CODE\C\MSXgl\projects\soccerlgMSX2/soccerlg_s9_b3.c:497: g_pass_target_y = SwSprite[receiver].ly;
    00001B08 DD 6E F5         [19] 3985 	ld	l, -11 (ix)
    00001B0B DD 66 F6         [19] 3986 	ld	h, -10 (ix)
    00001B0E 7E               [ 7] 3987 	ld	a, (hl)
    00001B0F 23               [ 6] 3988 	inc	hl
    00001B10 32r00r00         [13] 3989 	ld	(_g_pass_target_y+0), a
    00001B13 7E               [ 7] 3990 	ld	a, (hl)
    00001B14 32r01r00         [13] 3991 	ld	(_g_pass_target_y+1), a
                                   3992 ;E:\Dropbox\FAUSTO\SVILUPPI\MSX\CODE\C\MSXgl\projects\soccerlgMSX2/soccerlg_s9_b3.c:499: u16 r_dx = (g_pass_target_x > g_pass_start_x) ? (g_pass_target_x - g_pass_start_x) : (g_pass_start_x - g_pass_target_x);
    00001B17 21r00r00         [10] 3993 	ld	hl, #_g_pass_start_x
    00001B1A 7E               [ 7] 3994 	ld	a, (hl)
    00001B1B FD 96 00         [19] 3995 	sub	a, 0 (iy)
    00001B1E 23               [ 6] 3996 	inc	hl
    00001B1F 7E               [ 7] 3997 	ld	a, (hl)
    00001B20 FD 9E 01         [19] 3998 	sbc	a, 1 (iy)
    00001B23 30 0D            [12] 3999 	jr	NC, 00563$
    00001B25 ED 4Br00r00      [20] 4000 	ld	bc, (_g_pass_start_x)
    00001B29 2Ar00r00         [16] 4001 	ld	hl, (_g_pass_target_x)
    00001B2C BF               [ 4] 4002 	cp	a, a
    00001B2D ED 42            [15] 4003 	sbc	hl, bc
    00001B2F C3r3Cr1B         [10] 4004 	jp	00564$
    00001B32                       4005 00563$:
    00001B32 ED 4Br00r00      [20] 4006 	ld	bc, (_g_pass_target_x)
    00001B36 2Ar00r00         [16] 4007 	ld	hl, (_g_pass_start_x)
    00001B39 BF               [ 4] 4008 	cp	a, a
    00001B3A ED 42            [15] 4009 	sbc	hl, bc
    00001B3C                       4010 00564$:
    00001B3C EB               [ 4] 4011 	ex	de, hl
                                   4012 ;E:\Dropbox\FAUSTO\SVILUPPI\MSX\CODE\C\MSXgl\projects\soccerlgMSX2/soccerlg_s9_b3.c:500: u16 r_dy = (g_pass_target_y > g_pass_start_y) ? (g_pass_target_y - g_pass_start_y) : (g_pass_start_y - g_pass_target_y);
    00001B3D 21r00r00         [10] 4013 	ld	hl, #_g_pass_start_y
    00001B40 7E               [ 7] 4014 	ld	a, (hl)
    00001B41 FD 21r00r00      [14] 4015 	ld	iy, #_g_pass_target_y
    00001B45 FD 96 00         [19] 4016 	sub	a, 0 (iy)
    00001B48 23               [ 6] 4017 	inc	hl
    00001B49 7E               [ 7] 4018 	ld	a, (hl)
    00001B4A FD 9E 01         [19] 4019 	sbc	a, 1 (iy)
    00001B4D 30 0D            [12] 4020 	jr	NC, 00565$
    00001B4F ED 4Br00r00      [20] 4021 	ld	bc, (_g_pass_start_y)
    00001B53 2Ar00r00         [16] 4022 	ld	hl, (_g_pass_target_y)
    00001B56 BF               [ 4] 4023 	cp	a, a
    00001B57 ED 42            [15] 4024 	sbc	hl, bc
    00001B59 C3r66r1B         [10] 4025 	jp	00566$
    00001B5C                       4026 00565$:
    00001B5C ED 4Br00r00      [20] 4027 	ld	bc, (_g_pass_target_y)
    00001B60 2Ar00r00         [16] 4028 	ld	hl, (_g_pass_start_y)
    00001B63 BF               [ 4] 4029 	cp	a, a
    00001B64 ED 42            [15] 4030 	sbc	hl, bc
    00001B66                       4031 00566$:
                                   4032 ;E:\Dropbox\FAUSTO\SVILUPPI\MSX\CODE\C\MSXgl\projects\soccerlgMSX2/soccerlg_s9_b3.c:501: g_pass_max_frames = (r_dx + r_dy) / 5; // Velocità di volo passaggi
    00001B66 19               [11] 4033 	add	hl, de
    00001B67 11 05 00         [10] 4034 	ld	de, #0x0005
    00001B6A CDr00r00         [17] 4035 	call	__divuint
    00001B6D FD 21r00r00      [14] 4036 	ld	iy, #_g_pass_max_frames
    00001B71 FD 73 00         [19] 4037 	ld	0 (iy), e
                                   4038 ;E:\Dropbox\FAUSTO\SVILUPPI\MSX\CODE\C\MSXgl\projects\soccerlgMSX2/soccerlg_s9_b3.c:502: if (g_pass_max_frames < 8) g_pass_max_frames = 8;
    00001B74 3Ar00r00         [13] 4039 	ld	a, (_g_pass_max_frames+0)
    00001B77 D6 08            [ 7] 4040 	sub	a, #0x08
    00001B79 30 04            [12] 4041 	jr	NC, 00337$
    00001B7B FD 36 00 08      [19] 4042 	ld	0 (iy), #0x08
    00001B7F                       4043 00337$:
                                   4044 ;E:\Dropbox\FAUSTO\SVILUPPI\MSX\CODE\C\MSXgl\projects\soccerlgMSX2/soccerlg_s9_b3.c:503: if (g_pass_max_frames > 34) g_pass_max_frames = 34;
    00001B7F 3E 22            [ 7] 4045 	ld	a, #0x22
    00001B81 FD 21r00r00      [14] 4046 	ld	iy, #_g_pass_max_frames
    00001B85 FD 96 00         [19] 4047 	sub	a, 0 (iy)
    00001B88 30 04            [12] 4048 	jr	NC, 00339$
    00001B8A FD 36 00 22      [19] 4049 	ld	0 (iy), #0x22
    00001B8E                       4050 00339$:
                                   4051 ;E:\Dropbox\FAUSTO\SVILUPPI\MSX\CODE\C\MSXgl\projects\soccerlgMSX2/soccerlg_s9_b3.c:504: g_pass_max_height = 7; // Passaggio normale alto
    00001B8E 21r00r00         [10] 4052 	ld	hl, #_g_pass_max_height
    00001B91 36 07            [10] 4053 	ld	(hl), #0x07
                                   4054 ;E:\Dropbox\FAUSTO\SVILUPPI\MSX\CODE\C\MSXgl\projects\soccerlgMSX2/soccerlg_s9_b3.c:506: Ball->anim = 5; // Flag per passaggio
    00001B93 21 05 00         [10] 4055 	ld	hl, #0x0005
    00001B96 22r55r01         [16] 4056 	ld	((_SwSprite + 341)), hl
                                   4057 ;E:\Dropbox\FAUSTO\SVILUPPI\MSX\CODE\C\MSXgl\projects\soccerlgMSX2/soccerlg_s9_b3.c:507: CallFnc_VOID(SEG_EVENTS, EventBallKicked);
    00001B99 11r00r00         [10] 4058 	ld	de, #_EventBallKicked
    00001B9C 3E 08            [ 7] 4059 	ld	a, #0x08
    00001B9E CDr00r00         [17] 4060 	call	_CallFnc_VOID
                                   4061 ;E:\Dropbox\FAUSTO\SVILUPPI\MSX\CODE\C\MSXgl\projects\soccerlgMSX2/soccerlg_s9_b3.c:508: action_taken = TRUE;
    00001BA1 DD 36 F6 01      [19] 4062 	ld	-10 (ix), #0x01
    00001BA5                       4063 00346$:
                                   4064 ;E:\Dropbox\FAUSTO\SVILUPPI\MSX\CODE\C\MSXgl\projects\soccerlgMSX2/soccerlg_s9_b3.c:513: if (!action_taken && (Ball->dx != c_dx || Ball->dy != c_dy)) {
    00001BA5 DD 7E F6         [19] 4065 	ld	a, -10 (ix)
    00001BA8 B7               [ 4] 4066 	or	a, a
    00001BA9 C2r20r1E         [10] 4067 	jp	NZ, 00379$
    00001BAC 21r53r01         [10] 4068 	ld	hl, #(_SwSprite + 339)
    00001BAF 4E               [ 7] 4069 	ld	c, (hl)
    00001BB0 DD 7E F9         [19] 4070 	ld	a, -7 (ix)
    00001BB3 91               [ 4] 4071 	sub	a, c
    00001BB4 20 0A            [12] 4072 	jr	NZ, 00378$
    00001BB6 21r54r01         [10] 4073 	ld	hl, #(_SwSprite + 340)
    00001BB9 DD 7E FA         [19] 4074 	ld	a,-6 (ix)
    00001BBC 96               [ 7] 4075 	sub	a,(hl)
    00001BBD CAr20r1E         [10] 4076 	jp	Z,00379$
    00001BC0                       4077 00378$:
                                   4078 ;E:\Dropbox\FAUSTO\SVILUPPI\MSX\CODE\C\MSXgl\projects\soccerlgMSX2/soccerlg_s9_b3.c:516: bool is_180_turn = (Ball->dx == -c_dx && Ball->dy == -c_dy && (c_dx != 0 || c_dy != 0));
    00001BC0 DD 7E F9         [19] 4079 	ld	a, -7 (ix)
    00001BC3 5F               [ 4] 4080 	ld	e, a
    00001BC4 07               [ 4] 4081 	rlca
    00001BC5 9F               [ 4] 4082 	sbc	a, a
    00001BC6 47               [ 4] 4083 	ld	b, a
    00001BC7 AF               [ 4] 4084 	xor	a, a
    00001BC8 93               [ 4] 4085 	sub	a, e
    00001BC9 6F               [ 4] 4086 	ld	l, a
                                   4087 ;	spillPairReg hl
                                   4088 ;	spillPairReg hl
    00001BCA 9F               [ 4] 4089 	sbc	a, a
    00001BCB 90               [ 4] 4090 	sub	a, b
    00001BCC 67               [ 4] 4091 	ld	h, a
                                   4092 ;	spillPairReg hl
                                   4093 ;	spillPairReg hl
    00001BCD 79               [ 4] 4094 	ld	a, c
    00001BCE 07               [ 4] 4095 	rlca
    00001BCF 9F               [ 4] 4096 	sbc	a, a
    00001BD0 47               [ 4] 4097 	ld	b, a
    00001BD1 BF               [ 4] 4098 	cp	a, a
    00001BD2 ED 42            [15] 4099 	sbc	hl, bc
    00001BD4 20 26            [12] 4100 	jr	NZ, 00567$
    00001BD6 21r54r01         [10] 4101 	ld	hl, #(_SwSprite + 340)
    00001BD9 6E               [ 7] 4102 	ld	l, (hl)
                                   4103 ;	spillPairReg hl
    00001BDA DD 7E FA         [19] 4104 	ld	a, -6 (ix)
    00001BDD 4F               [ 4] 4105 	ld	c, a
    00001BDE 07               [ 4] 4106 	rlca
    00001BDF 9F               [ 4] 4107 	sbc	a, a
    00001BE0 47               [ 4] 4108 	ld	b, a
    00001BE1 AF               [ 4] 4109 	xor	a, a
    00001BE2 91               [ 4] 4110 	sub	a, c
    00001BE3 4F               [ 4] 4111 	ld	c, a
    00001BE4 9F               [ 4] 4112 	sbc	a, a
    00001BE5 90               [ 4] 4113 	sub	a, b
    00001BE6 47               [ 4] 4114 	ld	b, a
    00001BE7 7D               [ 4] 4115 	ld	a, l
    00001BE8 07               [ 4] 4116 	rlca
    00001BE9 9F               [ 4] 4117 	sbc	a, a
    00001BEA 67               [ 4] 4118 	ld	h, a
                                   4119 ;	spillPairReg hl
                                   4120 ;	spillPairReg hl
    00001BEB BF               [ 4] 4121 	cp	a, a
    00001BEC ED 42            [15] 4122 	sbc	hl, bc
    00001BEE 20 0C            [12] 4123 	jr	NZ, 00567$
    00001BF0 DD 7E F9         [19] 4124 	ld	a, -7 (ix)
    00001BF3 B7               [ 4] 4125 	or	a, a
    00001BF4 20 0A            [12] 4126 	jr	NZ, 00568$
    00001BF6 DD 7E FA         [19] 4127 	ld	a, -6 (ix)
    00001BF9 B7               [ 4] 4128 	or	a, a
    00001BFA 20 04            [12] 4129 	jr	NZ, 00568$
    00001BFC                       4130 00567$:
    00001BFC AF               [ 4] 4131 	xor	a, a
    00001BFD C3r02r1C         [10] 4132 	jp	00569$
    00001C00                       4133 00568$:
    00001C00 3E 01            [ 7] 4134 	ld	a, #0x01
    00001C02                       4135 00569$:
    00001C02 DD 77 F4         [19] 4136 	ld	-12 (ix), a
                                   4137 ;E:\Dropbox\FAUSTO\SVILUPPI\MSX\CODE\C\MSXgl\projects\soccerlgMSX2/soccerlg_s9_b3.c:518: i8 off_x = 0; i8 off_y = 6;
    00001C05 DD 36 F8 00      [19] 4138 	ld	-8 (ix), #0x00
    00001C09 DD 36 F5 06      [19] 4139 	ld	-11 (ix), #0x06
                                   4140 ;E:\Dropbox\FAUSTO\SVILUPPI\MSX\CODE\C\MSXgl\projects\soccerlgMSX2/soccerlg_s9_b3.c:519: if (c_dx > 0) off_x = (c_dy > 0) ? 3 : 8; else if (c_dx < 0) off_x = (c_dy > 0) ? -3 : -8;
    00001C0D AF               [ 4] 4141 	xor	a, a
    00001C0E DD 96 FA         [19] 4142 	sub	a, -6 (ix)
    00001C11 E2r16r1C         [10] 4143 	jp	PO, 01915$
    00001C14 EE 80            [ 7] 4144 	xor	a, #0x80
    00001C16                       4145 01915$:
    00001C16 07               [ 4] 4146 	rlca
    00001C17 E6 01            [ 7] 4147 	and	a,#0x01
    00001C19 DD 77 F6         [19] 4148 	ld	-10 (ix), a
    00001C1C AF               [ 4] 4149 	xor	a, a
    00001C1D DD 96 F9         [19] 4150 	sub	a, -7 (ix)
    00001C20 E2r25r1C         [10] 4151 	jp	PO, 01916$
    00001C23 EE 80            [ 7] 4152 	xor	a, #0x80
    00001C25                       4153 01916$:
    00001C25 F2r4Ar1C         [10] 4154 	jp	P, 00350$
    00001C28 DD 7E F6         [19] 4155 	ld	a, -10 (ix)
    00001C2B B7               [ 4] 4156 	or	a, a
    00001C2C 28 0B            [12] 4157 	jr	Z, 00576$
    00001C2E DD 36 F7 03      [19] 4158 	ld	-9 (ix), #0x03
    00001C32 DD 36 F8 00      [19] 4159 	ld	-8 (ix), #0
    00001C36 C3r41r1C         [10] 4160 	jp	00577$
    00001C39                       4161 00576$:
    00001C39 DD 36 F7 08      [19] 4162 	ld	-9 (ix), #0x08
    00001C3D DD 36 F8 00      [19] 4163 	ld	-8 (ix), #0
    00001C41                       4164 00577$:
    00001C41 DD 7E F7         [19] 4165 	ld	a, -9 (ix)
    00001C44 DD 77 F8         [19] 4166 	ld	-8 (ix), a
    00001C47 C3r5Dr1C         [10] 4167 	jp	00351$
    00001C4A                       4168 00350$:
    00001C4A DD CB F9 7E      [20] 4169 	bit	7, -7 (ix)
    00001C4E 28 0D            [12] 4170 	jr	Z, 00351$
    00001C50 DD 7E F6         [19] 4171 	ld	a, -10 (ix)
    00001C53 B7               [ 4] 4172 	or	a, a
    00001C54 3E FD            [ 7] 4173 	ld	a, #0xfd
    00001C56 20 02            [12] 4174 	jr	NZ, 00579$
    00001C58 3E F8            [ 7] 4175 	ld	a, #0xf8
    00001C5A                       4176 00579$:
    00001C5A DD 77 F8         [19] 4177 	ld	-8 (ix), a
    00001C5D                       4178 00351$:
                                   4179 ;E:\Dropbox\FAUSTO\SVILUPPI\MSX\CODE\C\MSXgl\projects\soccerlgMSX2/soccerlg_s9_b3.c:520: if (c_dy > 0) off_y = (c_dx != 0) ? 11 : 8; else if (c_dy < 0) off_y = -2;
    00001C5D DD 7E F6         [19] 4180 	ld	a, -10 (ix)
    00001C60 B7               [ 4] 4181 	or	a, a
    00001C61 28 22            [12] 4182 	jr	Z, 00355$
    00001C63 DD 7E F9         [19] 4183 	ld	a, -7 (ix)
    00001C66 B7               [ 4] 4184 	or	a, a
    00001C67 28 0B            [12] 4185 	jr	Z, 00580$
    00001C69 DD 36 F6 0B      [19] 4186 	ld	-10 (ix), #0x0b
    00001C6D DD 36 F7 00      [19] 4187 	ld	-9 (ix), #0
    00001C71 C3r7Cr1C         [10] 4188 	jp	00581$
    00001C74                       4189 00580$:
    00001C74 DD 36 F6 08      [19] 4190 	ld	-10 (ix), #0x08
    00001C78 DD 36 F7 00      [19] 4191 	ld	-9 (ix), #0
    00001C7C                       4192 00581$:
    00001C7C DD 7E F6         [19] 4193 	ld	a, -10 (ix)
    00001C7F DD 77 F5         [19] 4194 	ld	-11 (ix), a
    00001C82 C3r8Fr1C         [10] 4195 	jp	00356$
    00001C85                       4196 00355$:
    00001C85 DD CB FA 7E      [20] 4197 	bit	7, -6 (ix)
    00001C89 28 04            [12] 4198 	jr	Z, 00356$
    00001C8B DD 36 F5 FE      [19] 4199 	ld	-11 (ix), #0xfe
    00001C8F                       4200 00356$:
                                   4201 ;E:\Dropbox\FAUSTO\SVILUPPI\MSX\CODE\C\MSXgl\projects\soccerlgMSX2/soccerlg_s9_b3.c:522: Ball->dx = c_dx;
    00001C8F 21r53r01         [10] 4202 	ld	hl, #(_SwSprite + 339)
    00001C92 DD 7E F9         [19] 4203 	ld	a, -7 (ix)
    00001C95 77               [ 7] 4204 	ld	(hl), a
                                   4205 ;E:\Dropbox\FAUSTO\SVILUPPI\MSX\CODE\C\MSXgl\projects\soccerlgMSX2/soccerlg_s9_b3.c:523: Ball->dy = c_dy;
    00001C96 21r54r01         [10] 4206 	ld	hl, #(_SwSprite + 340)
    00001C99 DD 7E FA         [19] 4207 	ld	a, -6 (ix)
    00001C9C 77               [ 7] 4208 	ld	(hl), a
                                   4209 ;E:\Dropbox\FAUSTO\SVILUPPI\MSX\CODE\C\MSXgl\projects\soccerlgMSX2/soccerlg_s9_b3.c:525: i16 ideal_x = (i16)Carrier->lx + off_x;
    00001C9D DD 6E E3         [19] 4210 	ld	l, -29 (ix)
    00001CA0 DD 66 E4         [19] 4211 	ld	h, -28 (ix)
    00001CA3 7E               [ 7] 4212 	ld	a, (hl)
    00001CA4 DD 77 F2         [19] 4213 	ld	-14 (ix), a
    00001CA7 DD 36 F3 00      [19] 4214 	ld	-13 (ix), #0x00
    00001CAB DD 7E F8         [19] 4215 	ld	a, -8 (ix)
    00001CAE DD 77 F7         [19] 4216 	ld	-9 (ix), a
    00001CB1 07               [ 4] 4217 	rlca
    00001CB2 9F               [ 4] 4218 	sbc	a, a
    00001CB3 DD 77 F8         [19] 4219 	ld	-8 (ix), a
    00001CB6 DD 7E F7         [19] 4220 	ld	a, -9 (ix)
    00001CB9 DD 86 F2         [19] 4221 	add	a, -14 (ix)
    00001CBC DD 77 F0         [19] 4222 	ld	-16 (ix), a
    00001CBF DD 7E F8         [19] 4223 	ld	a, -8 (ix)
    00001CC2 DD 8E F3         [19] 4224 	adc	a, -13 (ix)
    00001CC5 DD 77 F1         [19] 4225 	ld	-15 (ix), a
    00001CC8 DD 7E F0         [19] 4226 	ld	a, -16 (ix)
    00001CCB DD 77 F7         [19] 4227 	ld	-9 (ix), a
    00001CCE DD 7E F1         [19] 4228 	ld	a, -15 (ix)
    00001CD1 DD 77 F8         [19] 4229 	ld	-8 (ix), a
                                   4230 ;E:\Dropbox\FAUSTO\SVILUPPI\MSX\CODE\C\MSXgl\projects\soccerlgMSX2/soccerlg_s9_b3.c:526: i16 ideal_y = (i16)Carrier->ly + off_y;
    00001CD4 DD 6E EC         [19] 4231 	ld	l, -20 (ix)
    00001CD7 DD 66 ED         [19] 4232 	ld	h, -19 (ix)
    00001CDA 7E               [ 7] 4233 	ld	a, (hl)
    00001CDB DD 77 F2         [19] 4234 	ld	-14 (ix), a
    00001CDE 23               [ 6] 4235 	inc	hl
    00001CDF 7E               [ 7] 4236 	ld	a, (hl)
    00001CE0 DD 77 F3         [19] 4237 	ld	-13 (ix), a
    00001CE3 DD 7E F5         [19] 4238 	ld	a, -11 (ix)
    00001CE6 DD 77 F0         [19] 4239 	ld	-16 (ix), a
    00001CE9 07               [ 4] 4240 	rlca
    00001CEA 9F               [ 4] 4241 	sbc	a, a
    00001CEB DD 77 F1         [19] 4242 	ld	-15 (ix), a
    00001CEE DD 7E F2         [19] 4243 	ld	a, -14 (ix)
    00001CF1 DD 77 F5         [19] 4244 	ld	-11 (ix), a
    00001CF4 DD 7E F3         [19] 4245 	ld	a, -13 (ix)
    00001CF7 DD 77 F6         [19] 4246 	ld	-10 (ix), a
    00001CFA DD 7E F5         [19] 4247 	ld	a, -11 (ix)
    00001CFD DD 86 F0         [19] 4248 	add	a, -16 (ix)
    00001D00 DD 77 F2         [19] 4249 	ld	-14 (ix), a
    00001D03 DD 7E F6         [19] 4250 	ld	a, -10 (ix)
    00001D06 DD 8E F1         [19] 4251 	adc	a, -15 (ix)
    00001D09 DD 77 F3         [19] 4252 	ld	-13 (ix), a
    00001D0C DD 7E F2         [19] 4253 	ld	a, -14 (ix)
    00001D0F DD 77 F5         [19] 4254 	ld	-11 (ix), a
    00001D12 DD 7E F3         [19] 4255 	ld	a, -13 (ix)
    00001D15 DD 77 F6         [19] 4256 	ld	-10 (ix), a
                                   4257 ;E:\Dropbox\FAUSTO\SVILUPPI\MSX\CODE\C\MSXgl\projects\soccerlgMSX2/soccerlg_s9_b3.c:527: Ball->lx = (u8)(((i16)Ball->lx + ideal_x) / 2);
    00001D18 3Ar42r01         [13] 4258 	ld	a, (#(_SwSprite + 322) + 0)
    00001D1B DD 77 F0         [19] 4259 	ld	-16 (ix), a
    00001D1E DD 36 F1 00      [19] 4260 	ld	-15 (ix), #0x00
    00001D22 DD 7E F7         [19] 4261 	ld	a, -9 (ix)
    00001D25 DD 86 F0         [19] 4262 	add	a, -16 (ix)
    00001D28 DD 77 F2         [19] 4263 	ld	-14 (ix), a
    00001D2B DD 7E F8         [19] 4264 	ld	a, -8 (ix)
    00001D2E DD 8E F1         [19] 4265 	adc	a, -15 (ix)
    00001D31 DD 77 F3         [19] 4266 	ld	-13 (ix), a
    00001D34 DD 7E F2         [19] 4267 	ld	a, -14 (ix)
    00001D37 DD 77 F7         [19] 4268 	ld	-9 (ix), a
    00001D3A DD 7E F3         [19] 4269 	ld	a, -13 (ix)
    00001D3D DD 77 F8         [19] 4270 	ld	-8 (ix), a
    00001D40 DD 7E F7         [19] 4271 	ld	a, -9 (ix)
    00001D43 DD 77 F2         [19] 4272 	ld	-14 (ix), a
    00001D46 DD 7E F8         [19] 4273 	ld	a, -8 (ix)
    00001D49 DD 77 F3         [19] 4274 	ld	-13 (ix), a
    00001D4C DD CB F8 7E      [20] 4275 	bit	7, -8 (ix)
    00001D50 28 10            [12] 4276 	jr	Z, 00582$
    00001D52 DD 7E F7         [19] 4277 	ld	a, -9 (ix)
    00001D55 C6 01            [ 7] 4278 	add	a, #0x01
    00001D57 DD 77 F2         [19] 4279 	ld	-14 (ix), a
    00001D5A DD 7E F8         [19] 4280 	ld	a, -8 (ix)
    00001D5D CE 00            [ 7] 4281 	adc	a, #0x00
    00001D5F DD 77 F3         [19] 4282 	ld	-13 (ix), a
    00001D62                       4283 00582$:
    00001D62 DD 7E F2         [19] 4284 	ld	a, -14 (ix)
    00001D65 DD 77 F7         [19] 4285 	ld	-9 (ix), a
    00001D68 DD 7E F3         [19] 4286 	ld	a, -13 (ix)
    00001D6B DD 77 F8         [19] 4287 	ld	-8 (ix), a
    00001D6E DD CB F8 2E      [23] 4288 	sra	-8 (ix)
    00001D72 DD CB F7 1E      [23] 4289 	rr	-9 (ix)
    00001D76 DD 7E F7         [19] 4290 	ld	a, -9 (ix)
    00001D79 DD 77 F8         [19] 4291 	ld	-8 (ix), a
    00001D7C 21r42r01         [10] 4292 	ld	hl, #(_SwSprite + 322)
    00001D7F DD 7E F8         [19] 4293 	ld	a, -8 (ix)
    00001D82 77               [ 7] 4294 	ld	(hl), a
                                   4295 ;E:\Dropbox\FAUSTO\SVILUPPI\MSX\CODE\C\MSXgl\projects\soccerlgMSX2/soccerlg_s9_b3.c:528: Ball->ly = (u16)(((i16)Ball->ly + ideal_y) / 2) & 511;
    00001D83 21r46r01         [10] 4296 	ld	hl, #(_SwSprite + 326)
    00001D86 7E               [ 7] 4297 	ld	a, (hl)
    00001D87 DD 77 F7         [19] 4298 	ld	-9 (ix), a
    00001D8A 23               [ 6] 4299 	inc	hl
    00001D8B 7E               [ 7] 4300 	ld	a, (hl)
    00001D8C DD 77 F8         [19] 4301 	ld	-8 (ix), a
    00001D8F DD 7E F7         [19] 4302 	ld	a, -9 (ix)
    00001D92 DD 77 F2         [19] 4303 	ld	-14 (ix), a
    00001D95 DD 7E F8         [19] 4304 	ld	a, -8 (ix)
    00001D98 DD 77 F3         [19] 4305 	ld	-13 (ix), a
    00001D9B DD 7E F5         [19] 4306 	ld	a, -11 (ix)
    00001D9E DD 86 F2         [19] 4307 	add	a, -14 (ix)
    00001DA1 DD 77 F7         [19] 4308 	ld	-9 (ix), a
    00001DA4 DD 7E F6         [19] 4309 	ld	a, -10 (ix)
    00001DA7 DD 8E F3         [19] 4310 	adc	a, -13 (ix)
    00001DAA DD 77 F8         [19] 4311 	ld	-8 (ix), a
    00001DAD DD 5E F7         [19] 4312 	ld	e, -9 (ix)
    00001DB0 DD 56 F8         [19] 4313 	ld	d, -8 (ix)
    00001DB3 DD CB F8 7E      [20] 4314 	bit	7, -8 (ix)
    00001DB7 28 07            [12] 4315 	jr	Z, 00583$
    00001DB9 DD 5E F7         [19] 4316 	ld	e, -9 (ix)
    00001DBC DD 56 F8         [19] 4317 	ld	d, -8 (ix)
    00001DBF 13               [ 6] 4318 	inc	de
    00001DC0                       4319 00583$:
    00001DC0 CB 2A            [ 8] 4320 	sra	d
    00001DC2 CB 1B            [ 8] 4321 	rr	e
    00001DC4 7A               [ 4] 4322 	ld	a, d
    00001DC5 E6 01            [ 7] 4323 	and	a, #0x01
    00001DC7 57               [ 4] 4324 	ld	d, a
    00001DC8 ED 53r46r01      [20] 4325 	ld	((_SwSprite + 326)), de
                                   4326 ;E:\Dropbox\FAUSTO\SVILUPPI\MSX\CODE\C\MSXgl\projects\soccerlgMSX2/soccerlg_s9_b3.c:530: if (Carrier->dx != 0 || Carrier->dy != 0) {
    00001DCC DD 6E E8         [19] 4327 	ld	l, -24 (ix)
    00001DCF DD 66 E9         [19] 4328 	ld	h, -23 (ix)
    00001DD2 7E               [ 7] 4329 	ld	a, (hl)
    00001DD3 B7               [ 4] 4330 	or	a, a
    00001DD4 20 0A            [12] 4331 	jr	NZ, 00357$
    00001DD6 DD 6E EA         [19] 4332 	ld	l, -22 (ix)
    00001DD9 DD 66 EB         [19] 4333 	ld	h, -21 (ix)
    00001DDC 7E               [ 7] 4334 	ld	a, (hl)
    00001DDD B7               [ 4] 4335 	or	a, a
    00001DDE 28 37            [12] 4336 	jr	Z, 00358$
    00001DE0                       4337 00357$:
                                   4338 ;E:\Dropbox\FAUSTO\SVILUPPI\MSX\CODE\C\MSXgl\projects\soccerlgMSX2/soccerlg_s9_b3.c:531: Ball->anim = (c_dx != 0 && c_dy != 0) ? 1 : 2; // Tocco cortissimo in diagonale, normale in rettilineo
    00001DE0 DD 7E F9         [19] 4339 	ld	a, -7 (ix)
    00001DE3 B7               [ 4] 4340 	or	a, a
    00001DE4 28 0C            [12] 4341 	jr	Z, 00584$
    00001DE6 DD 7E FA         [19] 4342 	ld	a, -6 (ix)
    00001DE9 B7               [ 4] 4343 	or	a, a
    00001DEA 28 06            [12] 4344 	jr	Z, 00584$
    00001DEC 11 01 00         [10] 4345 	ld	de, #0x0001
    00001DEF C3rF5r1D         [10] 4346 	jp	00585$
    00001DF2                       4347 00584$:
    00001DF2 11 02 00         [10] 4348 	ld	de, #0x0002
    00001DF5                       4349 00585$:
    00001DF5 ED 53r55r01      [20] 4350 	ld	((_SwSprite + 341)), de
                                   4351 ;E:\Dropbox\FAUSTO\SVILUPPI\MSX\CODE\C\MSXgl\projects\soccerlgMSX2/soccerlg_s9_b3.c:532: Ball->count = is_180_turn ? 0 : 12; // Nessuna immunità se torna indietro di 180 gradi
    00001DF9 DD 7E F4         [19] 4352 	ld	a, -12 (ix)
    00001DFC B7               [ 4] 4353 	or	a, a
    00001DFD 28 06            [12] 4354 	jr	Z, 00589$
    00001DFF 01 00 00         [10] 4355 	ld	bc, #0x0000
    00001E02 C3r08r1E         [10] 4356 	jp	00590$
    00001E05                       4357 00589$:
    00001E05 01 0C 00         [10] 4358 	ld	bc, #0x000c
    00001E08                       4359 00590$:
    00001E08 ED 43r57r01      [20] 4360 	ld	((_SwSprite + 343)), bc
                                   4361 ;E:\Dropbox\FAUSTO\SVILUPPI\MSX\CODE\C\MSXgl\projects\soccerlgMSX2/soccerlg_s9_b3.c:533: CallFnc_VOID(SEG_EVENTS, EventBallKicked);
    00001E0C 11r00r00         [10] 4362 	ld	de, #_EventBallKicked
    00001E0F 3E 08            [ 7] 4363 	ld	a, #0x08
    00001E11 CDr00r00         [17] 4364 	call	_CallFnc_VOID
    00001E14 C3rA3r1F         [10] 4365 	jp	00403$
    00001E17                       4366 00358$:
                                   4367 ;E:\Dropbox\FAUSTO\SVILUPPI\MSX\CODE\C\MSXgl\projects\soccerlgMSX2/soccerlg_s9_b3.c:535: Ball->anim = 0;
    00001E17 21 00 00         [10] 4368 	ld	hl, #0x0000
    00001E1A 22r55r01         [16] 4369 	ld	((_SwSprite + 341)), hl
    00001E1D C3rA3r1F         [10] 4370 	jp	00403$
    00001E20                       4371 00379$:
                                   4372 ;E:\Dropbox\FAUSTO\SVILUPPI\MSX\CODE\C\MSXgl\projects\soccerlgMSX2/soccerlg_s9_b3.c:537: } else if (!action_taken) {
    00001E20 DD 7E F6         [19] 4373 	ld	a, -10 (ix)
    00001E23 B7               [ 4] 4374 	or	a, a
    00001E24 C2rA3r1F         [10] 4375 	jp	NZ, 00403$
                                   4376 ;E:\Dropbox\FAUSTO\SVILUPPI\MSX\CODE\C\MSXgl\projects\soccerlgMSX2/soccerlg_s9_b3.c:540: if (Ball->anim == 0) {
    00001E27 2Ar55r01         [16] 4377 	ld	hl, (#(_SwSprite + 341) + 0)
    00001E2A 7C               [ 4] 4378 	ld	a, h
                                   4379 ;E:\Dropbox\FAUSTO\SVILUPPI\MSX\CODE\C\MSXgl\projects\soccerlgMSX2/soccerlg_s9_b3.c:541: i8 off_x = 0; i8 off_y = 6;
    00001E2B B5               [ 4] 4380 	or	a,l
    00001E2C C2rA3r1F         [10] 4381 	jp	NZ,00403$
    00001E2F 4F               [ 4] 4382 	ld	c,a
    00001E30 DD 36 F5 06      [19] 4383 	ld	-11 (ix), #0x06
                                   4384 ;E:\Dropbox\FAUSTO\SVILUPPI\MSX\CODE\C\MSXgl\projects\soccerlgMSX2/soccerlg_s9_b3.c:519: if (c_dx > 0) off_x = (c_dy > 0) ? 3 : 8; else if (c_dx < 0) off_x = (c_dy > 0) ? -3 : -8;
    00001E34 AF               [ 4] 4385 	xor	a, a
    00001E35 DD 96 FA         [19] 4386 	sub	a, -6 (ix)
    00001E38 E2r3Dr1E         [10] 4387 	jp	PO, 01917$
    00001E3B EE 80            [ 7] 4388 	xor	a, #0x80
    00001E3D                       4389 01917$:
    00001E3D 07               [ 4] 4390 	rlca
    00001E3E E6 01            [ 7] 4391 	and	a,#0x01
    00001E40 DD 77 F6         [19] 4392 	ld	-10 (ix), a
                                   4393 ;E:\Dropbox\FAUSTO\SVILUPPI\MSX\CODE\C\MSXgl\projects\soccerlgMSX2/soccerlg_s9_b3.c:542: if (c_dx > 0) off_x = (c_dy > 0) ? 3 : 8; else if (c_dx < 0) off_x = (c_dy > 0) ? -3 : -8;
    00001E43 AF               [ 4] 4394 	xor	a, a
    00001E44 DD 96 F9         [19] 4395 	sub	a, -7 (ix)
    00001E47 E2r4Cr1E         [10] 4396 	jp	PO, 01918$
    00001E4A EE 80            [ 7] 4397 	xor	a, #0x80
    00001E4C                       4398 01918$:
    00001E4C F2r6Er1E         [10] 4399 	jp	P, 00364$
    00001E4F DD 7E F6         [19] 4400 	ld	a, -10 (ix)
    00001E52 B7               [ 4] 4401 	or	a, a
    00001E53 28 0B            [12] 4402 	jr	Z, 00591$
    00001E55 DD 36 F7 03      [19] 4403 	ld	-9 (ix), #0x03
    00001E59 DD 36 F8 00      [19] 4404 	ld	-8 (ix), #0
    00001E5D C3r68r1E         [10] 4405 	jp	00592$
    00001E60                       4406 00591$:
    00001E60 DD 36 F7 08      [19] 4407 	ld	-9 (ix), #0x08
    00001E64 DD 36 F8 00      [19] 4408 	ld	-8 (ix), #0
    00001E68                       4409 00592$:
    00001E68 DD 4E F7         [19] 4410 	ld	c, -9 (ix)
    00001E6B C3r7Er1E         [10] 4411 	jp	00365$
    00001E6E                       4412 00364$:
    00001E6E DD CB F9 7E      [20] 4413 	bit	7, -7 (ix)
    00001E72 28 0A            [12] 4414 	jr	Z, 00365$
    00001E74 DD 7E F6         [19] 4415 	ld	a, -10 (ix)
    00001E77 B7               [ 4] 4416 	or	a, a
    00001E78 0E FD            [ 7] 4417 	ld	c, #0xfd
    00001E7A 20 02            [12] 4418 	jr	NZ, 00594$
    00001E7C 0E F8            [ 7] 4419 	ld	c, #0xf8
    00001E7E                       4420 00594$:
    00001E7E                       4421 00365$:
                                   4422 ;E:\Dropbox\FAUSTO\SVILUPPI\MSX\CODE\C\MSXgl\projects\soccerlgMSX2/soccerlg_s9_b3.c:543: if (c_dy > 0) off_y = (c_dx != 0) ? 11 : 8; else if (c_dy < 0) off_y = -2;
    00001E7E DD 7E F6         [19] 4423 	ld	a, -10 (ix)
    00001E81 B7               [ 4] 4424 	or	a, a
    00001E82 28 15            [12] 4425 	jr	Z, 00369$
    00001E84 DD 7E F9         [19] 4426 	ld	a, -7 (ix)
    00001E87 B7               [ 4] 4427 	or	a, a
    00001E88 28 06            [12] 4428 	jr	Z, 00595$
    00001E8A 11 0B 00         [10] 4429 	ld	de, #0x000b
    00001E8D C3r93r1E         [10] 4430 	jp	00596$
    00001E90                       4431 00595$:
    00001E90 11 08 00         [10] 4432 	ld	de, #0x0008
    00001E93                       4433 00596$:
    00001E93 DD 73 F5         [19] 4434 	ld	-11 (ix), e
    00001E96 C3rA3r1E         [10] 4435 	jp	00370$
    00001E99                       4436 00369$:
    00001E99 DD CB FA 7E      [20] 4437 	bit	7, -6 (ix)
    00001E9D 28 04            [12] 4438 	jr	Z, 00370$
    00001E9F DD 36 F5 FE      [19] 4439 	ld	-11 (ix), #0xfe
    00001EA3                       4440 00370$:
                                   4441 ;E:\Dropbox\FAUSTO\SVILUPPI\MSX\CODE\C\MSXgl\projects\soccerlgMSX2/soccerlg_s9_b3.c:545: Ball->lx = (u8)((i16)Carrier->lx + off_x);
    00001EA3 DD 6E E3         [19] 4442 	ld	l, -29 (ix)
    00001EA6 DD 66 E4         [19] 4443 	ld	h, -28 (ix)
    00001EA9 7E               [ 7] 4444 	ld	a, (hl)
    00001EAA 81               [ 4] 4445 	add	a, c
    00001EAB 32r42r01         [13] 4446 	ld	(#(_SwSprite + 322)),a
                                   4447 ;E:\Dropbox\FAUSTO\SVILUPPI\MSX\CODE\C\MSXgl\projects\soccerlgMSX2/soccerlg_s9_b3.c:546: Ball->ly = (u16)((i16)Carrier->ly + off_y) & 511;
    00001EAE DD 6E EC         [19] 4448 	ld	l, -20 (ix)
    00001EB1 DD 66 ED         [19] 4449 	ld	h, -19 (ix)
    00001EB4 4E               [ 7] 4450 	ld	c, (hl)
    00001EB5 23               [ 6] 4451 	inc	hl
    00001EB6 46               [ 7] 4452 	ld	b, (hl)
    00001EB7 DD 7E F5         [19] 4453 	ld	a, -11 (ix)
    00001EBA 6F               [ 4] 4454 	ld	l, a
                                   4455 ;	spillPairReg hl
                                   4456 ;	spillPairReg hl
    00001EBB 07               [ 4] 4457 	rlca
    00001EBC 9F               [ 4] 4458 	sbc	a, a
    00001EBD 67               [ 4] 4459 	ld	h, a
                                   4460 ;	spillPairReg hl
                                   4461 ;	spillPairReg hl
    00001EBE 09               [11] 4462 	add	hl, bc
    00001EBF EB               [ 4] 4463 	ex	de, hl
    00001EC0 7A               [ 4] 4464 	ld	a, d
    00001EC1 E6 01            [ 7] 4465 	and	a, #0x01
    00001EC3 57               [ 4] 4466 	ld	d, a
    00001EC4 ED 53r46r01      [20] 4467 	ld	((_SwSprite + 326)), de
                                   4468 ;E:\Dropbox\FAUSTO\SVILUPPI\MSX\CODE\C\MSXgl\projects\soccerlgMSX2/soccerlg_s9_b3.c:547: Ball->dx = c_dx; Ball->dy = c_dy;
    00001EC8 21r53r01         [10] 4469 	ld	hl, #(_SwSprite + 339)
    00001ECB DD 7E F9         [19] 4470 	ld	a, -7 (ix)
    00001ECE 77               [ 7] 4471 	ld	(hl), a
    00001ECF 21r54r01         [10] 4472 	ld	hl, #(_SwSprite + 340)
    00001ED2 DD 7E FA         [19] 4473 	ld	a, -6 (ix)
    00001ED5 77               [ 7] 4474 	ld	(hl), a
                                   4475 ;E:\Dropbox\FAUSTO\SVILUPPI\MSX\CODE\C\MSXgl\projects\soccerlgMSX2/soccerlg_s9_b3.c:548: if (Carrier->dx != 0 || Carrier->dy != 0) {
    00001ED6 DD 6E E8         [19] 4476 	ld	l, -24 (ix)
    00001ED9 DD 66 E9         [19] 4477 	ld	h, -23 (ix)
    00001EDC 7E               [ 7] 4478 	ld	a, (hl)
    00001EDD B7               [ 4] 4479 	or	a, a
    00001EDE 20 0B            [12] 4480 	jr	NZ, 00371$
    00001EE0 DD 6E EA         [19] 4481 	ld	l, -22 (ix)
    00001EE3 DD 66 EB         [19] 4482 	ld	h, -21 (ix)
    00001EE6 7E               [ 7] 4483 	ld	a, (hl)
    00001EE7 B7               [ 4] 4484 	or	a, a
    00001EE8 CArA3r1F         [10] 4485 	jp	Z, 00403$
    00001EEB                       4486 00371$:
                                   4487 ;E:\Dropbox\FAUSTO\SVILUPPI\MSX\CODE\C\MSXgl\projects\soccerlgMSX2/soccerlg_s9_b3.c:549: Ball->anim = (c_dx != 0 && c_dy != 0) ? 2 : 4; // Tocco corto in diagonale, lungo in rettilineo
    00001EEB DD 7E F9         [19] 4488 	ld	a, -7 (ix)
    00001EEE B7               [ 4] 4489 	or	a, a
    00001EEF 28 0C            [12] 4490 	jr	Z, 00597$
    00001EF1 DD 7E FA         [19] 4491 	ld	a, -6 (ix)
    00001EF4 B7               [ 4] 4492 	or	a, a
    00001EF5 28 06            [12] 4493 	jr	Z, 00597$
    00001EF7 01 02 00         [10] 4494 	ld	bc, #0x0002
    00001EFA C3r00r1F         [10] 4495 	jp	00598$
    00001EFD                       4496 00597$:
    00001EFD 01 04 00         [10] 4497 	ld	bc, #0x0004
    00001F00                       4498 00598$:
    00001F00 ED 43r55r01      [20] 4499 	ld	((_SwSprite + 341)), bc
                                   4500 ;E:\Dropbox\FAUSTO\SVILUPPI\MSX\CODE\C\MSXgl\projects\soccerlgMSX2/soccerlg_s9_b3.c:550: CallFnc_VOID(SEG_EVENTS, EventBallKicked);
    00001F04 11r00r00         [10] 4501 	ld	de, #_EventBallKicked
    00001F07 3E 08            [ 7] 4502 	ld	a, #0x08
    00001F09 CDr00r00         [17] 4503 	call	_CallFnc_VOID
    00001F0C C3rA3r1F         [10] 4504 	jp	00403$
    00001F0F                       4505 00396$:
                                   4506 ;E:\Dropbox\FAUSTO\SVILUPPI\MSX\CODE\C\MSXgl\projects\soccerlgMSX2/soccerlg_s9_b3.c:556: if (trigger_pressed && LastTouchTeam != carrier_team && LastTouchTeam != 0xFF && Carrier->count == 0 && RestartType == 0 && Ball->count == 0) {
    00001F0F DD 7E E1         [19] 4507 	ld	a, -31 (ix)
    00001F12 B7               [ 4] 4508 	or	a, a
    00001F13 CArA3r1F         [10] 4509 	jp	Z, 00403$
    00001F16 DD CB F4 46      [20] 4510 	bit	0, -12 (ix)
    00001F1A C2rA3r1F         [10] 4511 	jp	NZ, 00403$
    00001F1D 3Ar00r00         [13] 4512 	ld	a, (_LastTouchTeam+0)
    00001F20 3C               [ 4] 4513 	inc	a
    00001F21 CArA3r1F         [10] 4514 	jp	Z,00403$
    00001F24 DD 6E E6         [19] 4515 	ld	l, -26 (ix)
    00001F27 DD 66 E7         [19] 4516 	ld	h, -25 (ix)
    00001F2A 4E               [ 7] 4517 	ld	c, (hl)
    00001F2B 23               [ 6] 4518 	inc	hl
    00001F2C 7E               [ 7] 4519 	ld	a, (hl)
    00001F2D B1               [ 4] 4520 	or	a, c
    00001F2E 20 73            [12] 4521 	jr	NZ, 00403$
    00001F30 3Ar00r00         [13] 4522 	ld	a, (_RestartType+0)
    00001F33 B7               [ 4] 4523 	or	a, a
    00001F34 20 6D            [12] 4524 	jr	NZ, 00403$
    00001F36 DD 7E F7         [19] 4525 	ld	a, -9 (ix)
    00001F39 DD B6 F6         [19] 4526 	or	a, -10 (ix)
    00001F3C 20 65            [12] 4527 	jr	NZ, 00403$
                                   4528 ;E:\Dropbox\FAUSTO\SVILUPPI\MSX\CODE\C\MSXgl\projects\soccerlgMSX2/soccerlg_s9_b3.c:557: bool opponent_has_ball = (g_is_ball_carried && LastTouchTeam != carrier_team);
    00001F3E 3Ar00r00         [13] 4529 	ld	a, (_g_is_ball_carried+0)
    00001F41 B7               [ 4] 4530 	or	a, a
    00001F42 28 06            [12] 4531 	jr	Z, 00602$
    00001F44 DD CB F4 46      [20] 4532 	bit	0, -12 (ix)
    00001F48 28 05            [12] 4533 	jr	Z, 00603$
    00001F4A                       4534 00602$:
    00001F4A 1E 00            [ 7] 4535 	ld	e, #0x00
    00001F4C C3r51r1F         [10] 4536 	jp	00604$
    00001F4F                       4537 00603$:
    00001F4F 1E 01            [ 7] 4538 	ld	e, #0x01
    00001F51                       4539 00604$:
    00001F51 7B               [ 4] 4540 	ld	a, e
                                   4541 ;E:\Dropbox\FAUSTO\SVILUPPI\MSX\CODE\C\MSXgl\projects\soccerlgMSX2/soccerlg_s9_b3.c:559: if (opponent_has_ball) {
    00001F52 B7               [ 4] 4542 	or	a, a
    00001F53 28 4E            [12] 4543 	jr	Z, 00403$
                                   4544 ;E:\Dropbox\FAUSTO\SVILUPPI\MSX\CODE\C\MSXgl\projects\soccerlgMSX2/soccerlg_s9_b3.c:560: if (dist_x <= 32 && dist_y <= 16) {
    00001F55 DD 4E EE         [19] 4545 	ld	c, -18 (ix)
    00001F58 DD 46 EF         [19] 4546 	ld	b, -17 (ix)
    00001F5B 3E 20            [ 7] 4547 	ld	a, #0x20
    00001F5D B9               [ 4] 4548 	cp	a, c
    00001F5E 3E 00            [ 7] 4549 	ld	a, #0x00
    00001F60 98               [ 4] 4550 	sbc	a, b
    00001F61 38 40            [12] 4551 	jr	C, 00403$
    00001F63 DD 4E F2         [19] 4552 	ld	c, -14 (ix)
    00001F66 DD 46 F3         [19] 4553 	ld	b, -13 (ix)
    00001F69 3E 10            [ 7] 4554 	ld	a, #0x10
    00001F6B B9               [ 4] 4555 	cp	a, c
    00001F6C 3E 00            [ 7] 4556 	ld	a, #0x00
    00001F6E 98               [ 4] 4557 	sbc	a, b
    00001F6F 38 32            [12] 4558 	jr	C, 00403$
                                   4559 ;E:\Dropbox\FAUSTO\SVILUPPI\MSX\CODE\C\MSXgl\projects\soccerlgMSX2/soccerlg_s9_b3.c:562: Carrier->count = 30; // Scivolata + Cooldown per penalità miss
    00001F71 DD 6E E6         [19] 4560 	ld	l, -26 (ix)
    00001F74 DD 66 E7         [19] 4561 	ld	h, -25 (ix)
    00001F77 36 1E            [10] 4562 	ld	(hl), #0x1e
    00001F79 23               [ 6] 4563 	inc	hl
    00001F7A 36 00            [10] 4564 	ld	(hl), #0x00
                                   4565 ;E:\Dropbox\FAUSTO\SVILUPPI\MSX\CODE\C\MSXgl\projects\soccerlgMSX2/soccerlg_s9_b3.c:563: Carrier->dx = (Ball->lx > Carrier->lx) ? 4 : -4;
    00001F7C DD 4E E8         [19] 4566 	ld	c, -24 (ix)
    00001F7F DD 46 E9         [19] 4567 	ld	b, -23 (ix)
    00001F82 21r42r01         [10] 4568 	ld	hl, #(_SwSprite + 322)
    00001F85 5E               [ 7] 4569 	ld	e, (hl)
    00001F86 DD 6E E3         [19] 4570 	ld	l, -29 (ix)
    00001F89 DD 66 E4         [19] 4571 	ld	h, -28 (ix)
    00001F8C 7E               [ 7] 4572 	ld	a, (hl)
    00001F8D 93               [ 4] 4573 	sub	a, e
    00001F8E 30 06            [12] 4574 	jr	NC, 00605$
    00001F90 11 04 00         [10] 4575 	ld	de, #0x0004
    00001F93 C3r99r1F         [10] 4576 	jp	00606$
    00001F96                       4577 00605$:
    00001F96 11 FC FF         [10] 4578 	ld	de, #0xfffc
    00001F99                       4579 00606$:
    00001F99 7B               [ 4] 4580 	ld	a, e
    00001F9A 02               [ 7] 4581 	ld	(bc), a
                                   4582 ;E:\Dropbox\FAUSTO\SVILUPPI\MSX\CODE\C\MSXgl\projects\soccerlgMSX2/soccerlg_s9_b3.c:564: Carrier->dy = 0; // Movimento rigorosamente orizzontale
    00001F9B DD 6E EA         [19] 4583 	ld	l, -22 (ix)
    00001F9E DD 66 EB         [19] 4584 	ld	h, -21 (ix)
    00001FA1 36 00            [10] 4585 	ld	(hl), #0x00
    00001FA3                       4586 00403$:
                                   4587 ;E:\Dropbox\FAUSTO\SVILUPPI\MSX\CODE\C\MSXgl\projects\soccerlgMSX2/soccerlg_s9_b3.c:281: for (u8 i = 0; i < 2; i++) { // i=0 per Team 1 (P2/CPU), i=1 per Team 2 (P1)
    00001FA3 DD 34 FF         [23] 4588 	inc	-1 (ix)
    00001FA6 C3rF5r0C         [10] 4589 	jp	00421$
    00001FA9                       4590 00404$:
                                   4591 ;E:\Dropbox\FAUSTO\SVILUPPI\MSX\CODE\C\MSXgl\projects\soccerlgMSX2/soccerlg_s9_b3.c:572: for (u8 i = 0; i < 14; i++) {
    00001FA9 06 00            [ 7] 4592 	ld	b, #0x00
    00001FAB                       4593 00423$:
    00001FAB 78               [ 4] 4594 	ld	a, b
    00001FAC D6 0E            [ 7] 4595 	sub	a, #0x0e
    00001FAE 30 10            [12] 4596 	jr	NC, 00405$
                                   4597 ;E:\Dropbox\FAUSTO\SVILUPPI\MSX\CODE\C\MSXgl\projects\soccerlgMSX2/soccerlg_s9_b3.c:573: CallFnc_VOID_P1(SEG_LOGIC, PlayerAI, i);
    00001FB0 C5               [11] 4598 	push	bc
    00001FB1 C5               [11] 4599 	push	bc
    00001FB2 33               [ 6] 4600 	inc	sp
    00001FB3 11r00r00         [10] 4601 	ld	de, #_PlayerAI
    00001FB6 3E 06            [ 7] 4602 	ld	a, #0x06
    00001FB8 CDr00r00         [17] 4603 	call	_CallFnc_VOID_P1
    00001FBB C1               [10] 4604 	pop	bc
                                   4605 ;E:\Dropbox\FAUSTO\SVILUPPI\MSX\CODE\C\MSXgl\projects\soccerlgMSX2/soccerlg_s9_b3.c:572: for (u8 i = 0; i < 14; i++) {
    00001FBC 04               [ 4] 4606 	inc	b
    00001FBD C3rABr1F         [10] 4607 	jp	00423$
    00001FC0                       4608 00405$:
                                   4609 ;E:\Dropbox\FAUSTO\SVILUPPI\MSX\CODE\C\MSXgl\projects\soccerlgMSX2/soccerlg_s9_b3.c:577: CallFnc_VOID(SEG_GAMESTATE_8, UpdateReferee);
    00001FC0 11r00r00         [10] 4610 	ld	de, #_UpdateReferee
    00001FC3 3E 12            [ 7] 4611 	ld	a, #0x12
    00001FC5 CDr00r00         [17] 4612 	call	_CallFnc_VOID
    00001FC8 C3rF8r1F         [10] 4613 	jp	00425$
    00001FCB                       4614 00407$:
                                   4615 ;E:\Dropbox\FAUSTO\SVILUPPI\MSX\CODE\C\MSXgl\projects\soccerlgMSX2/soccerlg_s9_b3.c:579: SwSprite[24].ly = 1000; // Nascondimento assoluto
    00001FCB 21 E8 03         [10] 4616 	ld	hl, #0x03e8
    00001FCE 22r2Cr02         [16] 4617 	ld	((_SwSprite + 556)), hl
                                   4618 ;E:\Dropbox\FAUSTO\SVILUPPI\MSX\CODE\C\MSXgl\projects\soccerlgMSX2/soccerlg_s9_b3.c:580: SwSprite[25].ly = 1000; // Nascondimento assoluto
    00001FD1 22r43r02         [16] 4619 	ld	((_SwSprite + 579)), hl
                                   4620 ;E:\Dropbox\FAUSTO\SVILUPPI\MSX\CODE\C\MSXgl\projects\soccerlgMSX2/soccerlg_s9_b3.c:581: CallFnc_VOID_3PTR_U16(SEG_GAMESTATE_3, UpdateGameState_Restarts, game_state, wait_secs, start_sec, target_ly);
    00001FD4 DD 6E 06         [19] 4621 	ld	l, 6 (ix)
                                   4622 ;	spillPairReg hl
                                   4623 ;	spillPairReg hl
    00001FD7 DD 66 07         [19] 4624 	ld	h, 7 (ix)
                                   4625 ;	spillPairReg hl
                                   4626 ;	spillPairReg hl
    00001FDA E5               [11] 4627 	push	hl
    00001FDB DD 6E 04         [19] 4628 	ld	l, 4 (ix)
                                   4629 ;	spillPairReg hl
                                   4630 ;	spillPairReg hl
    00001FDE DD 66 05         [19] 4631 	ld	h, 5 (ix)
                                   4632 ;	spillPairReg hl
                                   4633 ;	spillPairReg hl
    00001FE1 E5               [11] 4634 	push	hl
    00001FE2 DD 6E FB         [19] 4635 	ld	l, -5 (ix)
                                   4636 ;	spillPairReg hl
                                   4637 ;	spillPairReg hl
    00001FE5 DD 66 FC         [19] 4638 	ld	h, -4 (ix)
                                   4639 ;	spillPairReg hl
                                   4640 ;	spillPairReg hl
    00001FE8 E5               [11] 4641 	push	hl
    00001FE9 DD 6E FD         [19] 4642 	ld	l, -3 (ix)
                                   4643 ;	spillPairReg hl
                                   4644 ;	spillPairReg hl
    00001FEC DD 66 FE         [19] 4645 	ld	h, -2 (ix)
                                   4646 ;	spillPairReg hl
                                   4647 ;	spillPairReg hl
    00001FEF E5               [11] 4648 	push	hl
    00001FF0 11r00r00         [10] 4649 	ld	de, #_UpdateGameState_Restarts
    00001FF3 3E 0C            [ 7] 4650 	ld	a, #0x0c
    00001FF5 CDr00r00         [17] 4651 	call	_CallFnc_VOID_3PTR_U16
    00001FF8                       4652 00425$:
                                   4653 ;E:\Dropbox\FAUSTO\SVILUPPI\MSX\CODE\C\MSXgl\projects\soccerlgMSX2/soccerlg_s9_b3.c:583: }
    00001FF8 DD F9            [10] 4654 	ld	sp, ix
    00001FFA DD E1            [14] 4655 	pop	ix
    00001FFC E1               [10] 4656 	pop	hl
    00001FFD F1               [10] 4657 	pop	af
    00001FFE F1               [10] 4658 	pop	af
    00001FFF E9               [ 4] 4659 	jp	(hl)
                         0000F380  4660 _g_RDPRIM	=	0xf380
                         0000F385  4661 _g_WRPRIM	=	0xf385
                         0000F38C  4662 _g_CLPRIM	=	0xf38c
                         0000F39A  4663 _g_USRTAB	=	0xf39a
                         0000F3DE  4664 _g_CNSDFG	=	0xf3de
                         0000F3DF  4665 _g_RG0SAV	=	0xf3df
                         0000F3E0  4666 _g_RG1SAV	=	0xf3e0
                         0000F3E1  4667 _g_RG2SAV	=	0xf3e1
                         0000F3E2  4668 _g_RG3SAV	=	0xf3e2
                         0000F3E3  4669 _g_RG4SAV	=	0xf3e3
                         0000F3E4  4670 _g_RG5SAV	=	0xf3e4
                         0000F3E5  4671 _g_RG6SAV	=	0xf3e5
                         0000F3E6  4672 _g_RG7SAV	=	0xf3e6
                         0000F3E7  4673 _g_STATFL	=	0xf3e7
                         0000F3E8  4674 _g_TRGFLG	=	0xf3e8
                         0000F3EC  4675 _g_MAXUPD	=	0xf3ec
                         0000F3EF  4676 _g_MINUPD	=	0xf3ef
                         0000F3F3  4677 _g_QUEUES	=	0xf3f3
                         0000F3F5  4678 _g_FRCNEW	=	0xf3f5
                         0000F3F6  4679 _g_SCNCNT	=	0xf3f6
                         0000F3F7  4680 _g_REPCNT	=	0xf3f7
                         0000F3F8  4681 _g_PUTPNT	=	0xf3f8
                         0000F3FA  4682 _g_GETPNT	=	0xf3fa
                         0000F3FC  4683 _g_CS120	=	0xf3fc
                         0000F401  4684 _g_CS240	=	0xf401
                         0000F406  4685 _g_LOW	=	0xf406
                         0000F408  4686 _g_HIGH	=	0xf408
                         0000F40A  4687 _g_HEADER	=	0xf40a
                         0000F40B  4688 _g_ASPCT1	=	0xf40b
                         0000F40D  4689 _g_ASPCT2	=	0xf40d
                         0000F959  4690 _g_QUETAB	=	0xf959
                         0000F971  4691 _g_QUEBAK	=	0xf971
                         0000F975  4692 _g_VOICAQ	=	0xf975
                         0000F9F5  4693 _g_VOICBQ	=	0xf9f5
                         0000FA75  4694 _g_VOICCQ	=	0xfa75
                         0000FAF5  4695 _g_RS2IQ	=	0xfaf5
                         0000FAF5  4696 _g_DPPAGE	=	0xfaf5
                         0000FAF6  4697 _g_ACPAGE	=	0xfaf6
                         0000FAF7  4698 _g_AVCSAV	=	0xfaf7
                         0000FAF8  4699 _g_EXBRSA	=	0xfaf8
                         0000FAF9  4700 _g_CHRCNT	=	0xfaf9
                         0000FAFA  4701 _g_ROMA	=	0xfafa
                         0000FAFC  4702 _g_MODE	=	0xfafc
                         0000FAFD  4703 _g_NORUSE	=	0xfafd
                         0000FAFE  4704 _g_XSAVE	=	0xfafe
                         0000FB00  4705 _g_YSAVE	=	0xfb00
                         0000FB03  4706 _g_RSTMP	=	0xfb03
                         0000FB03  4707 _g_TOCNT	=	0xfb03
                         0000FB04  4708 _g_RSFCB	=	0xfb04
                         0000FB06  4709 _g_RSIQLN	=	0xfb06
                         0000FB07  4710 _g_MEXBIh	=	0xfb07
                         0000FB0C  4711 _g_OLDSTT	=	0xfb0c
                         0000FB0C  4712 _g_OLDINT	=	0xfb0c
                         0000FB16  4713 _g_DEVNUM	=	0xfb16
                         0000FB17  4714 _g_DATCNT	=	0xfb17
                         0000FB1A  4715 _g_ERRORS	=	0xfb1a
                         0000FB1B  4716 _g_FLAGS	=	0xfb1b
                         0000FB1C  4717 _g_ESTBLS	=	0xfb1c
                         0000FB1D  4718 _g_COMMSK	=	0xfb1d
                         0000FB1E  4719 _g_LSTCOM	=	0xfb1e
                         0000FB1F  4720 _g_LSTMOD	=	0xfb1f
                         0000FB35  4721 _g_PRSCNT	=	0xfb35
                         0000FB36  4722 _g_SAVSP	=	0xfb36
                         0000FB38  4723 _g_VOICEN	=	0xfb38
                         0000FB39  4724 _g_SAVVOL	=	0xfb39
                         0000FB3B  4725 _g_MCLLEN	=	0xfb3b
                         0000FB3C  4726 _g_MCLPTR	=	0xfb3c
                         0000FB3E  4727 _g_QUEUEN	=	0xfb3e
                         0000FB3F  4728 _g_MUSICF	=	0xfb3f
                         0000FB40  4729 _g_PLYCNT	=	0xfb40
                         0000FB41  4730 _g_VCBA	=	0xfb41
                         0000FB66  4731 _g_VCBB	=	0xfb66
                         0000FB8B  4732 _g_VCBC	=	0xfb8b
                         0000FBB0  4733 _g_ENSTOP	=	0xfbb0
                         0000FBB1  4734 _g_BASROM	=	0xfbb1
                         0000FBB2  4735 _g_LINTTB	=	0xfbb2
                         0000FBCA  4736 _g_FSTPOS	=	0xfbca
                         0000FBCC  4737 _g_CODSAV	=	0xfbcc
                         0000FBCD  4738 _g_FNKSWI	=	0xfbcd
                         0000FBCE  4739 _g_FNKFLG	=	0xfbce
                         0000FBD8  4740 _g_ONGSBF	=	0xfbd8
                         0000FBD9  4741 _g_CLIKFL	=	0xfbd9
                         0000FBDA  4742 _g_OLDKEY	=	0xfbda
                         0000FBE5  4743 _g_NEWKEY	=	0xfbe5
                         0000FBF0  4744 _g_KEYBUF	=	0xfbf0
                         0000FC18  4745 _g_LINWRK	=	0xfc18
                         0000FC40  4746 _g_PATWRK	=	0xfc40
                         0000FC48  4747 _g_BOTTOM	=	0xfc48
                         0000FC4A  4748 _g_HIMEM	=	0xfc4a
                         0000FC4C  4749 _g_TRPTBL	=	0xfc4c
                         0000FC9A  4750 _g_RTYCNT	=	0xfc9a
                         0000FC9B  4751 _g_INTFLG	=	0xfc9b
                         0000FC9C  4752 _g_PADY	=	0xfc9c
                         0000FC9D  4753 _g_PADX	=	0xfc9d
                         0000FC9E  4754 _g_JIFFY	=	0xfc9e
                         0000FCA0  4755 _g_INTVAL	=	0xfca0
                         0000FCA2  4756 _g_INTCNT	=	0xfca2
                         0000FCA4  4757 _g_LOWLIM	=	0xfca4
                         0000FCA5  4758 _g_WINWID	=	0xfca5
                         0000FCA6  4759 _g_GRPHED	=	0xfca6
                         0000FCA7  4760 _g_ESCCNT	=	0xfca7
                         0000FCA8  4761 _g_INSFLG	=	0xfca8
                         0000FCA9  4762 _g_CSRSW	=	0xfca9
                         0000FCAA  4763 _g_CSTYLE	=	0xfcaa
                         0000FCAB  4764 _g_CAPST	=	0xfcab
                         0000FCAC  4765 _g_KANAST	=	0xfcac
                         0000FCAD  4766 _g_KANAMD	=	0xfcad
                         0000FCAE  4767 _g_FLBMEM	=	0xfcae
                         0000FCAF  4768 _g_SCRMOD	=	0xfcaf
                         0000FCB0  4769 _g_OLDSCR	=	0xfcb0
                         0000FCB1  4770 _g_CASPRV	=	0xfcb1
                         0000FCB2  4771 _g_BRDATR	=	0xfcb2
                         0000FCB3  4772 _g_GXPOS	=	0xfcb3
                         0000FCB5  4773 _g_GYPOS	=	0xfcb5
                         0000FCBB  4774 _g_DRWFLG	=	0xfcbb
                         0000FCBC  4775 _g_DRWSCL	=	0xfcbc
                         0000FCBD  4776 _g_DRWANG	=	0xfcbd
                         0000FCC1  4777 _g_MNROM	=	0xfcc1
                         0000FCC1  4778 _g_EXPTBL	=	0xfcc1
                         0000FCC5  4779 _g_SLTTBL	=	0xfcc5
                         0000FCC9  4780 _g_SLTATR	=	0xfcc9
                         0000FD09  4781 _g_SLTWRK	=	0xfd09
                         0000FD89  4782 _g_PROCNM	=	0xfd89
                         0000FFE7  4783 _g_RG08SAV	=	0xffe7
                         0000FFE8  4784 _g_RG09SAV	=	0xffe8
                         0000FFE9  4785 _g_RG10SAV	=	0xffe9
                         0000FFEA  4786 _g_RG11SAV	=	0xffea
                         0000FFEB  4787 _g_RG12SAV	=	0xffeb
                         0000FFEC  4788 _g_RG13SAV	=	0xffec
                         0000FFED  4789 _g_RG14SAV	=	0xffed
                         0000FFEE  4790 _g_RG15SAV	=	0xffee
                         0000FFEF  4791 _g_RG16SAV	=	0xffef
                         0000FFF0  4792 _g_RG17SAV	=	0xfff0
                         0000FFF1  4793 _g_RG18SAV	=	0xfff1
                         0000FFF2  4794 _g_RG19SAV	=	0xfff2
                         0000FFF3  4795 _g_RG20SAV	=	0xfff3
                         0000FFF4  4796 _g_RG21SAV	=	0xfff4
                         0000FFF5  4797 _g_RG22SAV	=	0xfff5
                         0000FFF6  4798 _g_RG23SAV	=	0xfff6
                         0000FFF7  4799 _g_MINROM	=	0xfff7
                         0000FFF8  4800 _g_SVFFF8	=	0xfff8
                         0000FFFA  4801 _g_RG25SAV	=	0xfffa
                         0000FFFB  4802 _g_RG26SAV	=	0xfffb
                         0000FFFC  4803 _g_RG27SAV	=	0xfffc
                         0000FFFD  4804 _g_SVFFFD	=	0xfffd
                         00000004  4805 _g_CGTABL	=	0x0004
                         00000006  4806 _g_VDP_DR	=	0x0006
                         00000007  4807 _g_VDP_DW	=	0x0007
                         0000002B  4808 _g_BASRVN	=	0x002b
                         0000002B  4809 _g_ROMVersion	=	0x002b
                         0000002D  4810 _g_MSXVER	=	0x002d
                         0000002E  4811 _g_MSXMID	=	0x002e
                         00000034  4812 _g_CHAR_16	=	0x0034
                         00000000  4813 _g_SUBRID	=	0x0000
                         00000002  4814 _g_STRSRC	=	0x0002
                         0000F30F  4815 _g_KANJTABLE	=	0xf30f
                         0000F323  4816 _g_DISKVE	=	0xf323
                         0000F325  4817 _g_BREAKV	=	0xf325
                         0000F341  4818 _g_RAMAD0	=	0xf341
                         0000F342  4819 _g_RAMAD1	=	0xf342
                         0000F343  4820 _g_RAMAD2	=	0xf343
                         0000F344  4821 _g_RAMAD3	=	0xf344
                         0000F348  4822 _g_MASTER	=	0xf348
                         0000F37D  4823 _g_BDOS	=	0xf37d
                                   4824 	.area _SEG9
                                   4825 	.area _INITIALIZER
                                   4826 	.area _CABS (ABS)
