                                      1 ;--------------------------------------------------------
                                      2 ; File Created by SDCC : free open source ANSI-C Compiler
                                      3 ; Version 4.2.0 #13081 (MINGW64)
                                      4 ;--------------------------------------------------------
                                      5 	.module soccerlg_s21_b3
                                      6 	.optsdcc -mz80
                                      7 	
                                      8 ;--------------------------------------------------------
                                      9 ; Public variables in this module
                                     10 ;--------------------------------------------------------
                                     11 	.globl _GetPlayerIdleFrame
                                     12 	.globl _GetPlayerAnimFrame
                                     13 	.globl _EventBallKicked
                                     14 	.globl _FindReceiver
                                     15 	.globl _CallFnc_U16_P4B
                                     16 	.globl _CallFnc_U16_P4
                                     17 	.globl _CallFnc_U16_P3
                                     18 	.globl _CallFnc_VOID
                                     19 	.globl _PlaySCCEvent
                                     20 	.globl _g_SLTSL
                                     21 	.globl _g_GRPACY
                                     22 	.globl _g_GRPACX
                                     23 	.globl _g_LOGOPR
                                     24 	.globl _g_CMASK
                                     25 	.globl _g_CLOC
                                     26 	.globl _g_FNKSTR
                                     27 	.globl _g_ATRBYT
                                     28 	.globl _g_BDRCLR
                                     29 	.globl _g_BAKCLR
                                     30 	.globl _g_FORCLR
                                     31 	.globl _g_CSRX
                                     32 	.globl _g_CSRY
                                     33 	.globl _g_CLIKSW
                                     34 	.globl _g_MLTPAT
                                     35 	.globl _g_MLTATR
                                     36 	.globl _g_MLTCGP
                                     37 	.globl _g_MLTCOL
                                     38 	.globl _g_MLTNAM
                                     39 	.globl _g_GRPPAT
                                     40 	.globl _g_GRPATR
                                     41 	.globl _g_GRPCGP
                                     42 	.globl _g_GRPCOL
                                     43 	.globl _g_GRPNAM
                                     44 	.globl _g_T32PAT
                                     45 	.globl _g_T32ATR
                                     46 	.globl _g_T32CGP
                                     47 	.globl _g_T32COL
                                     48 	.globl _g_T32NAM
                                     49 	.globl _g_TXTPAT
                                     50 	.globl _g_TXTATR
                                     51 	.globl _g_TXTCGP
                                     52 	.globl _g_TXTCOL
                                     53 	.globl _g_TXTNAM
                                     54 	.globl _g_CLMLST
                                     55 	.globl _g_CRTCNT
                                     56 	.globl _g_LINLEN
                                     57 	.globl _g_LINL32
                                     58 	.globl _g_LINL40
                                     59 	.globl _g_BDOS
                                     60 	.globl _g_MASTER
                                     61 	.globl _g_RAMAD3
                                     62 	.globl _g_RAMAD2
                                     63 	.globl _g_RAMAD1
                                     64 	.globl _g_RAMAD0
                                     65 	.globl _g_BREAKV
                                     66 	.globl _g_DISKVE
                                     67 	.globl _g_KANJTABLE
                                     68 	.globl _g_STRSRC
                                     69 	.globl _g_SUBRID
                                     70 	.globl _g_CHAR_16
                                     71 	.globl _g_MSXMID
                                     72 	.globl _g_MSXVER
                                     73 	.globl _g_ROMVersion
                                     74 	.globl _g_BASRVN
                                     75 	.globl _g_VDP_DW
                                     76 	.globl _g_VDP_DR
                                     77 	.globl _g_CGTABL
                                     78 	.globl _g_SVFFFD
                                     79 	.globl _g_RG27SAV
                                     80 	.globl _g_RG26SAV
                                     81 	.globl _g_RG25SAV
                                     82 	.globl _g_SVFFF8
                                     83 	.globl _g_MINROM
                                     84 	.globl _g_RG23SAV
                                     85 	.globl _g_RG22SAV
                                     86 	.globl _g_RG21SAV
                                     87 	.globl _g_RG20SAV
                                     88 	.globl _g_RG19SAV
                                     89 	.globl _g_RG18SAV
                                     90 	.globl _g_RG17SAV
                                     91 	.globl _g_RG16SAV
                                     92 	.globl _g_RG15SAV
                                     93 	.globl _g_RG14SAV
                                     94 	.globl _g_RG13SAV
                                     95 	.globl _g_RG12SAV
                                     96 	.globl _g_RG11SAV
                                     97 	.globl _g_RG10SAV
                                     98 	.globl _g_RG09SAV
                                     99 	.globl _g_RG08SAV
                                    100 	.globl _g_PROCNM
                                    101 	.globl _g_SLTWRK
                                    102 	.globl _g_SLTATR
                                    103 	.globl _g_SLTTBL
                                    104 	.globl _g_EXPTBL
                                    105 	.globl _g_MNROM
                                    106 	.globl _g_DRWANG
                                    107 	.globl _g_DRWSCL
                                    108 	.globl _g_DRWFLG
                                    109 	.globl _g_GYPOS
                                    110 	.globl _g_GXPOS
                                    111 	.globl _g_BRDATR
                                    112 	.globl _g_CASPRV
                                    113 	.globl _g_OLDSCR
                                    114 	.globl _g_SCRMOD
                                    115 	.globl _g_FLBMEM
                                    116 	.globl _g_KANAMD
                                    117 	.globl _g_KANAST
                                    118 	.globl _g_CAPST
                                    119 	.globl _g_CSTYLE
                                    120 	.globl _g_CSRSW
                                    121 	.globl _g_INSFLG
                                    122 	.globl _g_ESCCNT
                                    123 	.globl _g_GRPHED
                                    124 	.globl _g_WINWID
                                    125 	.globl _g_LOWLIM
                                    126 	.globl _g_INTCNT
                                    127 	.globl _g_INTVAL
                                    128 	.globl _g_JIFFY
                                    129 	.globl _g_PADX
                                    130 	.globl _g_PADY
                                    131 	.globl _g_INTFLG
                                    132 	.globl _g_RTYCNT
                                    133 	.globl _g_TRPTBL
                                    134 	.globl _g_HIMEM
                                    135 	.globl _g_BOTTOM
                                    136 	.globl _g_PATWRK
                                    137 	.globl _g_LINWRK
                                    138 	.globl _g_KEYBUF
                                    139 	.globl _g_NEWKEY
                                    140 	.globl _g_OLDKEY
                                    141 	.globl _g_CLIKFL
                                    142 	.globl _g_ONGSBF
                                    143 	.globl _g_FNKFLG
                                    144 	.globl _g_FNKSWI
                                    145 	.globl _g_CODSAV
                                    146 	.globl _g_FSTPOS
                                    147 	.globl _g_LINTTB
                                    148 	.globl _g_BASROM
                                    149 	.globl _g_ENSTOP
                                    150 	.globl _g_VCBC
                                    151 	.globl _g_VCBB
                                    152 	.globl _g_VCBA
                                    153 	.globl _g_PLYCNT
                                    154 	.globl _g_MUSICF
                                    155 	.globl _g_QUEUEN
                                    156 	.globl _g_MCLPTR
                                    157 	.globl _g_MCLLEN
                                    158 	.globl _g_SAVVOL
                                    159 	.globl _g_VOICEN
                                    160 	.globl _g_SAVSP
                                    161 	.globl _g_PRSCNT
                                    162 	.globl _g_LSTMOD
                                    163 	.globl _g_LSTCOM
                                    164 	.globl _g_COMMSK
                                    165 	.globl _g_ESTBLS
                                    166 	.globl _g_FLAGS
                                    167 	.globl _g_ERRORS
                                    168 	.globl _g_DATCNT
                                    169 	.globl _g_DEVNUM
                                    170 	.globl _g_OLDINT
                                    171 	.globl _g_OLDSTT
                                    172 	.globl _g_MEXBIh
                                    173 	.globl _g_RSIQLN
                                    174 	.globl _g_RSFCB
                                    175 	.globl _g_TOCNT
                                    176 	.globl _g_RSTMP
                                    177 	.globl _g_YSAVE
                                    178 	.globl _g_XSAVE
                                    179 	.globl _g_NORUSE
                                    180 	.globl _g_MODE
                                    181 	.globl _g_ROMA
                                    182 	.globl _g_CHRCNT
                                    183 	.globl _g_EXBRSA
                                    184 	.globl _g_AVCSAV
                                    185 	.globl _g_ACPAGE
                                    186 	.globl _g_DPPAGE
                                    187 	.globl _g_RS2IQ
                                    188 	.globl _g_VOICCQ
                                    189 	.globl _g_VOICBQ
                                    190 	.globl _g_VOICAQ
                                    191 	.globl _g_QUEBAK
                                    192 	.globl _g_QUETAB
                                    193 	.globl _g_ASPCT2
                                    194 	.globl _g_ASPCT1
                                    195 	.globl _g_HEADER
                                    196 	.globl _g_HIGH
                                    197 	.globl _g_LOW
                                    198 	.globl _g_CS240
                                    199 	.globl _g_CS120
                                    200 	.globl _g_GETPNT
                                    201 	.globl _g_PUTPNT
                                    202 	.globl _g_REPCNT
                                    203 	.globl _g_SCNCNT
                                    204 	.globl _g_FRCNEW
                                    205 	.globl _g_QUEUES
                                    206 	.globl _g_MINUPD
                                    207 	.globl _g_MAXUPD
                                    208 	.globl _g_TRGFLG
                                    209 	.globl _g_STATFL
                                    210 	.globl _g_RG7SAV
                                    211 	.globl _g_RG6SAV
                                    212 	.globl _g_RG5SAV
                                    213 	.globl _g_RG4SAV
                                    214 	.globl _g_RG3SAV
                                    215 	.globl _g_RG2SAV
                                    216 	.globl _g_RG1SAV
                                    217 	.globl _g_RG0SAV
                                    218 	.globl _g_CNSDFG
                                    219 	.globl _g_USRTAB
                                    220 	.globl _g_CLPRIM
                                    221 	.globl _g_WRPRIM
                                    222 	.globl _g_RDPRIM
                                    223 	.globl _PlayerAI_Movement
                                    224 ;--------------------------------------------------------
                                    225 ; special function registers
                                    226 ;--------------------------------------------------------
                         000000A8   227 _g_PortPrimarySlot	=	0x00a8
                         000000A9   228 _g_PortReadKeyboard	=	0x00a9
                         000000AA   229 _g_PortAccessKeyboard	=	0x00aa
                         000000AB   230 _g_PortControl	=	0x00ab
                         00000098   231 _g_VDP_DataPort	=	0x0098
                         00000099   232 _g_VDP_RegPort	=	0x0099
                         00000099   233 _g_VDP_AddrPort	=	0x0099
                         00000099   234 _g_VDP_StatPort	=	0x0099
                         0000009A   235 _g_VDP_PalPort	=	0x009a
                         0000009B   236 _g_VDP_IRegPort	=	0x009b
                         000000A0   237 _g_PSG_RegPort	=	0x00a0
                         000000A1   238 _g_PSG_DataPort	=	0x00a1
                         000000A2   239 _g_PSG_StatPort	=	0x00a2
                         00000010   240 _g_PSG_Ext_RegPort	=	0x0010
                         00000011   241 _g_PSG_Ext_DataPort	=	0x0011
                         00000012   242 _g_PSG_Ext_StatPort	=	0x0012
                         0000007C   243 _g_MSXMusic_IndexPort	=	0x007c
                         0000007D   244 _g_MSXMusic_DataPort	=	0x007d
                         000000C0   245 _g_MSXAudio_IndexPort	=	0x00c0
                         000000C1   246 _g_MSXAudio_DataPort	=	0x00c1
                         000000C2   247 _g_MSXAudio_IndexPort2	=	0x00c2
                         000000C3   248 _g_MSXAudio_DataPort2	=	0x00c3
                         000000B4   249 _g_RTC_AddrPort	=	0x00b4
                         000000B5   250 _g_RTC_DataPort	=	0x00b5
                                    251 ;--------------------------------------------------------
                                    252 ; ram data
                                    253 ;--------------------------------------------------------
                                    254 	.area _DATA
                         0000F3AE   255 _g_LINL40	=	0xf3ae
                         0000F3AF   256 _g_LINL32	=	0xf3af
                         0000F3B0   257 _g_LINLEN	=	0xf3b0
                         0000F3B1   258 _g_CRTCNT	=	0xf3b1
                         0000F3B2   259 _g_CLMLST	=	0xf3b2
                         0000F3B3   260 _g_TXTNAM	=	0xf3b3
                         0000F3B5   261 _g_TXTCOL	=	0xf3b5
                         0000F3B7   262 _g_TXTCGP	=	0xf3b7
                         0000F3B9   263 _g_TXTATR	=	0xf3b9
                         0000F3BB   264 _g_TXTPAT	=	0xf3bb
                         0000F3BD   265 _g_T32NAM	=	0xf3bd
                         0000F3BF   266 _g_T32COL	=	0xf3bf
                         0000F3C1   267 _g_T32CGP	=	0xf3c1
                         0000F3C3   268 _g_T32ATR	=	0xf3c3
                         0000F3C5   269 _g_T32PAT	=	0xf3c5
                         0000F3C7   270 _g_GRPNAM	=	0xf3c7
                         0000F3C9   271 _g_GRPCOL	=	0xf3c9
                         0000F3CB   272 _g_GRPCGP	=	0xf3cb
                         0000F3CD   273 _g_GRPATR	=	0xf3cd
                         0000F3CF   274 _g_GRPPAT	=	0xf3cf
                         0000F3D1   275 _g_MLTNAM	=	0xf3d1
                         0000F3D3   276 _g_MLTCOL	=	0xf3d3
                         0000F3D5   277 _g_MLTCGP	=	0xf3d5
                         0000F3D7   278 _g_MLTATR	=	0xf3d7
                         0000F3D9   279 _g_MLTPAT	=	0xf3d9
                         0000F3DB   280 _g_CLIKSW	=	0xf3db
                         0000F3DC   281 _g_CSRY	=	0xf3dc
                         0000F3DD   282 _g_CSRX	=	0xf3dd
                         0000F3E9   283 _g_FORCLR	=	0xf3e9
                         0000F3EA   284 _g_BAKCLR	=	0xf3ea
                         0000F3EB   285 _g_BDRCLR	=	0xf3eb
                         0000F3F2   286 _g_ATRBYT	=	0xf3f2
                         0000F87F   287 _g_FNKSTR	=	0xf87f
                         0000F92A   288 _g_CLOC	=	0xf92a
                         0000F92C   289 _g_CMASK	=	0xf92c
                         0000FB02   290 _g_LOGOPR	=	0xfb02
                         0000FCB7   291 _g_GRPACX	=	0xfcb7
                         0000FCB9   292 _g_GRPACY	=	0xfcb9
                         0000FFFF   293 _g_SLTSL	=	0xffff
                                    294 ;--------------------------------------------------------
                                    295 ; ram data
                                    296 ;--------------------------------------------------------
                                    297 	.area _INITIALIZED
    00000000                        298 _ai_last_dx:
    00000000                        299 	.ds 14
    0000000E                        300 _ai_last_dy:
    0000000E                        301 	.ds 14
                                    302 ;--------------------------------------------------------
                                    303 ; absolute external ram data
                                    304 ;--------------------------------------------------------
                                    305 	.area _DABS (ABS)
                                    306 ;--------------------------------------------------------
                                    307 ; global & static initialisations
                                    308 ;--------------------------------------------------------
                                    309 	.area _HOME
                                    310 	.area _GSINIT
                                    311 	.area _GSFINAL
                                    312 	.area _GSINIT
                                    313 ;--------------------------------------------------------
                                    314 ; Home
                                    315 ;--------------------------------------------------------
                                    316 	.area _HOME
                                    317 	.area _HOME
                                    318 ;--------------------------------------------------------
                                    319 ; code
                                    320 ;--------------------------------------------------------
                                    321 	.area _SEG21
                                    322 ;E:\Dropbox\FAUSTO\SVILUPPI\MSX\CODE\C\MSXgl\projects\soccerlgMSX2/soccerlg_s21_b3.c:13: void PlayerAI_Movement(u8 i) 
                                    323 ;	---------------------------------
                                    324 ; Function PlayerAI_Movement
                                    325 ; ---------------------------------
    00000000                        326 _PlayerAI_Movement::
    00000000 DD E5            [15]  327 	push	ix
    00000002 DD 21 00 00      [14]  328 	ld	ix,#0
    00000006 DD 39            [15]  329 	add	ix,sp
    00000008 21 DD FF         [10]  330 	ld	hl, #-35
    0000000B 39               [11]  331 	add	hl, sp
    0000000C F9               [ 6]  332 	ld	sp, hl
                                    333 ;E:\Dropbox\FAUSTO\SVILUPPI\MSX\CODE\C\MSXgl\projects\soccerlgMSX2/soccerlg_s21_b3.c:15: struct ObjectInfo* Ball = &SwSprite[14];
                                    334 ;E:\Dropbox\FAUSTO\SVILUPPI\MSX\CODE\C\MSXgl\projects\soccerlgMSX2/soccerlg_s21_b3.c:16: struct ObjectInfo* Player = &SwSprite[i];
    0000000D DD 77 FF         [19]  335 	ld	-1 (ix), a
    00000010 4F               [ 4]  336 	ld	c, a
    00000011 06 00            [ 7]  337 	ld	b, #0x00
    00000013 69               [ 4]  338 	ld	l, c
    00000014 60               [ 4]  339 	ld	h, b
    00000015 29               [11]  340 	add	hl, hl
    00000016 29               [11]  341 	add	hl, hl
    00000017 09               [11]  342 	add	hl, bc
    00000018 29               [11]  343 	add	hl, hl
    00000019 09               [11]  344 	add	hl, bc
    0000001A 29               [11]  345 	add	hl, hl
    0000001B 09               [11]  346 	add	hl, bc
    0000001C DD 75 FB         [19]  347 	ld	-5 (ix), l
    0000001F DD 74 FC         [19]  348 	ld	-4 (ix), h
    00000022 3Er00            [ 7]  349 	ld	a, #<(_SwSprite)
    00000024 DD 86 FB         [19]  350 	add	a, -5 (ix)
    00000027 DD 77 FD         [19]  351 	ld	-3 (ix), a
    0000002A 3Es00            [ 7]  352 	ld	a, #>(_SwSprite)
    0000002C DD 8E FC         [19]  353 	adc	a, -4 (ix)
    0000002F DD 77 FE         [19]  354 	ld	-2 (ix), a
    00000032 DD 7E FD         [19]  355 	ld	a, -3 (ix)
    00000035 DD 77 E1         [19]  356 	ld	-31 (ix), a
    00000038 DD 7E FE         [19]  357 	ld	a, -2 (ix)
    0000003B DD 77 E2         [19]  358 	ld	-30 (ix), a
                                    359 ;E:\Dropbox\FAUSTO\SVILUPPI\MSX\CODE\C\MSXgl\projects\soccerlgMSX2/soccerlg_s21_b3.c:17: u8 team = (i < 7) ? TEAM_1 : TEAM_2;
    0000003E DD 7E FF         [19]  360 	ld	a, -1 (ix)
    00000041 D6 07            [ 7]  361 	sub	a, #0x07
    00000043 30 06            [12]  362 	jr	NC, 00423$
    00000045 01 00 00         [10]  363 	ld	bc, #0x0000
    00000048 C3r4Er00         [10]  364 	jp	00424$
    0000004B                        365 00423$:
    0000004B 01 01 00         [10]  366 	ld	bc, #0x0001
    0000004E                        367 00424$:
                                    368 ;E:\Dropbox\FAUSTO\SVILUPPI\MSX\CODE\C\MSXgl\projects\soccerlgMSX2/soccerlg_s21_b3.c:22: u8 role = (team == TEAM_1) ? i : (i - 7); // 1,2: Dif, 3,4: Cen, 5,6: Att
    0000004E DD 71 E3         [19]  369 	ld	-29 (ix), c
    00000051 79               [ 4]  370 	ld	a, c
    00000052 B7               [ 4]  371 	or	a, a
    00000053 20 06            [12]  372 	jr	NZ, 00425$
    00000055 DD 7E FF         [19]  373 	ld	a, -1 (ix)
    00000058 C3r60r00         [10]  374 	jp	00426$
    0000005B                        375 00425$:
    0000005B DD 7E FF         [19]  376 	ld	a, -1 (ix)
    0000005E C6 F9            [ 7]  377 	add	a, #0xf9
    00000060                        378 00426$:
    00000060 DD 77 FE         [19]  379 	ld	-2 (ix), a
                                    380 ;E:\Dropbox\FAUSTO\SVILUPPI\MSX\CODE\C\MSXgl\projects\soccerlgMSX2/soccerlg_s21_b3.c:25: u8 closest_mate = (team == TEAM_1) ? g_closest_t1 : g_closest_t2;
    00000063 DD 7E E3         [19]  381 	ld	a, -29 (ix)
    00000066 B7               [ 4]  382 	or	a, a
    00000067 20 06            [12]  383 	jr	NZ, 00427$
    00000069 3Ar00r00         [13]  384 	ld	a, (_g_closest_t1+0)
    0000006C C3r72r00         [10]  385 	jp	00428$
    0000006F                        386 00427$:
    0000006F 3Ar00r00         [13]  387 	ld	a, (_g_closest_t2+0)
    00000072                        388 00428$:
    00000072 DD 77 E4         [19]  389 	ld	-28 (ix), a
                                    390 ;E:\Dropbox\FAUSTO\SVILUPPI\MSX\CODE\C\MSXgl\projects\soccerlgMSX2/soccerlg_s21_b3.c:28: u16 b_dist_x = (Player->lx > Ball->lx) ? (Player->lx - Ball->lx) : (Ball->lx - Player->lx);
    00000075 DD 6E E1         [19]  391 	ld	l, -31 (ix)
    00000078 DD 66 E2         [19]  392 	ld	h, -30 (ix)
    0000007B 5E               [ 7]  393 	ld	e, (hl)
    0000007C 3Ar42r01         [13]  394 	ld	a, (#(_SwSprite + 322) + 0)
    0000007F DD 77 E5         [19]  395 	ld	-27 (ix), a
    00000082 4B               [ 4]  396 	ld	c, e
    00000083 06 00            [ 7]  397 	ld	b, #0x00
    00000085 DD 7E E5         [19]  398 	ld	a, -27 (ix)
    00000088 DD 77 E6         [19]  399 	ld	-26 (ix), a
    0000008B DD 36 E7 00      [19]  400 	ld	-25 (ix), #0x00
    0000008F DD 7E E5         [19]  401 	ld	a, -27 (ix)
    00000092 93               [ 4]  402 	sub	a, e
    00000093 30 0C            [12]  403 	jr	NC, 00429$
    00000095 79               [ 4]  404 	ld	a, c
    00000096 DD 96 E6         [19]  405 	sub	a, -26 (ix)
    00000099 4F               [ 4]  406 	ld	c, a
    0000009A 78               [ 4]  407 	ld	a, b
    0000009B DD 9E E7         [19]  408 	sbc	a, -25 (ix)
    0000009E C3rAAr00         [10]  409 	jp	00430$
    000000A1                        410 00429$:
    000000A1 DD 7E E6         [19]  411 	ld	a, -26 (ix)
    000000A4 91               [ 4]  412 	sub	a, c
    000000A5 4F               [ 4]  413 	ld	c, a
    000000A6 DD 7E E7         [19]  414 	ld	a, -25 (ix)
    000000A9 98               [ 4]  415 	sbc	a, b
    000000AA                        416 00430$:
    000000AA DD 71 E8         [19]  417 	ld	-24 (ix), c
    000000AD DD 77 E9         [19]  418 	ld	-23 (ix), a
                                    419 ;E:\Dropbox\FAUSTO\SVILUPPI\MSX\CODE\C\MSXgl\projects\soccerlgMSX2/soccerlg_s21_b3.c:29: u16 b_dist_y = (Player->ly > Ball->ly) ? (Player->ly - Ball->ly) : (Ball->ly - Player->ly);
    000000B0 DD 7E E1         [19]  420 	ld	a, -31 (ix)
    000000B3 C6 04            [ 7]  421 	add	a, #0x04
    000000B5 DD 77 EA         [19]  422 	ld	-22 (ix), a
    000000B8 DD 7E E2         [19]  423 	ld	a, -30 (ix)
    000000BB CE 00            [ 7]  424 	adc	a, #0x00
    000000BD DD 77 EB         [19]  425 	ld	-21 (ix), a
    000000C0 DD 6E EA         [19]  426 	ld	l, -22 (ix)
    000000C3 DD 66 EB         [19]  427 	ld	h, -21 (ix)
    000000C6 7E               [ 7]  428 	ld	a, (hl)
    000000C7 DD 77 EC         [19]  429 	ld	-20 (ix), a
    000000CA 23               [ 6]  430 	inc	hl
    000000CB 7E               [ 7]  431 	ld	a, (hl)
    000000CC DD 77 ED         [19]  432 	ld	-19 (ix), a
    000000CF 21r46r01         [10]  433 	ld	hl, #(_SwSprite + 326)
    000000D2 7E               [ 7]  434 	ld	a, (hl)
    000000D3 DD 77 EE         [19]  435 	ld	-18 (ix), a
    000000D6 23               [ 6]  436 	inc	hl
    000000D7 7E               [ 7]  437 	ld	a, (hl)
    000000D8 DD 77 EF         [19]  438 	ld	-17 (ix), a
    000000DB DD 7E EE         [19]  439 	ld	a, -18 (ix)
    000000DE DD 96 EC         [19]  440 	sub	a, -20 (ix)
    000000E1 DD 7E EF         [19]  441 	ld	a, -17 (ix)
    000000E4 DD 9E ED         [19]  442 	sbc	a, -19 (ix)
    000000E7 30 10            [12]  443 	jr	NC, 00431$
    000000E9 DD 7E EC         [19]  444 	ld	a, -20 (ix)
    000000EC DD 96 EE         [19]  445 	sub	a, -18 (ix)
    000000EF 5F               [ 4]  446 	ld	e, a
    000000F0 DD 7E ED         [19]  447 	ld	a, -19 (ix)
    000000F3 DD 9E EF         [19]  448 	sbc	a, -17 (ix)
    000000F6 C3r06r01         [10]  449 	jp	00432$
    000000F9                        450 00431$:
    000000F9 DD 7E EE         [19]  451 	ld	a, -18 (ix)
    000000FC DD 96 EC         [19]  452 	sub	a, -20 (ix)
    000000FF 5F               [ 4]  453 	ld	e, a
    00000100 DD 7E EF         [19]  454 	ld	a, -17 (ix)
    00000103 DD 9E ED         [19]  455 	sbc	a, -19 (ix)
    00000106                        456 00432$:
    00000106 DD 73 F0         [19]  457 	ld	-16 (ix), e
    00000109 DD 77 F1         [19]  458 	ld	-15 (ix), a
                                    459 ;E:\Dropbox\FAUSTO\SVILUPPI\MSX\CODE\C\MSXgl\projects\soccerlgMSX2/soccerlg_s21_b3.c:33: bool ball_free_nearby = (!g_is_ball_carried && b_dist_x <= 48 && b_dist_y <= 48);
    0000010C 3Ar00r00         [13]  460 	ld	a, (_g_is_ball_carried+0)
    0000010F B7               [ 4]  461 	or	a, a
    00000110 20 1C            [12]  462 	jr	NZ, 00433$
    00000112 DD 4E E8         [19]  463 	ld	c, -24 (ix)
    00000115 DD 46 E9         [19]  464 	ld	b, -23 (ix)
    00000118 3E 30            [ 7]  465 	ld	a, #0x30
    0000011A B9               [ 4]  466 	cp	a, c
    0000011B 3E 00            [ 7]  467 	ld	a, #0x00
    0000011D 98               [ 4]  468 	sbc	a, b
    0000011E 38 0E            [12]  469 	jr	C, 00433$
    00000120 DD 4E F0         [19]  470 	ld	c, -16 (ix)
    00000123 DD 46 F1         [19]  471 	ld	b, -15 (ix)
    00000126 3E 30            [ 7]  472 	ld	a, #0x30
    00000128 B9               [ 4]  473 	cp	a, c
    00000129 3E 00            [ 7]  474 	ld	a, #0x00
    0000012B 98               [ 4]  475 	sbc	a, b
    0000012C 30 04            [12]  476 	jr	NC, 00434$
    0000012E                        477 00433$:
    0000012E AF               [ 4]  478 	xor	a, a
    0000012F C3r34r01         [10]  479 	jp	00435$
    00000132                        480 00434$:
    00000132 3E 01            [ 7]  481 	ld	a, #0x01
    00000134                        482 00435$:
    00000134 DD 77 F2         [19]  483 	ld	-14 (ix), a
                                    484 ;E:\Dropbox\FAUSTO\SVILUPPI\MSX\CODE\C\MSXgl\projects\soccerlgMSX2/soccerlg_s21_b3.c:34: if (Ball->anim == 5 && LastTouchTeam == team) ball_free_nearby = FALSE; // Non disturbare i propri passaggi
    00000137 2Ar55r01         [16]  485 	ld	hl, (#(_SwSprite + 341) + 0)
    0000013A DD 75 F3         [19]  486 	ld	-13 (ix), l
    0000013D DD 74 F4         [19]  487 	ld	-12 (ix), h
    00000140 DD 7E F3         [19]  488 	ld	a, -13 (ix)
    00000143 D6 05            [ 7]  489 	sub	a, #0x05
    00000145 DD B6 F4         [19]  490 	or	a, -12 (ix)
    00000148 20 0C            [12]  491 	jr	NZ, 00102$
    0000014A 3Ar00r00         [13]  492 	ld	a, (_LastTouchTeam+0)
    0000014D DD 96 E3         [19]  493 	sub	a, -29 (ix)
    00000150 20 04            [12]  494 	jr	NZ, 00102$
    00000152 DD 36 F2 00      [19]  495 	ld	-14 (ix), #0x00
    00000156                        496 00102$:
                                    497 ;E:\Dropbox\FAUSTO\SVILUPPI\MSX\CODE\C\MSXgl\projects\soccerlgMSX2/soccerlg_s21_b3.c:35: if (ball_free_nearby) {
    00000156 DD 7E F2         [19]  498 	ld	a, -14 (ix)
    00000159 B7               [ 4]  499 	or	a, a
    0000015A 28 19            [12]  500 	jr	Z, 00219$
                                    501 ;E:\Dropbox\FAUSTO\SVILUPPI\MSX\CODE\C\MSXgl\projects\soccerlgMSX2/soccerlg_s21_b3.c:36: target_x = Ball->lx;
    0000015C DD 7E E5         [19]  502 	ld	a, -27 (ix)
    0000015F DD 77 FA         [19]  503 	ld	-6 (ix), a
    00000162 DD 36 FB 00      [19]  504 	ld	-5 (ix), #0x00
                                    505 ;E:\Dropbox\FAUSTO\SVILUPPI\MSX\CODE\C\MSXgl\projects\soccerlgMSX2/soccerlg_s21_b3.c:37: target_y = Ball->ly;
    00000166 DD 7E EE         [19]  506 	ld	a, -18 (ix)
    00000169 DD 4E EF         [19]  507 	ld	c, -17 (ix)
    0000016C DD 77 FC         [19]  508 	ld	-4 (ix), a
    0000016F DD 71 FD         [19]  509 	ld	-3 (ix), c
    00000172 C3rADr0A         [10]  510 	jp	00220$
    00000175                        511 00219$:
                                    512 ;E:\Dropbox\FAUSTO\SVILUPPI\MSX\CODE\C\MSXgl\projects\soccerlgMSX2/soccerlg_s21_b3.c:34: if (Ball->anim == 5 && LastTouchTeam == team) ball_free_nearby = FALSE; // Non disturbare i propri passaggi
    00000175 3Ar00r00         [13]  513 	ld	a, (_LastTouchTeam+0)
    00000178 DD 96 E3         [19]  514 	sub	a, -29 (ix)
    0000017B 3E 01            [ 7]  515 	ld	a, #0x01
    0000017D 28 01            [12]  516 	jr	Z, 01804$
    0000017F AF               [ 4]  517 	xor	a, a
    00000180                        518 01804$:
                                    519 ;E:\Dropbox\FAUSTO\SVILUPPI\MSX\CODE\C\MSXgl\projects\soccerlgMSX2/soccerlg_s21_b3.c:39: if (LastTouchTeam == team) {
    00000180 DD 77 FD         [19]  520 	ld	-3 (ix), a
    00000183 B7               [ 4]  521 	or	a, a
    00000184 CAr65r06         [10]  522 	jp	Z, 00216$
                                    523 ;E:\Dropbox\FAUSTO\SVILUPPI\MSX\CODE\C\MSXgl\projects\soccerlgMSX2/soccerlg_s21_b3.c:41: u8 run_dist = g_ActiveStats[team].aggro_attack * 10; 
    00000187 01r00r00         [10]  524 	ld	bc, #_g_ActiveStats+0
    0000018A DD 5E E3         [19]  525 	ld	e, -29 (ix)
    0000018D 16 00            [ 7]  526 	ld	d, #0x00
    0000018F 6B               [ 4]  527 	ld	l, e
    00000190 62               [ 4]  528 	ld	h, d
    00000191 29               [11]  529 	add	hl, hl
    00000192 19               [11]  530 	add	hl, de
    00000193 29               [11]  531 	add	hl, hl
    00000194 19               [11]  532 	add	hl, de
    00000195 09               [11]  533 	add	hl, bc
    00000196 11 05 00         [10]  534 	ld	de, #0x0005
    00000199 19               [11]  535 	add	hl, de
    0000019A 7E               [ 7]  536 	ld	a, (hl)
    0000019B 4F               [ 4]  537 	ld	c, a
    0000019C 87               [ 4]  538 	add	a, a
    0000019D 87               [ 4]  539 	add	a, a
    0000019E 81               [ 4]  540 	add	a, c
    0000019F 87               [ 4]  541 	add	a, a
    000001A0 DD 77 FD         [19]  542 	ld	-3 (ix), a
                                    543 ;E:\Dropbox\FAUSTO\SVILUPPI\MSX\CODE\C\MSXgl\projects\soccerlgMSX2/soccerlg_s21_b3.c:46: if (team == TEAM_1) {
    000001A3 DD 7E E3         [19]  544 	ld	a, -29 (ix)
    000001A6 B7               [ 4]  545 	or	a, a
    000001A7 20 59            [12]  546 	jr	NZ, 00109$
                                    547 ;E:\Dropbox\FAUSTO\SVILUPPI\MSX\CODE\C\MSXgl\projects\soccerlgMSX2/soccerlg_s21_b3.c:47: offside_line = (SwSprite[8].ly > SwSprite[9].ly) ? SwSprite[8].ly : SwSprite[9].ly;
    000001A9 21rBCr00         [10]  548 	ld	hl, #_SwSprite + 188
    000001AC 7E               [ 7]  549 	ld	a, (hl)
    000001AD DD 77 F8         [19]  550 	ld	-8 (ix), a
    000001B0 23               [ 6]  551 	inc	hl
    000001B1 7E               [ 7]  552 	ld	a, (hl)
    000001B2 DD 77 F9         [19]  553 	ld	-7 (ix), a
    000001B5 21rD3r00         [10]  554 	ld	hl, #_SwSprite + 211
    000001B8 7E               [ 7]  555 	ld	a, (hl)
    000001B9 DD 77 FB         [19]  556 	ld	-5 (ix), a
    000001BC 23               [ 6]  557 	inc	hl
    000001BD 7E               [ 7]  558 	ld	a, (hl)
    000001BE DD 77 FC         [19]  559 	ld	-4 (ix), a
    000001C1 DD 7E FB         [19]  560 	ld	a, -5 (ix)
    000001C4 DD 96 F8         [19]  561 	sub	a, -8 (ix)
    000001C7 DD 7E FC         [19]  562 	ld	a, -4 (ix)
    000001CA DD 9E F9         [19]  563 	sbc	a, -7 (ix)
    000001CD 30 0C            [12]  564 	jr	NC, 00439$
    000001CF DD 7E F8         [19]  565 	ld	a, -8 (ix)
    000001D2 DD 77 FB         [19]  566 	ld	-5 (ix), a
    000001D5 DD 7E F9         [19]  567 	ld	a, -7 (ix)
    000001D8 DD 77 FC         [19]  568 	ld	-4 (ix), a
    000001DB                        569 00439$:
    000001DB DD 7E FB         [19]  570 	ld	a, -5 (ix)
    000001DE DD 77 F8         [19]  571 	ld	-8 (ix), a
    000001E1 DD 7E FC         [19]  572 	ld	a, -4 (ix)
    000001E4 DD 77 F9         [19]  573 	ld	-7 (ix), a
                                    574 ;E:\Dropbox\FAUSTO\SVILUPPI\MSX\CODE\C\MSXgl\projects\soccerlgMSX2/soccerlg_s21_b3.c:48: if (offside_line < 256) offside_line = 256; // Il fuorigioco esiste solo nella metà campo offensiva
    000001E7 DD 7E F8         [19]  575 	ld	a, -8 (ix)
    000001EA DD 77 FB         [19]  576 	ld	-5 (ix), a
    000001ED DD 7E F9         [19]  577 	ld	a, -7 (ix)
    000001F0 DD 77 FC         [19]  578 	ld	-4 (ix), a
    000001F3 D6 01            [ 7]  579 	sub	a, #0x01
    000001F5 30 32            [12]  580 	jr	NC, 00110$
    000001F7 DD 36 F8 00      [19]  581 	ld	-8 (ix), #0x00
    000001FB DD 36 F9 01      [19]  582 	ld	-7 (ix), #0x01
    000001FF C3r29r02         [10]  583 	jp	00110$
    00000202                        584 00109$:
                                    585 ;E:\Dropbox\FAUSTO\SVILUPPI\MSX\CODE\C\MSXgl\projects\soccerlgMSX2/soccerlg_s21_b3.c:50: offside_line = (SwSprite[1].ly < SwSprite[2].ly) ? SwSprite[1].ly : SwSprite[2].ly;
    00000202 ED 4Br1Br00      [20]  586 	ld	bc, (#_SwSprite + 27)
    00000206 ED 5Br32r00      [20]  587 	ld	de, (#_SwSprite + 50)
    0000020A 79               [ 4]  588 	ld	a, c
    0000020B 93               [ 4]  589 	sub	a, e
    0000020C 78               [ 4]  590 	ld	a, b
    0000020D 9A               [ 4]  591 	sbc	a, d
    0000020E 30 02            [12]  592 	jr	NC, 00441$
    00000210 59               [ 4]  593 	ld	e, c
    00000211 50               [ 4]  594 	ld	d, b
    00000212                        595 00441$:
                                    596 ;E:\Dropbox\FAUSTO\SVILUPPI\MSX\CODE\C\MSXgl\projects\soccerlgMSX2/soccerlg_s21_b3.c:51: if (offside_line > 256) offside_line = 256;
    00000212 DD 73 F8         [19]  597 	ld	-8 (ix), e
    00000215 DD 72 F9         [19]  598 	ld	-7 (ix), d
    00000218 4B               [ 4]  599 	ld	c, e
    00000219 42               [ 4]  600 	ld	b, d
    0000021A AF               [ 4]  601 	xor	a, a
    0000021B B9               [ 4]  602 	cp	a, c
    0000021C 3E 01            [ 7]  603 	ld	a, #0x01
    0000021E 98               [ 4]  604 	sbc	a, b
    0000021F 30 08            [12]  605 	jr	NC, 00110$
    00000221 DD 36 F8 00      [19]  606 	ld	-8 (ix), #0x00
    00000225 DD 36 F9 01      [19]  607 	ld	-7 (ix), #0x01
    00000229                        608 00110$:
                                    609 ;E:\Dropbox\FAUSTO\SVILUPPI\MSX\CODE\C\MSXgl\projects\soccerlgMSX2/soccerlg_s21_b3.c:54: if (role >= 5) { // Attaccanti (Ali)
    00000229 DD 7E FE         [19]  610 	ld	a, -2 (ix)
    0000022C D6 05            [ 7]  611 	sub	a, #0x05
    0000022E DArE5r02         [10]  612 	jp	C, 00124$
                                    613 ;E:\Dropbox\FAUSTO\SVILUPPI\MSX\CODE\C\MSXgl\projects\soccerlgMSX2/soccerlg_s21_b3.c:55: target_y = Ball->ly + ((team == TEAM_1) ? (60 + run_dist) : -(60 + run_dist));
    00000231 DD 7E EE         [19]  614 	ld	a, -18 (ix)
    00000234 DD 77 FA         [19]  615 	ld	-6 (ix), a
    00000237 DD 7E EF         [19]  616 	ld	a, -17 (ix)
    0000023A DD 77 FB         [19]  617 	ld	-5 (ix), a
    0000023D DD 7E FD         [19]  618 	ld	a, -3 (ix)
    00000240 DD 77 FC         [19]  619 	ld	-4 (ix), a
    00000243 DD 36 FD 00      [19]  620 	ld	-3 (ix), #0x00
    00000247 DD 7E FC         [19]  621 	ld	a, -4 (ix)
    0000024A C6 3C            [ 7]  622 	add	a, #0x3c
    0000024C DD 77 F6         [19]  623 	ld	-10 (ix), a
    0000024F DD 7E FD         [19]  624 	ld	a, -3 (ix)
    00000252 CE 00            [ 7]  625 	adc	a, #0x00
    00000254 DD 77 F7         [19]  626 	ld	-9 (ix), a
    00000257 DD 7E E3         [19]  627 	ld	a, -29 (ix)
    0000025A B7               [ 4]  628 	or	a, a
    0000025B 20 0F            [12]  629 	jr	NZ, 00443$
    0000025D DD 7E F6         [19]  630 	ld	a, -10 (ix)
    00000260 DD 77 FC         [19]  631 	ld	-4 (ix), a
    00000263 DD 7E F7         [19]  632 	ld	a, -9 (ix)
    00000266 DD 77 FD         [19]  633 	ld	-3 (ix), a
    00000269 C3r7Ar02         [10]  634 	jp	00444$
    0000026C                        635 00443$:
    0000026C AF               [ 4]  636 	xor	a, a
    0000026D DD 96 F6         [19]  637 	sub	a, -10 (ix)
    00000270 DD 77 FC         [19]  638 	ld	-4 (ix), a
    00000273 9F               [ 4]  639 	sbc	a, a
    00000274 DD 96 F7         [19]  640 	sub	a, -9 (ix)
    00000277 DD 77 FD         [19]  641 	ld	-3 (ix), a
    0000027A                        642 00444$:
    0000027A DD 7E FA         [19]  643 	ld	a, -6 (ix)
    0000027D DD 77 F6         [19]  644 	ld	-10 (ix), a
    00000280 DD 7E FB         [19]  645 	ld	a, -5 (ix)
    00000283 DD 77 F7         [19]  646 	ld	-9 (ix), a
    00000286 DD 7E FC         [19]  647 	ld	a, -4 (ix)
    00000289 DD 77 FA         [19]  648 	ld	-6 (ix), a
    0000028C DD 7E FD         [19]  649 	ld	a, -3 (ix)
    0000028F DD 77 FB         [19]  650 	ld	-5 (ix), a
    00000292 DD 7E FA         [19]  651 	ld	a, -6 (ix)
    00000295 DD 86 F6         [19]  652 	add	a, -10 (ix)
    00000298 DD 77 FC         [19]  653 	ld	-4 (ix), a
    0000029B DD 7E FB         [19]  654 	ld	a, -5 (ix)
    0000029E DD 8E F7         [19]  655 	adc	a, -9 (ix)
    000002A1 DD 77 FD         [19]  656 	ld	-3 (ix), a
                                    657 ;E:\Dropbox\FAUSTO\SVILUPPI\MSX\CODE\C\MSXgl\projects\soccerlgMSX2/soccerlg_s21_b3.c:57: if (role == 5) {
    000002A4 DD 7E FE         [19]  658 	ld	a, -2 (ix)
    000002A7 D6 05            [ 7]  659 	sub	a, #0x05
    000002A9 20 1D            [12]  660 	jr	NZ, 00112$
                                    661 ;E:\Dropbox\FAUSTO\SVILUPPI\MSX\CODE\C\MSXgl\projects\soccerlgMSX2/soccerlg_s21_b3.c:58: target_x = (Ball->lx > 180) ? 100 : 36; // Ala Sx (si accentra solo se palla a estrema dx)
    000002AB 3E B4            [ 7]  662 	ld	a, #0xb4
    000002AD DD 96 E5         [19]  663 	sub	a, -27 (ix)
    000002B0 30 0B            [12]  664 	jr	NC, 00445$
    000002B2 DD 36 FA 64      [19]  665 	ld	-6 (ix), #0x64
    000002B6 DD 36 FB 00      [19]  666 	ld	-5 (ix), #0
    000002BA C3rD8r03         [10]  667 	jp	00125$
    000002BD                        668 00445$:
    000002BD DD 36 FA 24      [19]  669 	ld	-6 (ix), #0x24
    000002C1 DD 36 FB 00      [19]  670 	ld	-5 (ix), #0
    000002C5 C3rD8r03         [10]  671 	jp	00125$
    000002C8                        672 00112$:
                                    673 ;E:\Dropbox\FAUSTO\SVILUPPI\MSX\CODE\C\MSXgl\projects\soccerlgMSX2/soccerlg_s21_b3.c:60: target_x = (Ball->lx < 76) ? 156 : 220; // Ala Dx (si accentra solo se palla a estrema sx)
    000002C8 DD 7E E5         [19]  674 	ld	a, -27 (ix)
    000002CB D6 4C            [ 7]  675 	sub	a, #0x4c
    000002CD 30 0B            [12]  676 	jr	NC, 00447$
    000002CF DD 36 FA 9C      [19]  677 	ld	-6 (ix), #0x9c
    000002D3 DD 36 FB 00      [19]  678 	ld	-5 (ix), #0
    000002D7 C3rD8r03         [10]  679 	jp	00125$
    000002DA                        680 00447$:
    000002DA DD 36 FA DC      [19]  681 	ld	-6 (ix), #0xdc
    000002DE DD 36 FB 00      [19]  682 	ld	-5 (ix), #0
    000002E2 C3rD8r03         [10]  683 	jp	00125$
    000002E5                        684 00124$:
                                    685 ;E:\Dropbox\FAUSTO\SVILUPPI\MSX\CODE\C\MSXgl\projects\soccerlgMSX2/soccerlg_s21_b3.c:62: } else if (role >= 3) { // Centrocampisti a supporto
    000002E5 DD 7E FE         [19]  686 	ld	a, -2 (ix)
    000002E8 D6 03            [ 7]  687 	sub	a, #0x03
    000002EA 38 68            [12]  688 	jr	C, 00121$
                                    689 ;E:\Dropbox\FAUSTO\SVILUPPI\MSX\CODE\C\MSXgl\projects\soccerlgMSX2/soccerlg_s21_b3.c:63: target_y = Ball->ly + ((team == TEAM_1) ? 24 : -24);
    000002EC DD 7E EE         [19]  690 	ld	a, -18 (ix)
    000002EF DD 77 FA         [19]  691 	ld	-6 (ix), a
    000002F2 DD 7E EF         [19]  692 	ld	a, -17 (ix)
    000002F5 DD 77 FB         [19]  693 	ld	-5 (ix), a
    000002F8 DD 7E E3         [19]  694 	ld	a, -29 (ix)
    000002FB B7               [ 4]  695 	or	a, a
    000002FC 20 0B            [12]  696 	jr	NZ, 00449$
    000002FE DD 36 FC 18      [19]  697 	ld	-4 (ix), #0x18
    00000302 DD 36 FD 00      [19]  698 	ld	-3 (ix), #0
    00000306 C3r11r03         [10]  699 	jp	00450$
    00000309                        700 00449$:
    00000309 DD 36 FC E8      [19]  701 	ld	-4 (ix), #0xe8
    0000030D DD 36 FD FF      [19]  702 	ld	-3 (ix), #0xff
    00000311                        703 00450$:
    00000311 DD 7E FA         [19]  704 	ld	a, -6 (ix)
    00000314 DD 77 F6         [19]  705 	ld	-10 (ix), a
    00000317 DD 7E FB         [19]  706 	ld	a, -5 (ix)
    0000031A DD 77 F7         [19]  707 	ld	-9 (ix), a
    0000031D DD 7E FC         [19]  708 	ld	a, -4 (ix)
    00000320 DD 77 FA         [19]  709 	ld	-6 (ix), a
    00000323 DD 7E FD         [19]  710 	ld	a, -3 (ix)
    00000326 DD 77 FB         [19]  711 	ld	-5 (ix), a
    00000329 DD 7E FA         [19]  712 	ld	a, -6 (ix)
    0000032C DD 86 F6         [19]  713 	add	a, -10 (ix)
    0000032F DD 77 FC         [19]  714 	ld	-4 (ix), a
    00000332 DD 7E FB         [19]  715 	ld	a, -5 (ix)
    00000335 DD 8E F7         [19]  716 	adc	a, -9 (ix)
    00000338 DD 77 FD         [19]  717 	ld	-3 (ix), a
                                    718 ;E:\Dropbox\FAUSTO\SVILUPPI\MSX\CODE\C\MSXgl\projects\soccerlgMSX2/soccerlg_s21_b3.c:64: target_x = (role == 3) ? 64 : 192; // Più larghi per coprire le fasce
    0000033B DD 7E FE         [19]  719 	ld	a, -2 (ix)
    0000033E D6 03            [ 7]  720 	sub	a, #0x03
    00000340 20 06            [12]  721 	jr	NZ, 00451$
    00000342 11 40 00         [10]  722 	ld	de, #0x0040
    00000345 C3r4Br03         [10]  723 	jp	00452$
    00000348                        724 00451$:
    00000348 11 C0 00         [10]  725 	ld	de, #0x00c0
    0000034B                        726 00452$:
    0000034B DD 73 FA         [19]  727 	ld	-6 (ix), e
    0000034E DD 72 FB         [19]  728 	ld	-5 (ix), d
    00000351 C3rD8r03         [10]  729 	jp	00125$
    00000354                        730 00121$:
                                    731 ;E:\Dropbox\FAUSTO\SVILUPPI\MSX\CODE\C\MSXgl\projects\soccerlgMSX2/soccerlg_s21_b3.c:66: target_y = Ball->ly + ((team == TEAM_1) ? -64 : 64);
    00000354 DD 7E EE         [19]  732 	ld	a, -18 (ix)
    00000357 DD 77 FA         [19]  733 	ld	-6 (ix), a
    0000035A DD 7E EF         [19]  734 	ld	a, -17 (ix)
    0000035D DD 77 FB         [19]  735 	ld	-5 (ix), a
    00000360 DD 7E E3         [19]  736 	ld	a, -29 (ix)
    00000363 B7               [ 4]  737 	or	a, a
    00000364 20 0B            [12]  738 	jr	NZ, 00453$
    00000366 DD 36 FC C0      [19]  739 	ld	-4 (ix), #0xc0
    0000036A DD 36 FD FF      [19]  740 	ld	-3 (ix), #0xff
    0000036E C3r79r03         [10]  741 	jp	00454$
    00000371                        742 00453$:
    00000371 DD 36 FC 40      [19]  743 	ld	-4 (ix), #0x40
    00000375 DD 36 FD 00      [19]  744 	ld	-3 (ix), #0
    00000379                        745 00454$:
    00000379 DD 4E FA         [19]  746 	ld	c, -6 (ix)
    0000037C DD 46 FB         [19]  747 	ld	b, -5 (ix)
    0000037F DD 6E FC         [19]  748 	ld	l, -4 (ix)
                                    749 ;	spillPairReg hl
                                    750 ;	spillPairReg hl
    00000382 DD 66 FD         [19]  751 	ld	h, -3 (ix)
                                    752 ;	spillPairReg hl
                                    753 ;	spillPairReg hl
    00000385 09               [11]  754 	add	hl, bc
    00000386 DD 75 FC         [19]  755 	ld	-4 (ix), l
    00000389 DD 74 FD         [19]  756 	ld	-3 (ix), h
                                    757 ;E:\Dropbox\FAUSTO\SVILUPPI\MSX\CODE\C\MSXgl\projects\soccerlgMSX2/soccerlg_s21_b3.c:67: target_x = (role == 1) ? 80 : 144;
    0000038C DD 7E FE         [19]  758 	ld	a, -2 (ix)
    0000038F 3D               [ 4]  759 	dec	a
    00000390 20 06            [12]  760 	jr	NZ, 00455$
    00000392 01 50 00         [10]  761 	ld	bc, #0x0050
    00000395 C3r9Br03         [10]  762 	jp	00456$
    00000398                        763 00455$:
    00000398 01 90 00         [10]  764 	ld	bc, #0x0090
    0000039B                        765 00456$:
    0000039B DD 71 FA         [19]  766 	ld	-6 (ix), c
    0000039E DD 70 FB         [19]  767 	ld	-5 (ix), b
                                    768 ;E:\Dropbox\FAUSTO\SVILUPPI\MSX\CODE\C\MSXgl\projects\soccerlgMSX2/soccerlg_s21_b3.c:69: if (team == TEAM_1 && target_y > 192) target_y = 192;
    000003A1 DD 7E E3         [19]  769 	ld	a, -29 (ix)
    000003A4 B7               [ 4]  770 	or	a, a
    000003A5 20 16            [12]  771 	jr	NZ, 00115$
    000003A7 DD 4E FC         [19]  772 	ld	c, -4 (ix)
    000003AA DD 46 FD         [19]  773 	ld	b, -3 (ix)
    000003AD 3E C0            [ 7]  774 	ld	a, #0xc0
    000003AF B9               [ 4]  775 	cp	a, c
    000003B0 3E 00            [ 7]  776 	ld	a, #0x00
    000003B2 98               [ 4]  777 	sbc	a, b
    000003B3 30 08            [12]  778 	jr	NC, 00115$
    000003B5 DD 36 FC C0      [19]  779 	ld	-4 (ix), #0xc0
    000003B9 DD 36 FD 00      [19]  780 	ld	-3 (ix), #0
    000003BD                        781 00115$:
                                    782 ;E:\Dropbox\FAUSTO\SVILUPPI\MSX\CODE\C\MSXgl\projects\soccerlgMSX2/soccerlg_s21_b3.c:70: if (team == TEAM_2 && target_y < 320) target_y = 320;
    000003BD DD 7E E3         [19]  783 	ld	a, -29 (ix)
    000003C0 3D               [ 4]  784 	dec	a
    000003C1 20 15            [12]  785 	jr	NZ, 00125$
    000003C3 DD 7E FC         [19]  786 	ld	a, -4 (ix)
    000003C6 DD 46 FD         [19]  787 	ld	b, -3 (ix)
    000003C9 D6 40            [ 7]  788 	sub	a, #0x40
    000003CB 78               [ 4]  789 	ld	a, b
    000003CC DE 01            [ 7]  790 	sbc	a, #0x01
    000003CE 30 08            [12]  791 	jr	NC, 00125$
    000003D0 DD 36 FC 40      [19]  792 	ld	-4 (ix), #0x40
    000003D4 DD 36 FD 01      [19]  793 	ld	-3 (ix), #0x01
    000003D8                        794 00125$:
                                    795 ;E:\Dropbox\FAUSTO\SVILUPPI\MSX\CODE\C\MSXgl\projects\soccerlgMSX2/soccerlg_s21_b3.c:48: if (offside_line < 256) offside_line = 256; // Il fuorigioco esiste solo nella metà campo offensiva
    000003D8 DD 4E F8         [19]  796 	ld	c, -8 (ix)
    000003DB DD 46 F9         [19]  797 	ld	b, -7 (ix)
                                    798 ;E:\Dropbox\FAUSTO\SVILUPPI\MSX\CODE\C\MSXgl\projects\soccerlgMSX2/soccerlg_s21_b3.c:76: u16 max_y = (role == 6 && (Secs % 5) == 0) ? offside_line + 16 : offside_line - 12;
    000003DE DD 7E FE         [19]  799 	ld	a, -2 (ix)
    000003E1 D6 06            [ 7]  800 	sub	a, #0x06
    000003E3 3E 01            [ 7]  801 	ld	a, #0x01
    000003E5 28 01            [12]  802 	jr	Z, 01814$
    000003E7 AF               [ 4]  803 	xor	a, a
    000003E8                        804 01814$:
    000003E8 DD 77 F9         [19]  805 	ld	-7 (ix), a
                                    806 ;E:\Dropbox\FAUSTO\SVILUPPI\MSX\CODE\C\MSXgl\projects\soccerlgMSX2/soccerlg_s21_b3.c:74: if (team == TEAM_1) {
    000003EB DD 7E E3         [19]  807 	ld	a, -29 (ix)
    000003EE B7               [ 4]  808 	or	a, a
    000003EF 20 50            [12]  809 	jr	NZ, 00135$
                                    810 ;E:\Dropbox\FAUSTO\SVILUPPI\MSX\CODE\C\MSXgl\projects\soccerlgMSX2/soccerlg_s21_b3.c:76: u16 max_y = (role == 6 && (Secs % 5) == 0) ? offside_line + 16 : offside_line - 12;
    000003F1 DD CB F9 46      [20]  811 	bit	0, -7 (ix)
    000003F5 28 19            [12]  812 	jr	Z, 00457$
    000003F7 3Ar00r00         [13]  813 	ld	a, (_Secs+0)
    000003FA 6F               [ 4]  814 	ld	l, a
                                    815 ;	spillPairReg hl
                                    816 ;	spillPairReg hl
    000003FB 26 00            [ 7]  817 	ld	h, #0x00
                                    818 ;	spillPairReg hl
                                    819 ;	spillPairReg hl
    000003FD C5               [11]  820 	push	bc
    000003FE 11 05 00         [10]  821 	ld	de, #0x0005
    00000401 CDr00r00         [17]  822 	call	__modsint
    00000404 C1               [10]  823 	pop	bc
    00000405 7A               [ 4]  824 	ld	a, d
    00000406 B3               [ 4]  825 	or	a, e
    00000407 20 07            [12]  826 	jr	NZ, 00457$
    00000409 21 10 00         [10]  827 	ld	hl, #0x0010
    0000040C 09               [11]  828 	add	hl, bc
    0000040D C3r18r04         [10]  829 	jp	00458$
    00000410                        830 00457$:
    00000410 79               [ 4]  831 	ld	a, c
    00000411 C6 F4            [ 7]  832 	add	a, #0xf4
    00000413 6F               [ 4]  833 	ld	l, a
                                    834 ;	spillPairReg hl
                                    835 ;	spillPairReg hl
    00000414 78               [ 4]  836 	ld	a, b
    00000415 CE FF            [ 7]  837 	adc	a, #0xff
    00000417 67               [ 4]  838 	ld	h, a
                                    839 ;	spillPairReg hl
                                    840 ;	spillPairReg hl
    00000418                        841 00458$:
                                    842 ;E:\Dropbox\FAUSTO\SVILUPPI\MSX\CODE\C\MSXgl\projects\soccerlgMSX2/soccerlg_s21_b3.c:77: if (target_y > max_y) target_y = max_y;
    00000418 7D               [ 4]  843 	ld	a, l
    00000419 DD 96 FC         [19]  844 	sub	a, -4 (ix)
    0000041C 7C               [ 4]  845 	ld	a, h
    0000041D DD 9E FD         [19]  846 	sbc	a, -3 (ix)
    00000420 30 06            [12]  847 	jr	NC, 00127$
    00000422 DD 75 FC         [19]  848 	ld	-4 (ix), l
    00000425 DD 74 FD         [19]  849 	ld	-3 (ix), h
    00000428                        850 00127$:
                                    851 ;E:\Dropbox\FAUSTO\SVILUPPI\MSX\CODE\C\MSXgl\projects\soccerlgMSX2/soccerlg_s21_b3.c:78: if (target_y > 440) target_y = 440; // Evita di schiacciarsi sulla linea di fondo avversaria
    00000428 DD 4E FC         [19]  852 	ld	c, -4 (ix)
    0000042B DD 46 FD         [19]  853 	ld	b, -3 (ix)
    0000042E 3E B8            [ 7]  854 	ld	a, #0xb8
    00000430 B9               [ 4]  855 	cp	a, c
    00000431 3E 01            [ 7]  856 	ld	a, #0x01
    00000433 98               [ 4]  857 	sbc	a, b
    00000434 30 58            [12]  858 	jr	NC, 00136$
    00000436 DD 36 FC B8      [19]  859 	ld	-4 (ix), #0xb8
    0000043A DD 36 FD 01      [19]  860 	ld	-3 (ix), #0x01
    0000043E C3r8Er04         [10]  861 	jp	00136$
    00000441                        862 00135$:
                                    863 ;E:\Dropbox\FAUSTO\SVILUPPI\MSX\CODE\C\MSXgl\projects\soccerlgMSX2/soccerlg_s21_b3.c:81: u16 min_y = (role == 6 && (Secs % 5) == 0) ? offside_line - 16 : offside_line + 12;
    00000441 DD CB F9 46      [20]  864 	bit	0, -7 (ix)
    00000445 28 1D            [12]  865 	jr	Z, 00462$
    00000447 3Ar00r00         [13]  866 	ld	a, (_Secs+0)
    0000044A 6F               [ 4]  867 	ld	l, a
                                    868 ;	spillPairReg hl
                                    869 ;	spillPairReg hl
    0000044B 26 00            [ 7]  870 	ld	h, #0x00
                                    871 ;	spillPairReg hl
                                    872 ;	spillPairReg hl
    0000044D C5               [11]  873 	push	bc
    0000044E 11 05 00         [10]  874 	ld	de, #0x0005
    00000451 CDr00r00         [17]  875 	call	__modsint
    00000454 C1               [10]  876 	pop	bc
    00000455 7A               [ 4]  877 	ld	a, d
    00000456 B3               [ 4]  878 	or	a, e
    00000457 20 0B            [12]  879 	jr	NZ, 00462$
    00000459 79               [ 4]  880 	ld	a, c
    0000045A C6 F0            [ 7]  881 	add	a, #0xf0
    0000045C 5F               [ 4]  882 	ld	e, a
    0000045D 78               [ 4]  883 	ld	a, b
    0000045E CE FF            [ 7]  884 	adc	a, #0xff
    00000460 57               [ 4]  885 	ld	d, a
    00000461 C3r69r04         [10]  886 	jp	00463$
    00000464                        887 00462$:
    00000464 21 0C 00         [10]  888 	ld	hl, #0x000c
    00000467 09               [11]  889 	add	hl, bc
    00000468 EB               [ 4]  890 	ex	de, hl
    00000469                        891 00463$:
                                    892 ;E:\Dropbox\FAUSTO\SVILUPPI\MSX\CODE\C\MSXgl\projects\soccerlgMSX2/soccerlg_s21_b3.c:82: if (target_y < min_y) target_y = min_y;
    00000469 DD 7E FC         [19]  893 	ld	a, -4 (ix)
    0000046C 93               [ 4]  894 	sub	a, e
    0000046D DD 7E FD         [19]  895 	ld	a, -3 (ix)
    00000470 9A               [ 4]  896 	sbc	a, d
    00000471 30 06            [12]  897 	jr	NC, 00131$
    00000473 DD 73 FC         [19]  898 	ld	-4 (ix), e
    00000476 DD 72 FD         [19]  899 	ld	-3 (ix), d
    00000479                        900 00131$:
                                    901 ;E:\Dropbox\FAUSTO\SVILUPPI\MSX\CODE\C\MSXgl\projects\soccerlgMSX2/soccerlg_s21_b3.c:83: if (target_y < 72) target_y = 72; // Evita di schiacciarsi sulla linea di fondo avversaria
    00000479 DD 7E FC         [19]  902 	ld	a, -4 (ix)
    0000047C DD 46 FD         [19]  903 	ld	b, -3 (ix)
    0000047F D6 48            [ 7]  904 	sub	a, #0x48
    00000481 78               [ 4]  905 	ld	a, b
    00000482 DE 00            [ 7]  906 	sbc	a, #0x00
    00000484 30 08            [12]  907 	jr	NC, 00136$
    00000486 DD 36 FC 48      [19]  908 	ld	-4 (ix), #0x48
    0000048A DD 36 FD 00      [19]  909 	ld	-3 (ix), #0
    0000048E                        910 00136$:
                                    911 ;E:\Dropbox\FAUSTO\SVILUPPI\MSX\CODE\C\MSXgl\projects\soccerlgMSX2/soccerlg_s21_b3.c:87: if (LastTouchPlayer != 0xFF && LastTouchPlayer != i) {
    0000048E 3Ar00r00         [13]  912 	ld	a, (_LastTouchPlayer+0)
    00000491 3C               [ 4]  913 	inc	a
    00000492 CAr59r05         [10]  914 	jp	Z,00141$
    00000495 3Ar00r00         [13]  915 	ld	a, (_LastTouchPlayer+0)
    00000498 DD 96 FF         [19]  916 	sub	a, -1 (ix)
    0000049B CAr59r05         [10]  917 	jp	Z,00141$
                                    918 ;E:\Dropbox\FAUSTO\SVILUPPI\MSX\CODE\C\MSXgl\projects\soccerlgMSX2/soccerlg_s21_b3.c:88: u16 dist_c_x = (SwSprite[LastTouchPlayer].lx > target_x) ? (SwSprite[LastTouchPlayer].lx - target_x) : (target_x - SwSprite[LastTouchPlayer].lx);
    0000049E ED 4Br00r00      [20]  919 	ld	bc, (_LastTouchPlayer)
    000004A2 06 00            [ 7]  920 	ld	b, #0x00
    000004A4 69               [ 4]  921 	ld	l, c
    000004A5 60               [ 4]  922 	ld	h, b
    000004A6 29               [11]  923 	add	hl, hl
    000004A7 29               [11]  924 	add	hl, hl
    000004A8 09               [11]  925 	add	hl, bc
    000004A9 29               [11]  926 	add	hl, hl
    000004AA 09               [11]  927 	add	hl, bc
    000004AB 29               [11]  928 	add	hl, hl
    000004AC 09               [11]  929 	add	hl, bc
    000004AD 11r00r00         [10]  930 	ld	de, #_SwSprite
    000004B0 19               [11]  931 	add	hl, de
    000004B1 DD 75 F6         [19]  932 	ld	-10 (ix), l
    000004B4 DD 74 F7         [19]  933 	ld	-9 (ix), h
    000004B7 5E               [ 7]  934 	ld	e, (hl)
    000004B8 6B               [ 4]  935 	ld	l, e
                                    936 ;	spillPairReg hl
                                    937 ;	spillPairReg hl
                                    938 ;	spillPairReg hl
                                    939 ;	spillPairReg hl
    000004B9 26 00            [ 7]  940 	ld	h, #0x00
    000004BB 54               [ 4]  941 	ld	d, h
    000004BC DD 4E FA         [19]  942 	ld	c, -6 (ix)
    000004BF DD 46 FB         [19]  943 	ld	b, -5 (ix)
    000004C2 DD 7E FA         [19]  944 	ld	a, -6 (ix)
    000004C5 95               [ 4]  945 	sub	a, l
    000004C6 DD 7E FB         [19]  946 	ld	a, -5 (ix)
    000004C9 9C               [ 4]  947 	sbc	a, h
    000004CA 30 0C            [12]  948 	jr	NC, 00467$
    000004CC 7B               [ 4]  949 	ld	a, e
    000004CD DD 96 FA         [19]  950 	sub	a, -6 (ix)
    000004D0 5F               [ 4]  951 	ld	e, a
    000004D1 7A               [ 4]  952 	ld	a, d
    000004D2 DD 9E FB         [19]  953 	sbc	a, -5 (ix)
    000004D5 C3rDDr04         [10]  954 	jp	00468$
    000004D8                        955 00467$:
    000004D8 79               [ 4]  956 	ld	a, c
    000004D9 93               [ 4]  957 	sub	a, e
    000004DA 5F               [ 4]  958 	ld	e, a
    000004DB 78               [ 4]  959 	ld	a, b
    000004DC 9A               [ 4]  960 	sbc	a, d
    000004DD                        961 00468$:
    000004DD DD 73 F8         [19]  962 	ld	-8 (ix), e
    000004E0 DD 77 F9         [19]  963 	ld	-7 (ix), a
                                    964 ;E:\Dropbox\FAUSTO\SVILUPPI\MSX\CODE\C\MSXgl\projects\soccerlgMSX2/soccerlg_s21_b3.c:89: u16 dist_c_y = (SwSprite[LastTouchPlayer].ly > target_y) ? (SwSprite[LastTouchPlayer].ly - target_y) : (target_y - SwSprite[LastTouchPlayer].ly);
    000004E3 DD 5E F6         [19]  965 	ld	e, -10 (ix)
    000004E6 DD 56 F7         [19]  966 	ld	d, -9 (ix)
    000004E9 21 04 00         [10]  967 	ld	hl, #4
    000004EC 19               [11]  968 	add	hl, de
    000004ED 5E               [ 7]  969 	ld	e, (hl)
    000004EE 23               [ 6]  970 	inc	hl
    000004EF 56               [ 7]  971 	ld	d, (hl)
    000004F0 DD 7E FC         [19]  972 	ld	a, -4 (ix)
    000004F3 93               [ 4]  973 	sub	a, e
    000004F4 DD 7E FD         [19]  974 	ld	a, -3 (ix)
    000004F7 9A               [ 4]  975 	sbc	a, d
    000004F8 30 0C            [12]  976 	jr	NC, 00469$
    000004FA 7B               [ 4]  977 	ld	a, e
    000004FB DD 96 FC         [19]  978 	sub	a, -4 (ix)
    000004FE 5F               [ 4]  979 	ld	e, a
    000004FF 7A               [ 4]  980 	ld	a, d
    00000500 DD 9E FD         [19]  981 	sbc	a, -3 (ix)
    00000503 C3r0Fr05         [10]  982 	jp	00470$
    00000506                        983 00469$:
    00000506 DD 7E FC         [19]  984 	ld	a, -4 (ix)
    00000509 93               [ 4]  985 	sub	a, e
    0000050A 5F               [ 4]  986 	ld	e, a
    0000050B DD 7E FD         [19]  987 	ld	a, -3 (ix)
    0000050E 9A               [ 4]  988 	sbc	a, d
    0000050F                        989 00470$:
    0000050F 57               [ 4]  990 	ld	d, a
                                    991 ;E:\Dropbox\FAUSTO\SVILUPPI\MSX\CODE\C\MSXgl\projects\soccerlgMSX2/soccerlg_s21_b3.c:90: if (dist_c_x < 48 && dist_c_y < 48) {
                                    992 ;	spillPairReg hl
                                    993 ;	spillPairReg hl
                                    994 ;	spillPairReg hl
                                    995 ;	spillPairReg hl
    00000510 DD 7E F8         [19]  996 	ld	a, -8 (ix)
    00000513 DD 66 F9         [19]  997 	ld	h, -7 (ix)
    00000516 D6 30            [ 7]  998 	sub	a, #0x30
    00000518 7C               [ 4]  999 	ld	a, h
    00000519 DE 00            [ 7] 1000 	sbc	a, #0x00
    0000051B 30 3C            [12] 1001 	jr	NC, 00141$
    0000051D 7B               [ 4] 1002 	ld	a, e
    0000051E D6 30            [ 7] 1003 	sub	a, #0x30
    00000520 7A               [ 4] 1004 	ld	a, d
    00000521 DE 00            [ 7] 1005 	sbc	a, #0x00
    00000523 30 34            [12] 1006 	jr	NC, 00141$
                                   1007 ;E:\Dropbox\FAUSTO\SVILUPPI\MSX\CODE\C\MSXgl\projects\soccerlgMSX2/soccerlg_s21_b3.c:91: target_x += (target_x > 112) ? 48 : -48;
    00000525 3E 70            [ 7] 1008 	ld	a, #0x70
    00000527 B9               [ 4] 1009 	cp	a, c
    00000528 3E 00            [ 7] 1010 	ld	a, #0x00
    0000052A 98               [ 4] 1011 	sbc	a, b
    0000052B 30 06            [12] 1012 	jr	NC, 00471$
    0000052D 21 30 00         [10] 1013 	ld	hl, #0x0030
    00000530 C3r36r05         [10] 1014 	jp	00472$
    00000533                       1015 00471$:
    00000533 21 D0 FF         [10] 1016 	ld	hl, #0xffd0
    00000536                       1017 00472$:
    00000536 09               [11] 1018 	add	hl, bc
    00000537 DD 75 FA         [19] 1019 	ld	-6 (ix), l
    0000053A DD 74 FB         [19] 1020 	ld	-5 (ix), h
                                   1021 ;E:\Dropbox\FAUSTO\SVILUPPI\MSX\CODE\C\MSXgl\projects\soccerlgMSX2/soccerlg_s21_b3.c:92: target_y += (team == TEAM_1) ? 32 : -32; 
    0000053D DD 7E E3         [19] 1022 	ld	a, -29 (ix)
    00000540 B7               [ 4] 1023 	or	a, a
    00000541 20 06            [12] 1024 	jr	NZ, 00473$
    00000543 21 20 00         [10] 1025 	ld	hl, #0x0020
    00000546 C3r4Cr05         [10] 1026 	jp	00474$
    00000549                       1027 00473$:
    00000549 21 E0 FF         [10] 1028 	ld	hl, #0xffe0
    0000054C                       1029 00474$:
    0000054C DD 4E FC         [19] 1030 	ld	c, -4 (ix)
    0000054F DD 46 FD         [19] 1031 	ld	b, -3 (ix)
    00000552 09               [11] 1032 	add	hl, bc
    00000553 DD 75 FC         [19] 1033 	ld	-4 (ix), l
    00000556 DD 74 FD         [19] 1034 	ld	-3 (ix), h
    00000559                       1035 00141$:
                                   1036 ;E:\Dropbox\FAUSTO\SVILUPPI\MSX\CODE\C\MSXgl\projects\soccerlgMSX2/soccerlg_s21_b3.c:97: u8 twin_role = (role % 2 == 1) ? role + 1 : role - 1;
    00000559 DD 7E FE         [19] 1037 	ld	a, -2 (ix)
    0000055C E6 01            [ 7] 1038 	and	a, #0x01
    0000055E 47               [ 4] 1039 	ld	b, a
    0000055F 1E 00            [ 7] 1040 	ld	e, #0x00
    00000561 DD 4E FE         [19] 1041 	ld	c, -2 (ix)
    00000564 78               [ 4] 1042 	ld	a, b
    00000565 3D               [ 4] 1043 	dec	a
    00000566 B3               [ 4] 1044 	or	a, e
    00000567 20 04            [12] 1045 	jr	NZ, 00475$
    00000569 0C               [ 4] 1046 	inc	c
    0000056A C3r6Er05         [10] 1047 	jp	00476$
    0000056D                       1048 00475$:
    0000056D 0D               [ 4] 1049 	dec	c
    0000056E                       1050 00476$:
                                   1051 ;E:\Dropbox\FAUSTO\SVILUPPI\MSX\CODE\C\MSXgl\projects\soccerlgMSX2/soccerlg_s21_b3.c:98: u8 twin_idx = (team == TEAM_1) ? twin_role : twin_role + 7;
    0000056E DD 7E E3         [19] 1052 	ld	a, -29 (ix)
    00000571 B7               [ 4] 1053 	or	a, a
    00000572 28 04            [12] 1054 	jr	Z, 00478$
    00000574 79               [ 4] 1055 	ld	a, c
    00000575 C6 07            [ 7] 1056 	add	a, #0x07
    00000577 4F               [ 4] 1057 	ld	c, a
    00000578                       1058 00478$:
                                   1059 ;E:\Dropbox\FAUSTO\SVILUPPI\MSX\CODE\C\MSXgl\projects\soccerlgMSX2/soccerlg_s21_b3.c:99: if (twin_idx != LastTouchPlayer && twin_idx != i) {
    00000578 3Ar00r00         [13] 1060 	ld	a, (_LastTouchPlayer+0)
    0000057B 91               [ 4] 1061 	sub	a, c
    0000057C CAr36r06         [10] 1062 	jp	Z,00147$
    0000057F DD 7E FF         [19] 1063 	ld	a, -1 (ix)
    00000582 91               [ 4] 1064 	sub	a, c
    00000583 CAr36r06         [10] 1065 	jp	Z,00147$
                                   1066 ;E:\Dropbox\FAUSTO\SVILUPPI\MSX\CODE\C\MSXgl\projects\soccerlgMSX2/soccerlg_s21_b3.c:100: u16 d_mx = (SwSprite[twin_idx].lx > target_x) ? (SwSprite[twin_idx].lx - target_x) : (target_x - SwSprite[twin_idx].lx);
    00000586 06 00            [ 7] 1067 	ld	b, #0x00
    00000588 69               [ 4] 1068 	ld	l, c
    00000589 60               [ 4] 1069 	ld	h, b
    0000058A 29               [11] 1070 	add	hl, hl
    0000058B 29               [11] 1071 	add	hl, hl
    0000058C 09               [11] 1072 	add	hl, bc
    0000058D 29               [11] 1073 	add	hl, hl
    0000058E 09               [11] 1074 	add	hl, bc
    0000058F 29               [11] 1075 	add	hl, hl
    00000590 09               [11] 1076 	add	hl, bc
    00000591 11r00r00         [10] 1077 	ld	de, #_SwSprite
    00000594 19               [11] 1078 	add	hl, de
    00000595 DD 75 F8         [19] 1079 	ld	-8 (ix), l
    00000598 DD 74 F9         [19] 1080 	ld	-7 (ix), h
    0000059B 5E               [ 7] 1081 	ld	e, (hl)
    0000059C DD 73 F6         [19] 1082 	ld	-10 (ix), e
    0000059F DD 36 F7 00      [19] 1083 	ld	-9 (ix), #0x00
                                   1084 ;E:\Dropbox\FAUSTO\SVILUPPI\MSX\CODE\C\MSXgl\projects\soccerlgMSX2/soccerlg_s21_b3.c:88: u16 dist_c_x = (SwSprite[LastTouchPlayer].lx > target_x) ? (SwSprite[LastTouchPlayer].lx - target_x) : (target_x - SwSprite[LastTouchPlayer].lx);
    000005A3 DD 4E FA         [19] 1085 	ld	c, -6 (ix)
    000005A6 DD 46 FB         [19] 1086 	ld	b, -5 (ix)
                                   1087 ;E:\Dropbox\FAUSTO\SVILUPPI\MSX\CODE\C\MSXgl\projects\soccerlgMSX2/soccerlg_s21_b3.c:100: u16 d_mx = (SwSprite[twin_idx].lx > target_x) ? (SwSprite[twin_idx].lx - target_x) : (target_x - SwSprite[twin_idx].lx);
    000005A9 16 00            [ 7] 1088 	ld	d, #0x00
    000005AB DD 7E FA         [19] 1089 	ld	a, -6 (ix)
    000005AE DD 96 F6         [19] 1090 	sub	a, -10 (ix)
    000005B1 DD 7E FB         [19] 1091 	ld	a, -5 (ix)
    000005B4 DD 9E F7         [19] 1092 	sbc	a, -9 (ix)
    000005B7 30 0C            [12] 1093 	jr	NC, 00479$
    000005B9 7B               [ 4] 1094 	ld	a, e
    000005BA DD 96 FA         [19] 1095 	sub	a, -6 (ix)
    000005BD 5F               [ 4] 1096 	ld	e, a
    000005BE 7A               [ 4] 1097 	ld	a, d
    000005BF DD 9E FB         [19] 1098 	sbc	a, -5 (ix)
    000005C2 C3rCAr05         [10] 1099 	jp	00480$
    000005C5                       1100 00479$:
    000005C5 79               [ 4] 1101 	ld	a, c
    000005C6 93               [ 4] 1102 	sub	a, e
    000005C7 5F               [ 4] 1103 	ld	e, a
    000005C8 78               [ 4] 1104 	ld	a, b
    000005C9 9A               [ 4] 1105 	sbc	a, d
    000005CA                       1106 00480$:
    000005CA 57               [ 4] 1107 	ld	d, a
                                   1108 ;E:\Dropbox\FAUSTO\SVILUPPI\MSX\CODE\C\MSXgl\projects\soccerlgMSX2/soccerlg_s21_b3.c:101: u16 d_my = (SwSprite[twin_idx].ly > target_y) ? (SwSprite[twin_idx].ly - target_y) : (target_y - SwSprite[twin_idx].ly);
    000005CB DD 6E F8         [19] 1109 	ld	l, -8 (ix)
                                   1110 ;	spillPairReg hl
                                   1111 ;	spillPairReg hl
    000005CE DD 66 F9         [19] 1112 	ld	h, -7 (ix)
                                   1113 ;	spillPairReg hl
                                   1114 ;	spillPairReg hl
    000005D1 23               [ 6] 1115 	inc	hl
    000005D2 23               [ 6] 1116 	inc	hl
    000005D3 23               [ 6] 1117 	inc	hl
    000005D4 23               [ 6] 1118 	inc	hl
    000005D5 7E               [ 7] 1119 	ld	a, (hl)
    000005D6 23               [ 6] 1120 	inc	hl
    000005D7 66               [ 7] 1121 	ld	h, (hl)
                                   1122 ;	spillPairReg hl
    000005D8 6F               [ 4] 1123 	ld	l, a
                                   1124 ;	spillPairReg hl
                                   1125 ;	spillPairReg hl
    000005D9 DD 7E FC         [19] 1126 	ld	a, -4 (ix)
    000005DC 95               [ 4] 1127 	sub	a, l
    000005DD DD 7E FD         [19] 1128 	ld	a, -3 (ix)
    000005E0 9C               [ 4] 1129 	sbc	a, h
    000005E1 30 11            [12] 1130 	jr	NC, 00481$
    000005E3 7D               [ 4] 1131 	ld	a, l
    000005E4 DD 96 FC         [19] 1132 	sub	a, -4 (ix)
    000005E7 DD 77 F8         [19] 1133 	ld	-8 (ix), a
    000005EA 7C               [ 4] 1134 	ld	a, h
    000005EB DD 9E FD         [19] 1135 	sbc	a, -3 (ix)
    000005EE DD 77 F9         [19] 1136 	ld	-7 (ix), a
    000005F1 C3r02r06         [10] 1137 	jp	00482$
    000005F4                       1138 00481$:
    000005F4 DD 7E FC         [19] 1139 	ld	a, -4 (ix)
    000005F7 95               [ 4] 1140 	sub	a, l
    000005F8 DD 77 F8         [19] 1141 	ld	-8 (ix), a
    000005FB DD 7E FD         [19] 1142 	ld	a, -3 (ix)
    000005FE 9C               [ 4] 1143 	sbc	a, h
    000005FF DD 77 F9         [19] 1144 	ld	-7 (ix), a
    00000602                       1145 00482$:
    00000602 DD 6E F8         [19] 1146 	ld	l, -8 (ix)
                                   1147 ;	spillPairReg hl
                                   1148 ;	spillPairReg hl
    00000605 DD 66 F9         [19] 1149 	ld	h, -7 (ix)
                                   1150 ;	spillPairReg hl
                                   1151 ;	spillPairReg hl
                                   1152 ;E:\Dropbox\FAUSTO\SVILUPPI\MSX\CODE\C\MSXgl\projects\soccerlgMSX2/soccerlg_s21_b3.c:102: if (d_mx < 40 && d_my < 40) {
    00000608 7B               [ 4] 1153 	ld	a, e
    00000609 D6 28            [ 7] 1154 	sub	a, #0x28
    0000060B 7A               [ 4] 1155 	ld	a, d
    0000060C DE 00            [ 7] 1156 	sbc	a, #0x00
    0000060E 30 26            [12] 1157 	jr	NC, 00147$
    00000610 11 28 00         [10] 1158 	ld	de, #0x0028
    00000613 BF               [ 4] 1159 	cp	a, a
    00000614 ED 52            [15] 1160 	sbc	hl, de
    00000616 30 1E            [12] 1161 	jr	NC, 00147$
                                   1162 ;E:\Dropbox\FAUSTO\SVILUPPI\MSX\CODE\C\MSXgl\projects\soccerlgMSX2/soccerlg_s21_b3.c:103: target_x += (target_x > SwSprite[twin_idx].lx) ? 24 : -24;
    00000618 DD 7E F6         [19] 1163 	ld	a, -10 (ix)
    0000061B DD 96 FA         [19] 1164 	sub	a, -6 (ix)
    0000061E DD 7E F7         [19] 1165 	ld	a, -9 (ix)
    00000621 DD 9E FB         [19] 1166 	sbc	a, -5 (ix)
    00000624 30 06            [12] 1167 	jr	NC, 00483$
    00000626 21 18 00         [10] 1168 	ld	hl, #0x0018
    00000629 C3r2Fr06         [10] 1169 	jp	00484$
    0000062C                       1170 00483$:
    0000062C 21 E8 FF         [10] 1171 	ld	hl, #0xffe8
    0000062F                       1172 00484$:
    0000062F 09               [11] 1173 	add	hl, bc
    00000630 DD 75 FA         [19] 1174 	ld	-6 (ix), l
    00000633 DD 74 FB         [19] 1175 	ld	-5 (ix), h
    00000636                       1176 00147$:
                                   1177 ;E:\Dropbox\FAUSTO\SVILUPPI\MSX\CODE\C\MSXgl\projects\soccerlgMSX2/soccerlg_s21_b3.c:108: if (target_x < 36) target_x = 36;
    00000636 DD 7E FA         [19] 1178 	ld	a, -6 (ix)
    00000639 DD 46 FB         [19] 1179 	ld	b, -5 (ix)
    0000063C D6 24            [ 7] 1180 	sub	a, #0x24
    0000063E 78               [ 4] 1181 	ld	a, b
    0000063F DE 00            [ 7] 1182 	sbc	a, #0x00
    00000641 30 08            [12] 1183 	jr	NC, 00150$
    00000643 DD 36 FA 24      [19] 1184 	ld	-6 (ix), #0x24
    00000647 DD 36 FB 00      [19] 1185 	ld	-5 (ix), #0
    0000064B                       1186 00150$:
                                   1187 ;E:\Dropbox\FAUSTO\SVILUPPI\MSX\CODE\C\MSXgl\projects\soccerlgMSX2/soccerlg_s21_b3.c:109: if (target_x > 204) target_x = 204;
    0000064B DD 4E FA         [19] 1188 	ld	c, -6 (ix)
    0000064E DD 46 FB         [19] 1189 	ld	b, -5 (ix)
    00000651 3E CC            [ 7] 1190 	ld	a, #0xcc
    00000653 B9               [ 4] 1191 	cp	a, c
    00000654 3E 00            [ 7] 1192 	ld	a, #0x00
    00000656 98               [ 4] 1193 	sbc	a, b
    00000657 D2rADr0A         [10] 1194 	jp	NC, 00220$
    0000065A DD 36 FA CC      [19] 1195 	ld	-6 (ix), #0xcc
    0000065E DD 36 FB 00      [19] 1196 	ld	-5 (ix), #0
    00000662 C3rADr0A         [10] 1197 	jp	00220$
    00000665                       1198 00216$:
                                   1199 ;E:\Dropbox\FAUSTO\SVILUPPI\MSX\CODE\C\MSXgl\projects\soccerlgMSX2/soccerlg_s21_b3.c:110: } else if (LastTouchTeam != 0xFF) {
    00000665 3Ar00r00         [13] 1200 	ld	a, (_LastTouchTeam+0)
    00000668 3C               [ 4] 1201 	inc	a
    00000669 CAr0Cr0A         [10] 1202 	jp	Z,00213$
                                   1203 ;E:\Dropbox\FAUSTO\SVILUPPI\MSX\CODE\C\MSXgl\projects\soccerlgMSX2/soccerlg_s21_b3.c:112: if (role >= 5) { // Attaccanti alti
    0000066C DD 7E FE         [19] 1204 	ld	a, -2 (ix)
    0000066F D6 05            [ 7] 1205 	sub	a, #0x05
    00000671 38 68            [12] 1206 	jr	C, 00194$
                                   1207 ;E:\Dropbox\FAUSTO\SVILUPPI\MSX\CODE\C\MSXgl\projects\soccerlgMSX2/soccerlg_s21_b3.c:113: target_y = Ball->ly + ((team == TEAM_1) ? -40 : 40);
    00000673 DD 7E EE         [19] 1208 	ld	a, -18 (ix)
    00000676 DD 77 FA         [19] 1209 	ld	-6 (ix), a
    00000679 DD 7E EF         [19] 1210 	ld	a, -17 (ix)
    0000067C DD 77 FB         [19] 1211 	ld	-5 (ix), a
    0000067F DD 7E E3         [19] 1212 	ld	a, -29 (ix)
    00000682 B7               [ 4] 1213 	or	a, a
    00000683 20 0B            [12] 1214 	jr	NZ, 00485$
    00000685 DD 36 FC D8      [19] 1215 	ld	-4 (ix), #0xd8
    00000689 DD 36 FD FF      [19] 1216 	ld	-3 (ix), #0xff
    0000068D C3r98r06         [10] 1217 	jp	00486$
    00000690                       1218 00485$:
    00000690 DD 36 FC 28      [19] 1219 	ld	-4 (ix), #0x28
    00000694 DD 36 FD 00      [19] 1220 	ld	-3 (ix), #0
    00000698                       1221 00486$:
    00000698 DD 7E FA         [19] 1222 	ld	a, -6 (ix)
    0000069B DD 77 F8         [19] 1223 	ld	-8 (ix), a
    0000069E DD 7E FB         [19] 1224 	ld	a, -5 (ix)
    000006A1 DD 77 F9         [19] 1225 	ld	-7 (ix), a
    000006A4 DD 7E FC         [19] 1226 	ld	a, -4 (ix)
    000006A7 DD 77 FA         [19] 1227 	ld	-6 (ix), a
    000006AA DD 7E FD         [19] 1228 	ld	a, -3 (ix)
    000006AD DD 77 FB         [19] 1229 	ld	-5 (ix), a
    000006B0 DD 7E FA         [19] 1230 	ld	a, -6 (ix)
    000006B3 DD 86 F8         [19] 1231 	add	a, -8 (ix)
    000006B6 DD 77 FC         [19] 1232 	ld	-4 (ix), a
    000006B9 DD 7E FB         [19] 1233 	ld	a, -5 (ix)
    000006BC DD 8E F9         [19] 1234 	adc	a, -7 (ix)
    000006BF DD 77 FD         [19] 1235 	ld	-3 (ix), a
                                   1236 ;E:\Dropbox\FAUSTO\SVILUPPI\MSX\CODE\C\MSXgl\projects\soccerlgMSX2/soccerlg_s21_b3.c:114: target_x = (role == 5) ? 80 : 144;
    000006C2 DD 7E FE         [19] 1237 	ld	a, -2 (ix)
    000006C5 D6 05            [ 7] 1238 	sub	a, #0x05
    000006C7 20 06            [12] 1239 	jr	NZ, 00487$
    000006C9 01 50 00         [10] 1240 	ld	bc, #0x0050
    000006CC C3rD2r06         [10] 1241 	jp	00488$
    000006CF                       1242 00487$:
    000006CF 01 90 00         [10] 1243 	ld	bc, #0x0090
    000006D2                       1244 00488$:
    000006D2 DD 71 FA         [19] 1245 	ld	-6 (ix), c
    000006D5 DD 70 FB         [19] 1246 	ld	-5 (ix), b
    000006D8 C3rDDr09         [10] 1247 	jp	00195$
    000006DB                       1248 00194$:
                                   1249 ;E:\Dropbox\FAUSTO\SVILUPPI\MSX\CODE\C\MSXgl\projects\soccerlgMSX2/soccerlg_s21_b3.c:115: } else if (role >= 3) { // Centrocampisti chiudono il centro
    000006DB DD 7E FE         [19] 1250 	ld	a, -2 (ix)
    000006DE D6 03            [ 7] 1251 	sub	a, #0x03
    000006E0 38 4C            [12] 1252 	jr	C, 00191$
                                   1253 ;E:\Dropbox\FAUSTO\SVILUPPI\MSX\CODE\C\MSXgl\projects\soccerlgMSX2/soccerlg_s21_b3.c:116: target_y = Ball->ly + ((team == TEAM_1) ? 32 : -32);
    000006E2 DD 4E EE         [19] 1254 	ld	c, -18 (ix)
    000006E5 DD 46 EF         [19] 1255 	ld	b, -17 (ix)
    000006E8 DD 7E E3         [19] 1256 	ld	a, -29 (ix)
    000006EB B7               [ 4] 1257 	or	a, a
    000006EC 20 06            [12] 1258 	jr	NZ, 00489$
    000006EE 21 20 00         [10] 1259 	ld	hl, #0x0020
    000006F1 C3rF7r06         [10] 1260 	jp	00490$
    000006F4                       1261 00489$:
    000006F4 21 E0 FF         [10] 1262 	ld	hl, #0xffe0
    000006F7                       1263 00490$:
    000006F7 09               [11] 1264 	add	hl, bc
    000006F8 DD 75 FC         [19] 1265 	ld	-4 (ix), l
    000006FB DD 74 FD         [19] 1266 	ld	-3 (ix), h
                                   1267 ;E:\Dropbox\FAUSTO\SVILUPPI\MSX\CODE\C\MSXgl\projects\soccerlgMSX2/soccerlg_s21_b3.c:117: target_x = Ball->lx + ((role == 3) ? -32 : 32);
    000006FE DD 7E FE         [19] 1268 	ld	a, -2 (ix)
    00000701 D6 03            [ 7] 1269 	sub	a, #0x03
    00000703 20 0B            [12] 1270 	jr	NZ, 00491$
    00000705 DD 36 FA E0      [19] 1271 	ld	-6 (ix), #0xe0
    00000709 DD 36 FB FF      [19] 1272 	ld	-5 (ix), #0xff
    0000070D C3r18r07         [10] 1273 	jp	00492$
    00000710                       1274 00491$:
    00000710 DD 36 FA 20      [19] 1275 	ld	-6 (ix), #0x20
    00000714 DD 36 FB 00      [19] 1276 	ld	-5 (ix), #0
    00000718                       1277 00492$:
    00000718 DD 7E E6         [19] 1278 	ld	a, -26 (ix)
    0000071B DD 86 FA         [19] 1279 	add	a, -6 (ix)
    0000071E 4F               [ 4] 1280 	ld	c, a
    0000071F DD 7E E7         [19] 1281 	ld	a, -25 (ix)
    00000722 DD 8E FB         [19] 1282 	adc	a, -5 (ix)
    00000725 DD 71 FA         [19] 1283 	ld	-6 (ix), c
    00000728 DD 77 FB         [19] 1284 	ld	-5 (ix), a
    0000072B C3rDDr09         [10] 1285 	jp	00195$
    0000072E                       1286 00191$:
                                   1287 ;E:\Dropbox\FAUSTO\SVILUPPI\MSX\CODE\C\MSXgl\projects\soccerlgMSX2/soccerlg_s21_b3.c:121: bool ball_in_own_area = (team == TEAM_1) ? (Ball->ly < 140) : (Ball->ly > 372);
    0000072E DD 7E EE         [19] 1288 	ld	a, -18 (ix)
    00000731 DD 77 FA         [19] 1289 	ld	-6 (ix), a
    00000734 DD 7E EF         [19] 1290 	ld	a, -17 (ix)
    00000737 DD 77 FB         [19] 1291 	ld	-5 (ix), a
    0000073A DD 7E E3         [19] 1292 	ld	a, -29 (ix)
    0000073D B7               [ 4] 1293 	or	a, a
    0000073E 20 13            [12] 1294 	jr	NZ, 00493$
    00000740 DD 7E FA         [19] 1295 	ld	a, -6 (ix)
    00000743 D6 8C            [ 7] 1296 	sub	a, #0x8c
    00000745 DD 7E FB         [19] 1297 	ld	a, -5 (ix)
    00000748 DE 00            [ 7] 1298 	sbc	a, #0x00
    0000074A 3E 00            [ 7] 1299 	ld	a, #0x00
    0000074C 17               [ 4] 1300 	rla
    0000074D DD 77 FC         [19] 1301 	ld	-4 (ix), a
    00000750 C3r63r07         [10] 1302 	jp	00494$
    00000753                       1303 00493$:
    00000753 3E 74            [ 7] 1304 	ld	a, #0x74
    00000755 DD BE FA         [19] 1305 	cp	a, -6 (ix)
    00000758 3E 01            [ 7] 1306 	ld	a, #0x01
    0000075A DD 9E FB         [19] 1307 	sbc	a, -5 (ix)
    0000075D 3E 00            [ 7] 1308 	ld	a, #0x00
    0000075F 17               [ 4] 1309 	rla
    00000760 DD 77 FC         [19] 1310 	ld	-4 (ix), a
    00000763                       1311 00494$:
    00000763 DD 7E FC         [19] 1312 	ld	a, -4 (ix)
    00000766 DD 77 F5         [19] 1313 	ld	-11 (ix), a
                                   1314 ;E:\Dropbox\FAUSTO\SVILUPPI\MSX\CODE\C\MSXgl\projects\soccerlgMSX2/soccerlg_s21_b3.c:122: bool side_presses = (role == 1) ? (Ball->lx < 128) : (Ball->lx >= 128);
    00000769 DD 7E FE         [19] 1315 	ld	a, -2 (ix)
    0000076C 3D               [ 4] 1316 	dec	a
    0000076D 3E 01            [ 7] 1317 	ld	a, #0x01
    0000076F 28 01            [12] 1318 	jr	Z, 01827$
    00000771 AF               [ 4] 1319 	xor	a, a
    00000772                       1320 01827$:
    00000772 DD 77 F6         [19] 1321 	ld	-10 (ix), a
    00000775 DD 7E E5         [19] 1322 	ld	a, -27 (ix)
    00000778 D6 80            [ 7] 1323 	sub	a, #0x80
    0000077A 3E 00            [ 7] 1324 	ld	a, #0x00
    0000077C 17               [ 4] 1325 	rla
    0000077D DD 77 FE         [19] 1326 	ld	-2 (ix), a
    00000780 DD 7E F6         [19] 1327 	ld	a, -10 (ix)
    00000783 B7               [ 4] 1328 	or	a, a
    00000784 20 08            [12] 1329 	jr	NZ, 00496$
    00000786 DD 7E FE         [19] 1330 	ld	a, -2 (ix)
    00000789 EE 01            [ 7] 1331 	xor	a, #0x01
    0000078B DD 77 FE         [19] 1332 	ld	-2 (ix), a
    0000078E                       1333 00496$:
    0000078E DD 7E FE         [19] 1334 	ld	a, -2 (ix)
    00000791 DD 77 F7         [19] 1335 	ld	-9 (ix), a
                                   1336 ;E:\Dropbox\FAUSTO\SVILUPPI\MSX\CODE\C\MSXgl\projects\soccerlgMSX2/soccerlg_s21_b3.c:125: bool carrier_is_threat = FALSE;
    00000794 DD 36 FE 00      [19] 1337 	ld	-2 (ix), #0x00
                                   1338 ;E:\Dropbox\FAUSTO\SVILUPPI\MSX\CODE\C\MSXgl\projects\soccerlgMSX2/soccerlg_s21_b3.c:126: if (g_is_ball_carried && LastTouchTeam != team && LastTouchPlayer != 0xFF) {
    00000798 3Ar00r00         [13] 1339 	ld	a, (_g_is_ball_carried+0)
    0000079B B7               [ 4] 1340 	or	a, a
    0000079C CAr2Ar08         [10] 1341 	jp	Z, 00163$
    0000079F DD CB FD 46      [20] 1342 	bit	0, -3 (ix)
    000007A3 C2r2Ar08         [10] 1343 	jp	NZ, 00163$
    000007A6 3Ar00r00         [13] 1344 	ld	a, (_LastTouchPlayer+0)
    000007A9 3C               [ 4] 1345 	inc	a
    000007AA CAr2Ar08         [10] 1346 	jp	Z,00163$
                                   1347 ;E:\Dropbox\FAUSTO\SVILUPPI\MSX\CODE\C\MSXgl\projects\soccerlgMSX2/soccerlg_s21_b3.c:127: struct ObjectInfo* carrier = &SwSprite[LastTouchPlayer];
    000007AD ED 4Br00r00      [20] 1348 	ld	bc, (_LastTouchPlayer)
    000007B1 06 00            [ 7] 1349 	ld	b, #0x00
    000007B3 69               [ 4] 1350 	ld	l, c
    000007B4 60               [ 4] 1351 	ld	h, b
    000007B5 29               [11] 1352 	add	hl, hl
    000007B6 29               [11] 1353 	add	hl, hl
    000007B7 09               [11] 1354 	add	hl, bc
    000007B8 29               [11] 1355 	add	hl, hl
    000007B9 09               [11] 1356 	add	hl, bc
    000007BA 29               [11] 1357 	add	hl, hl
    000007BB 09               [11] 1358 	add	hl, bc
    000007BC DD 75 F8         [19] 1359 	ld	-8 (ix), l
    000007BF DD 74 F9         [19] 1360 	ld	-7 (ix), h
    000007C2 3Er00            [ 7] 1361 	ld	a, #<(_SwSprite)
    000007C4 DD 86 F8         [19] 1362 	add	a, -8 (ix)
    000007C7 DD 77 FC         [19] 1363 	ld	-4 (ix), a
    000007CA 3Es00            [ 7] 1364 	ld	a, #>(_SwSprite)
    000007CC DD 8E F9         [19] 1365 	adc	a, -7 (ix)
    000007CF DD 77 FD         [19] 1366 	ld	-3 (ix), a
                                   1367 ;E:\Dropbox\FAUSTO\SVILUPPI\MSX\CODE\C\MSXgl\projects\soccerlgMSX2/soccerlg_s21_b3.c:129: if (team == TEAM_1 && carrier->dy < 0 && Ball->ly < 256) { // Team 1 difende Nord (Y<256), attaccante va verso Y basso
    000007D2 DD 7E E3         [19] 1368 	ld	a, -29 (ix)
    000007D5 B7               [ 4] 1369 	or	a, a
    000007D6 20 28            [12] 1370 	jr	NZ, 00158$
    000007D8 DD 7E FC         [19] 1371 	ld	a, -4 (ix)
    000007DB DD 77 F8         [19] 1372 	ld	-8 (ix), a
    000007DE DD 7E FD         [19] 1373 	ld	a, -3 (ix)
    000007E1 DD 77 F9         [19] 1374 	ld	-7 (ix), a
    000007E4 DD 6E F8         [19] 1375 	ld	l, -8 (ix)
    000007E7 DD 66 F9         [19] 1376 	ld	h, -7 (ix)
    000007EA 11 12 00         [10] 1377 	ld	de, #0x0012
    000007ED 19               [11] 1378 	add	hl, de
    000007EE CB 7E            [12] 1379 	bit	7, (hl)
    000007F0 28 0E            [12] 1380 	jr	Z, 00158$
    000007F2 DD 7E FB         [19] 1381 	ld	a, -5 (ix)
    000007F5 D6 01            [ 7] 1382 	sub	a, #0x01
    000007F7 30 07            [12] 1383 	jr	NC, 00158$
                                   1384 ;E:\Dropbox\FAUSTO\SVILUPPI\MSX\CODE\C\MSXgl\projects\soccerlgMSX2/soccerlg_s21_b3.c:130: carrier_is_threat = TRUE;
    000007F9 DD 36 FE 01      [19] 1385 	ld	-2 (ix), #0x01
    000007FD C3r2Ar08         [10] 1386 	jp	00163$
    00000800                       1387 00158$:
                                   1388 ;E:\Dropbox\FAUSTO\SVILUPPI\MSX\CODE\C\MSXgl\projects\soccerlgMSX2/soccerlg_s21_b3.c:131: } else if (team == TEAM_2 && carrier->dy > 0 && Ball->ly > 256) { // Team 2 difende Sud (Y>256), attaccante va verso Y alto
    00000800 DD 7E E3         [19] 1389 	ld	a, -29 (ix)
    00000803 3D               [ 4] 1390 	dec	a
    00000804 20 24            [12] 1391 	jr	NZ, 00163$
    00000806 DD 6E FC         [19] 1392 	ld	l, -4 (ix)
    00000809 DD 66 FD         [19] 1393 	ld	h, -3 (ix)
    0000080C 11 12 00         [10] 1394 	ld	de, #0x0012
    0000080F 19               [11] 1395 	add	hl, de
    00000810 4E               [ 7] 1396 	ld	c, (hl)
    00000811 AF               [ 4] 1397 	xor	a, a
    00000812 91               [ 4] 1398 	sub	a, c
    00000813 E2r18r08         [10] 1399 	jp	PO, 01831$
    00000816 EE 80            [ 7] 1400 	xor	a, #0x80
    00000818                       1401 01831$:
    00000818 F2r2Ar08         [10] 1402 	jp	P, 00163$
    0000081B AF               [ 4] 1403 	xor	a, a
    0000081C DD BE FA         [19] 1404 	cp	a, -6 (ix)
    0000081F 3E 01            [ 7] 1405 	ld	a, #0x01
    00000821 DD 9E FB         [19] 1406 	sbc	a, -5 (ix)
    00000824 30 04            [12] 1407 	jr	NC, 00163$
                                   1408 ;E:\Dropbox\FAUSTO\SVILUPPI\MSX\CODE\C\MSXgl\projects\soccerlgMSX2/soccerlg_s21_b3.c:132: carrier_is_threat = TRUE;
    00000826 DD 36 FE 01      [19] 1409 	ld	-2 (ix), #0x01
    0000082A                       1410 00163$:
                                   1411 ;E:\Dropbox\FAUSTO\SVILUPPI\MSX\CODE\C\MSXgl\projects\soccerlgMSX2/soccerlg_s21_b3.c:137: u8 press_chance = g_ActiveStats[team].aggro_defense * 15; // da 15% (stat 1) a 75% (stat 5)
    0000082A DD 4E E3         [19] 1412 	ld	c, -29 (ix)
    0000082D 06 00            [ 7] 1413 	ld	b, #0x00
    0000082F 69               [ 4] 1414 	ld	l, c
    00000830 60               [ 4] 1415 	ld	h, b
    00000831 29               [11] 1416 	add	hl, hl
    00000832 09               [11] 1417 	add	hl, bc
    00000833 29               [11] 1418 	add	hl, hl
    00000834 09               [11] 1419 	add	hl, bc
    00000835 DD 75 FA         [19] 1420 	ld	-6 (ix), l
    00000838 DD 74 FB         [19] 1421 	ld	-5 (ix), h
    0000083B 3Er00            [ 7] 1422 	ld	a, #<(_g_ActiveStats)
    0000083D DD 86 FA         [19] 1423 	add	a, -6 (ix)
    00000840 DD 77 FC         [19] 1424 	ld	-4 (ix), a
    00000843 3Es00            [ 7] 1425 	ld	a, #>(_g_ActiveStats)
    00000845 DD 8E FB         [19] 1426 	adc	a, -5 (ix)
    00000848 DD 77 FD         [19] 1427 	ld	-3 (ix), a
    0000084B DD 6E FC         [19] 1428 	ld	l, -4 (ix)
    0000084E DD 66 FD         [19] 1429 	ld	h, -3 (ix)
    00000851 11 04 00         [10] 1430 	ld	de, #0x0004
    00000854 19               [11] 1431 	add	hl, de
    00000855 7E               [ 7] 1432 	ld	a, (hl)
    00000856 DD 77 FD         [19] 1433 	ld	-3 (ix), a
    00000859 4F               [ 4] 1434 	ld	c, a
    0000085A 87               [ 4] 1435 	add	a, a
    0000085B 87               [ 4] 1436 	add	a, a
    0000085C 87               [ 4] 1437 	add	a, a
    0000085D 87               [ 4] 1438 	add	a, a
    0000085E 91               [ 4] 1439 	sub	a, c
    0000085F DD 77 F8         [19] 1440 	ld	-8 (ix), a
                                   1441 ;E:\Dropbox\FAUSTO\SVILUPPI\MSX\CODE\C\MSXgl\projects\soccerlgMSX2/soccerlg_s21_b3.c:138: if (carrier_is_threat && i != closest_mate && (Frms + i*5) % 100 < press_chance) {
    00000862 DD 7E FE         [19] 1442 	ld	a, -2 (ix)
    00000865 B7               [ 4] 1443 	or	a, a
    00000866 28 72            [12] 1444 	jr	Z, 00186$
    00000868 DD 7E FF         [19] 1445 	ld	a, -1 (ix)
    0000086B DD 96 E4         [19] 1446 	sub	a, -28 (ix)
    0000086E 28 6A            [12] 1447 	jr	Z, 00186$
    00000870 3Ar00r00         [13] 1448 	ld	a, (_Frms+0)
    00000873 DD 77 F9         [19] 1449 	ld	-7 (ix), a
    00000876 DD 36 FA 00      [19] 1450 	ld	-6 (ix), #0x00
    0000087A DD 7E FF         [19] 1451 	ld	a, -1 (ix)
    0000087D DD 77 FD         [19] 1452 	ld	-3 (ix), a
    00000880 DD 36 FE 00      [19] 1453 	ld	-2 (ix), #0x00
    00000884 4F               [ 4] 1454 	ld	c, a
    00000885 06 00            [ 7] 1455 	ld	b, #0x00
    00000887 69               [ 4] 1456 	ld	l, c
    00000888 60               [ 4] 1457 	ld	h, b
    00000889 29               [11] 1458 	add	hl, hl
    0000088A 29               [11] 1459 	add	hl, hl
    0000088B 09               [11] 1460 	add	hl, bc
    0000088C DD 75 FB         [19] 1461 	ld	-5 (ix), l
    0000088F DD 74 FC         [19] 1462 	ld	-4 (ix), h
    00000892 DD 7E F9         [19] 1463 	ld	a, -7 (ix)
    00000895 DD 86 FB         [19] 1464 	add	a, -5 (ix)
    00000898 DD 77 FD         [19] 1465 	ld	-3 (ix), a
    0000089B DD 7E FA         [19] 1466 	ld	a, -6 (ix)
    0000089E DD 8E FC         [19] 1467 	adc	a, -4 (ix)
    000008A1 DD 77 FE         [19] 1468 	ld	-2 (ix), a
    000008A4 11 64 00         [10] 1469 	ld	de, #0x0064
    000008A7 DD 6E FD         [19] 1470 	ld	l, -3 (ix)
                                   1471 ;	spillPairReg hl
                                   1472 ;	spillPairReg hl
    000008AA DD 66 FE         [19] 1473 	ld	h, -2 (ix)
                                   1474 ;	spillPairReg hl
                                   1475 ;	spillPairReg hl
    000008AD CDr00r00         [17] 1476 	call	__modsint
    000008B0 DD 4E F8         [19] 1477 	ld	c, -8 (ix)
    000008B3 06 00            [ 7] 1478 	ld	b, #0x00
    000008B5 7B               [ 4] 1479 	ld	a, e
    000008B6 91               [ 4] 1480 	sub	a, c
    000008B7 7A               [ 4] 1481 	ld	a, d
    000008B8 98               [ 4] 1482 	sbc	a, b
    000008B9 E2rBEr08         [10] 1483 	jp	PO, 01833$
    000008BC EE 80            [ 7] 1484 	xor	a, #0x80
    000008BE                       1485 01833$:
    000008BE F2rDAr08         [10] 1486 	jp	P, 00186$
                                   1487 ;E:\Dropbox\FAUSTO\SVILUPPI\MSX\CODE\C\MSXgl\projects\soccerlgMSX2/soccerlg_s21_b3.c:139: target_x = Ball->lx;
    000008C1 DD 7E E5         [19] 1488 	ld	a, -27 (ix)
    000008C4 DD 77 FA         [19] 1489 	ld	-6 (ix), a
    000008C7 DD 36 FB 00      [19] 1490 	ld	-5 (ix), #0x00
                                   1491 ;E:\Dropbox\FAUSTO\SVILUPPI\MSX\CODE\C\MSXgl\projects\soccerlgMSX2/soccerlg_s21_b3.c:140: target_y = Ball->ly;
    000008CB DD 7E EE         [19] 1492 	ld	a, -18 (ix)
    000008CE DD 4E EF         [19] 1493 	ld	c, -17 (ix)
    000008D1 DD 77 FC         [19] 1494 	ld	-4 (ix), a
    000008D4 DD 71 FD         [19] 1495 	ld	-3 (ix), c
    000008D7 C3rDDr09         [10] 1496 	jp	00195$
    000008DA                       1497 00186$:
                                   1498 ;E:\Dropbox\FAUSTO\SVILUPPI\MSX\CODE\C\MSXgl\projects\soccerlgMSX2/soccerlg_s21_b3.c:141: } else if (ball_in_own_area && side_presses) {
    000008DA DD 7E F5         [19] 1499 	ld	a, -11 (ix)
    000008DD B7               [ 4] 1500 	or	a, a
    000008DE 28 1F            [12] 1501 	jr	Z, 00182$
    000008E0 DD 7E F7         [19] 1502 	ld	a, -9 (ix)
    000008E3 B7               [ 4] 1503 	or	a, a
    000008E4 28 19            [12] 1504 	jr	Z, 00182$
                                   1505 ;E:\Dropbox\FAUSTO\SVILUPPI\MSX\CODE\C\MSXgl\projects\soccerlgMSX2/soccerlg_s21_b3.c:143: target_x = Ball->lx;
    000008E6 DD 7E E5         [19] 1506 	ld	a, -27 (ix)
    000008E9 DD 77 FA         [19] 1507 	ld	-6 (ix), a
    000008EC DD 36 FB 00      [19] 1508 	ld	-5 (ix), #0x00
                                   1509 ;E:\Dropbox\FAUSTO\SVILUPPI\MSX\CODE\C\MSXgl\projects\soccerlgMSX2/soccerlg_s21_b3.c:144: target_y = Ball->ly;
    000008F0 DD 7E EE         [19] 1510 	ld	a, -18 (ix)
    000008F3 DD 4E EF         [19] 1511 	ld	c, -17 (ix)
    000008F6 DD 77 FC         [19] 1512 	ld	-4 (ix), a
    000008F9 DD 71 FD         [19] 1513 	ld	-3 (ix), c
    000008FC C3rDDr09         [10] 1514 	jp	00195$
    000008FF                       1515 00182$:
                                   1516 ;E:\Dropbox\FAUSTO\SVILUPPI\MSX\CODE\C\MSXgl\projects\soccerlgMSX2/soccerlg_s21_b3.c:145: } else if (ball_in_own_area) {
    000008FF DD 7E F5         [19] 1517 	ld	a, -11 (ix)
    00000902 B7               [ 4] 1518 	or	a, a
    00000903 28 2D            [12] 1519 	jr	Z, 00179$
                                   1520 ;E:\Dropbox\FAUSTO\SVILUPPI\MSX\CODE\C\MSXgl\projects\soccerlgMSX2/soccerlg_s21_b3.c:147: target_x = (role == 1) ? 80 : 144;
    00000905 DD 7E F6         [19] 1521 	ld	a, -10 (ix)
    00000908 B7               [ 4] 1522 	or	a, a
    00000909 28 06            [12] 1523 	jr	Z, 00497$
    0000090B 01 50 00         [10] 1524 	ld	bc, #0x0050
    0000090E C3r14r09         [10] 1525 	jp	00498$
    00000911                       1526 00497$:
    00000911 01 90 00         [10] 1527 	ld	bc, #0x0090
    00000914                       1528 00498$:
    00000914 DD 71 FA         [19] 1529 	ld	-6 (ix), c
    00000917 DD 70 FB         [19] 1530 	ld	-5 (ix), b
                                   1531 ;E:\Dropbox\FAUSTO\SVILUPPI\MSX\CODE\C\MSXgl\projects\soccerlgMSX2/soccerlg_s21_b3.c:148: target_y = (team == TEAM_1) ? 88 : 424;
    0000091A DD 7E E3         [19] 1532 	ld	a, -29 (ix)
    0000091D B7               [ 4] 1533 	or	a, a
    0000091E 20 06            [12] 1534 	jr	NZ, 00499$
    00000920 01 58 00         [10] 1535 	ld	bc, #0x0058
    00000923 C3r29r09         [10] 1536 	jp	00500$
    00000926                       1537 00499$:
    00000926 01 A8 01         [10] 1538 	ld	bc, #0x01a8
    00000929                       1539 00500$:
    00000929 DD 71 FC         [19] 1540 	ld	-4 (ix), c
    0000092C DD 70 FD         [19] 1541 	ld	-3 (ix), b
    0000092F C3rDDr09         [10] 1542 	jp	00195$
    00000932                       1543 00179$:
                                   1544 ;E:\Dropbox\FAUSTO\SVILUPPI\MSX\CODE\C\MSXgl\projects\soccerlgMSX2/soccerlg_s21_b3.c:150: target_y = Ball->ly + ((team == TEAM_1) ? 80 : -80);
    00000932 DD 4E EE         [19] 1545 	ld	c, -18 (ix)
    00000935 DD 46 EF         [19] 1546 	ld	b, -17 (ix)
    00000938 DD 7E E3         [19] 1547 	ld	a, -29 (ix)
    0000093B B7               [ 4] 1548 	or	a, a
    0000093C 20 06            [12] 1549 	jr	NZ, 00501$
    0000093E 21 50 00         [10] 1550 	ld	hl, #0x0050
    00000941 C3r47r09         [10] 1551 	jp	00502$
    00000944                       1552 00501$:
    00000944 21 B0 FF         [10] 1553 	ld	hl, #0xffb0
    00000947                       1554 00502$:
    00000947 09               [11] 1555 	add	hl, bc
    00000948 DD 75 FC         [19] 1556 	ld	-4 (ix), l
    0000094B DD 74 FD         [19] 1557 	ld	-3 (ix), h
                                   1558 ;E:\Dropbox\FAUSTO\SVILUPPI\MSX\CODE\C\MSXgl\projects\soccerlgMSX2/soccerlg_s21_b3.c:151: target_x = Ball->lx + ((role == 1) ? -24 : 24);
    0000094E DD 7E F6         [19] 1559 	ld	a, -10 (ix)
    00000951 B7               [ 4] 1560 	or	a, a
    00000952 28 06            [12] 1561 	jr	Z, 00503$
    00000954 01 E8 FF         [10] 1562 	ld	bc, #0xffe8
    00000957 C3r5Dr09         [10] 1563 	jp	00504$
    0000095A                       1564 00503$:
    0000095A 01 18 00         [10] 1565 	ld	bc, #0x0018
    0000095D                       1566 00504$:
    0000095D DD 6E E6         [19] 1567 	ld	l, -26 (ix)
    00000960 DD 66 E7         [19] 1568 	ld	h, -25 (ix)
    00000963 09               [11] 1569 	add	hl, bc
    00000964 DD 75 FA         [19] 1570 	ld	-6 (ix), l
    00000967 DD 74 FB         [19] 1571 	ld	-5 (ix), h
                                   1572 ;E:\Dropbox\FAUSTO\SVILUPPI\MSX\CODE\C\MSXgl\projects\soccerlgMSX2/soccerlg_s21_b3.c:153: if (team == TEAM_1 && target_y < 72) target_y = 72;
    0000096A DD 7E E3         [19] 1573 	ld	a, -29 (ix)
    0000096D B7               [ 4] 1574 	or	a, a
    0000096E 20 15            [12] 1575 	jr	NZ, 00167$
    00000970 DD 7E FC         [19] 1576 	ld	a, -4 (ix)
    00000973 DD 46 FD         [19] 1577 	ld	b, -3 (ix)
    00000976 D6 48            [ 7] 1578 	sub	a, #0x48
    00000978 78               [ 4] 1579 	ld	a, b
    00000979 DE 00            [ 7] 1580 	sbc	a, #0x00
    0000097B 30 08            [12] 1581 	jr	NC, 00167$
    0000097D DD 36 FC 48      [19] 1582 	ld	-4 (ix), #0x48
    00000981 DD 36 FD 00      [19] 1583 	ld	-3 (ix), #0
    00000985                       1584 00167$:
                                   1585 ;E:\Dropbox\FAUSTO\SVILUPPI\MSX\CODE\C\MSXgl\projects\soccerlgMSX2/soccerlg_s21_b3.c:154: if (team == TEAM_2 && target_y > 440) target_y = 440;
    00000985 DD 7E E3         [19] 1586 	ld	a, -29 (ix)
    00000988 3D               [ 4] 1587 	dec	a
    00000989 3E 01            [ 7] 1588 	ld	a, #0x01
    0000098B 28 01            [12] 1589 	jr	Z, 01835$
    0000098D AF               [ 4] 1590 	xor	a, a
    0000098E                       1591 01835$:
                                   1592 ;	spillPairReg hl
                                   1593 ;	spillPairReg hl
    0000098E 6F               [ 4] 1594 	ld	l, a
    0000098F B7               [ 4] 1595 	or	a, a
    00000990 28 16            [12] 1596 	jr	Z, 00170$
    00000992 DD 4E FC         [19] 1597 	ld	c, -4 (ix)
    00000995 DD 46 FD         [19] 1598 	ld	b, -3 (ix)
    00000998 3E B8            [ 7] 1599 	ld	a, #0xb8
    0000099A B9               [ 4] 1600 	cp	a, c
    0000099B 3E 01            [ 7] 1601 	ld	a, #0x01
    0000099D 98               [ 4] 1602 	sbc	a, b
    0000099E 30 08            [12] 1603 	jr	NC, 00170$
    000009A0 DD 36 FC B8      [19] 1604 	ld	-4 (ix), #0xb8
    000009A4 DD 36 FD 01      [19] 1605 	ld	-3 (ix), #0x01
    000009A8                       1606 00170$:
                                   1607 ;E:\Dropbox\FAUSTO\SVILUPPI\MSX\CODE\C\MSXgl\projects\soccerlgMSX2/soccerlg_s21_b3.c:156: if (team == TEAM_1 && target_y > 192) target_y = 192;
    000009A8 DD 7E E3         [19] 1608 	ld	a, -29 (ix)
    000009AB B7               [ 4] 1609 	or	a, a
    000009AC 20 16            [12] 1610 	jr	NZ, 00173$
    000009AE DD 4E FC         [19] 1611 	ld	c, -4 (ix)
    000009B1 DD 46 FD         [19] 1612 	ld	b, -3 (ix)
    000009B4 3E C0            [ 7] 1613 	ld	a, #0xc0
    000009B6 B9               [ 4] 1614 	cp	a, c
    000009B7 3E 00            [ 7] 1615 	ld	a, #0x00
    000009B9 98               [ 4] 1616 	sbc	a, b
    000009BA 30 08            [12] 1617 	jr	NC, 00173$
    000009BC DD 36 FC C0      [19] 1618 	ld	-4 (ix), #0xc0
    000009C0 DD 36 FD 00      [19] 1619 	ld	-3 (ix), #0
    000009C4                       1620 00173$:
                                   1621 ;E:\Dropbox\FAUSTO\SVILUPPI\MSX\CODE\C\MSXgl\projects\soccerlgMSX2/soccerlg_s21_b3.c:157: if (team == TEAM_2 && target_y < 320) target_y = 320;
    000009C4 7D               [ 4] 1622 	ld	a, l
    000009C5 B7               [ 4] 1623 	or	a, a
    000009C6 28 15            [12] 1624 	jr	Z, 00195$
    000009C8 DD 7E FC         [19] 1625 	ld	a, -4 (ix)
    000009CB DD 46 FD         [19] 1626 	ld	b, -3 (ix)
    000009CE D6 40            [ 7] 1627 	sub	a, #0x40
    000009D0 78               [ 4] 1628 	ld	a, b
    000009D1 DE 01            [ 7] 1629 	sbc	a, #0x01
    000009D3 30 08            [12] 1630 	jr	NC, 00195$
    000009D5 DD 36 FC 40      [19] 1631 	ld	-4 (ix), #0x40
    000009D9 DD 36 FD 01      [19] 1632 	ld	-3 (ix), #0x01
    000009DD                       1633 00195$:
                                   1634 ;E:\Dropbox\FAUSTO\SVILUPPI\MSX\CODE\C\MSXgl\projects\soccerlgMSX2/soccerlg_s21_b3.c:162: if (target_x < 36) target_x = 36;
    000009DD DD 7E FA         [19] 1635 	ld	a, -6 (ix)
    000009E0 DD 46 FB         [19] 1636 	ld	b, -5 (ix)
    000009E3 D6 24            [ 7] 1637 	sub	a, #0x24
    000009E5 78               [ 4] 1638 	ld	a, b
    000009E6 DE 00            [ 7] 1639 	sbc	a, #0x00
    000009E8 30 08            [12] 1640 	jr	NC, 00197$
    000009EA DD 36 FA 24      [19] 1641 	ld	-6 (ix), #0x24
    000009EE DD 36 FB 00      [19] 1642 	ld	-5 (ix), #0
    000009F2                       1643 00197$:
                                   1644 ;E:\Dropbox\FAUSTO\SVILUPPI\MSX\CODE\C\MSXgl\projects\soccerlgMSX2/soccerlg_s21_b3.c:163: if (target_x > 204) target_x = 204;
    000009F2 DD 4E FA         [19] 1645 	ld	c, -6 (ix)
    000009F5 DD 46 FB         [19] 1646 	ld	b, -5 (ix)
    000009F8 3E CC            [ 7] 1647 	ld	a, #0xcc
    000009FA B9               [ 4] 1648 	cp	a, c
    000009FB 3E 00            [ 7] 1649 	ld	a, #0x00
    000009FD 98               [ 4] 1650 	sbc	a, b
    000009FE D2rADr0A         [10] 1651 	jp	NC, 00220$
    00000A01 DD 36 FA CC      [19] 1652 	ld	-6 (ix), #0xcc
    00000A05 DD 36 FB 00      [19] 1653 	ld	-5 (ix), #0
    00000A09 C3rADr0A         [10] 1654 	jp	00220$
    00000A0C                       1655 00213$:
                                   1656 ;E:\Dropbox\FAUSTO\SVILUPPI\MSX\CODE\C\MSXgl\projects\soccerlgMSX2/soccerlg_s21_b3.c:166: target_x = (role % 2 == 1) ? 80 : 144;
    00000A0C DD 7E FE         [19] 1657 	ld	a, -2 (ix)
    00000A0F E6 01            [ 7] 1658 	and	a, #0x01
    00000A11 4F               [ 4] 1659 	ld	c, a
    00000A12 06 00            [ 7] 1660 	ld	b, #0x00
    00000A14 79               [ 4] 1661 	ld	a, c
    00000A15 3D               [ 4] 1662 	dec	a
    00000A16 B0               [ 4] 1663 	or	a, b
    00000A17 20 06            [12] 1664 	jr	NZ, 00505$
    00000A19 01 50 00         [10] 1665 	ld	bc, #0x0050
    00000A1C C3r22r0A         [10] 1666 	jp	00506$
    00000A1F                       1667 00505$:
    00000A1F 01 90 00         [10] 1668 	ld	bc, #0x0090
    00000A22                       1669 00506$:
    00000A22 DD 71 FA         [19] 1670 	ld	-6 (ix), c
    00000A25 DD 70 FB         [19] 1671 	ld	-5 (ix), b
                                   1672 ;E:\Dropbox\FAUSTO\SVILUPPI\MSX\CODE\C\MSXgl\projects\soccerlgMSX2/soccerlg_s21_b3.c:167: target_y = Ball->ly + ((team == TEAM_1) ? -32 : 32);
    00000A28 DD 4E EE         [19] 1673 	ld	c, -18 (ix)
    00000A2B DD 46 EF         [19] 1674 	ld	b, -17 (ix)
    00000A2E DD 7E E3         [19] 1675 	ld	a, -29 (ix)
    00000A31 B7               [ 4] 1676 	or	a, a
    00000A32 20 06            [12] 1677 	jr	NZ, 00507$
    00000A34 21 E0 FF         [10] 1678 	ld	hl, #0xffe0
    00000A37 C3r3Dr0A         [10] 1679 	jp	00508$
    00000A3A                       1680 00507$:
    00000A3A 21 20 00         [10] 1681 	ld	hl, #0x0020
    00000A3D                       1682 00508$:
    00000A3D 09               [11] 1683 	add	hl, bc
    00000A3E DD 75 FC         [19] 1684 	ld	-4 (ix), l
    00000A41 DD 74 FD         [19] 1685 	ld	-3 (ix), h
                                   1686 ;E:\Dropbox\FAUSTO\SVILUPPI\MSX\CODE\C\MSXgl\projects\soccerlgMSX2/soccerlg_s21_b3.c:169: if (role <= 2) {
    00000A44 3E 02            [ 7] 1687 	ld	a, #0x02
    00000A46 DD 96 FE         [19] 1688 	sub	a, -2 (ix)
    00000A49 38 37            [12] 1689 	jr	C, 00207$
                                   1690 ;E:\Dropbox\FAUSTO\SVILUPPI\MSX\CODE\C\MSXgl\projects\soccerlgMSX2/soccerlg_s21_b3.c:170: if (team == TEAM_1 && target_y > 192) target_y = 192;
    00000A4B DD 7E E3         [19] 1691 	ld	a, -29 (ix)
    00000A4E B7               [ 4] 1692 	or	a, a
    00000A4F 20 16            [12] 1693 	jr	NZ, 00201$
    00000A51 DD 4E FC         [19] 1694 	ld	c, -4 (ix)
    00000A54 DD 46 FD         [19] 1695 	ld	b, -3 (ix)
    00000A57 3E C0            [ 7] 1696 	ld	a, #0xc0
    00000A59 B9               [ 4] 1697 	cp	a, c
    00000A5A 3E 00            [ 7] 1698 	ld	a, #0x00
    00000A5C 98               [ 4] 1699 	sbc	a, b
    00000A5D 30 08            [12] 1700 	jr	NC, 00201$
    00000A5F DD 36 FC C0      [19] 1701 	ld	-4 (ix), #0xc0
    00000A63 DD 36 FD 00      [19] 1702 	ld	-3 (ix), #0
    00000A67                       1703 00201$:
                                   1704 ;E:\Dropbox\FAUSTO\SVILUPPI\MSX\CODE\C\MSXgl\projects\soccerlgMSX2/soccerlg_s21_b3.c:171: if (team == TEAM_2 && target_y < 320) target_y = 320;
    00000A67 DD 7E E3         [19] 1705 	ld	a, -29 (ix)
    00000A6A 3D               [ 4] 1706 	dec	a
    00000A6B 20 15            [12] 1707 	jr	NZ, 00207$
    00000A6D DD 7E FC         [19] 1708 	ld	a, -4 (ix)
    00000A70 DD 46 FD         [19] 1709 	ld	b, -3 (ix)
    00000A73 D6 40            [ 7] 1710 	sub	a, #0x40
    00000A75 78               [ 4] 1711 	ld	a, b
    00000A76 DE 01            [ 7] 1712 	sbc	a, #0x01
    00000A78 30 08            [12] 1713 	jr	NC, 00207$
    00000A7A DD 36 FC 40      [19] 1714 	ld	-4 (ix), #0x40
    00000A7E DD 36 FD 01      [19] 1715 	ld	-3 (ix), #0x01
    00000A82                       1716 00207$:
                                   1717 ;E:\Dropbox\FAUSTO\SVILUPPI\MSX\CODE\C\MSXgl\projects\soccerlgMSX2/soccerlg_s21_b3.c:175: if (target_x < 36) target_x = 36;
    00000A82 DD 7E FA         [19] 1718 	ld	a, -6 (ix)
    00000A85 DD 46 FB         [19] 1719 	ld	b, -5 (ix)
    00000A88 D6 24            [ 7] 1720 	sub	a, #0x24
    00000A8A 78               [ 4] 1721 	ld	a, b
    00000A8B DE 00            [ 7] 1722 	sbc	a, #0x00
    00000A8D 30 08            [12] 1723 	jr	NC, 00209$
    00000A8F DD 36 FA 24      [19] 1724 	ld	-6 (ix), #0x24
    00000A93 DD 36 FB 00      [19] 1725 	ld	-5 (ix), #0
    00000A97                       1726 00209$:
                                   1727 ;E:\Dropbox\FAUSTO\SVILUPPI\MSX\CODE\C\MSXgl\projects\soccerlgMSX2/soccerlg_s21_b3.c:176: if (target_x > 204) target_x = 204;
    00000A97 DD 4E FA         [19] 1728 	ld	c, -6 (ix)
    00000A9A DD 46 FB         [19] 1729 	ld	b, -5 (ix)
    00000A9D 3E CC            [ 7] 1730 	ld	a, #0xcc
    00000A9F B9               [ 4] 1731 	cp	a, c
    00000AA0 3E 00            [ 7] 1732 	ld	a, #0x00
    00000AA2 98               [ 4] 1733 	sbc	a, b
    00000AA3 30 08            [12] 1734 	jr	NC, 00220$
    00000AA5 DD 36 FA CC      [19] 1735 	ld	-6 (ix), #0xcc
    00000AA9 DD 36 FB 00      [19] 1736 	ld	-5 (ix), #0
    00000AAD                       1737 00220$:
                                   1738 ;E:\Dropbox\FAUSTO\SVILUPPI\MSX\CODE\C\MSXgl\projects\soccerlgMSX2/soccerlg_s21_b3.c:182: if ((ball_free_nearby || (LastTouchTeam != team) || (!g_is_ball_carried && (Ball->anim < 5 || LastTouchTeam != team))) && i == closest_mate) {
    00000AAD DD 7E F2         [19] 1739 	ld	a, -14 (ix)
    00000AB0 B7               [ 4] 1740 	or	a, a
    00000AB1 20 28            [12] 1741 	jr	NZ, 00313$
    00000AB3 3Ar00r00         [13] 1742 	ld	a, (_LastTouchTeam+0)
    00000AB6 DD 96 E3         [19] 1743 	sub	a, -29 (ix)
    00000AB9 3E 01            [ 7] 1744 	ld	a, #0x01
    00000ABB 28 01            [12] 1745 	jr	Z, 01841$
    00000ABD AF               [ 4] 1746 	xor	a, a
    00000ABE                       1747 01841$:
    00000ABE 4F               [ 4] 1748 	ld	c, a
    00000ABF CB 41            [ 8] 1749 	bit	0, c
    00000AC1 28 18            [12] 1750 	jr	Z, 00313$
    00000AC3 3Ar00r00         [13] 1751 	ld	a, (_g_is_ball_carried+0)
    00000AC6 B7               [ 4] 1752 	or	a, a
    00000AC7 C2r45r0E         [10] 1753 	jp	NZ, 00308$
    00000ACA DD 7E F3         [19] 1754 	ld	a, -13 (ix)
    00000ACD D6 05            [ 7] 1755 	sub	a, #0x05
    00000ACF DD 7E F4         [19] 1756 	ld	a, -12 (ix)
    00000AD2 DE 00            [ 7] 1757 	sbc	a, #0x00
    00000AD4 38 05            [12] 1758 	jr	C, 00313$
    00000AD6 CB 41            [ 8] 1759 	bit	0, c
    00000AD8 C2r45r0E         [10] 1760 	jp	NZ, 00308$
    00000ADB                       1761 00313$:
    00000ADB DD 7E FF         [19] 1762 	ld	a, -1 (ix)
    00000ADE DD 96 E4         [19] 1763 	sub	a, -28 (ix)
    00000AE1 C2r45r0E         [10] 1764 	jp	NZ,00308$
                                   1765 ;E:\Dropbox\FAUSTO\SVILUPPI\MSX\CODE\C\MSXgl\projects\soccerlgMSX2/soccerlg_s21_b3.c:184: u16 press_radius = 24 + (g_ActiveStats[team].aggro_defense * 8);
    00000AE4 DD 4E E3         [19] 1766 	ld	c, -29 (ix)
    00000AE7 06 00            [ 7] 1767 	ld	b, #0x00
    00000AE9 69               [ 4] 1768 	ld	l, c
    00000AEA 60               [ 4] 1769 	ld	h, b
    00000AEB 29               [11] 1770 	add	hl, hl
    00000AEC 09               [11] 1771 	add	hl, bc
    00000AED 29               [11] 1772 	add	hl, hl
    00000AEE 09               [11] 1773 	add	hl, bc
    00000AEF 11r00r00         [10] 1774 	ld	de, #_g_ActiveStats
    00000AF2 19               [11] 1775 	add	hl, de
    00000AF3 11 04 00         [10] 1776 	ld	de, #0x0004
    00000AF6 19               [11] 1777 	add	hl, de
    00000AF7 5E               [ 7] 1778 	ld	e, (hl)
    00000AF8 6B               [ 4] 1779 	ld	l, e
                                   1780 ;	spillPairReg hl
                                   1781 ;	spillPairReg hl
    00000AF9 26 00            [ 7] 1782 	ld	h, #0x00
                                   1783 ;	spillPairReg hl
                                   1784 ;	spillPairReg hl
    00000AFB 29               [11] 1785 	add	hl, hl
    00000AFC 29               [11] 1786 	add	hl, hl
    00000AFD 29               [11] 1787 	add	hl, hl
    00000AFE 01 18 00         [10] 1788 	ld	bc, #0x0018
    00000B01 09               [11] 1789 	add	hl, bc
    00000B02 4D               [ 4] 1790 	ld	c, l
    00000B03 44               [ 4] 1791 	ld	b, h
                                   1792 ;E:\Dropbox\FAUSTO\SVILUPPI\MSX\CODE\C\MSXgl\projects\soccerlgMSX2/soccerlg_s21_b3.c:110: } else if (LastTouchTeam != 0xFF) {
    00000B04 3Ar00r00         [13] 1793 	ld	a, (_LastTouchTeam+0)
    00000B07 3C               [ 4] 1794 	inc	a
    00000B08 3E 01            [ 7] 1795 	ld	a, #0x01
    00000B0A 28 01            [12] 1796 	jr	Z, 01845$
    00000B0C AF               [ 4] 1797 	xor	a, a
    00000B0D                       1798 01845$:
                                   1799 ;E:\Dropbox\FAUSTO\SVILUPPI\MSX\CODE\C\MSXgl\projects\soccerlgMSX2/soccerlg_s21_b3.c:185: if (LastTouchTeam == 0xFF || !g_is_ball_carried) press_radius = 500; // Palla libera o non controllata: vai a prenderla!
    00000B0D DD 77 F9         [19] 1800 	ld	-7 (ix), a
    00000B10 B7               [ 4] 1801 	or	a, a
    00000B11 20 06            [12] 1802 	jr	NZ, 00221$
    00000B13 3Ar00r00         [13] 1803 	ld	a, (_g_is_ball_carried+0)
    00000B16 B7               [ 4] 1804 	or	a, a
    00000B17 20 03            [12] 1805 	jr	NZ, 00222$
    00000B19                       1806 00221$:
    00000B19 01 F4 01         [10] 1807 	ld	bc, #0x01f4
    00000B1C                       1808 00222$:
                                   1809 ;E:\Dropbox\FAUSTO\SVILUPPI\MSX\CODE\C\MSXgl\projects\soccerlgMSX2/soccerlg_s21_b3.c:187: bool is_human_team = FALSE;
    00000B1C 2E 00            [ 7] 1810 	ld	l, #0x00
                                   1811 ;	spillPairReg hl
                                   1812 ;	spillPairReg hl
                                   1813 ;E:\Dropbox\FAUSTO\SVILUPPI\MSX\CODE\C\MSXgl\projects\soccerlgMSX2/soccerlg_s21_b3.c:188: if (team == TEAM_2) is_human_team = TRUE;
    00000B1E DD 7E E3         [19] 1814 	ld	a, -29 (ix)
    00000B21 3D               [ 4] 1815 	dec	a
    00000B22 3E 01            [ 7] 1816 	ld	a, #0x01
    00000B24 28 01            [12] 1817 	jr	Z, 01847$
    00000B26 AF               [ 4] 1818 	xor	a, a
    00000B27                       1819 01847$:
    00000B27 DD 77 FE         [19] 1820 	ld	-2 (ix), a
    00000B2A B7               [ 4] 1821 	or	a, a
    00000B2B 28 05            [12] 1822 	jr	Z, 00228$
    00000B2D 2E 01            [ 7] 1823 	ld	l, #0x01
                                   1824 ;	spillPairReg hl
                                   1825 ;	spillPairReg hl
    00000B2F C3r40r0B         [10] 1826 	jp	00229$
    00000B32                       1827 00228$:
                                   1828 ;E:\Dropbox\FAUSTO\SVILUPPI\MSX\CODE\C\MSXgl\projects\soccerlgMSX2/soccerlg_s21_b3.c:189: else if (team == TEAM_1 && GameMode == GAMEMODE_P1_VS_P2) is_human_team = TRUE;
    00000B32 DD 7E E3         [19] 1829 	ld	a, -29 (ix)
    00000B35 B7               [ 4] 1830 	or	a, a
    00000B36 20 08            [12] 1831 	jr	NZ, 00229$
    00000B38 3Ar00r00         [13] 1832 	ld	a, (_GameMode+0)
    00000B3B 3D               [ 4] 1833 	dec	a
    00000B3C 20 02            [12] 1834 	jr	NZ, 00229$
    00000B3E 2E 01            [ 7] 1835 	ld	l, #0x01
                                   1836 ;	spillPairReg hl
                                   1837 ;	spillPairReg hl
    00000B40                       1838 00229$:
                                   1839 ;E:\Dropbox\FAUSTO\SVILUPPI\MSX\CODE\C\MSXgl\projects\soccerlgMSX2/soccerlg_s21_b3.c:191: bool should_press = TRUE;
    00000B40 16 01            [ 7] 1840 	ld	d, #0x01
                                   1841 ;E:\Dropbox\FAUSTO\SVILUPPI\MSX\CODE\C\MSXgl\projects\soccerlgMSX2/soccerlg_s21_b3.c:193: if (LastTouchTeam != 0xFF) {
    00000B42 DD CB F9 46      [20] 1842 	bit	0, -7 (ix)
    00000B46 C2rCCr0B         [10] 1843 	jp	NZ, 00254$
                                   1844 ;E:\Dropbox\FAUSTO\SVILUPPI\MSX\CODE\C\MSXgl\projects\soccerlgMSX2/soccerlg_s21_b3.c:194: if (is_human_team && g_is_ball_carried) {
    00000B49 7D               [ 4] 1845 	ld	a, l
    00000B4A B7               [ 4] 1846 	or	a, a
    00000B4B 28 0B            [12] 1847 	jr	Z, 00250$
    00000B4D 3Ar00r00         [13] 1848 	ld	a, (_g_is_ball_carried+0)
    00000B50 B7               [ 4] 1849 	or	a, a
    00000B51 28 05            [12] 1850 	jr	Z, 00250$
                                   1851 ;E:\Dropbox\FAUSTO\SVILUPPI\MSX\CODE\C\MSXgl\projects\soccerlgMSX2/soccerlg_s21_b3.c:198: should_press = FALSE;
    00000B53 16 00            [ 7] 1852 	ld	d, #0x00
    00000B55 C3rCCr0B         [10] 1853 	jp	00254$
    00000B58                       1854 00250$:
                                   1855 ;E:\Dropbox\FAUSTO\SVILUPPI\MSX\CODE\C\MSXgl\projects\soccerlgMSX2/soccerlg_s21_b3.c:201: if (GameMode == GAMEMODE_P1_VS_CPU && team == TEAM_1) press_radius = 500;
    00000B58 3Ar00r00         [13] 1856 	ld	a, (_GameMode+0)
    00000B5B B7               [ 4] 1857 	or	a, a
    00000B5C 20 0C            [12] 1858 	jr	NZ, 00246$
    00000B5E DD 7E E3         [19] 1859 	ld	a, -29 (ix)
    00000B61 B7               [ 4] 1860 	or	a, a
    00000B62 20 06            [12] 1861 	jr	NZ, 00246$
    00000B64 01 F4 01         [10] 1862 	ld	bc, #0x01f4
    00000B67 C3rCCr0B         [10] 1863 	jp	00254$
    00000B6A                       1864 00246$:
                                   1865 ;E:\Dropbox\FAUSTO\SVILUPPI\MSX\CODE\C\MSXgl\projects\soccerlgMSX2/soccerlg_s21_b3.c:203: else if (team == TEAM_1 && Ball->ly < 220) press_radius = 500; // Pressing asfissiante in trequarti
    00000B6A DD 7E E3         [19] 1866 	ld	a, -29 (ix)
    00000B6D B7               [ 4] 1867 	or	a, a
    00000B6E 20 13            [12] 1868 	jr	NZ, 00242$
                                   1869 ;	spillPairReg hl
                                   1870 ;	spillPairReg hl
                                   1871 ;	spillPairReg hl
                                   1872 ;	spillPairReg hl
    00000B70 DD 7E EE         [19] 1873 	ld	a, -18 (ix)
    00000B73 DD 66 EF         [19] 1874 	ld	h, -17 (ix)
    00000B76 D6 DC            [ 7] 1875 	sub	a, #0xdc
    00000B78 7C               [ 4] 1876 	ld	a, h
    00000B79 DE 00            [ 7] 1877 	sbc	a, #0x00
    00000B7B 30 06            [12] 1878 	jr	NC, 00242$
    00000B7D 01 F4 01         [10] 1879 	ld	bc, #0x01f4
    00000B80 C3rCCr0B         [10] 1880 	jp	00254$
    00000B83                       1881 00242$:
                                   1882 ;E:\Dropbox\FAUSTO\SVILUPPI\MSX\CODE\C\MSXgl\projects\soccerlgMSX2/soccerlg_s21_b3.c:204: else if (team == TEAM_2 && Ball->ly > 292) press_radius = 500;
    00000B83 DD 7E FE         [19] 1883 	ld	a, -2 (ix)
    00000B86 B7               [ 4] 1884 	or	a, a
    00000B87 28 14            [12] 1885 	jr	Z, 00238$
    00000B89 DD 6E EE         [19] 1886 	ld	l, -18 (ix)
                                   1887 ;	spillPairReg hl
                                   1888 ;	spillPairReg hl
    00000B8C DD 66 EF         [19] 1889 	ld	h, -17 (ix)
                                   1890 ;	spillPairReg hl
                                   1891 ;	spillPairReg hl
    00000B8F 3E 24            [ 7] 1892 	ld	a, #0x24
    00000B91 BD               [ 4] 1893 	cp	a, l
    00000B92 3E 01            [ 7] 1894 	ld	a, #0x01
    00000B94 9C               [ 4] 1895 	sbc	a, h
    00000B95 30 06            [12] 1896 	jr	NC, 00238$
    00000B97 01 F4 01         [10] 1897 	ld	bc, #0x01f4
    00000B9A C3rCCr0B         [10] 1898 	jp	00254$
    00000B9D                       1899 00238$:
                                   1900 ;E:\Dropbox\FAUSTO\SVILUPPI\MSX\CODE\C\MSXgl\projects\soccerlgMSX2/soccerlg_s21_b3.c:205: else if (team == TEAM_1 && Ball->ly < 256) press_radius += 48; // Inizia il pressing nella propria metà campo
    00000B9D DD 7E E3         [19] 1901 	ld	a, -29 (ix)
    00000BA0 B7               [ 4] 1902 	or	a, a
    00000BA1 20 10            [12] 1903 	jr	NZ, 00234$
                                   1904 ;	spillPairReg hl
                                   1905 ;	spillPairReg hl
                                   1906 ;	spillPairReg hl
                                   1907 ;	spillPairReg hl
    00000BA3 DD 7E EF         [19] 1908 	ld	a, -17 (ix)
    00000BA6 D6 01            [ 7] 1909 	sub	a, #0x01
    00000BA8 30 09            [12] 1910 	jr	NC, 00234$
    00000BAA 21 30 00         [10] 1911 	ld	hl, #0x0030
    00000BAD 09               [11] 1912 	add	hl, bc
    00000BAE 4D               [ 4] 1913 	ld	c, l
    00000BAF 44               [ 4] 1914 	ld	b, h
    00000BB0 C3rCCr0B         [10] 1915 	jp	00254$
    00000BB3                       1916 00234$:
                                   1917 ;E:\Dropbox\FAUSTO\SVILUPPI\MSX\CODE\C\MSXgl\projects\soccerlgMSX2/soccerlg_s21_b3.c:206: else if (team == TEAM_2 && Ball->ly > 256) press_radius += 48;
    00000BB3 DD 7E FE         [19] 1918 	ld	a, -2 (ix)
    00000BB6 B7               [ 4] 1919 	or	a, a
    00000BB7 28 13            [12] 1920 	jr	Z, 00254$
    00000BB9 DD 6E EE         [19] 1921 	ld	l, -18 (ix)
                                   1922 ;	spillPairReg hl
                                   1923 ;	spillPairReg hl
    00000BBC DD 66 EF         [19] 1924 	ld	h, -17 (ix)
                                   1925 ;	spillPairReg hl
                                   1926 ;	spillPairReg hl
    00000BBF AF               [ 4] 1927 	xor	a, a
    00000BC0 BD               [ 4] 1928 	cp	a, l
    00000BC1 3E 01            [ 7] 1929 	ld	a, #0x01
    00000BC3 9C               [ 4] 1930 	sbc	a, h
    00000BC4 30 06            [12] 1931 	jr	NC, 00254$
    00000BC6 21 30 00         [10] 1932 	ld	hl, #0x0030
    00000BC9 09               [11] 1933 	add	hl, bc
    00000BCA 4D               [ 4] 1934 	ld	c, l
    00000BCB 44               [ 4] 1935 	ld	b, h
    00000BCC                       1936 00254$:
                                   1937 ;E:\Dropbox\FAUSTO\SVILUPPI\MSX\CODE\C\MSXgl\projects\soccerlgMSX2/soccerlg_s21_b3.c:210: if (should_press && b_dist_x < press_radius && b_dist_y < press_radius) {
    00000BCC 7A               [ 4] 1938 	ld	a, d
    00000BCD B7               [ 4] 1939 	or	a, a
    00000BCE CAr45r0E         [10] 1940 	jp	Z, 00308$
    00000BD1 DD 7E E8         [19] 1941 	ld	a, -24 (ix)
    00000BD4 91               [ 4] 1942 	sub	a, c
    00000BD5 DD 7E E9         [19] 1943 	ld	a, -23 (ix)
    00000BD8 98               [ 4] 1944 	sbc	a, b
    00000BD9 D2r45r0E         [10] 1945 	jp	NC, 00308$
    00000BDC DD 7E F0         [19] 1946 	ld	a, -16 (ix)
    00000BDF 91               [ 4] 1947 	sub	a, c
    00000BE0 DD 7E F1         [19] 1948 	ld	a, -15 (ix)
    00000BE3 98               [ 4] 1949 	sbc	a, b
    00000BE4 D2r45r0E         [10] 1950 	jp	NC, 00308$
                                   1951 ;E:\Dropbox\FAUSTO\SVILUPPI\MSX\CODE\C\MSXgl\projects\soccerlgMSX2/soccerlg_s21_b3.c:211: target_x = Ball->lx;
    00000BE7 DD 7E E5         [19] 1952 	ld	a, -27 (ix)
    00000BEA DD 77 FA         [19] 1953 	ld	-6 (ix), a
    00000BED DD 36 FB 00      [19] 1954 	ld	-5 (ix), #0x00
                                   1955 ;E:\Dropbox\FAUSTO\SVILUPPI\MSX\CODE\C\MSXgl\projects\soccerlgMSX2/soccerlg_s21_b3.c:212: target_y = Ball->ly;
    00000BF1 DD 7E EE         [19] 1956 	ld	a, -18 (ix)
    00000BF4 DD 4E EF         [19] 1957 	ld	c, -17 (ix)
    00000BF7 DD 77 FC         [19] 1958 	ld	-4 (ix), a
    00000BFA DD 71 FD         [19] 1959 	ld	-3 (ix), c
                                   1960 ;E:\Dropbox\FAUSTO\SVILUPPI\MSX\CODE\C\MSXgl\projects\soccerlgMSX2/soccerlg_s21_b3.c:215: if (g_is_ball_carried && LastTouchTeam != team && b_dist_x <= 36 && b_dist_y <= 24 && Player->count == 0 && RestartType == 0 && Ball->count == 0) {
    00000BFD 3Ar00r00         [13] 1961 	ld	a, (_g_is_ball_carried+0)
    00000C00 B7               [ 4] 1962 	or	a, a
    00000C01 CArBFr0C         [10] 1963 	jp	Z, 00258$
    00000C04 3Ar00r00         [13] 1964 	ld	a, (_LastTouchTeam+0)
    00000C07 DD 96 E3         [19] 1965 	sub	a, -29 (ix)
    00000C0A CArBFr0C         [10] 1966 	jp	Z,00258$
    00000C0D DD 4E E8         [19] 1967 	ld	c, -24 (ix)
    00000C10 DD 46 E9         [19] 1968 	ld	b, -23 (ix)
    00000C13 3E 24            [ 7] 1969 	ld	a, #0x24
    00000C15 B9               [ 4] 1970 	cp	a, c
    00000C16 3E 00            [ 7] 1971 	ld	a, #0x00
    00000C18 98               [ 4] 1972 	sbc	a, b
    00000C19 DArBFr0C         [10] 1973 	jp	C, 00258$
    00000C1C DD 4E F0         [19] 1974 	ld	c, -16 (ix)
    00000C1F DD 46 F1         [19] 1975 	ld	b, -15 (ix)
    00000C22 3E 18            [ 7] 1976 	ld	a, #0x18
    00000C24 B9               [ 4] 1977 	cp	a, c
    00000C25 3E 00            [ 7] 1978 	ld	a, #0x00
    00000C27 98               [ 4] 1979 	sbc	a, b
    00000C28 DArBFr0C         [10] 1980 	jp	C, 00258$
    00000C2B DD 7E E1         [19] 1981 	ld	a, -31 (ix)
    00000C2E C6 15            [ 7] 1982 	add	a, #0x15
    00000C30 4F               [ 4] 1983 	ld	c, a
    00000C31 DD 7E E2         [19] 1984 	ld	a, -30 (ix)
    00000C34 CE 00            [ 7] 1985 	adc	a, #0x00
    00000C36 47               [ 4] 1986 	ld	b, a
    00000C37 69               [ 4] 1987 	ld	l, c
    00000C38 60               [ 4] 1988 	ld	h, b
    00000C39 56               [ 7] 1989 	ld	d, (hl)
    00000C3A 23               [ 6] 1990 	inc	hl
    00000C3B 7E               [ 7] 1991 	ld	a, (hl)
    00000C3C B2               [ 4] 1992 	or	a, d
    00000C3D C2rBFr0C         [10] 1993 	jp	NZ, 00258$
    00000C40 3Ar00r00         [13] 1994 	ld	a, (_RestartType+0)
    00000C43 B7               [ 4] 1995 	or	a, a
    00000C44 20 79            [12] 1996 	jr	NZ, 00258$
    00000C46 2Ar57r01         [16] 1997 	ld	hl, (#(_SwSprite + 322) + 21)
    00000C49 7C               [ 4] 1998 	ld	a, h
    00000C4A B5               [ 4] 1999 	or	a, l
    00000C4B 20 72            [12] 2000 	jr	NZ, 00258$
                                   2001 ;E:\Dropbox\FAUSTO\SVILUPPI\MSX\CODE\C\MSXgl\projects\soccerlgMSX2/soccerlg_s21_b3.c:216: u8 slide_chance = 20 + (g_ActiveStats[team].aggro_defense * 15); 
    00000C4D 7B               [ 4] 2002 	ld	a, e
    00000C4E 87               [ 4] 2003 	add	a, a
    00000C4F 87               [ 4] 2004 	add	a, a
    00000C50 87               [ 4] 2005 	add	a, a
    00000C51 87               [ 4] 2006 	add	a, a
    00000C52 93               [ 4] 2007 	sub	a, e
    00000C53 C6 14            [ 7] 2008 	add	a, #0x14
    00000C55 DD 77 FE         [19] 2009 	ld	-2 (ix), a
                                   2010 ;E:\Dropbox\FAUSTO\SVILUPPI\MSX\CODE\C\MSXgl\projects\soccerlgMSX2/soccerlg_s21_b3.c:217: if ((Frms + i * 7) % 100 < slide_chance) {
    00000C58 3Ar00r00         [13] 2011 	ld	a, (_Frms+0)
    00000C5B 5F               [ 4] 2012 	ld	e, a
    00000C5C 16 00            [ 7] 2013 	ld	d, #0x00
    00000C5E DD 6E FF         [19] 2014 	ld	l, -1 (ix)
                                   2015 ;	spillPairReg hl
                                   2016 ;	spillPairReg hl
    00000C61 26 00            [ 7] 2017 	ld	h, #0x00
                                   2018 ;	spillPairReg hl
                                   2019 ;	spillPairReg hl
    00000C63 D5               [11] 2020 	push	de
    00000C64 5D               [ 4] 2021 	ld	e, l
    00000C65 54               [ 4] 2022 	ld	d, h
    00000C66 29               [11] 2023 	add	hl, hl
    00000C67 19               [11] 2024 	add	hl, de
    00000C68 29               [11] 2025 	add	hl, hl
    00000C69 19               [11] 2026 	add	hl, de
    00000C6A D1               [10] 2027 	pop	de
    00000C6B 19               [11] 2028 	add	hl, de
    00000C6C C5               [11] 2029 	push	bc
    00000C6D 11 64 00         [10] 2030 	ld	de, #0x0064
    00000C70 CDr00r00         [17] 2031 	call	__modsint
    00000C73 C1               [10] 2032 	pop	bc
    00000C74 DD 6E FE         [19] 2033 	ld	l, -2 (ix)
                                   2034 ;	spillPairReg hl
                                   2035 ;	spillPairReg hl
    00000C77 26 00            [ 7] 2036 	ld	h, #0x00
                                   2037 ;	spillPairReg hl
                                   2038 ;	spillPairReg hl
    00000C79 7B               [ 4] 2039 	ld	a, e
    00000C7A 95               [ 4] 2040 	sub	a, l
    00000C7B 7A               [ 4] 2041 	ld	a, d
    00000C7C 9C               [ 4] 2042 	sbc	a, h
    00000C7D E2r82r0C         [10] 2043 	jp	PO, 01851$
    00000C80 EE 80            [ 7] 2044 	xor	a, #0x80
    00000C82                       2045 01851$:
    00000C82 F2rBFr0C         [10] 2046 	jp	P, 00258$
                                   2047 ;E:\Dropbox\FAUSTO\SVILUPPI\MSX\CODE\C\MSXgl\projects\soccerlgMSX2/soccerlg_s21_b3.c:218: Player->count = 30; // durata scivolata + cooldown per penalità se manca la palla
    00000C85 3E 1E            [ 7] 2048 	ld	a, #0x1e
    00000C87 02               [ 7] 2049 	ld	(bc), a
    00000C88 03               [ 6] 2050 	inc	bc
    00000C89 AF               [ 4] 2051 	xor	a, a
    00000C8A 02               [ 7] 2052 	ld	(bc), a
                                   2053 ;E:\Dropbox\FAUSTO\SVILUPPI\MSX\CODE\C\MSXgl\projects\soccerlgMSX2/soccerlg_s21_b3.c:219: Player->dx = (Ball->lx > Player->lx) ? 4 : -4;
    00000C8B DD 7E E1         [19] 2054 	ld	a, -31 (ix)
    00000C8E C6 11            [ 7] 2055 	add	a, #0x11
    00000C90 4F               [ 4] 2056 	ld	c, a
    00000C91 DD 7E E2         [19] 2057 	ld	a, -30 (ix)
    00000C94 CE 00            [ 7] 2058 	adc	a, #0x00
    00000C96 47               [ 4] 2059 	ld	b, a
    00000C97 21r42r01         [10] 2060 	ld	hl, #(_SwSprite + 322)
    00000C9A 5E               [ 7] 2061 	ld	e, (hl)
    00000C9B DD 6E E1         [19] 2062 	ld	l, -31 (ix)
    00000C9E DD 66 E2         [19] 2063 	ld	h, -30 (ix)
    00000CA1 7E               [ 7] 2064 	ld	a, (hl)
    00000CA2 93               [ 4] 2065 	sub	a, e
    00000CA3 30 06            [12] 2066 	jr	NC, 00509$
    00000CA5 11 04 00         [10] 2067 	ld	de, #0x0004
    00000CA8 C3rAEr0C         [10] 2068 	jp	00510$
    00000CAB                       2069 00509$:
    00000CAB 11 FC FF         [10] 2070 	ld	de, #0xfffc
    00000CAE                       2071 00510$:
    00000CAE 7B               [ 4] 2072 	ld	a, e
    00000CAF 02               [ 7] 2073 	ld	(bc), a
                                   2074 ;E:\Dropbox\FAUSTO\SVILUPPI\MSX\CODE\C\MSXgl\projects\soccerlgMSX2/soccerlg_s21_b3.c:220: Player->dy = 0; // Solo scivolata orizzontale
    00000CB0 DD 6E E1         [19] 2075 	ld	l, -31 (ix)
    00000CB3 DD 66 E2         [19] 2076 	ld	h, -30 (ix)
    00000CB6 11 12 00         [10] 2077 	ld	de, #0x0012
    00000CB9 19               [11] 2078 	add	hl, de
    00000CBA 36 00            [10] 2079 	ld	(hl), #0x00
                                   2080 ;E:\Dropbox\FAUSTO\SVILUPPI\MSX\CODE\C\MSXgl\projects\soccerlgMSX2/soccerlg_s21_b3.c:221: return; // Esce e inizia la scivolata dal prossimo frame
    00000CBC C3rD6r1C         [10] 2081 	jp	00421$
    00000CBF                       2082 00258$:
                                   2083 ;E:\Dropbox\FAUSTO\SVILUPPI\MSX\CODE\C\MSXgl\projects\soccerlgMSX2/soccerlg_s21_b3.c:226: bool is_free_ball = (!g_is_ball_carried);
    00000CBF 3Ar00r00         [13] 2084 	ld	a, (_g_is_ball_carried+0)
    00000CC2 D6 01            [ 7] 2085 	sub	a,#0x01
    00000CC4 3E 00            [ 7] 2086 	ld	a, #0x00
    00000CC6 17               [ 4] 2087 	rla
    00000CC7 DD 77 FE         [19] 2088 	ld	-2 (ix), a
                                   2089 ;E:\Dropbox\FAUSTO\SVILUPPI\MSX\CODE\C\MSXgl\projects\soccerlgMSX2/soccerlg_s21_b3.c:227: bool can_steal_standing = FALSE;
    00000CCA 0E 00            [ 7] 2090 	ld	c, #0x00
                                   2091 ;E:\Dropbox\FAUSTO\SVILUPPI\MSX\CODE\C\MSXgl\projects\soccerlgMSX2/soccerlg_s21_b3.c:229: if (is_free_ball || (LastTouchTeam == team && LastTouchPlayer != i)) {
    00000CCC DD 7E FE         [19] 2092 	ld	a, -2 (ix)
    00000CCF B7               [ 4] 2093 	or	a, a
    00000CD0 20 17            [12] 2094 	jr	NZ, 00282$
                                   2095 ;E:\Dropbox\FAUSTO\SVILUPPI\MSX\CODE\C\MSXgl\projects\soccerlgMSX2/soccerlg_s21_b3.c:34: if (Ball->anim == 5 && LastTouchTeam == team) ball_free_nearby = FALSE; // Non disturbare i propri passaggi
    00000CD2 3Ar00r00         [13] 2096 	ld	a, (_LastTouchTeam+0)
    00000CD5 DD 96 E3         [19] 2097 	sub	a, -29 (ix)
    00000CD8 3E 01            [ 7] 2098 	ld	a, #0x01
    00000CDA 28 01            [12] 2099 	jr	Z, 01853$
    00000CDC AF               [ 4] 2100 	xor	a, a
    00000CDD                       2101 01853$:
                                   2102 ;E:\Dropbox\FAUSTO\SVILUPPI\MSX\CODE\C\MSXgl\projects\soccerlgMSX2/soccerlg_s21_b3.c:229: if (is_free_ball || (LastTouchTeam == team && LastTouchPlayer != i)) {
    00000CDD 47               [ 4] 2103 	ld	b, a
    00000CDE B7               [ 4] 2104 	or	a, a
    00000CDF 28 2B            [12] 2105 	jr	Z, 00283$
    00000CE1 3Ar00r00         [13] 2106 	ld	a, (_LastTouchPlayer+0)
    00000CE4 DD 96 FF         [19] 2107 	sub	a, -1 (ix)
    00000CE7 28 23            [12] 2108 	jr	Z, 00283$
    00000CE9                       2109 00282$:
                                   2110 ;E:\Dropbox\FAUSTO\SVILUPPI\MSX\CODE\C\MSXgl\projects\soccerlgMSX2/soccerlg_s21_b3.c:231: if (b_dist_x <= 20 && b_dist_y <= 20) can_steal_standing = TRUE;
    00000CE9 DD 46 E8         [19] 2111 	ld	b, -24 (ix)
    00000CEC DD 5E E9         [19] 2112 	ld	e, -23 (ix)
    00000CEF 3E 14            [ 7] 2113 	ld	a, #0x14
    00000CF1 B8               [ 4] 2114 	cp	a, b
    00000CF2 3E 00            [ 7] 2115 	ld	a, #0x00
    00000CF4 9B               [ 4] 2116 	sbc	a, e
    00000CF5 DAr97r0D         [10] 2117 	jp	C, 00284$
    00000CF8 DD 46 F0         [19] 2118 	ld	b, -16 (ix)
    00000CFB DD 5E F1         [19] 2119 	ld	e, -15 (ix)
    00000CFE 3E 14            [ 7] 2120 	ld	a, #0x14
    00000D00 B8               [ 4] 2121 	cp	a, b
    00000D01 3E 00            [ 7] 2122 	ld	a, #0x00
    00000D03 9B               [ 4] 2123 	sbc	a, e
    00000D04 DAr97r0D         [10] 2124 	jp	C, 00284$
    00000D07 0E 01            [ 7] 2125 	ld	c, #0x01
    00000D09 C3r97r0D         [10] 2126 	jp	00284$
    00000D0C                       2127 00283$:
                                   2128 ;E:\Dropbox\FAUSTO\SVILUPPI\MSX\CODE\C\MSXgl\projects\soccerlgMSX2/soccerlg_s21_b3.c:232: } else if (LastTouchTeam != team && LastTouchTeam != 0xFF) {
    00000D0C CB 40            [ 8] 2129 	bit	0, b
    00000D0E C2r97r0D         [10] 2130 	jp	NZ, 00284$
    00000D11 DD CB F9 46      [20] 2131 	bit	0, -7 (ix)
    00000D15 C2r97r0D         [10] 2132 	jp	NZ, 00284$
                                   2133 ;E:\Dropbox\FAUSTO\SVILUPPI\MSX\CODE\C\MSXgl\projects\soccerlgMSX2/soccerlg_s21_b3.c:234: u8 opp_idx = LastTouchPlayer;
    00000D18 3Ar00r00         [13] 2134 	ld	a, (_LastTouchPlayer+0)
                                   2135 ;E:\Dropbox\FAUSTO\SVILUPPI\MSX\CODE\C\MSXgl\projects\soccerlgMSX2/soccerlg_s21_b3.c:235: struct ObjectInfo* Opponent = &SwSprite[opp_idx];
    00000D1B 5F               [ 4] 2136 	ld	e, a
    00000D1C 16 00            [ 7] 2137 	ld	d, #0x00
    00000D1E 6B               [ 4] 2138 	ld	l, e
    00000D1F 62               [ 4] 2139 	ld	h, d
    00000D20 29               [11] 2140 	add	hl, hl
    00000D21 29               [11] 2141 	add	hl, hl
    00000D22 19               [11] 2142 	add	hl, de
    00000D23 29               [11] 2143 	add	hl, hl
    00000D24 19               [11] 2144 	add	hl, de
    00000D25 29               [11] 2145 	add	hl, hl
    00000D26 19               [11] 2146 	add	hl, de
    00000D27 11r00r00         [10] 2147 	ld	de, #_SwSprite
    00000D2A 19               [11] 2148 	add	hl, de
                                   2149 ;E:\Dropbox\FAUSTO\SVILUPPI\MSX\CODE\C\MSXgl\projects\soccerlgMSX2/soccerlg_s21_b3.c:237: bool is_in_front = FALSE;
    00000D2B DD 36 F7 00      [19] 2150 	ld	-9 (ix), #0x00
                                   2151 ;E:\Dropbox\FAUSTO\SVILUPPI\MSX\CODE\C\MSXgl\projects\soccerlgMSX2/soccerlg_s21_b3.c:239: if (Player->ly > Opponent->ly - 4) is_in_front = TRUE; // Difensore (Team 2) deve essere "sotto"
    00000D2F DD 7E EC         [19] 2152 	ld	a, -20 (ix)
    00000D32 DD 77 F8         [19] 2153 	ld	-8 (ix), a
    00000D35 DD 7E ED         [19] 2154 	ld	a, -19 (ix)
    00000D38 DD 77 F9         [19] 2155 	ld	-7 (ix), a
    00000D3B 11 04 00         [10] 2156 	ld	de, #0x0004
    00000D3E 19               [11] 2157 	add	hl, de
    00000D3F 5E               [ 7] 2158 	ld	e, (hl)
    00000D40 23               [ 6] 2159 	inc	hl
    00000D41 56               [ 7] 2160 	ld	d, (hl)
                                   2161 ;E:\Dropbox\FAUSTO\SVILUPPI\MSX\CODE\C\MSXgl\projects\soccerlgMSX2/soccerlg_s21_b3.c:238: if (LastTouchTeam == TEAM_1) { // Avversario (Team 1) attacca verso Sud (Y crescente)
    00000D42 3Ar00r00         [13] 2162 	ld	a, (_LastTouchTeam+0)
    00000D45 B7               [ 4] 2163 	or	a, a
    00000D46 20 19            [12] 2164 	jr	NZ, 00273$
                                   2165 ;E:\Dropbox\FAUSTO\SVILUPPI\MSX\CODE\C\MSXgl\projects\soccerlgMSX2/soccerlg_s21_b3.c:239: if (Player->ly > Opponent->ly - 4) is_in_front = TRUE; // Difensore (Team 2) deve essere "sotto"
    00000D48 7B               [ 4] 2166 	ld	a, e
    00000D49 C6 FC            [ 7] 2167 	add	a, #0xfc
    00000D4B 47               [ 4] 2168 	ld	b, a
    00000D4C 7A               [ 4] 2169 	ld	a, d
    00000D4D CE FF            [ 7] 2170 	adc	a, #0xff
    00000D4F 5F               [ 4] 2171 	ld	e, a
    00000D50 78               [ 4] 2172 	ld	a, b
    00000D51 DD 96 F8         [19] 2173 	sub	a, -8 (ix)
    00000D54 7B               [ 4] 2174 	ld	a, e
    00000D55 DD 9E F9         [19] 2175 	sbc	a, -7 (ix)
    00000D58 30 19            [12] 2176 	jr	NC, 00274$
    00000D5A DD 36 F7 01      [19] 2177 	ld	-9 (ix), #0x01
    00000D5E C3r73r0D         [10] 2178 	jp	00274$
    00000D61                       2179 00273$:
                                   2180 ;E:\Dropbox\FAUSTO\SVILUPPI\MSX\CODE\C\MSXgl\projects\soccerlgMSX2/soccerlg_s21_b3.c:241: if (Player->ly < Opponent->ly + 4) is_in_front = TRUE; // Difensore (Team 1) deve essere "sopra"
    00000D61 13               [ 6] 2181 	inc	de
    00000D62 13               [ 6] 2182 	inc	de
    00000D63 13               [ 6] 2183 	inc	de
    00000D64 13               [ 6] 2184 	inc	de
    00000D65 DD 7E F8         [19] 2185 	ld	a, -8 (ix)
    00000D68 93               [ 4] 2186 	sub	a, e
    00000D69 DD 7E F9         [19] 2187 	ld	a, -7 (ix)
    00000D6C 9A               [ 4] 2188 	sbc	a, d
    00000D6D 30 04            [12] 2189 	jr	NC, 00274$
    00000D6F DD 36 F7 01      [19] 2190 	ld	-9 (ix), #0x01
    00000D73                       2191 00274$:
                                   2192 ;E:\Dropbox\FAUSTO\SVILUPPI\MSX\CODE\C\MSXgl\projects\soccerlgMSX2/soccerlg_s21_b3.c:244: if (is_in_front && b_dist_x <= 14 && b_dist_y <= 14) {
    00000D73 DD 7E F7         [19] 2193 	ld	a, -9 (ix)
    00000D76 B7               [ 4] 2194 	or	a, a
    00000D77 28 1E            [12] 2195 	jr	Z, 00284$
    00000D79 DD 46 E8         [19] 2196 	ld	b, -24 (ix)
    00000D7C DD 5E E9         [19] 2197 	ld	e, -23 (ix)
    00000D7F 3E 0E            [ 7] 2198 	ld	a, #0x0e
    00000D81 B8               [ 4] 2199 	cp	a, b
    00000D82 3E 00            [ 7] 2200 	ld	a, #0x00
    00000D84 9B               [ 4] 2201 	sbc	a, e
    00000D85 38 10            [12] 2202 	jr	C, 00284$
    00000D87 DD 46 F0         [19] 2203 	ld	b, -16 (ix)
    00000D8A DD 5E F1         [19] 2204 	ld	e, -15 (ix)
    00000D8D 3E 0E            [ 7] 2205 	ld	a, #0x0e
    00000D8F B8               [ 4] 2206 	cp	a, b
    00000D90 3E 00            [ 7] 2207 	ld	a, #0x00
    00000D92 9B               [ 4] 2208 	sbc	a, e
    00000D93 38 02            [12] 2209 	jr	C, 00284$
                                   2210 ;E:\Dropbox\FAUSTO\SVILUPPI\MSX\CODE\C\MSXgl\projects\soccerlgMSX2/soccerlg_s21_b3.c:245: can_steal_standing = TRUE;
    00000D95 0E 01            [ 7] 2211 	ld	c, #0x01
    00000D97                       2212 00284$:
                                   2213 ;E:\Dropbox\FAUSTO\SVILUPPI\MSX\CODE\C\MSXgl\projects\soccerlgMSX2/soccerlg_s21_b3.c:249: if (can_steal_standing && Ball->anim < 5 && Ball->count == 0 && RestartType == 0) {
    00000D97 79               [ 4] 2214 	ld	a, c
    00000D98 B7               [ 4] 2215 	or	a, a
    00000D99 CAr45r0E         [10] 2216 	jp	Z, 00308$
    00000D9C DD 7E F3         [19] 2217 	ld	a, -13 (ix)
    00000D9F D6 05            [ 7] 2218 	sub	a, #0x05
    00000DA1 DD 7E F4         [19] 2219 	ld	a, -12 (ix)
    00000DA4 DE 00            [ 7] 2220 	sbc	a, #0x00
    00000DA6 D2r45r0E         [10] 2221 	jp	NC, 00308$
    00000DA9 2Ar57r01         [16] 2222 	ld	hl, (#(_SwSprite + 343) + 0)
    00000DAC 7C               [ 4] 2223 	ld	a, h
    00000DAD B5               [ 4] 2224 	or	a, l
    00000DAE C2r45r0E         [10] 2225 	jp	NZ, 00308$
    00000DB1 3Ar00r00         [13] 2226 	ld	a, (_RestartType+0)
    00000DB4 B7               [ 4] 2227 	or	a, a
    00000DB5 C2r45r0E         [10] 2228 	jp	NZ, 00308$
                                   2229 ;E:\Dropbox\FAUSTO\SVILUPPI\MSX\CODE\C\MSXgl\projects\soccerlgMSX2/soccerlg_s21_b3.c:34: if (Ball->anim == 5 && LastTouchTeam == team) ball_free_nearby = FALSE; // Non disturbare i propri passaggi
    00000DB8 3Ar00r00         [13] 2230 	ld	a, (_LastTouchTeam+0)
    00000DBB DD 96 E3         [19] 2231 	sub	a, -29 (ix)
    00000DBE 3E 01            [ 7] 2232 	ld	a, #0x01
    00000DC0 28 01            [12] 2233 	jr	Z, 01856$
    00000DC2 AF               [ 4] 2234 	xor	a, a
    00000DC3                       2235 01856$:
    00000DC3 4F               [ 4] 2236 	ld	c, a
                                   2237 ;E:\Dropbox\FAUSTO\SVILUPPI\MSX\CODE\C\MSXgl\projects\soccerlgMSX2/soccerlg_s21_b3.c:250: if (LastTouchTeam != team) { // Solo se furto da avversario o palla libera
    00000DC4 41               [ 4] 2238 	ld	b, c
    00000DC5 CB 40            [ 8] 2239 	bit	0, b
    00000DC7 20 42            [12] 2240 	jr	NZ, 00296$
                                   2241 ;E:\Dropbox\FAUSTO\SVILUPPI\MSX\CODE\C\MSXgl\projects\soccerlgMSX2/soccerlg_s21_b3.c:251: Ball->count = is_free_ball ? 10 : 30;
    00000DC9 11r57r01         [10] 2242 	ld	de, #(_SwSprite + 343)
    00000DCC DD 7E FE         [19] 2243 	ld	a, -2 (ix)
    00000DCF B7               [ 4] 2244 	or	a, a
    00000DD0 28 06            [12] 2245 	jr	Z, 00511$
    00000DD2 01 0A 00         [10] 2246 	ld	bc, #0x000a
    00000DD5 C3rDBr0D         [10] 2247 	jp	00512$
    00000DD8                       2248 00511$:
    00000DD8 01 1E 00         [10] 2249 	ld	bc, #0x001e
    00000DDB                       2250 00512$:
    00000DDB 79               [ 4] 2251 	ld	a, c
    00000DDC 12               [ 7] 2252 	ld	(de), a
    00000DDD 13               [ 6] 2253 	inc	de
    00000DDE 78               [ 4] 2254 	ld	a, b
    00000DDF 12               [ 7] 2255 	ld	(de), a
                                   2256 ;E:\Dropbox\FAUSTO\SVILUPPI\MSX\CODE\C\MSXgl\projects\soccerlgMSX2/soccerlg_s21_b3.c:252: LastTouchTeam = team;
    00000DE0 DD 7E E3         [19] 2257 	ld	a, -29 (ix)
    00000DE3 32r00r00         [13] 2258 	ld	(_LastTouchTeam+0), a
                                   2259 ;E:\Dropbox\FAUSTO\SVILUPPI\MSX\CODE\C\MSXgl\projects\soccerlgMSX2/soccerlg_s21_b3.c:253: LastTouchPlayer = i;
    00000DE6 DD 7E FF         [19] 2260 	ld	a, -1 (ix)
    00000DE9 32r00r00         [13] 2261 	ld	(_LastTouchPlayer+0), a
                                   2262 ;E:\Dropbox\FAUSTO\SVILUPPI\MSX\CODE\C\MSXgl\projects\soccerlgMSX2/soccerlg_s21_b3.c:254: g_pass_receiver = 0xFF;
    00000DEC 21r00r00         [10] 2263 	ld	hl, #_g_pass_receiver
    00000DEF 36 FF            [10] 2264 	ld	(hl), #0xff
                                   2265 ;E:\Dropbox\FAUSTO\SVILUPPI\MSX\CODE\C\MSXgl\projects\soccerlgMSX2/soccerlg_s21_b3.c:255: if (Ball->anim > 3) Ball->anim = 3; 
    00000DF1 2Ar55r01         [16] 2266 	ld	hl, (#(_SwSprite + 341) + 0)
    00000DF4 3E 03            [ 7] 2267 	ld	a, #0x03
    00000DF6 BD               [ 4] 2268 	cp	a, l
    00000DF7 3E 00            [ 7] 2269 	ld	a, #0x00
    00000DF9 9C               [ 4] 2270 	sbc	a, h
    00000DFA 30 06            [12] 2271 	jr	NC, 00288$
    00000DFC 21 03 00         [10] 2272 	ld	hl, #0x0003
    00000DFF 22r55r01         [16] 2273 	ld	((_SwSprite + 341)), hl
    00000E02                       2274 00288$:
                                   2275 ;E:\Dropbox\FAUSTO\SVILUPPI\MSX\CODE\C\MSXgl\projects\soccerlgMSX2/soccerlg_s21_b3.c:256: Ball->frame = SPR_BALL_SIZE_1;
    00000E02 21 60 00         [10] 2276 	ld	hl, #0x0060
    00000E05 22r51r01         [16] 2277 	ld	((_SwSprite + 337)), hl
    00000E08 C3r45r0E         [10] 2278 	jp	00308$
    00000E0B                       2279 00296$:
                                   2280 ;E:\Dropbox\FAUSTO\SVILUPPI\MSX\CODE\C\MSXgl\projects\soccerlgMSX2/soccerlg_s21_b3.c:257: } else if (is_free_ball && LastTouchTeam == team && LastTouchPlayer != i) {
    00000E0B DD 7E FE         [19] 2281 	ld	a, -2 (ix)
    00000E0E B7               [ 4] 2282 	or	a, a
    00000E0F 28 34            [12] 2283 	jr	Z, 00308$
    00000E11 79               [ 4] 2284 	ld	a, c
    00000E12 B7               [ 4] 2285 	or	a, a
    00000E13 28 30            [12] 2286 	jr	Z, 00308$
    00000E15 3Ar00r00         [13] 2287 	ld	a, (_LastTouchPlayer+0)
    00000E18 DD 96 FF         [19] 2288 	sub	a, -1 (ix)
    00000E1B 28 28            [12] 2289 	jr	Z, 00308$
                                   2290 ;E:\Dropbox\FAUSTO\SVILUPPI\MSX\CODE\C\MSXgl\projects\soccerlgMSX2/soccerlg_s21_b3.c:259: Ball->count = 20; // Immunità alla ricezione
    00000E1D 21 14 00         [10] 2291 	ld	hl, #0x0014
    00000E20 22r57r01         [16] 2292 	ld	((_SwSprite + 343)), hl
                                   2293 ;E:\Dropbox\FAUSTO\SVILUPPI\MSX\CODE\C\MSXgl\projects\soccerlgMSX2/soccerlg_s21_b3.c:260: LastTouchPlayer = i;
    00000E23 DD 7E FF         [19] 2294 	ld	a, -1 (ix)
    00000E26 32r00r00         [13] 2295 	ld	(_LastTouchPlayer+0), a
                                   2296 ;E:\Dropbox\FAUSTO\SVILUPPI\MSX\CODE\C\MSXgl\projects\soccerlgMSX2/soccerlg_s21_b3.c:261: g_pass_receiver = 0xFF;
    00000E29 21r00r00         [10] 2297 	ld	hl, #_g_pass_receiver
    00000E2C 36 FF            [10] 2298 	ld	(hl), #0xff
                                   2299 ;E:\Dropbox\FAUSTO\SVILUPPI\MSX\CODE\C\MSXgl\projects\soccerlgMSX2/soccerlg_s21_b3.c:262: if (Ball->anim > 3) Ball->anim = 3; 
    00000E2E 2Ar55r01         [16] 2300 	ld	hl, (#(_SwSprite + 341) + 0)
    00000E31 3E 03            [ 7] 2301 	ld	a, #0x03
    00000E33 BD               [ 4] 2302 	cp	a, l
    00000E34 3E 00            [ 7] 2303 	ld	a, #0x00
    00000E36 9C               [ 4] 2304 	sbc	a, h
    00000E37 30 06            [12] 2305 	jr	NC, 00290$
    00000E39 21 03 00         [10] 2306 	ld	hl, #0x0003
    00000E3C 22r55r01         [16] 2307 	ld	((_SwSprite + 341)), hl
    00000E3F                       2308 00290$:
                                   2309 ;E:\Dropbox\FAUSTO\SVILUPPI\MSX\CODE\C\MSXgl\projects\soccerlgMSX2/soccerlg_s21_b3.c:263: Ball->frame = SPR_BALL_SIZE_1;
    00000E3F 21 60 00         [10] 2310 	ld	hl, #0x0060
    00000E42 22r51r01         [16] 2311 	ld	((_SwSprite + 337)), hl
    00000E45                       2312 00308$:
                                   2313 ;E:\Dropbox\FAUSTO\SVILUPPI\MSX\CODE\C\MSXgl\projects\soccerlgMSX2/soccerlg_s21_b3.c:270: bool is_cpu_team = (GameMode == GAMEMODE_P1_VS_CPU && team == TEAM_1);
    00000E45 3Ar00r00         [13] 2314 	ld	a, (_GameMode+0)
    00000E48 B7               [ 4] 2315 	or	a, a
    00000E49 20 06            [12] 2316 	jr	NZ, 00513$
    00000E4B DD 7E E3         [19] 2317 	ld	a, -29 (ix)
    00000E4E B7               [ 4] 2318 	or	a, a
    00000E4F 28 05            [12] 2319 	jr	Z, 00514$
    00000E51                       2320 00513$:
    00000E51 0E 00            [ 7] 2321 	ld	c, #0x00
    00000E53 C3r58r0E         [10] 2322 	jp	00515$
    00000E56                       2323 00514$:
    00000E56 0E 01            [ 7] 2324 	ld	c, #0x01
    00000E58                       2325 00515$:
                                   2326 ;E:\Dropbox\FAUSTO\SVILUPPI\MSX\CODE\C\MSXgl\projects\soccerlgMSX2/soccerlg_s21_b3.c:271: if (is_cpu_team && i == closest_mate && LastTouchTeam == team && g_is_ball_carried) {
    00000E58 DD 71 FE         [19] 2327 	ld	-2 (ix), c
    00000E5B 79               [ 4] 2328 	ld	a, c
    00000E5C B7               [ 4] 2329 	or	a, a
    00000E5D CArFDr17         [10] 2330 	jp	Z, 00387$
    00000E60 DD 7E E4         [19] 2331 	ld	a, -28 (ix)
    00000E63 DD 96 FF         [19] 2332 	sub	a, -1 (ix)
    00000E66 C2rFDr17         [10] 2333 	jp	NZ,00387$
    00000E69 3Ar00r00         [13] 2334 	ld	a, (_LastTouchTeam+0)
    00000E6C DD 96 E3         [19] 2335 	sub	a, -29 (ix)
    00000E6F C2rFDr17         [10] 2336 	jp	NZ,00387$
    00000E72 3Ar00r00         [13] 2337 	ld	a, (_g_is_ball_carried+0)
    00000E75 B7               [ 4] 2338 	or	a, a
    00000E76 CArFDr17         [10] 2339 	jp	Z, 00387$
                                   2340 ;E:\Dropbox\FAUSTO\SVILUPPI\MSX\CODE\C\MSXgl\projects\soccerlgMSX2/soccerlg_s21_b3.c:272: u16 d_bx = (Player->lx > Ball->lx) ? (Player->lx - Ball->lx) : (Ball->lx - Player->lx);
    00000E79 DD 6E E1         [19] 2341 	ld	l, -31 (ix)
    00000E7C DD 66 E2         [19] 2342 	ld	h, -30 (ix)
    00000E7F 7E               [ 7] 2343 	ld	a, (hl)
    00000E80 DD 77 EC         [19] 2344 	ld	-20 (ix), a
    00000E83 3Ar42r01         [13] 2345 	ld	a, (#(_SwSprite + 322) + 0)
    00000E86 DD 77 FC         [19] 2346 	ld	-4 (ix), a
    00000E89 DD 7E EC         [19] 2347 	ld	a, -20 (ix)
    00000E8C DD 77 F6         [19] 2348 	ld	-10 (ix), a
    00000E8F DD 36 F7 00      [19] 2349 	ld	-9 (ix), #0x00
    00000E93 DD 7E FC         [19] 2350 	ld	a, -4 (ix)
    00000E96 DD 77 FA         [19] 2351 	ld	-6 (ix), a
    00000E99 DD 36 FB 00      [19] 2352 	ld	-5 (ix), #0x00
    00000E9D DD 7E FC         [19] 2353 	ld	a, -4 (ix)
    00000EA0 DD 96 EC         [19] 2354 	sub	a, -20 (ix)
    00000EA3 30 15            [12] 2355 	jr	NC, 00516$
    00000EA5 DD 7E F6         [19] 2356 	ld	a, -10 (ix)
    00000EA8 DD 96 FA         [19] 2357 	sub	a, -6 (ix)
    00000EAB DD 77 FD         [19] 2358 	ld	-3 (ix), a
    00000EAE DD 7E F7         [19] 2359 	ld	a, -9 (ix)
    00000EB1 DD 9E FB         [19] 2360 	sbc	a, -5 (ix)
    00000EB4 DD 77 FE         [19] 2361 	ld	-2 (ix), a
    00000EB7 C3rCCr0E         [10] 2362 	jp	00517$
    00000EBA                       2363 00516$:
    00000EBA DD 7E FA         [19] 2364 	ld	a, -6 (ix)
    00000EBD DD 96 F6         [19] 2365 	sub	a, -10 (ix)
    00000EC0 DD 77 FD         [19] 2366 	ld	-3 (ix), a
    00000EC3 DD 7E FB         [19] 2367 	ld	a, -5 (ix)
    00000EC6 DD 9E F7         [19] 2368 	sbc	a, -9 (ix)
    00000EC9 DD 77 FE         [19] 2369 	ld	-2 (ix), a
    00000ECC                       2370 00517$:
    00000ECC DD 7E FD         [19] 2371 	ld	a, -3 (ix)
    00000ECF DD 77 F2         [19] 2372 	ld	-14 (ix), a
    00000ED2 DD 7E FE         [19] 2373 	ld	a, -2 (ix)
    00000ED5 DD 77 F3         [19] 2374 	ld	-13 (ix), a
                                   2375 ;E:\Dropbox\FAUSTO\SVILUPPI\MSX\CODE\C\MSXgl\projects\soccerlgMSX2/soccerlg_s21_b3.c:273: u16 d_by = (Player->ly > Ball->ly) ? (Player->ly - Ball->ly) : (Ball->ly - Player->ly);
    00000ED8 DD 6E EA         [19] 2376 	ld	l, -22 (ix)
    00000EDB DD 66 EB         [19] 2377 	ld	h, -21 (ix)
    00000EDE 7E               [ 7] 2378 	ld	a, (hl)
    00000EDF DD 77 F8         [19] 2379 	ld	-8 (ix), a
    00000EE2 23               [ 6] 2380 	inc	hl
    00000EE3 7E               [ 7] 2381 	ld	a, (hl)
    00000EE4 DD 77 F9         [19] 2382 	ld	-7 (ix), a
    00000EE7 21r46r01         [10] 2383 	ld	hl, #(_SwSprite + 326)
    00000EEA 7E               [ 7] 2384 	ld	a, (hl)
    00000EEB DD 77 FD         [19] 2385 	ld	-3 (ix), a
    00000EEE 23               [ 6] 2386 	inc	hl
    00000EEF 7E               [ 7] 2387 	ld	a, (hl)
    00000EF0 DD 77 FE         [19] 2388 	ld	-2 (ix), a
    00000EF3 DD 7E FD         [19] 2389 	ld	a, -3 (ix)
    00000EF6 DD 96 F8         [19] 2390 	sub	a, -8 (ix)
    00000EF9 DD 7E FE         [19] 2391 	ld	a, -2 (ix)
    00000EFC DD 9E F9         [19] 2392 	sbc	a, -7 (ix)
    00000EFF 30 15            [12] 2393 	jr	NC, 00518$
    00000F01 DD 7E F8         [19] 2394 	ld	a, -8 (ix)
    00000F04 DD 96 FD         [19] 2395 	sub	a, -3 (ix)
    00000F07 DD 77 FA         [19] 2396 	ld	-6 (ix), a
    00000F0A DD 7E F9         [19] 2397 	ld	a, -7 (ix)
    00000F0D DD 9E FE         [19] 2398 	sbc	a, -2 (ix)
    00000F10 DD 77 FB         [19] 2399 	ld	-5 (ix), a
    00000F13 C3r28r0F         [10] 2400 	jp	00519$
    00000F16                       2401 00518$:
    00000F16 DD 7E FD         [19] 2402 	ld	a, -3 (ix)
    00000F19 DD 96 F8         [19] 2403 	sub	a, -8 (ix)
    00000F1C DD 77 FA         [19] 2404 	ld	-6 (ix), a
    00000F1F DD 7E FE         [19] 2405 	ld	a, -2 (ix)
    00000F22 DD 9E F9         [19] 2406 	sbc	a, -7 (ix)
    00000F25 DD 77 FB         [19] 2407 	ld	-5 (ix), a
    00000F28                       2408 00519$:
    00000F28 DD 7E FA         [19] 2409 	ld	a, -6 (ix)
    00000F2B DD 77 F4         [19] 2410 	ld	-12 (ix), a
    00000F2E DD 7E FB         [19] 2411 	ld	a, -5 (ix)
    00000F31 DD 77 F5         [19] 2412 	ld	-11 (ix), a
                                   2413 ;E:\Dropbox\FAUSTO\SVILUPPI\MSX\CODE\C\MSXgl\projects\soccerlgMSX2/soccerlg_s21_b3.c:274: if (d_bx + d_by <= 26) {
    00000F34 DD 7E F4         [19] 2414 	ld	a, -12 (ix)
    00000F37 DD 86 F2         [19] 2415 	add	a, -14 (ix)
    00000F3A DD 77 FA         [19] 2416 	ld	-6 (ix), a
    00000F3D DD 7E F5         [19] 2417 	ld	a, -11 (ix)
    00000F40 DD 8E F3         [19] 2418 	adc	a, -13 (ix)
    00000F43 DD 77 FB         [19] 2419 	ld	-5 (ix), a
    00000F46 3E 1A            [ 7] 2420 	ld	a, #0x1a
    00000F48 DD BE FA         [19] 2421 	cp	a, -6 (ix)
    00000F4B 3E 00            [ 7] 2422 	ld	a, #0x00
    00000F4D DD 9E FB         [19] 2423 	sbc	a, -5 (ix)
    00000F50 3E 00            [ 7] 2424 	ld	a, #0x00
    00000F52 17               [ 4] 2425 	rla
    00000F53 DD 77 ED         [19] 2426 	ld	-19 (ix), a
    00000F56 DD CB ED 46      [20] 2427 	bit	0, -19 (ix)
    00000F5A C2rE7r17         [10] 2428 	jp	NZ, 00384$
                                   2429 ;E:\Dropbox\FAUSTO\SVILUPPI\MSX\CODE\C\MSXgl\projects\soccerlgMSX2/soccerlg_s21_b3.c:276: target_x = 128; 
    00000F5D DD 36 FA 80      [19] 2430 	ld	-6 (ix), #0x80
    00000F61 DD 36 FB 00      [19] 2431 	ld	-5 (ix), #0
                                   2432 ;E:\Dropbox\FAUSTO\SVILUPPI\MSX\CODE\C\MSXgl\projects\soccerlgMSX2/soccerlg_s21_b3.c:277: target_y = 480; 
    00000F65 DD 36 FC E0      [19] 2433 	ld	-4 (ix), #0xe0
    00000F69 DD 36 FD 01      [19] 2434 	ld	-3 (ix), #0x01
                                   2435 ;E:\Dropbox\FAUSTO\SVILUPPI\MSX\CODE\C\MSXgl\projects\soccerlgMSX2/soccerlg_s21_b3.c:280: u8 closest_opp = 0xFF;
    00000F6D DD 36 EE FF      [19] 2436 	ld	-18 (ix), #0xff
                                   2437 ;E:\Dropbox\FAUSTO\SVILUPPI\MSX\CODE\C\MSXgl\projects\soccerlgMSX2/soccerlg_s21_b3.c:281: u16 min_opp_dist = 0xFFFF;
    00000F71 DD 36 E8 FF      [19] 2438 	ld	-24 (ix), #0xff
    00000F75 DD 36 E9 FF      [19] 2439 	ld	-23 (ix), #0xff
                                   2440 ;E:\Dropbox\FAUSTO\SVILUPPI\MSX\CODE\C\MSXgl\projects\soccerlgMSX2/soccerlg_s21_b3.c:282: for (u8 j = 7; j < 14; j++) {
    00000F79 DD 36 FE 07      [19] 2441 	ld	-2 (ix), #0x07
    00000F7D                       2442 00419$:
    00000F7D DD 7E FE         [19] 2443 	ld	a, -2 (ix)
    00000F80 D6 0E            [ 7] 2444 	sub	a, #0x0e
    00000F82 D2r71r10         [10] 2445 	jp	NC, 00316$
                                   2446 ;E:\Dropbox\FAUSTO\SVILUPPI\MSX\CODE\C\MSXgl\projects\soccerlgMSX2/soccerlg_s21_b3.c:283: u16 odx = (SwSprite[j].lx > Player->lx) ? (SwSprite[j].lx - Player->lx) : (Player->lx - SwSprite[j].lx);
    00000F85 DD 4E FE         [19] 2447 	ld	c, -2 (ix)
    00000F88 06 00            [ 7] 2448 	ld	b, #0x00
    00000F8A 69               [ 4] 2449 	ld	l, c
    00000F8B 60               [ 4] 2450 	ld	h, b
    00000F8C 29               [11] 2451 	add	hl, hl
    00000F8D 29               [11] 2452 	add	hl, hl
    00000F8E 09               [11] 2453 	add	hl, bc
    00000F8F 29               [11] 2454 	add	hl, hl
    00000F90 09               [11] 2455 	add	hl, bc
    00000F91 29               [11] 2456 	add	hl, hl
    00000F92 09               [11] 2457 	add	hl, bc
    00000F93 DD 75 F2         [19] 2458 	ld	-14 (ix), l
    00000F96 DD 74 F3         [19] 2459 	ld	-13 (ix), h
    00000F99 DD 7E F2         [19] 2460 	ld	a, -14 (ix)
    00000F9C C6r00            [ 7] 2461 	add	a, #<(_SwSprite)
    00000F9E DD 77 F4         [19] 2462 	ld	-12 (ix), a
    00000FA1 DD 7E F3         [19] 2463 	ld	a, -13 (ix)
    00000FA4 CEs00            [ 7] 2464 	adc	a, #>(_SwSprite)
    00000FA6 DD 77 F5         [19] 2465 	ld	-11 (ix), a
    00000FA9 DD 6E F4         [19] 2466 	ld	l, -12 (ix)
    00000FAC DD 66 F5         [19] 2467 	ld	h, -11 (ix)
    00000FAF 4E               [ 7] 2468 	ld	c, (hl)
    00000FB0 DD 71 F0         [19] 2469 	ld	-16 (ix), c
    00000FB3 DD 36 F1 00      [19] 2470 	ld	-15 (ix), #0x00
    00000FB7 DD 7E EC         [19] 2471 	ld	a, -20 (ix)
    00000FBA 91               [ 4] 2472 	sub	a, c
    00000FBB 30 15            [12] 2473 	jr	NC, 00520$
    00000FBD DD 7E F0         [19] 2474 	ld	a, -16 (ix)
    00000FC0 DD 96 F6         [19] 2475 	sub	a, -10 (ix)
    00000FC3 DD 77 F2         [19] 2476 	ld	-14 (ix), a
    00000FC6 DD 7E F1         [19] 2477 	ld	a, -15 (ix)
    00000FC9 DD 9E F7         [19] 2478 	sbc	a, -9 (ix)
    00000FCC DD 77 F3         [19] 2479 	ld	-13 (ix), a
    00000FCF C3rE4r0F         [10] 2480 	jp	00521$
    00000FD2                       2481 00520$:
    00000FD2 DD 7E F6         [19] 2482 	ld	a, -10 (ix)
    00000FD5 DD 96 F0         [19] 2483 	sub	a, -16 (ix)
    00000FD8 DD 77 F2         [19] 2484 	ld	-14 (ix), a
    00000FDB DD 7E F7         [19] 2485 	ld	a, -9 (ix)
    00000FDE DD 9E F1         [19] 2486 	sbc	a, -15 (ix)
    00000FE1 DD 77 F3         [19] 2487 	ld	-13 (ix), a
    00000FE4                       2488 00521$:
    00000FE4 DD 7E F2         [19] 2489 	ld	a, -14 (ix)
    00000FE7 DD 77 F0         [19] 2490 	ld	-16 (ix), a
    00000FEA DD 7E F3         [19] 2491 	ld	a, -13 (ix)
    00000FED DD 77 F1         [19] 2492 	ld	-15 (ix), a
                                   2493 ;E:\Dropbox\FAUSTO\SVILUPPI\MSX\CODE\C\MSXgl\projects\soccerlgMSX2/soccerlg_s21_b3.c:284: u16 ody = (SwSprite[j].ly > Player->ly) ? (SwSprite[j].ly - Player->ly) : (Player->ly - SwSprite[j].ly);
    00000FF0 DD 6E F4         [19] 2494 	ld	l, -12 (ix)
    00000FF3 DD 66 F5         [19] 2495 	ld	h, -11 (ix)
    00000FF6 11 04 00         [10] 2496 	ld	de, #0x0004
    00000FF9 19               [11] 2497 	add	hl, de
    00000FFA 7E               [ 7] 2498 	ld	a, (hl)
    00000FFB DD 77 F2         [19] 2499 	ld	-14 (ix), a
    00000FFE 23               [ 6] 2500 	inc	hl
    00000FFF 7E               [ 7] 2501 	ld	a, (hl)
    00001000 DD 77 F3         [19] 2502 	ld	-13 (ix), a
    00001003 DD 7E F8         [19] 2503 	ld	a, -8 (ix)
    00001006 DD 96 F2         [19] 2504 	sub	a, -14 (ix)
    00001009 DD 7E F9         [19] 2505 	ld	a, -7 (ix)
    0000100C DD 9E F3         [19] 2506 	sbc	a, -13 (ix)
    0000100F 30 15            [12] 2507 	jr	NC, 00522$
    00001011 DD 7E F2         [19] 2508 	ld	a, -14 (ix)
    00001014 DD 96 F8         [19] 2509 	sub	a, -8 (ix)
    00001017 DD 77 F4         [19] 2510 	ld	-12 (ix), a
    0000101A DD 7E F3         [19] 2511 	ld	a, -13 (ix)
    0000101D DD 9E F9         [19] 2512 	sbc	a, -7 (ix)
    00001020 DD 77 F5         [19] 2513 	ld	-11 (ix), a
    00001023 C3r38r10         [10] 2514 	jp	00523$
    00001026                       2515 00522$:
    00001026 DD 7E F8         [19] 2516 	ld	a, -8 (ix)
    00001029 DD 96 F2         [19] 2517 	sub	a, -14 (ix)
    0000102C DD 77 F4         [19] 2518 	ld	-12 (ix), a
    0000102F DD 7E F9         [19] 2519 	ld	a, -7 (ix)
    00001032 DD 9E F3         [19] 2520 	sbc	a, -13 (ix)
    00001035 DD 77 F5         [19] 2521 	ld	-11 (ix), a
    00001038                       2522 00523$:
    00001038 DD 7E F4         [19] 2523 	ld	a, -12 (ix)
    0000103B DD 4E F5         [19] 2524 	ld	c, -11 (ix)
                                   2525 ;E:\Dropbox\FAUSTO\SVILUPPI\MSX\CODE\C\MSXgl\projects\soccerlgMSX2/soccerlg_s21_b3.c:285: if (odx + ody < min_opp_dist) {
    0000103E DD 86 F0         [19] 2526 	add	a, -16 (ix)
    00001041 DD 77 F4         [19] 2527 	ld	-12 (ix), a
    00001044 79               [ 4] 2528 	ld	a, c
    00001045 DD 8E F1         [19] 2529 	adc	a, -15 (ix)
    00001048 DD 77 F5         [19] 2530 	ld	-11 (ix), a
    0000104B DD 7E F4         [19] 2531 	ld	a, -12 (ix)
    0000104E DD 96 E8         [19] 2532 	sub	a, -24 (ix)
    00001051 DD 7E F5         [19] 2533 	ld	a, -11 (ix)
    00001054 DD 9E E9         [19] 2534 	sbc	a, -23 (ix)
    00001057 30 12            [12] 2535 	jr	NC, 00420$
                                   2536 ;E:\Dropbox\FAUSTO\SVILUPPI\MSX\CODE\C\MSXgl\projects\soccerlgMSX2/soccerlg_s21_b3.c:286: min_opp_dist = odx + ody;
    00001059 DD 7E F4         [19] 2537 	ld	a, -12 (ix)
    0000105C DD 77 E8         [19] 2538 	ld	-24 (ix), a
    0000105F DD 7E F5         [19] 2539 	ld	a, -11 (ix)
    00001062 DD 77 E9         [19] 2540 	ld	-23 (ix), a
                                   2541 ;E:\Dropbox\FAUSTO\SVILUPPI\MSX\CODE\C\MSXgl\projects\soccerlgMSX2/soccerlg_s21_b3.c:287: closest_opp = j;
    00001065 DD 7E FE         [19] 2542 	ld	a, -2 (ix)
    00001068 DD 77 EE         [19] 2543 	ld	-18 (ix), a
    0000106B                       2544 00420$:
                                   2545 ;E:\Dropbox\FAUSTO\SVILUPPI\MSX\CODE\C\MSXgl\projects\soccerlgMSX2/soccerlg_s21_b3.c:282: for (u8 j = 7; j < 14; j++) {
    0000106B DD 34 FE         [23] 2546 	inc	-2 (ix)
    0000106E C3r7Dr0F         [10] 2547 	jp	00419$
    00001071                       2548 00316$:
                                   2549 ;E:\Dropbox\FAUSTO\SVILUPPI\MSX\CODE\C\MSXgl\projects\soccerlgMSX2/soccerlg_s21_b3.c:290: bool under_pressure = (min_opp_dist < 40);
    00001071 DD 7E E8         [19] 2550 	ld	a, -24 (ix)
    00001074 DD 46 E9         [19] 2551 	ld	b, -23 (ix)
    00001077 D6 28            [ 7] 2552 	sub	a, #0x28
    00001079 78               [ 4] 2553 	ld	a, b
    0000107A DE 00            [ 7] 2554 	sbc	a, #0x00
    0000107C 3E 00            [ 7] 2555 	ld	a, #0x00
    0000107E 17               [ 4] 2556 	rla
    0000107F DD 77 F5         [19] 2557 	ld	-11 (ix), a
    00001082 DD 77 FE         [19] 2558 	ld	-2 (ix), a
                                   2559 ;E:\Dropbox\FAUSTO\SVILUPPI\MSX\CODE\C\MSXgl\projects\soccerlgMSX2/soccerlg_s21_b3.c:293: if (under_pressure) {
    00001085 DD 7E F5         [19] 2560 	ld	a, -11 (ix)
    00001088 B7               [ 4] 2561 	or	a, a
    00001089 CArE1r11         [10] 2562 	jp	Z, 00320$
                                   2563 ;E:\Dropbox\FAUSTO\SVILUPPI\MSX\CODE\C\MSXgl\projects\soccerlgMSX2/soccerlg_s21_b3.c:294: u8 evade_chance = g_ActiveStats[team].dribble_variation * 15; // Da 15% a 75%
    0000108C DD 4E E3         [19] 2564 	ld	c, -29 (ix)
    0000108F 06 00            [ 7] 2565 	ld	b, #0x00
    00001091 69               [ 4] 2566 	ld	l, c
    00001092 60               [ 4] 2567 	ld	h, b
    00001093 29               [11] 2568 	add	hl, hl
    00001094 09               [11] 2569 	add	hl, bc
    00001095 29               [11] 2570 	add	hl, hl
    00001096 09               [11] 2571 	add	hl, bc
    00001097 DD 75 F2         [19] 2572 	ld	-14 (ix), l
    0000109A DD 74 F3         [19] 2573 	ld	-13 (ix), h
    0000109D 3Er00            [ 7] 2574 	ld	a, #<(_g_ActiveStats)
    0000109F DD 86 F2         [19] 2575 	add	a, -14 (ix)
    000010A2 DD 77 F4         [19] 2576 	ld	-12 (ix), a
    000010A5 3Es00            [ 7] 2577 	ld	a, #>(_g_ActiveStats)
    000010A7 DD 8E F3         [19] 2578 	adc	a, -13 (ix)
    000010AA DD 77 F5         [19] 2579 	ld	-11 (ix), a
    000010AD DD 6E F4         [19] 2580 	ld	l, -12 (ix)
    000010B0 DD 66 F5         [19] 2581 	ld	h, -11 (ix)
    000010B3 23               [ 6] 2582 	inc	hl
    000010B4 23               [ 6] 2583 	inc	hl
    000010B5 23               [ 6] 2584 	inc	hl
    000010B6 7E               [ 7] 2585 	ld	a, (hl)
    000010B7 DD 77 F5         [19] 2586 	ld	-11 (ix), a
    000010BA 4F               [ 4] 2587 	ld	c, a
    000010BB 87               [ 4] 2588 	add	a, a
    000010BC 87               [ 4] 2589 	add	a, a
    000010BD 87               [ 4] 2590 	add	a, a
    000010BE 87               [ 4] 2591 	add	a, a
    000010BF 91               [ 4] 2592 	sub	a, c
    000010C0 DD 77 EF         [19] 2593 	ld	-17 (ix), a
                                   2594 ;E:\Dropbox\FAUSTO\SVILUPPI\MSX\CODE\C\MSXgl\projects\soccerlgMSX2/soccerlg_s21_b3.c:295: u8 rand_evade = ((i * 17) + (Frms / 16) * 13) % 100; // Mantiene la stessa decisione (sterzata) per ~0.25 sec
    000010C3 DD 7E FF         [19] 2595 	ld	a, -1 (ix)
    000010C6 DD 77 F4         [19] 2596 	ld	-12 (ix), a
    000010C9 DD 36 F5 00      [19] 2597 	ld	-11 (ix), #0x00
    000010CD 4F               [ 4] 2598 	ld	c, a
    000010CE 06 00            [ 7] 2599 	ld	b, #0x00
    000010D0 69               [ 4] 2600 	ld	l, c
    000010D1 60               [ 4] 2601 	ld	h, b
    000010D2 29               [11] 2602 	add	hl, hl
    000010D3 29               [11] 2603 	add	hl, hl
    000010D4 29               [11] 2604 	add	hl, hl
    000010D5 29               [11] 2605 	add	hl, hl
    000010D6 09               [11] 2606 	add	hl, bc
    000010D7 DD 75 F0         [19] 2607 	ld	-16 (ix), l
    000010DA DD 74 F1         [19] 2608 	ld	-15 (ix), h
    000010DD 3Ar00r00         [13] 2609 	ld	a, (_Frms+0)
    000010E0 DD 77 F2         [19] 2610 	ld	-14 (ix), a
    000010E3 DD 36 F3 00      [19] 2611 	ld	-13 (ix), #0x00
    000010E7 DD 7E F2         [19] 2612 	ld	a, -14 (ix)
    000010EA DD 77 F4         [19] 2613 	ld	-12 (ix), a
    000010ED DD 7E F3         [19] 2614 	ld	a, -13 (ix)
    000010F0 DD 77 F5         [19] 2615 	ld	-11 (ix), a
    000010F3 DD CB F3 7E      [20] 2616 	bit	7, -13 (ix)
    000010F7 28 10            [12] 2617 	jr	Z, 00524$
    000010F9 DD 7E F2         [19] 2618 	ld	a, -14 (ix)
    000010FC C6 0F            [ 7] 2619 	add	a, #0x0f
    000010FE DD 77 F4         [19] 2620 	ld	-12 (ix), a
    00001101 DD 7E F3         [19] 2621 	ld	a, -13 (ix)
    00001104 CE 00            [ 7] 2622 	adc	a, #0x00
    00001106 DD 77 F5         [19] 2623 	ld	-11 (ix), a
    00001109                       2624 00524$:
    00001109 DD CB F5 2E      [23] 2625 	sra	-11 (ix)
    0000110D DD CB F4 1E      [23] 2626 	rr	-12 (ix)
    00001111 DD CB F5 2E      [23] 2627 	sra	-11 (ix)
    00001115 DD CB F4 1E      [23] 2628 	rr	-12 (ix)
    00001119 DD CB F5 2E      [23] 2629 	sra	-11 (ix)
    0000111D DD CB F4 1E      [23] 2630 	rr	-12 (ix)
    00001121 DD CB F5 2E      [23] 2631 	sra	-11 (ix)
    00001125 DD CB F4 1E      [23] 2632 	rr	-12 (ix)
    00001129 DD 4E F4         [19] 2633 	ld	c, -12 (ix)
    0000112C DD 46 F5         [19] 2634 	ld	b, -11 (ix)
    0000112F 69               [ 4] 2635 	ld	l, c
    00001130 60               [ 4] 2636 	ld	h, b
    00001131 29               [11] 2637 	add	hl, hl
    00001132 09               [11] 2638 	add	hl, bc
    00001133 29               [11] 2639 	add	hl, hl
    00001134 29               [11] 2640 	add	hl, hl
    00001135 09               [11] 2641 	add	hl, bc
    00001136 DD 75 F2         [19] 2642 	ld	-14 (ix), l
    00001139 DD 74 F3         [19] 2643 	ld	-13 (ix), h
    0000113C DD 7E F0         [19] 2644 	ld	a, -16 (ix)
    0000113F DD 86 F2         [19] 2645 	add	a, -14 (ix)
    00001142 DD 77 F4         [19] 2646 	ld	-12 (ix), a
    00001145 DD 7E F1         [19] 2647 	ld	a, -15 (ix)
    00001148 DD 8E F3         [19] 2648 	adc	a, -13 (ix)
    0000114B DD 77 F5         [19] 2649 	ld	-11 (ix), a
    0000114E 11 64 00         [10] 2650 	ld	de, #0x0064
    00001151 DD 6E F4         [19] 2651 	ld	l, -12 (ix)
                                   2652 ;	spillPairReg hl
                                   2653 ;	spillPairReg hl
    00001154 DD 66 F5         [19] 2654 	ld	h, -11 (ix)
                                   2655 ;	spillPairReg hl
                                   2656 ;	spillPairReg hl
    00001157 CDr00r00         [17] 2657 	call	__modsint
    0000115A DD 73 F4         [19] 2658 	ld	-12 (ix), e
    0000115D DD 72 F5         [19] 2659 	ld	-11 (ix), d
                                   2660 ;E:\Dropbox\FAUSTO\SVILUPPI\MSX\CODE\C\MSXgl\projects\soccerlgMSX2/soccerlg_s21_b3.c:296: if (rand_evade < evade_chance) {
    00001160 DD 7E F4         [19] 2661 	ld	a, -12 (ix)
    00001163 DD 96 EF         [19] 2662 	sub	a, -17 (ix)
    00001166 30 79            [12] 2663 	jr	NC, 00320$
                                   2664 ;E:\Dropbox\FAUSTO\SVILUPPI\MSX\CODE\C\MSXgl\projects\soccerlgMSX2/soccerlg_s21_b3.c:297: target_x = (SwSprite[closest_opp].lx > Player->lx) ? ((Player->lx > 48) ? Player->lx - 48 : 24) : ((Player->lx < 208) ? Player->lx + 48 : 232);
    00001168 DD 4E EE         [19] 2665 	ld	c, -18 (ix)
    0000116B 06 00            [ 7] 2666 	ld	b, #0x00
    0000116D 69               [ 4] 2667 	ld	l, c
    0000116E 60               [ 4] 2668 	ld	h, b
    0000116F 29               [11] 2669 	add	hl, hl
    00001170 29               [11] 2670 	add	hl, hl
    00001171 09               [11] 2671 	add	hl, bc
    00001172 29               [11] 2672 	add	hl, hl
    00001173 09               [11] 2673 	add	hl, bc
    00001174 29               [11] 2674 	add	hl, hl
    00001175 09               [11] 2675 	add	hl, bc
    00001176 DD 75 FA         [19] 2676 	ld	-6 (ix), l
    00001179 DD 74 FB         [19] 2677 	ld	-5 (ix), h
    0000117C 3Er00            [ 7] 2678 	ld	a, #<(_SwSprite)
    0000117E DD 86 FA         [19] 2679 	add	a, -6 (ix)
    00001181 DD 77 F4         [19] 2680 	ld	-12 (ix), a
    00001184 3Es00            [ 7] 2681 	ld	a, #>(_SwSprite)
    00001186 DD 8E FB         [19] 2682 	adc	a, -5 (ix)
    00001189 DD 77 F5         [19] 2683 	ld	-11 (ix), a
    0000118C DD 6E F4         [19] 2684 	ld	l, -12 (ix)
    0000118F DD 66 F5         [19] 2685 	ld	h, -11 (ix)
    00001192 DD 7E EC         [19] 2686 	ld	a,-20 (ix)
    00001195 96               [ 7] 2687 	sub	a,(hl)
    00001196 30 1B            [12] 2688 	jr	NC, 00525$
    00001198 3E 30            [ 7] 2689 	ld	a, #0x30
    0000119A DD 96 EC         [19] 2690 	sub	a, -20 (ix)
    0000119D 30 0E            [12] 2691 	jr	NC, 00527$
    0000119F DD 7E F6         [19] 2692 	ld	a, -10 (ix)
    000011A2 C6 D0            [ 7] 2693 	add	a, #0xd0
    000011A4 4F               [ 4] 2694 	ld	c, a
    000011A5 DD 7E F7         [19] 2695 	ld	a, -9 (ix)
    000011A8 CE FF            [ 7] 2696 	adc	a, #0xff
    000011AA C3rDBr11         [10] 2697 	jp	00526$
    000011AD                       2698 00527$:
    000011AD 0E 18            [ 7] 2699 	ld	c, #0x18
    000011AF AF               [ 4] 2700 	xor	a, a
    000011B0 C3rDBr11         [10] 2701 	jp	00526$
    000011B3                       2702 00525$:
    000011B3 DD 7E EC         [19] 2703 	ld	a, -20 (ix)
    000011B6 D6 D0            [ 7] 2704 	sub	a, #0xd0
    000011B8 30 13            [12] 2705 	jr	NC, 00529$
    000011BA DD 7E F6         [19] 2706 	ld	a, -10 (ix)
    000011BD C6 30            [ 7] 2707 	add	a, #0x30
    000011BF DD 77 FA         [19] 2708 	ld	-6 (ix), a
    000011C2 DD 7E F7         [19] 2709 	ld	a, -9 (ix)
    000011C5 CE 00            [ 7] 2710 	adc	a, #0x00
    000011C7 DD 77 FB         [19] 2711 	ld	-5 (ix), a
    000011CA C3rD5r11         [10] 2712 	jp	00530$
    000011CD                       2713 00529$:
    000011CD DD 36 FA E8      [19] 2714 	ld	-6 (ix), #0xe8
    000011D1 DD 36 FB 00      [19] 2715 	ld	-5 (ix), #0
    000011D5                       2716 00530$:
    000011D5 DD 4E FA         [19] 2717 	ld	c, -6 (ix)
    000011D8 DD 7E FB         [19] 2718 	ld	a, -5 (ix)
    000011DB                       2719 00526$:
    000011DB DD 71 FA         [19] 2720 	ld	-6 (ix), c
    000011DE DD 77 FB         [19] 2721 	ld	-5 (ix), a
    000011E1                       2722 00320$:
                                   2723 ;E:\Dropbox\FAUSTO\SVILUPPI\MSX\CODE\C\MSXgl\projects\soccerlgMSX2/soccerlg_s21_b3.c:302: if (d_bx + d_by <= 26 && Ball->anim == 0) {
    000011E1 DD CB ED 46      [20] 2724 	bit	0, -19 (ix)
    000011E5 C2rFDr17         [10] 2725 	jp	NZ, 00387$
    000011E8 2Ar55r01         [16] 2726 	ld	hl, (#(_SwSprite + 341) + 0)
    000011EB 7C               [ 4] 2727 	ld	a, h
    000011EC B5               [ 4] 2728 	or	a, l
    000011ED C2rFDr17         [10] 2729 	jp	NZ, 00387$
                                   2730 ;E:\Dropbox\FAUSTO\SVILUPPI\MSX\CODE\C\MSXgl\projects\soccerlgMSX2/soccerlg_s21_b3.c:303: bool action_taken = FALSE;
    000011F0 DD 36 EC 00      [19] 2731 	ld	-20 (ix), #0x00
                                   2732 ;E:\Dropbox\FAUSTO\SVILUPPI\MSX\CODE\C\MSXgl\projects\soccerlgMSX2/soccerlg_s21_b3.c:307: if (Player->ly > 258 && Field.ly == 320) {
    000011F4 3E 02            [ 7] 2733 	ld	a, #0x02
    000011F6 DD BE F8         [19] 2734 	cp	a, -8 (ix)
    000011F9 3E 01            [ 7] 2735 	ld	a, #0x01
    000011FB DD 9E F9         [19] 2736 	sbc	a, -7 (ix)
    000011FE D2r0Er14         [10] 2737 	jp	NC, 00337$
    00001201 21r04r00         [10] 2738 	ld	hl, #(_Field + 4)
    00001204 7E               [ 7] 2739 	ld	a, (hl)
    00001205 DD 77 F4         [19] 2740 	ld	-12 (ix), a
    00001208 23               [ 6] 2741 	inc	hl
    00001209 7E               [ 7] 2742 	ld	a, (hl)
    0000120A DD 77 F5         [19] 2743 	ld	-11 (ix), a
    0000120D DD 7E F4         [19] 2744 	ld	a, -12 (ix)
    00001210 D6 40            [ 7] 2745 	sub	a, #0x40
    00001212 C2r0Er14         [10] 2746 	jp	NZ,00337$
    00001215 DD 7E F5         [19] 2747 	ld	a, -11 (ix)
    00001218 3D               [ 4] 2748 	dec	a
    00001219 C2r0Er14         [10] 2749 	jp	NZ,00337$
                                   2750 ;E:\Dropbox\FAUSTO\SVILUPPI\MSX\CODE\C\MSXgl\projects\soccerlgMSX2/soccerlg_s21_b3.c:308: u8 rand_shot = (Player->lx + Frms) % 100;
    0000121C 3Ar00r00         [13] 2751 	ld	a, (_Frms+0)
    0000121F 4F               [ 4] 2752 	ld	c, a
    00001220 06 00            [ 7] 2753 	ld	b, #0x00
    00001222 DD 6E F6         [19] 2754 	ld	l, -10 (ix)
    00001225 DD 66 F7         [19] 2755 	ld	h, -9 (ix)
    00001228 09               [11] 2756 	add	hl, bc
    00001229 11 64 00         [10] 2757 	ld	de, #0x0064
    0000122C CDr00r00         [17] 2758 	call	__modsint
    0000122F DD 73 F7         [19] 2759 	ld	-9 (ix), e
                                   2760 ;E:\Dropbox\FAUSTO\SVILUPPI\MSX\CODE\C\MSXgl\projects\soccerlgMSX2/soccerlg_s21_b3.c:309: u8 shot_prob = 0;
    00001232 DD 36 F6 00      [19] 2761 	ld	-10 (ix), #0x00
                                   2762 ;E:\Dropbox\FAUSTO\SVILUPPI\MSX\CODE\C\MSXgl\projects\soccerlgMSX2/soccerlg_s21_b3.c:310: if (Player->ly > 380) {
    00001236 3E 7C            [ 7] 2763 	ld	a, #0x7c
    00001238 DD BE F8         [19] 2764 	cp	a, -8 (ix)
    0000123B 3E 01            [ 7] 2765 	ld	a, #0x01
    0000123D DD 9E F9         [19] 2766 	sbc	a, -7 (ix)
    00001240 30 38            [12] 2767 	jr	NC, 00327$
                                   2768 ;E:\Dropbox\FAUSTO\SVILUPPI\MSX\CODE\C\MSXgl\projects\soccerlgMSX2/soccerlg_s21_b3.c:312: shot_prob = 50 + (g_ActiveStats[team].aggro_attack * 6); // 56-80%
    00001242 DD 4E E3         [19] 2769 	ld	c, -29 (ix)
    00001245 06 00            [ 7] 2770 	ld	b, #0x00
    00001247 69               [ 4] 2771 	ld	l, c
    00001248 60               [ 4] 2772 	ld	h, b
    00001249 29               [11] 2773 	add	hl, hl
    0000124A 09               [11] 2774 	add	hl, bc
    0000124B 29               [11] 2775 	add	hl, hl
    0000124C 09               [11] 2776 	add	hl, bc
    0000124D DD 75 F5         [19] 2777 	ld	-11 (ix), l
    00001250 DD 74 F6         [19] 2778 	ld	-10 (ix), h
    00001253 3Er00            [ 7] 2779 	ld	a, #<(_g_ActiveStats)
    00001255 DD 86 F5         [19] 2780 	add	a, -11 (ix)
    00001258 DD 77 F8         [19] 2781 	ld	-8 (ix), a
    0000125B 3Es00            [ 7] 2782 	ld	a, #>(_g_ActiveStats)
    0000125D DD 8E F6         [19] 2783 	adc	a, -10 (ix)
    00001260 DD 77 F9         [19] 2784 	ld	-7 (ix), a
    00001263 DD 6E F8         [19] 2785 	ld	l, -8 (ix)
    00001266 DD 66 F9         [19] 2786 	ld	h, -7 (ix)
    00001269 11 05 00         [10] 2787 	ld	de, #0x0005
    0000126C 19               [11] 2788 	add	hl, de
    0000126D 7E               [ 7] 2789 	ld	a, (hl)
    0000126E 4F               [ 4] 2790 	ld	c, a
    0000126F 87               [ 4] 2791 	add	a, a
    00001270 81               [ 4] 2792 	add	a, c
    00001271 87               [ 4] 2793 	add	a, a
    00001272 C6 32            [ 7] 2794 	add	a, #0x32
    00001274 DD 77 F6         [19] 2795 	ld	-10 (ix), a
    00001277 C3r01r13         [10] 2796 	jp	00328$
    0000127A                       2797 00327$:
                                   2798 ;E:\Dropbox\FAUSTO\SVILUPPI\MSX\CODE\C\MSXgl\projects\soccerlgMSX2/soccerlg_s21_b3.c:313: } else if (Player->ly > 300) {
    0000127A 3E 2C            [ 7] 2799 	ld	a, #0x2c
    0000127C DD BE F8         [19] 2800 	cp	a, -8 (ix)
    0000127F 3E 01            [ 7] 2801 	ld	a, #0x01
    00001281 DD 9E F9         [19] 2802 	sbc	a, -7 (ix)
    00001284 30 3B            [12] 2803 	jr	NC, 00324$
                                   2804 ;E:\Dropbox\FAUSTO\SVILUPPI\MSX\CODE\C\MSXgl\projects\soccerlgMSX2/soccerlg_s21_b3.c:315: shot_prob = 18 + (g_ActiveStats[team].aggro_attack * 5); // 23-43%
    00001286 DD 4E E3         [19] 2805 	ld	c, -29 (ix)
    00001289 06 00            [ 7] 2806 	ld	b, #0x00
    0000128B 69               [ 4] 2807 	ld	l, c
    0000128C 60               [ 4] 2808 	ld	h, b
    0000128D 29               [11] 2809 	add	hl, hl
    0000128E 09               [11] 2810 	add	hl, bc
    0000128F 29               [11] 2811 	add	hl, hl
    00001290 09               [11] 2812 	add	hl, bc
    00001291 DD 75 F5         [19] 2813 	ld	-11 (ix), l
    00001294 DD 74 F6         [19] 2814 	ld	-10 (ix), h
    00001297 3Er00            [ 7] 2815 	ld	a, #<(_g_ActiveStats)
    00001299 DD 86 F5         [19] 2816 	add	a, -11 (ix)
    0000129C DD 77 F8         [19] 2817 	ld	-8 (ix), a
    0000129F 3Es00            [ 7] 2818 	ld	a, #>(_g_ActiveStats)
    000012A1 DD 8E F6         [19] 2819 	adc	a, -10 (ix)
    000012A4 DD 77 F9         [19] 2820 	ld	-7 (ix), a
    000012A7 DD 6E F8         [19] 2821 	ld	l, -8 (ix)
    000012AA DD 66 F9         [19] 2822 	ld	h, -7 (ix)
    000012AD 11 05 00         [10] 2823 	ld	de, #0x0005
    000012B0 19               [11] 2824 	add	hl, de
    000012B1 7E               [ 7] 2825 	ld	a, (hl)
    000012B2 DD 77 F9         [19] 2826 	ld	-7 (ix), a
    000012B5 4F               [ 4] 2827 	ld	c, a
    000012B6 87               [ 4] 2828 	add	a, a
    000012B7 87               [ 4] 2829 	add	a, a
    000012B8 81               [ 4] 2830 	add	a, c
    000012B9 C6 12            [ 7] 2831 	add	a, #0x12
    000012BB DD 77 F6         [19] 2832 	ld	-10 (ix), a
    000012BE C3r01r13         [10] 2833 	jp	00328$
    000012C1                       2834 00324$:
                                   2835 ;E:\Dropbox\FAUSTO\SVILUPPI\MSX\CODE\C\MSXgl\projects\soccerlgMSX2/soccerlg_s21_b3.c:316: } else if (Player->ly > 260) {
    000012C1 3E 04            [ 7] 2836 	ld	a, #0x04
    000012C3 DD BE F8         [19] 2837 	cp	a, -8 (ix)
    000012C6 3E 01            [ 7] 2838 	ld	a, #0x01
    000012C8 DD 9E F9         [19] 2839 	sbc	a, -7 (ix)
    000012CB 30 34            [12] 2840 	jr	NC, 00328$
                                   2841 ;E:\Dropbox\FAUSTO\SVILUPPI\MSX\CODE\C\MSXgl\projects\soccerlgMSX2/soccerlg_s21_b3.c:318: shot_prob = 6 + (g_ActiveStats[team].aggro_attack * 3); // 9-21%
    000012CD DD 4E E3         [19] 2842 	ld	c, -29 (ix)
    000012D0 06 00            [ 7] 2843 	ld	b, #0x00
    000012D2 69               [ 4] 2844 	ld	l, c
    000012D3 60               [ 4] 2845 	ld	h, b
    000012D4 29               [11] 2846 	add	hl, hl
    000012D5 09               [11] 2847 	add	hl, bc
    000012D6 29               [11] 2848 	add	hl, hl
    000012D7 09               [11] 2849 	add	hl, bc
    000012D8 DD 75 F5         [19] 2850 	ld	-11 (ix), l
    000012DB DD 74 F6         [19] 2851 	ld	-10 (ix), h
    000012DE 3Er00            [ 7] 2852 	ld	a, #<(_g_ActiveStats)
    000012E0 DD 86 F5         [19] 2853 	add	a, -11 (ix)
    000012E3 DD 77 F8         [19] 2854 	ld	-8 (ix), a
    000012E6 3Es00            [ 7] 2855 	ld	a, #>(_g_ActiveStats)
    000012E8 DD 8E F6         [19] 2856 	adc	a, -10 (ix)
    000012EB DD 77 F9         [19] 2857 	ld	-7 (ix), a
    000012EE DD 6E F8         [19] 2858 	ld	l, -8 (ix)
    000012F1 DD 66 F9         [19] 2859 	ld	h, -7 (ix)
    000012F4 11 05 00         [10] 2860 	ld	de, #0x0005
    000012F7 19               [11] 2861 	add	hl, de
    000012F8 7E               [ 7] 2862 	ld	a, (hl)
    000012F9 4F               [ 4] 2863 	ld	c, a
    000012FA 87               [ 4] 2864 	add	a, a
    000012FB 81               [ 4] 2865 	add	a, c
    000012FC C6 06            [ 7] 2866 	add	a, #0x06
    000012FE DD 77 F6         [19] 2867 	ld	-10 (ix), a
    00001301                       2868 00328$:
                                   2869 ;E:\Dropbox\FAUSTO\SVILUPPI\MSX\CODE\C\MSXgl\projects\soccerlgMSX2/soccerlg_s21_b3.c:320: if (shot_prob > 0 && rand_shot < shot_prob) {
    00001301 DD 7E F6         [19] 2870 	ld	a, -10 (ix)
    00001304 B7               [ 4] 2871 	or	a, a
    00001305 CAr0Er14         [10] 2872 	jp	Z, 00337$
    00001308 DD 7E F7         [19] 2873 	ld	a, -9 (ix)
    0000130B DD 96 F6         [19] 2874 	sub	a, -10 (ix)
    0000130E D2r0Er14         [10] 2875 	jp	NC, 00337$
                                   2876 ;E:\Dropbox\FAUSTO\SVILUPPI\MSX\CODE\C\MSXgl\projects\soccerlgMSX2/soccerlg_s21_b3.c:321: action_taken = TRUE;
    00001311 DD 36 EC 01      [19] 2877 	ld	-20 (ix), #0x01
                                   2878 ;E:\Dropbox\FAUSTO\SVILUPPI\MSX\CODE\C\MSXgl\projects\soccerlgMSX2/soccerlg_s21_b3.c:322: Ball->anim = 0; Ball->count = 0;
    00001315 21 00 00         [10] 2879 	ld	hl, #0x0000
    00001318 22r55r01         [16] 2880 	ld	((_SwSprite + 341)), hl
    0000131B 22r57r01         [16] 2881 	ld	((_SwSprite + 343)), hl
                                   2882 ;E:\Dropbox\FAUSTO\SVILUPPI\MSX\CODE\C\MSXgl\projects\soccerlgMSX2/soccerlg_s21_b3.c:323: g_pass_receiver = 0xFF;
    0000131E 21r00r00         [10] 2883 	ld	hl, #_g_pass_receiver
    00001321 36 FF            [10] 2884 	ld	(hl), #0xff
                                   2885 ;E:\Dropbox\FAUSTO\SVILUPPI\MSX\CODE\C\MSXgl\projects\soccerlgMSX2/soccerlg_s21_b3.c:324: g_pass_start_x = Player->lx;
    00001323 DD 6E E1         [19] 2886 	ld	l, -31 (ix)
    00001326 DD 66 E2         [19] 2887 	ld	h, -30 (ix)
    00001329 7E               [ 7] 2888 	ld	a, (hl)
    0000132A 32r00r00         [13] 2889 	ld	(_g_pass_start_x+0), a
    0000132D 21r01r00         [10] 2890 	ld	hl, #_g_pass_start_x + 1
    00001330 36 00            [10] 2891 	ld	(hl), #0x00
                                   2892 ;E:\Dropbox\FAUSTO\SVILUPPI\MSX\CODE\C\MSXgl\projects\soccerlgMSX2/soccerlg_s21_b3.c:325: g_pass_start_y = Player->ly;
    00001332 DD 6E EA         [19] 2893 	ld	l, -22 (ix)
    00001335 DD 66 EB         [19] 2894 	ld	h, -21 (ix)
    00001338 7E               [ 7] 2895 	ld	a, (hl)
    00001339 23               [ 6] 2896 	inc	hl
    0000133A 32r00r00         [13] 2897 	ld	(_g_pass_start_y+0), a
    0000133D 7E               [ 7] 2898 	ld	a, (hl)
    0000133E 32r01r00         [13] 2899 	ld	(_g_pass_start_y+1), a
                                   2900 ;E:\Dropbox\FAUSTO\SVILUPPI\MSX\CODE\C\MSXgl\projects\soccerlgMSX2/soccerlg_s21_b3.c:326: g_pass_target_x = g_h_arrow_x; // Freccia non visibile ma oscilla come quella umana
    00001341 2Ar00r00         [16] 2901 	ld	hl, (_g_h_arrow_x)
    00001344 22r00r00         [16] 2902 	ld	(_g_pass_target_x), hl
                                   2903 ;E:\Dropbox\FAUSTO\SVILUPPI\MSX\CODE\C\MSXgl\projects\soccerlgMSX2/soccerlg_s21_b3.c:327: g_pass_target_y = 496; // Dentro la porta Sud
    00001347 21 F0 01         [10] 2904 	ld	hl, #0x01f0
    0000134A 22r00r00         [16] 2905 	ld	(_g_pass_target_y), hl
                                   2906 ;E:\Dropbox\FAUSTO\SVILUPPI\MSX\CODE\C\MSXgl\projects\soccerlgMSX2/soccerlg_s21_b3.c:329: u16 r_dx = (g_pass_target_x > g_pass_start_x) ? (g_pass_target_x - g_pass_start_x) : (g_pass_start_x - g_pass_target_x);
    0000134D 21r00r00         [10] 2907 	ld	hl, #_g_pass_start_x
    00001350 7E               [ 7] 2908 	ld	a, (hl)
    00001351 FD 21r00r00      [14] 2909 	ld	iy, #_g_pass_target_x
    00001355 FD 96 00         [19] 2910 	sub	a, 0 (iy)
    00001358 23               [ 6] 2911 	inc	hl
    00001359 7E               [ 7] 2912 	ld	a, (hl)
    0000135A FD 9E 01         [19] 2913 	sbc	a, 1 (iy)
    0000135D 30 11            [12] 2914 	jr	NC, 00531$
    0000135F 21r00r00         [10] 2915 	ld	hl, #_g_pass_start_x
    00001362 3Ar00r00         [13] 2916 	ld	a, (_g_pass_target_x+0)
    00001365 96               [ 7] 2917 	sub	a, (hl)
    00001366 23               [ 6] 2918 	inc	hl
    00001367 5F               [ 4] 2919 	ld	e, a
    00001368 3Ar01r00         [13] 2920 	ld	a, (_g_pass_target_x+1)
    0000136B 9E               [ 7] 2921 	sbc	a, (hl)
    0000136C 57               [ 4] 2922 	ld	d, a
    0000136D C3r7Er13         [10] 2923 	jp	00532$
    00001370                       2924 00531$:
    00001370 21r00r00         [10] 2925 	ld	hl, #_g_pass_target_x
    00001373 3Ar00r00         [13] 2926 	ld	a, (_g_pass_start_x+0)
    00001376 96               [ 7] 2927 	sub	a, (hl)
    00001377 23               [ 6] 2928 	inc	hl
    00001378 5F               [ 4] 2929 	ld	e, a
    00001379 3Ar01r00         [13] 2930 	ld	a, (_g_pass_start_x+1)
    0000137C 9E               [ 7] 2931 	sbc	a, (hl)
    0000137D 57               [ 4] 2932 	ld	d, a
    0000137E                       2933 00532$:
    0000137E DD 73 F6         [19] 2934 	ld	-10 (ix), e
    00001381 DD 72 F7         [19] 2935 	ld	-9 (ix), d
                                   2936 ;E:\Dropbox\FAUSTO\SVILUPPI\MSX\CODE\C\MSXgl\projects\soccerlgMSX2/soccerlg_s21_b3.c:330: u16 r_dy = (g_pass_target_y > g_pass_start_y) ? (g_pass_target_y - g_pass_start_y) : (g_pass_start_y - g_pass_target_y);
    00001384 21r00r00         [10] 2937 	ld	hl, #_g_pass_start_y
    00001387 7E               [ 7] 2938 	ld	a, (hl)
    00001388 23               [ 6] 2939 	inc	hl
    00001389 D6 F0            [ 7] 2940 	sub	a, #0xf0
    0000138B 7E               [ 7] 2941 	ld	a, (hl)
    0000138C DE 01            [ 7] 2942 	sbc	a, #0x01
    0000138E 30 13            [12] 2943 	jr	NC, 00533$
    00001390 21r00r00         [10] 2944 	ld	hl, #_g_pass_start_y
    00001393 3E F0            [ 7] 2945 	ld	a, #0xf0
    00001395 96               [ 7] 2946 	sub	a, (hl)
    00001396 DD 77 F8         [19] 2947 	ld	-8 (ix), a
    00001399 23               [ 6] 2948 	inc	hl
    0000139A 3E 01            [ 7] 2949 	ld	a, #0x01
    0000139C 9E               [ 7] 2950 	sbc	a, (hl)
    0000139D DD 77 F9         [19] 2951 	ld	-7 (ix), a
    000013A0 C3rB3r13         [10] 2952 	jp	00534$
    000013A3                       2953 00533$:
    000013A3 3Ar00r00         [13] 2954 	ld	a, (_g_pass_start_y+0)
    000013A6 C6 10            [ 7] 2955 	add	a, #0x10
    000013A8 DD 77 F8         [19] 2956 	ld	-8 (ix), a
    000013AB 3Ar01r00         [13] 2957 	ld	a, (_g_pass_start_y+1)
    000013AE CE FE            [ 7] 2958 	adc	a, #0xfe
    000013B0 DD 77 F9         [19] 2959 	ld	-7 (ix), a
    000013B3                       2960 00534$:
    000013B3 DD 4E F8         [19] 2961 	ld	c, -8 (ix)
    000013B6 DD 46 F9         [19] 2962 	ld	b, -7 (ix)
                                   2963 ;E:\Dropbox\FAUSTO\SVILUPPI\MSX\CODE\C\MSXgl\projects\soccerlgMSX2/soccerlg_s21_b3.c:332: g_pass_max_frames = (r_dx + r_dy) / 8; // Tiro potente
    000013B9 DD 6E F6         [19] 2964 	ld	l, -10 (ix)
    000013BC DD 66 F7         [19] 2965 	ld	h, -9 (ix)
    000013BF 09               [11] 2966 	add	hl, bc
    000013C0 CB 3C            [ 8] 2967 	srl	h
    000013C2 CB 1D            [ 8] 2968 	rr	l
    000013C4 CB 3C            [ 8] 2969 	srl	h
    000013C6 CB 1D            [ 8] 2970 	rr	l
    000013C8 CB 3C            [ 8] 2971 	srl	h
    000013CA CB 1D            [ 8] 2972 	rr	l
    000013CC FD 21r00r00      [14] 2973 	ld	iy, #_g_pass_max_frames
    000013D0 FD 75 00         [19] 2974 	ld	0 (iy), l
                                   2975 ;E:\Dropbox\FAUSTO\SVILUPPI\MSX\CODE\C\MSXgl\projects\soccerlgMSX2/soccerlg_s21_b3.c:333: if (g_pass_max_frames < 10) g_pass_max_frames = 10;
    000013D3 3Ar00r00         [13] 2976 	ld	a, (_g_pass_max_frames+0)
    000013D6 D6 0A            [ 7] 2977 	sub	a, #0x0a
    000013D8 30 04            [12] 2978 	jr	NC, 00330$
    000013DA FD 36 00 0A      [19] 2979 	ld	0 (iy), #0x0a
    000013DE                       2980 00330$:
                                   2981 ;E:\Dropbox\FAUSTO\SVILUPPI\MSX\CODE\C\MSXgl\projects\soccerlgMSX2/soccerlg_s21_b3.c:334: if (g_pass_max_frames > 25) g_pass_max_frames = 25;
    000013DE 3E 19            [ 7] 2982 	ld	a, #0x19
    000013E0 FD 21r00r00      [14] 2983 	ld	iy, #_g_pass_max_frames
    000013E4 FD 96 00         [19] 2984 	sub	a, 0 (iy)
    000013E7 30 04            [12] 2985 	jr	NC, 00332$
    000013E9 FD 36 00 19      [19] 2986 	ld	0 (iy), #0x19
    000013ED                       2987 00332$:
                                   2988 ;E:\Dropbox\FAUSTO\SVILUPPI\MSX\CODE\C\MSXgl\projects\soccerlgMSX2/soccerlg_s21_b3.c:335: g_pass_max_height = 2; // Tiro rasoterra e limitato
    000013ED 21r00r00         [10] 2989 	ld	hl, #_g_pass_max_height
    000013F0 36 02            [10] 2990 	ld	(hl), #0x02
                                   2991 ;E:\Dropbox\FAUSTO\SVILUPPI\MSX\CODE\C\MSXgl\projects\soccerlgMSX2/soccerlg_s21_b3.c:337: Ball->anim = 5;
    000013F2 21 05 00         [10] 2992 	ld	hl, #0x0005
    000013F5 22r55r01         [16] 2993 	ld	((_SwSprite + 341)), hl
                                   2994 ;E:\Dropbox\FAUSTO\SVILUPPI\MSX\CODE\C\MSXgl\projects\soccerlgMSX2/soccerlg_s21_b3.c:338: CallFnc_VOID(SEG_EVENTS, EventBallKicked);
    000013F8 11r00r00         [10] 2995 	ld	de, #_EventBallKicked
    000013FB 3E 08            [ 7] 2996 	ld	a, #0x08
    000013FD CDr00r00         [17] 2997 	call	_CallFnc_VOID
                                   2998 ;E:\Dropbox\FAUSTO\SVILUPPI\MSX\CODE\C\MSXgl\projects\soccerlgMSX2/soccerlg_s21_b3.c:339: PlaySCCEvent(DANGER_KICK_BIN_SEG, DANGER_KICK_BIN_SIZE);
    00001400 21 01 00         [10] 2999 	ld	hl, #0x0001
    00001403 E5               [11] 3000 	push	hl
    00001404 21 80 2E         [10] 3001 	ld	hl, #0x2e80
    00001407 E5               [11] 3002 	push	hl
    00001408 21 9A 01         [10] 3003 	ld	hl, #0x019a
    0000140B CDr00r00         [17] 3004 	call	_PlaySCCEvent
    0000140E                       3005 00337$:
                                   3006 ;E:\Dropbox\FAUSTO\SVILUPPI\MSX\CODE\C\MSXgl\projects\soccerlgMSX2/soccerlg_s21_b3.c:344: if (!action_taken && Frms % 16 == 0) {
    0000140E DD 7E EC         [19] 3007 	ld	a, -20 (ix)
    00001411 B7               [ 4] 3008 	or	a, a
    00001412 C2r0Ar17         [10] 3009 	jp	NZ, 00365$
    00001415 3Ar00r00         [13] 3010 	ld	a, (_Frms+0)
    00001418 4F               [ 4] 3011 	ld	c, a
    00001419 06 00            [ 7] 3012 	ld	b, #0x00
    0000141B 79               [ 4] 3013 	ld	a, c
    0000141C E6 0F            [ 7] 3014 	and	a, #0x0f
    0000141E C2r0Ar17         [10] 3015 	jp	NZ,00365$
                                   3016 ;E:\Dropbox\FAUSTO\SVILUPPI\MSX\CODE\C\MSXgl\projects\soccerlgMSX2/soccerlg_s21_b3.c:345: u8 rand_pass = (Player->lx * 5 + Player->ly * 3 + Frms) % 100;
    00001421 DD 6E E1         [19] 3017 	ld	l, -31 (ix)
    00001424 DD 66 E2         [19] 3018 	ld	h, -30 (ix)
    00001427 5E               [ 7] 3019 	ld	e, (hl)
    00001428 16 00            [ 7] 3020 	ld	d, #0x00
    0000142A 6B               [ 4] 3021 	ld	l, e
    0000142B 62               [ 4] 3022 	ld	h, d
    0000142C 29               [11] 3023 	add	hl, hl
    0000142D 29               [11] 3024 	add	hl, hl
    0000142E 19               [11] 3025 	add	hl, de
    0000142F EB               [ 4] 3026 	ex	de, hl
    00001430 DD 6E EA         [19] 3027 	ld	l, -22 (ix)
    00001433 DD 66 EB         [19] 3028 	ld	h, -21 (ix)
    00001436 7E               [ 7] 3029 	ld	a, (hl)
    00001437 23               [ 6] 3030 	inc	hl
    00001438 66               [ 7] 3031 	ld	h, (hl)
                                   3032 ;	spillPairReg hl
    00001439 6F               [ 4] 3033 	ld	l, a
                                   3034 ;	spillPairReg hl
                                   3035 ;	spillPairReg hl
    0000143A D5               [11] 3036 	push	de
    0000143B 5D               [ 4] 3037 	ld	e, l
    0000143C 54               [ 4] 3038 	ld	d, h
    0000143D 29               [11] 3039 	add	hl, hl
    0000143E 19               [11] 3040 	add	hl, de
    0000143F D1               [10] 3041 	pop	de
    00001440 19               [11] 3042 	add	hl, de
    00001441 09               [11] 3043 	add	hl, bc
    00001442 11 64 00         [10] 3044 	ld	de, #0x0064
    00001445 CDr00r00         [17] 3045 	call	__moduint
    00001448 DD 73 F9         [19] 3046 	ld	-7 (ix), e
                                   3047 ;E:\Dropbox\FAUSTO\SVILUPPI\MSX\CODE\C\MSXgl\projects\soccerlgMSX2/soccerlg_s21_b3.c:348: u8 pass_prob = 10 + (g_ActiveStats[team].pass_tendency * 10);
    0000144B 01r00r00         [10] 3048 	ld	bc, #_g_ActiveStats+0
    0000144E DD 5E E3         [19] 3049 	ld	e, -29 (ix)
    00001451 16 00            [ 7] 3050 	ld	d, #0x00
    00001453 6B               [ 4] 3051 	ld	l, e
    00001454 62               [ 4] 3052 	ld	h, d
    00001455 29               [11] 3053 	add	hl, hl
    00001456 19               [11] 3054 	add	hl, de
    00001457 29               [11] 3055 	add	hl, hl
    00001458 19               [11] 3056 	add	hl, de
    00001459 09               [11] 3057 	add	hl, bc
    0000145A 23               [ 6] 3058 	inc	hl
    0000145B 23               [ 6] 3059 	inc	hl
    0000145C 4E               [ 7] 3060 	ld	c, (hl)
    0000145D 79               [ 4] 3061 	ld	a, c
    0000145E 87               [ 4] 3062 	add	a, a
    0000145F 87               [ 4] 3063 	add	a, a
    00001460 81               [ 4] 3064 	add	a, c
    00001461 87               [ 4] 3065 	add	a, a
    00001462 C6 0A            [ 7] 3066 	add	a, #0x0a
    00001464 5F               [ 4] 3067 	ld	e, a
                                   3068 ;E:\Dropbox\FAUSTO\SVILUPPI\MSX\CODE\C\MSXgl\projects\soccerlgMSX2/soccerlg_s21_b3.c:351: if (under_pressure) {
    00001465 DD 7E FE         [19] 3069 	ld	a, -2 (ix)
    00001468 B7               [ 4] 3070 	or	a, a
    00001469 28 08            [12] 3071 	jr	Z, 00340$
                                   3072 ;E:\Dropbox\FAUSTO\SVILUPPI\MSX\CODE\C\MSXgl\projects\soccerlgMSX2/soccerlg_s21_b3.c:352: pass_prob += 15 + (g_ActiveStats[team].pass_tendency * 5);
    0000146B 79               [ 4] 3073 	ld	a, c
    0000146C 87               [ 4] 3074 	add	a, a
    0000146D 87               [ 4] 3075 	add	a, a
    0000146E 81               [ 4] 3076 	add	a, c
    0000146F C6 0F            [ 7] 3077 	add	a, #0x0f
    00001471 83               [ 4] 3078 	add	a, e
    00001472 5F               [ 4] 3079 	ld	e, a
    00001473                       3080 00340$:
                                   3081 ;E:\Dropbox\FAUSTO\SVILUPPI\MSX\CODE\C\MSXgl\projects\soccerlgMSX2/soccerlg_s21_b3.c:355: if (rand_pass < pass_prob) {
    00001473 DD 7E F9         [19] 3082 	ld	a, -7 (ix)
    00001476 93               [ 4] 3083 	sub	a, e
    00001477 D2r0Ar17         [10] 3084 	jp	NC, 00365$
                                   3085 ;E:\Dropbox\FAUSTO\SVILUPPI\MSX\CODE\C\MSXgl\projects\soccerlgMSX2/soccerlg_s21_b3.c:358: i8 pass_dx = (ai_last_dx[i] > 0) ? 1 : ((ai_last_dx[i] < 0) ? -1 : 0);
    0000147A 01r00r00         [10] 3086 	ld	bc, #_ai_last_dx+0
    0000147D DD 6E FF         [19] 3087 	ld	l, -1 (ix)
    00001480 26 00            [ 7] 3088 	ld	h, #0x00
    00001482 09               [11] 3089 	add	hl, bc
    00001483 4E               [ 7] 3090 	ld	c, (hl)
    00001484 AF               [ 4] 3091 	xor	a, a
    00001485 91               [ 4] 3092 	sub	a, c
    00001486 E2r8Br14         [10] 3093 	jp	PO, 01866$
    00001489 EE 80            [ 7] 3094 	xor	a, #0x80
    0000148B                       3095 01866$:
    0000148B F2r94r14         [10] 3096 	jp	P, 00535$
    0000148E 11 01 00         [10] 3097 	ld	de, #0x0001
    00001491 C3rA1r14         [10] 3098 	jp	00536$
    00001494                       3099 00535$:
    00001494 CB 79            [ 8] 3100 	bit	7, c
    00001496 28 06            [12] 3101 	jr	Z, 00537$
    00001498 11 FF FF         [10] 3102 	ld	de, #0xffff
    0000149B C3rA1r14         [10] 3103 	jp	00538$
    0000149E                       3104 00537$:
    0000149E 11 00 00         [10] 3105 	ld	de, #0x0000
    000014A1                       3106 00538$:
    000014A1                       3107 00536$:
    000014A1 7B               [ 4] 3108 	ld	a, e
                                   3109 ;E:\Dropbox\FAUSTO\SVILUPPI\MSX\CODE\C\MSXgl\projects\soccerlgMSX2/soccerlg_s21_b3.c:360: u8 receiver = (u8)CallFnc_U16_P4B(SEG_HELPERS, FindReceiver, i, 0xFF, pass_dx, pass_dy);
    000014A2 26 01            [ 7] 3110 	ld	h, #0x01
                                   3111 ;	spillPairReg hl
                                   3112 ;	spillPairReg hl
    000014A4 E5               [11] 3113 	push	hl
    000014A5 33               [ 6] 3114 	inc	sp
    000014A6 67               [ 4] 3115 	ld	h, a
    000014A7 2E FF            [ 7] 3116 	ld	l, #0xff
    000014A9 E5               [11] 3117 	push	hl
    000014AA DD 7E FF         [19] 3118 	ld	a, -1 (ix)
    000014AD F5               [11] 3119 	push	af
    000014AE 33               [ 6] 3120 	inc	sp
    000014AF 11r00r00         [10] 3121 	ld	de, #_FindReceiver
    000014B2 3E 14            [ 7] 3122 	ld	a, #0x14
    000014B4 CDr00r00         [17] 3123 	call	_CallFnc_U16_P4B
                                   3124 ;E:\Dropbox\FAUSTO\SVILUPPI\MSX\CODE\C\MSXgl\projects\soccerlgMSX2/soccerlg_s21_b3.c:361: if (receiver != 0xFF) {
    000014B7 DD 73 F7         [19] 3125 	ld	-9 (ix), e
    000014BA 7B               [ 4] 3126 	ld	a, e
    000014BB 3C               [ 4] 3127 	inc	a
    000014BC CAr0Ar17         [10] 3128 	jp	Z,00365$
                                   3129 ;E:\Dropbox\FAUSTO\SVILUPPI\MSX\CODE\C\MSXgl\projects\soccerlgMSX2/soccerlg_s21_b3.c:363: if (SwSprite[receiver].ly > Player->ly - 16) {
    000014BF DD 4E F7         [19] 3130 	ld	c, -9 (ix)
    000014C2 06 00            [ 7] 3131 	ld	b, #0x00
    000014C4 69               [ 4] 3132 	ld	l, c
    000014C5 60               [ 4] 3133 	ld	h, b
    000014C6 29               [11] 3134 	add	hl, hl
    000014C7 29               [11] 3135 	add	hl, hl
    000014C8 09               [11] 3136 	add	hl, bc
    000014C9 29               [11] 3137 	add	hl, hl
    000014CA 09               [11] 3138 	add	hl, bc
    000014CB 29               [11] 3139 	add	hl, hl
    000014CC 09               [11] 3140 	add	hl, bc
    000014CD EB               [ 4] 3141 	ex	de, hl
    000014CE 21r00r00         [10] 3142 	ld	hl, #_SwSprite
    000014D1 19               [11] 3143 	add	hl, de
    000014D2 DD 75 E8         [19] 3144 	ld	-24 (ix), l
    000014D5 DD 74 E9         [19] 3145 	ld	-23 (ix), h
    000014D8 DD 7E E8         [19] 3146 	ld	a, -24 (ix)
    000014DB C6 04            [ 7] 3147 	add	a, #0x04
    000014DD DD 77 ED         [19] 3148 	ld	-19 (ix), a
    000014E0 DD 7E E9         [19] 3149 	ld	a, -23 (ix)
    000014E3 CE 00            [ 7] 3150 	adc	a, #0x00
    000014E5 DD 77 EE         [19] 3151 	ld	-18 (ix), a
    000014E8 DD 6E ED         [19] 3152 	ld	l, -19 (ix)
    000014EB DD 66 EE         [19] 3153 	ld	h, -18 (ix)
    000014EE 7E               [ 7] 3154 	ld	a, (hl)
    000014EF DD 77 E6         [19] 3155 	ld	-26 (ix), a
    000014F2 23               [ 6] 3156 	inc	hl
    000014F3 7E               [ 7] 3157 	ld	a, (hl)
    000014F4 DD 77 E7         [19] 3158 	ld	-25 (ix), a
    000014F7 DD 6E EA         [19] 3159 	ld	l, -22 (ix)
    000014FA DD 66 EB         [19] 3160 	ld	h, -21 (ix)
    000014FD 7E               [ 7] 3161 	ld	a, (hl)
    000014FE DD 77 EF         [19] 3162 	ld	-17 (ix), a
    00001501 23               [ 6] 3163 	inc	hl
    00001502 7E               [ 7] 3164 	ld	a, (hl)
    00001503 DD 77 F0         [19] 3165 	ld	-16 (ix), a
    00001506 DD 7E EF         [19] 3166 	ld	a, -17 (ix)
    00001509 DD 77 F5         [19] 3167 	ld	-11 (ix), a
    0000150C DD 7E F0         [19] 3168 	ld	a, -16 (ix)
    0000150F DD 77 F6         [19] 3169 	ld	-10 (ix), a
    00001512 DD 7E F5         [19] 3170 	ld	a, -11 (ix)
    00001515 C6 F0            [ 7] 3171 	add	a, #0xf0
    00001517 DD 77 F8         [19] 3172 	ld	-8 (ix), a
    0000151A DD 7E F6         [19] 3173 	ld	a, -10 (ix)
    0000151D CE FF            [ 7] 3174 	adc	a, #0xff
    0000151F DD 77 F9         [19] 3175 	ld	-7 (ix), a
    00001522 DD 7E E6         [19] 3176 	ld	a, -26 (ix)
    00001525 DD 77 F1         [19] 3177 	ld	-15 (ix), a
    00001528 DD 7E E7         [19] 3178 	ld	a, -25 (ix)
    0000152B DD 77 F2         [19] 3179 	ld	-14 (ix), a
    0000152E DD 7E F8         [19] 3180 	ld	a, -8 (ix)
    00001531 DD 96 F1         [19] 3181 	sub	a, -15 (ix)
    00001534 DD 7E F9         [19] 3182 	ld	a, -7 (ix)
    00001537 DD 9E F2         [19] 3183 	sbc	a, -14 (ix)
    0000153A D2r0Ar17         [10] 3184 	jp	NC, 00365$
                                   3185 ;E:\Dropbox\FAUSTO\SVILUPPI\MSX\CODE\C\MSXgl\projects\soccerlgMSX2/soccerlg_s21_b3.c:364: u16 r_dx = (SwSprite[receiver].lx > Player->lx) ? (SwSprite[receiver].lx - Player->lx) : (Player->lx - SwSprite[receiver].lx);
    0000153D DD 6E E8         [19] 3186 	ld	l, -24 (ix)
    00001540 DD 66 E9         [19] 3187 	ld	h, -23 (ix)
    00001543 7E               [ 7] 3188 	ld	a, (hl)
    00001544 DD 77 F4         [19] 3189 	ld	-12 (ix), a
    00001547 DD 6E E1         [19] 3190 	ld	l, -31 (ix)
    0000154A DD 66 E2         [19] 3191 	ld	h, -30 (ix)
    0000154D 7E               [ 7] 3192 	ld	a, (hl)
    0000154E DD 77 FE         [19] 3193 	ld	-2 (ix), a
    00001551 DD 7E F4         [19] 3194 	ld	a, -12 (ix)
    00001554 DD 77 F5         [19] 3195 	ld	-11 (ix), a
    00001557 DD 36 F6 00      [19] 3196 	ld	-10 (ix), #0x00
    0000155B DD 7E FE         [19] 3197 	ld	a, -2 (ix)
    0000155E DD 77 F8         [19] 3198 	ld	-8 (ix), a
    00001561 DD 36 F9 00      [19] 3199 	ld	-7 (ix), #0x00
    00001565 DD 7E FE         [19] 3200 	ld	a, -2 (ix)
    00001568 DD 96 F4         [19] 3201 	sub	a, -12 (ix)
    0000156B 30 15            [12] 3202 	jr	NC, 00539$
    0000156D DD 7E F5         [19] 3203 	ld	a, -11 (ix)
    00001570 DD 96 F8         [19] 3204 	sub	a, -8 (ix)
    00001573 DD 77 F3         [19] 3205 	ld	-13 (ix), a
    00001576 DD 7E F6         [19] 3206 	ld	a, -10 (ix)
    00001579 DD 9E F9         [19] 3207 	sbc	a, -7 (ix)
    0000157C DD 77 F4         [19] 3208 	ld	-12 (ix), a
    0000157F C3r94r15         [10] 3209 	jp	00540$
    00001582                       3210 00539$:
    00001582 DD 7E F8         [19] 3211 	ld	a, -8 (ix)
    00001585 DD 96 F5         [19] 3212 	sub	a, -11 (ix)
    00001588 DD 77 F3         [19] 3213 	ld	-13 (ix), a
    0000158B DD 7E F9         [19] 3214 	ld	a, -7 (ix)
    0000158E DD 9E F6         [19] 3215 	sbc	a, -10 (ix)
    00001591 DD 77 F4         [19] 3216 	ld	-12 (ix), a
    00001594                       3217 00540$:
    00001594 DD 4E F3         [19] 3218 	ld	c, -13 (ix)
    00001597 DD 46 F4         [19] 3219 	ld	b, -12 (ix)
                                   3220 ;E:\Dropbox\FAUSTO\SVILUPPI\MSX\CODE\C\MSXgl\projects\soccerlgMSX2/soccerlg_s21_b3.c:365: u16 r_dy = (SwSprite[receiver].ly > Player->ly) ? (SwSprite[receiver].ly - Player->ly) : (Player->ly - SwSprite[receiver].ly);
    0000159A DD 7E EF         [19] 3221 	ld	a, -17 (ix)
    0000159D DD 96 E6         [19] 3222 	sub	a, -26 (ix)
    000015A0 DD 7E F0         [19] 3223 	ld	a, -16 (ix)
    000015A3 DD 9E E7         [19] 3224 	sbc	a, -25 (ix)
    000015A6 30 10            [12] 3225 	jr	NC, 00541$
    000015A8 DD 7E E6         [19] 3226 	ld	a, -26 (ix)
    000015AB DD 96 EF         [19] 3227 	sub	a, -17 (ix)
    000015AE 5F               [ 4] 3228 	ld	e, a
    000015AF DD 7E E7         [19] 3229 	ld	a, -25 (ix)
    000015B2 DD 9E F0         [19] 3230 	sbc	a, -16 (ix)
    000015B5 C3rC5r15         [10] 3231 	jp	00542$
    000015B8                       3232 00541$:
    000015B8 DD 7E EF         [19] 3233 	ld	a, -17 (ix)
    000015BB DD 96 E6         [19] 3234 	sub	a, -26 (ix)
    000015BE 5F               [ 4] 3235 	ld	e, a
    000015BF DD 7E F0         [19] 3236 	ld	a, -16 (ix)
    000015C2 DD 9E E7         [19] 3237 	sbc	a, -25 (ix)
    000015C5                       3238 00542$:
    000015C5 6B               [ 4] 3239 	ld	l, e
                                   3240 ;	spillPairReg hl
                                   3241 ;	spillPairReg hl
    000015C6 67               [ 4] 3242 	ld	h, a
                                   3243 ;	spillPairReg hl
                                   3244 ;	spillPairReg hl
                                   3245 ;E:\Dropbox\FAUSTO\SVILUPPI\MSX\CODE\C\MSXgl\projects\soccerlgMSX2/soccerlg_s21_b3.c:367: if (r_dx + r_dy >= 48) {
    000015C7 09               [11] 3246 	add	hl, bc
    000015C8 DD 75 F3         [19] 3247 	ld	-13 (ix), l
    000015CB DD 74 F4         [19] 3248 	ld	-12 (ix), h
    000015CE DD 7E F3         [19] 3249 	ld	a, -13 (ix)
    000015D1 D6 30            [ 7] 3250 	sub	a, #0x30
    000015D3 DD 7E F4         [19] 3251 	ld	a, -12 (ix)
    000015D6 DE 00            [ 7] 3252 	sbc	a, #0x00
    000015D8 DAr0Ar17         [10] 3253 	jp	C, 00365$
                                   3254 ;E:\Dropbox\FAUSTO\SVILUPPI\MSX\CODE\C\MSXgl\projects\soccerlgMSX2/soccerlg_s21_b3.c:368: action_taken = TRUE;
    000015DB DD 36 EC 01      [19] 3255 	ld	-20 (ix), #0x01
                                   3256 ;E:\Dropbox\FAUSTO\SVILUPPI\MSX\CODE\C\MSXgl\projects\soccerlgMSX2/soccerlg_s21_b3.c:371: bool is_offside = FALSE;
    000015DF DD 36 FE 00      [19] 3257 	ld	-2 (ix), #0x00
                                   3258 ;E:\Dropbox\FAUSTO\SVILUPPI\MSX\CODE\C\MSXgl\projects\soccerlgMSX2/soccerlg_s21_b3.c:372: if (team == TEAM_1) {
    000015E3 DD 7E E3         [19] 3259 	ld	a, -29 (ix)
    000015E6 B7               [ 4] 3260 	or	a, a
    000015E7 20 65            [12] 3261 	jr	NZ, 00347$
                                   3262 ;E:\Dropbox\FAUSTO\SVILUPPI\MSX\CODE\C\MSXgl\projects\soccerlgMSX2/soccerlg_s21_b3.c:373: u16 offside_line = (SwSprite[8].ly > SwSprite[9].ly) ? SwSprite[8].ly : SwSprite[9].ly;
    000015E9 21rBCr00         [10] 3263 	ld	hl, #_SwSprite + 188
    000015EC 7E               [ 7] 3264 	ld	a, (hl)
    000015ED DD 77 F5         [19] 3265 	ld	-11 (ix), a
    000015F0 23               [ 6] 3266 	inc	hl
    000015F1 7E               [ 7] 3267 	ld	a, (hl)
    000015F2 DD 77 F6         [19] 3268 	ld	-10 (ix), a
    000015F5 21rD3r00         [10] 3269 	ld	hl, #_SwSprite + 211
    000015F8 7E               [ 7] 3270 	ld	a, (hl)
    000015F9 DD 77 F8         [19] 3271 	ld	-8 (ix), a
    000015FC 23               [ 6] 3272 	inc	hl
    000015FD 7E               [ 7] 3273 	ld	a, (hl)
    000015FE DD 77 F9         [19] 3274 	ld	-7 (ix), a
    00001601 DD 7E F8         [19] 3275 	ld	a, -8 (ix)
    00001604 DD 96 F5         [19] 3276 	sub	a, -11 (ix)
    00001607 DD 7E F9         [19] 3277 	ld	a, -7 (ix)
    0000160A DD 9E F6         [19] 3278 	sbc	a, -10 (ix)
    0000160D 30 0C            [12] 3279 	jr	NC, 00543$
    0000160F DD 7E F5         [19] 3280 	ld	a, -11 (ix)
    00001612 DD 77 F8         [19] 3281 	ld	-8 (ix), a
    00001615 DD 7E F6         [19] 3282 	ld	a, -10 (ix)
    00001618 DD 77 F9         [19] 3283 	ld	-7 (ix), a
    0000161B                       3284 00543$:
    0000161B DD 4E F8         [19] 3285 	ld	c, -8 (ix)
    0000161E DD 46 F9         [19] 3286 	ld	b, -7 (ix)
                                   3287 ;E:\Dropbox\FAUSTO\SVILUPPI\MSX\CODE\C\MSXgl\projects\soccerlgMSX2/soccerlg_s21_b3.c:374: if (Player->ly > offside_line) offside_line = Player->ly;
    00001621 79               [ 4] 3288 	ld	a, c
    00001622 DD 96 EF         [19] 3289 	sub	a, -17 (ix)
    00001625 78               [ 4] 3290 	ld	a, b
    00001626 DD 9E F0         [19] 3291 	sbc	a, -16 (ix)
    00001629 30 06            [12] 3292 	jr	NC, 00342$
    0000162B DD 4E EF         [19] 3293 	ld	c, -17 (ix)
    0000162E DD 46 F0         [19] 3294 	ld	b, -16 (ix)
    00001631                       3295 00342$:
                                   3296 ;E:\Dropbox\FAUSTO\SVILUPPI\MSX\CODE\C\MSXgl\projects\soccerlgMSX2/soccerlg_s21_b3.c:375: if (SwSprite[receiver].ly > offside_line + 8 && SwSprite[receiver].ly > 256) is_offside = TRUE;
    00001631 21 08 00         [10] 3297 	ld	hl, #0x0008
    00001634 09               [11] 3298 	add	hl, bc
    00001635 7D               [ 4] 3299 	ld	a, l
    00001636 DD 96 F1         [19] 3300 	sub	a, -15 (ix)
    00001639 7C               [ 4] 3301 	ld	a, h
    0000163A DD 9E F2         [19] 3302 	sbc	a, -14 (ix)
    0000163D 30 0F            [12] 3303 	jr	NC, 00347$
    0000163F AF               [ 4] 3304 	xor	a, a
    00001640 DD BE F1         [19] 3305 	cp	a, -15 (ix)
    00001643 3E 01            [ 7] 3306 	ld	a, #0x01
    00001645 DD 9E F2         [19] 3307 	sbc	a, -14 (ix)
    00001648 30 04            [12] 3308 	jr	NC, 00347$
    0000164A DD 36 FE 01      [19] 3309 	ld	-2 (ix), #0x01
    0000164E                       3310 00347$:
                                   3311 ;E:\Dropbox\FAUSTO\SVILUPPI\MSX\CODE\C\MSXgl\projects\soccerlgMSX2/soccerlg_s21_b3.c:378: Ball->anim = 0; Ball->count = 0;
    0000164E 21 00 00         [10] 3312 	ld	hl, #0x0000
    00001651 22r55r01         [16] 3313 	ld	((_SwSprite + 341)), hl
    00001654 22r57r01         [16] 3314 	ld	((_SwSprite + 343)), hl
                                   3315 ;E:\Dropbox\FAUSTO\SVILUPPI\MSX\CODE\C\MSXgl\projects\soccerlgMSX2/soccerlg_s21_b3.c:379: g_pass_receiver = receiver | (is_offside ? 0x80 : 0);
    00001657 DD 7E FE         [19] 3316 	ld	a, -2 (ix)
    0000165A B7               [ 4] 3317 	or	a, a
    0000165B 3E 80            [ 7] 3318 	ld	a, #0x80
    0000165D 20 01            [12] 3319 	jr	NZ, 00546$
    0000165F AF               [ 4] 3320 	xor	a, a
    00001660                       3321 00546$:
    00001660 DD B6 F7         [19] 3322 	or	a, -9 (ix)
    00001663 32r00r00         [13] 3323 	ld	(_g_pass_receiver+0), a
                                   3324 ;E:\Dropbox\FAUSTO\SVILUPPI\MSX\CODE\C\MSXgl\projects\soccerlgMSX2/soccerlg_s21_b3.c:380: g_pass_start_x = Player->lx;
    00001666 DD 6E E1         [19] 3325 	ld	l, -31 (ix)
    00001669 DD 66 E2         [19] 3326 	ld	h, -30 (ix)
    0000166C 7E               [ 7] 3327 	ld	a, (hl)
    0000166D 32r00r00         [13] 3328 	ld	(_g_pass_start_x+0), a
    00001670 21r01r00         [10] 3329 	ld	hl, #_g_pass_start_x + 1
    00001673 36 00            [10] 3330 	ld	(hl), #0x00
                                   3331 ;E:\Dropbox\FAUSTO\SVILUPPI\MSX\CODE\C\MSXgl\projects\soccerlgMSX2/soccerlg_s21_b3.c:381: g_pass_start_y = Player->ly;
    00001675 DD 6E EA         [19] 3332 	ld	l, -22 (ix)
    00001678 DD 66 EB         [19] 3333 	ld	h, -21 (ix)
    0000167B 7E               [ 7] 3334 	ld	a, (hl)
    0000167C 23               [ 6] 3335 	inc	hl
    0000167D 32r00r00         [13] 3336 	ld	(_g_pass_start_y+0), a
    00001680 7E               [ 7] 3337 	ld	a, (hl)
    00001681 32r01r00         [13] 3338 	ld	(_g_pass_start_y+1), a
                                   3339 ;E:\Dropbox\FAUSTO\SVILUPPI\MSX\CODE\C\MSXgl\projects\soccerlgMSX2/soccerlg_s21_b3.c:382: g_pass_target_x = SwSprite[receiver].lx;
    00001684 DD 6E E8         [19] 3340 	ld	l, -24 (ix)
    00001687 DD 66 E9         [19] 3341 	ld	h, -23 (ix)
    0000168A 7E               [ 7] 3342 	ld	a, (hl)
    0000168B 32r00r00         [13] 3343 	ld	(_g_pass_target_x+0), a
    0000168E 21r01r00         [10] 3344 	ld	hl, #_g_pass_target_x + 1
    00001691 36 00            [10] 3345 	ld	(hl), #0x00
                                   3346 ;E:\Dropbox\FAUSTO\SVILUPPI\MSX\CODE\C\MSXgl\projects\soccerlgMSX2/soccerlg_s21_b3.c:383: g_pass_target_y = SwSprite[receiver].ly;
    00001693 DD 6E ED         [19] 3347 	ld	l, -19 (ix)
    00001696 DD 66 EE         [19] 3348 	ld	h, -18 (ix)
    00001699 7E               [ 7] 3349 	ld	a, (hl)
    0000169A 23               [ 6] 3350 	inc	hl
    0000169B 32r00r00         [13] 3351 	ld	(_g_pass_target_y+0), a
    0000169E 7E               [ 7] 3352 	ld	a, (hl)
    0000169F 32r01r00         [13] 3353 	ld	(_g_pass_target_y+1), a
                                   3354 ;E:\Dropbox\FAUSTO\SVILUPPI\MSX\CODE\C\MSXgl\projects\soccerlgMSX2/soccerlg_s21_b3.c:385: g_pass_max_frames = (r_dx + r_dy) / 6;
    000016A2 11 06 00         [10] 3355 	ld	de, #0x0006
    000016A5 DD 6E F3         [19] 3356 	ld	l, -13 (ix)
                                   3357 ;	spillPairReg hl
                                   3358 ;	spillPairReg hl
    000016A8 DD 66 F4         [19] 3359 	ld	h, -12 (ix)
                                   3360 ;	spillPairReg hl
                                   3361 ;	spillPairReg hl
    000016AB CDr00r00         [17] 3362 	call	__divuint
    000016AE FD 21r00r00      [14] 3363 	ld	iy, #_g_pass_max_frames
    000016B2 FD 73 00         [19] 3364 	ld	0 (iy), e
                                   3365 ;E:\Dropbox\FAUSTO\SVILUPPI\MSX\CODE\C\MSXgl\projects\soccerlgMSX2/soccerlg_s21_b3.c:386: if (g_pass_max_frames < 6) g_pass_max_frames = 6;
    000016B5 3Ar00r00         [13] 3366 	ld	a, (_g_pass_max_frames+0)
    000016B8 D6 06            [ 7] 3367 	sub	a, #0x06
    000016BA 30 04            [12] 3368 	jr	NC, 00349$
    000016BC FD 36 00 06      [19] 3369 	ld	0 (iy), #0x06
    000016C0                       3370 00349$:
                                   3371 ;E:\Dropbox\FAUSTO\SVILUPPI\MSX\CODE\C\MSXgl\projects\soccerlgMSX2/soccerlg_s21_b3.c:387: if (g_pass_max_frames > 28) g_pass_max_frames = 28;
    000016C0 3E 1C            [ 7] 3372 	ld	a, #0x1c
    000016C2 FD 21r00r00      [14] 3373 	ld	iy, #_g_pass_max_frames
    000016C6 FD 96 00         [19] 3374 	sub	a, 0 (iy)
    000016C9 30 04            [12] 3375 	jr	NC, 00351$
    000016CB FD 36 00 1C      [19] 3376 	ld	0 (iy), #0x1c
    000016CF                       3377 00351$:
                                   3378 ;E:\Dropbox\FAUSTO\SVILUPPI\MSX\CODE\C\MSXgl\projects\soccerlgMSX2/soccerlg_s21_b3.c:388: g_pass_max_height = (r_dx + r_dy) / 24;
    000016CF 11 18 00         [10] 3379 	ld	de, #0x0018
    000016D2 DD 6E F3         [19] 3380 	ld	l, -13 (ix)
                                   3381 ;	spillPairReg hl
                                   3382 ;	spillPairReg hl
    000016D5 DD 66 F4         [19] 3383 	ld	h, -12 (ix)
                                   3384 ;	spillPairReg hl
                                   3385 ;	spillPairReg hl
    000016D8 CDr00r00         [17] 3386 	call	__divuint
    000016DB FD 21r00r00      [14] 3387 	ld	iy, #_g_pass_max_height
    000016DF FD 73 00         [19] 3388 	ld	0 (iy), e
                                   3389 ;E:\Dropbox\FAUSTO\SVILUPPI\MSX\CODE\C\MSXgl\projects\soccerlgMSX2/soccerlg_s21_b3.c:389: if (g_pass_max_height < 1) g_pass_max_height = 1;
    000016E2 3Ar00r00         [13] 3390 	ld	a, (_g_pass_max_height+0)
    000016E5 D6 01            [ 7] 3391 	sub	a, #0x01
    000016E7 30 04            [12] 3392 	jr	NC, 00353$
    000016E9 FD 36 00 01      [19] 3393 	ld	0 (iy), #0x01
    000016ED                       3394 00353$:
                                   3395 ;E:\Dropbox\FAUSTO\SVILUPPI\MSX\CODE\C\MSXgl\projects\soccerlgMSX2/soccerlg_s21_b3.c:390: if (g_pass_max_height > 7) g_pass_max_height = 7;
    000016ED 3E 07            [ 7] 3396 	ld	a, #0x07
    000016EF FD 21r00r00      [14] 3397 	ld	iy, #_g_pass_max_height
    000016F3 FD 96 00         [19] 3398 	sub	a, 0 (iy)
    000016F6 30 04            [12] 3399 	jr	NC, 00355$
    000016F8 FD 36 00 07      [19] 3400 	ld	0 (iy), #0x07
    000016FC                       3401 00355$:
                                   3402 ;E:\Dropbox\FAUSTO\SVILUPPI\MSX\CODE\C\MSXgl\projects\soccerlgMSX2/soccerlg_s21_b3.c:392: Ball->anim = 5;
    000016FC 21 05 00         [10] 3403 	ld	hl, #0x0005
    000016FF 22r55r01         [16] 3404 	ld	((_SwSprite + 341)), hl
                                   3405 ;E:\Dropbox\FAUSTO\SVILUPPI\MSX\CODE\C\MSXgl\projects\soccerlgMSX2/soccerlg_s21_b3.c:393: CallFnc_VOID(SEG_EVENTS, EventBallKicked);
    00001702 11r00r00         [10] 3406 	ld	de, #_EventBallKicked
    00001705 3E 08            [ 7] 3407 	ld	a, #0x08
    00001707 CDr00r00         [17] 3408 	call	_CallFnc_VOID
    0000170A                       3409 00365$:
                                   3410 ;E:\Dropbox\FAUSTO\SVILUPPI\MSX\CODE\C\MSXgl\projects\soccerlgMSX2/soccerlg_s21_b3.c:401: if (!action_taken) {
    0000170A DD 7E EC         [19] 3411 	ld	a, -20 (ix)
    0000170D B7               [ 4] 3412 	or	a, a
    0000170E C2rFDr17         [10] 3413 	jp	NZ, 00387$
                                   3414 ;E:\Dropbox\FAUSTO\SVILUPPI\MSX\CODE\C\MSXgl\projects\soccerlgMSX2/soccerlg_s21_b3.c:402: i8 move_dx = (Player->dx > 0) ? 1 : ((Player->dx < 0) ? -1 : 0);
    00001711 DD 4E E1         [19] 3415 	ld	c, -31 (ix)
    00001714 DD 46 E2         [19] 3416 	ld	b, -30 (ix)
    00001717 21 11 00         [10] 3417 	ld	hl, #17
    0000171A 09               [11] 3418 	add	hl, bc
    0000171B 4E               [ 7] 3419 	ld	c, (hl)
    0000171C AF               [ 4] 3420 	xor	a, a
    0000171D 91               [ 4] 3421 	sub	a, c
    0000171E E2r23r17         [10] 3422 	jp	PO, 01868$
    00001721 EE 80            [ 7] 3423 	xor	a, #0x80
    00001723                       3424 01868$:
    00001723 F2r2Cr17         [10] 3425 	jp	P, 00547$
    00001726 11 01 00         [10] 3426 	ld	de, #0x0001
    00001729 C3r39r17         [10] 3427 	jp	00548$
    0000172C                       3428 00547$:
    0000172C CB 79            [ 8] 3429 	bit	7, c
    0000172E 28 06            [12] 3430 	jr	Z, 00549$
    00001730 11 FF FF         [10] 3431 	ld	de, #0xffff
    00001733 C3r39r17         [10] 3432 	jp	00550$
    00001736                       3433 00549$:
    00001736 11 00 00         [10] 3434 	ld	de, #0x0000
    00001739                       3435 00550$:
    00001739                       3436 00548$:
                                   3437 ;E:\Dropbox\FAUSTO\SVILUPPI\MSX\CODE\C\MSXgl\projects\soccerlgMSX2/soccerlg_s21_b3.c:405: if (Player->ly > 450) {
    00001739 DD 6E EA         [19] 3438 	ld	l, -22 (ix)
    0000173C DD 66 EB         [19] 3439 	ld	h, -21 (ix)
    0000173F 4E               [ 7] 3440 	ld	c, (hl)
    00001740 23               [ 6] 3441 	inc	hl
    00001741 46               [ 7] 3442 	ld	b, (hl)
                                   3443 ;E:\Dropbox\FAUSTO\SVILUPPI\MSX\CODE\C\MSXgl\projects\soccerlgMSX2/soccerlg_s21_b3.c:406: Ball->dx = 0; Ball->dy = 0;
                                   3444 ;E:\Dropbox\FAUSTO\SVILUPPI\MSX\CODE\C\MSXgl\projects\soccerlgMSX2/soccerlg_s21_b3.c:405: if (Player->ly > 450) {
    00001742 3E C2            [ 7] 3445 	ld	a, #0xc2
    00001744 B9               [ 4] 3446 	cp	a, c
    00001745 3E 01            [ 7] 3447 	ld	a, #0x01
    00001747 98               [ 4] 3448 	sbc	a, b
    00001748 30 13            [12] 3449 	jr	NC, 00376$
                                   3450 ;E:\Dropbox\FAUSTO\SVILUPPI\MSX\CODE\C\MSXgl\projects\soccerlgMSX2/soccerlg_s21_b3.c:406: Ball->dx = 0; Ball->dy = 0;
    0000174A 21r53r01         [10] 3451 	ld	hl, #(_SwSprite + 339)
    0000174D 36 00            [10] 3452 	ld	(hl), #0x00
    0000174F 21r54r01         [10] 3453 	ld	hl, #(_SwSprite + 340)
    00001752 36 00            [10] 3454 	ld	(hl), #0x00
                                   3455 ;E:\Dropbox\FAUSTO\SVILUPPI\MSX\CODE\C\MSXgl\projects\soccerlgMSX2/soccerlg_s21_b3.c:407: Ball->anim = 0;
    00001754 21 00 00         [10] 3456 	ld	hl, #0x0000
    00001757 22r55r01         [16] 3457 	ld	((_SwSprite + 341)), hl
    0000175A C3rFDr17         [10] 3458 	jp	00387$
    0000175D                       3459 00376$:
                                   3460 ;E:\Dropbox\FAUSTO\SVILUPPI\MSX\CODE\C\MSXgl\projects\soccerlgMSX2/soccerlg_s21_b3.c:409: i8 off_x = 0;
    0000175D 0E 00            [ 7] 3461 	ld	c, #0x00
                                   3462 ;E:\Dropbox\FAUSTO\SVILUPPI\MSX\CODE\C\MSXgl\projects\soccerlgMSX2/soccerlg_s21_b3.c:410: i8 off_y = (move_dx != 0) ? 11 : 8;
    0000175F 7B               [ 4] 3463 	ld	a, e
    00001760 B7               [ 4] 3464 	or	a, a
    00001761 28 06            [12] 3465 	jr	Z, 00551$
    00001763 21 0B 00         [10] 3466 	ld	hl, #0x000b
    00001766 C3r6Cr17         [10] 3467 	jp	00552$
    00001769                       3468 00551$:
    00001769 21 08 00         [10] 3469 	ld	hl, #0x0008
    0000176C                       3470 00552$:
    0000176C 55               [ 4] 3471 	ld	d, l
                                   3472 ;E:\Dropbox\FAUSTO\SVILUPPI\MSX\CODE\C\MSXgl\projects\soccerlgMSX2/soccerlg_s21_b3.c:411: if (move_dx > 0) off_x = 3; else if (move_dx < 0) off_x = -3;
    0000176D AF               [ 4] 3473 	xor	a, a
    0000176E 93               [ 4] 3474 	sub	a, e
    0000176F E2r74r17         [10] 3475 	jp	PO, 01869$
    00001772 EE 80            [ 7] 3476 	xor	a, #0x80
    00001774                       3477 01869$:
    00001774 F2r7Cr17         [10] 3478 	jp	P, 00370$
    00001777 0E 03            [ 7] 3479 	ld	c, #0x03
    00001779 C3r82r17         [10] 3480 	jp	00371$
    0000177C                       3481 00370$:
    0000177C CB 7B            [ 8] 3482 	bit	7, e
    0000177E 28 02            [12] 3483 	jr	Z, 00371$
    00001780 0E FD            [ 7] 3484 	ld	c, #0xfd
    00001782                       3485 00371$:
                                   3486 ;E:\Dropbox\FAUSTO\SVILUPPI\MSX\CODE\C\MSXgl\projects\soccerlgMSX2/soccerlg_s21_b3.c:413: Ball->lx = (u8)((i16)Player->lx + off_x);
    00001782 DD 6E E1         [19] 3487 	ld	l, -31 (ix)
    00001785 DD 66 E2         [19] 3488 	ld	h, -30 (ix)
    00001788 7E               [ 7] 3489 	ld	a, (hl)
    00001789 81               [ 4] 3490 	add	a, c
    0000178A 32r42r01         [13] 3491 	ld	(#(_SwSprite + 322)),a
                                   3492 ;E:\Dropbox\FAUSTO\SVILUPPI\MSX\CODE\C\MSXgl\projects\soccerlgMSX2/soccerlg_s21_b3.c:414: Ball->ly = (u16)((i16)Player->ly + off_y) & 511;
    0000178D DD 6E EA         [19] 3493 	ld	l, -22 (ix)
    00001790 DD 66 EB         [19] 3494 	ld	h, -21 (ix)
    00001793 4E               [ 7] 3495 	ld	c, (hl)
    00001794 23               [ 6] 3496 	inc	hl
    00001795 46               [ 7] 3497 	ld	b, (hl)
    00001796 7A               [ 4] 3498 	ld	a, d
    00001797 6F               [ 4] 3499 	ld	l, a
                                   3500 ;	spillPairReg hl
                                   3501 ;	spillPairReg hl
    00001798 07               [ 4] 3502 	rlca
    00001799 9F               [ 4] 3503 	sbc	a, a
    0000179A 67               [ 4] 3504 	ld	h, a
                                   3505 ;	spillPairReg hl
                                   3506 ;	spillPairReg hl
    0000179B 09               [11] 3507 	add	hl, bc
    0000179C 4D               [ 4] 3508 	ld	c, l
    0000179D 7C               [ 4] 3509 	ld	a, h
    0000179E E6 01            [ 7] 3510 	and	a, #0x01
    000017A0 47               [ 4] 3511 	ld	b, a
    000017A1 ED 43r46r01      [20] 3512 	ld	((_SwSprite + 326)), bc
                                   3513 ;E:\Dropbox\FAUSTO\SVILUPPI\MSX\CODE\C\MSXgl\projects\soccerlgMSX2/soccerlg_s21_b3.c:215: if (g_is_ball_carried && LastTouchTeam != team && b_dist_x <= 36 && b_dist_y <= 24 && Player->count == 0 && RestartType == 0 && Ball->count == 0) {
                                   3514 ;E:\Dropbox\FAUSTO\SVILUPPI\MSX\CODE\C\MSXgl\projects\soccerlgMSX2/soccerlg_s21_b3.c:416: if (move_dx == 0) {
    000017A5 7B               [ 4] 3515 	ld	a, e
    000017A6 B7               [ 4] 3516 	or	a, a
    000017A7 20 1F            [12] 3517 	jr	NZ, 00373$
                                   3518 ;E:\Dropbox\FAUSTO\SVILUPPI\MSX\CODE\C\MSXgl\projects\soccerlgMSX2/soccerlg_s21_b3.c:418: Ball->dx = 0; Ball->dy = 1;
    000017A9 21r53r01         [10] 3519 	ld	hl, #(_SwSprite + 339)
    000017AC 36 00            [10] 3520 	ld	(hl), #0x00
    000017AE 21r54r01         [10] 3521 	ld	hl, #(_SwSprite + 340)
    000017B1 36 01            [10] 3522 	ld	(hl), #0x01
                                   3523 ;E:\Dropbox\FAUSTO\SVILUPPI\MSX\CODE\C\MSXgl\projects\soccerlgMSX2/soccerlg_s21_b3.c:419: Ball->anim = 4; Ball->count = 0;
    000017B3 21 04 00         [10] 3524 	ld	hl, #0x0004
    000017B6 22r55r01         [16] 3525 	ld	((_SwSprite + 341)), hl
    000017B9 6C               [ 4] 3526 	ld	l, h
    000017BA 22r57r01         [16] 3527 	ld	((_SwSprite + 343)), hl
                                   3528 ;E:\Dropbox\FAUSTO\SVILUPPI\MSX\CODE\C\MSXgl\projects\soccerlgMSX2/soccerlg_s21_b3.c:420: CallFnc_VOID(SEG_EVENTS, EventBallKicked);
    000017BD 11r00r00         [10] 3529 	ld	de, #_EventBallKicked
    000017C0 3E 08            [ 7] 3530 	ld	a, #0x08
    000017C2 CDr00r00         [17] 3531 	call	_CallFnc_VOID
    000017C5 C3rFDr17         [10] 3532 	jp	00387$
    000017C8                       3533 00373$:
                                   3534 ;E:\Dropbox\FAUSTO\SVILUPPI\MSX\CODE\C\MSXgl\projects\soccerlgMSX2/soccerlg_s21_b3.c:423: Ball->dx = move_dx; Ball->dy = 1;
    000017C8 21r53r01         [10] 3535 	ld	hl, #(_SwSprite + 339)
    000017CB 73               [ 7] 3536 	ld	(hl), e
    000017CC 21r54r01         [10] 3537 	ld	hl, #(_SwSprite + 340)
    000017CF 36 01            [10] 3538 	ld	(hl), #0x01
                                   3539 ;E:\Dropbox\FAUSTO\SVILUPPI\MSX\CODE\C\MSXgl\projects\soccerlgMSX2/soccerlg_s21_b3.c:424: Ball->anim = 2; Ball->count = 12; // Immunità durante il cambio di direzione
    000017D1 21 02 00         [10] 3540 	ld	hl, #0x0002
    000017D4 22r55r01         [16] 3541 	ld	((_SwSprite + 341)), hl
    000017D7 2E 0C            [ 7] 3542 	ld	l, #0x0c
    000017D9 22r57r01         [16] 3543 	ld	((_SwSprite + 343)), hl
                                   3544 ;E:\Dropbox\FAUSTO\SVILUPPI\MSX\CODE\C\MSXgl\projects\soccerlgMSX2/soccerlg_s21_b3.c:425: CallFnc_VOID(SEG_EVENTS, EventBallKicked);
    000017DC 11r00r00         [10] 3545 	ld	de, #_EventBallKicked
    000017DF 3E 08            [ 7] 3546 	ld	a, #0x08
    000017E1 CDr00r00         [17] 3547 	call	_CallFnc_VOID
    000017E4 C3rFDr17         [10] 3548 	jp	00387$
    000017E7                       3549 00384$:
                                   3550 ;E:\Dropbox\FAUSTO\SVILUPPI\MSX\CODE\C\MSXgl\projects\soccerlgMSX2/soccerlg_s21_b3.c:432: target_x = Ball->lx;
    000017E7 DD 7E FC         [19] 3551 	ld	a, -4 (ix)
    000017EA DD 77 FA         [19] 3552 	ld	-6 (ix), a
    000017ED DD 36 FB 00      [19] 3553 	ld	-5 (ix), #0x00
                                   3554 ;E:\Dropbox\FAUSTO\SVILUPPI\MSX\CODE\C\MSXgl\projects\soccerlgMSX2/soccerlg_s21_b3.c:433: target_y = Ball->ly;
    000017F1 DD 7E FD         [19] 3555 	ld	a, -3 (ix)
    000017F4 DD 4E FE         [19] 3556 	ld	c, -2 (ix)
    000017F7 DD 77 FC         [19] 3557 	ld	-4 (ix), a
    000017FA DD 71 FD         [19] 3558 	ld	-3 (ix), c
    000017FD                       3559 00387$:
                                   3560 ;E:\Dropbox\FAUSTO\SVILUPPI\MSX\CODE\C\MSXgl\projects\soccerlgMSX2/soccerlg_s21_b3.c:438: if (target_x < 16) target_x = 16; 
    000017FD DD 7E FA         [19] 3561 	ld	a, -6 (ix)
    00001800 DD 46 FB         [19] 3562 	ld	b, -5 (ix)
    00001803 D6 10            [ 7] 3563 	sub	a, #0x10
    00001805 78               [ 4] 3564 	ld	a, b
    00001806 DE 00            [ 7] 3565 	sbc	a, #0x00
    00001808 30 08            [12] 3566 	jr	NC, 00392$
    0000180A DD 36 FA 10      [19] 3567 	ld	-6 (ix), #0x10
    0000180E DD 36 FB 00      [19] 3568 	ld	-5 (ix), #0
    00001812                       3569 00392$:
                                   3570 ;E:\Dropbox\FAUSTO\SVILUPPI\MSX\CODE\C\MSXgl\projects\soccerlgMSX2/soccerlg_s21_b3.c:439: if (target_x > 224) target_x = 224;
    00001812 DD 4E FA         [19] 3571 	ld	c, -6 (ix)
    00001815 DD 46 FB         [19] 3572 	ld	b, -5 (ix)
    00001818 3E E0            [ 7] 3573 	ld	a, #0xe0
    0000181A B9               [ 4] 3574 	cp	a, c
    0000181B 3E 00            [ 7] 3575 	ld	a, #0x00
    0000181D 98               [ 4] 3576 	sbc	a, b
    0000181E 30 08            [12] 3577 	jr	NC, 00394$
    00001820 DD 36 FA E0      [19] 3578 	ld	-6 (ix), #0xe0
    00001824 DD 36 FB 00      [19] 3579 	ld	-5 (ix), #0
    00001828                       3580 00394$:
                                   3581 ;E:\Dropbox\FAUSTO\SVILUPPI\MSX\CODE\C\MSXgl\projects\soccerlgMSX2/soccerlg_s21_b3.c:440: if (target_y < 24) target_y = 24;
    00001828 DD 7E FC         [19] 3582 	ld	a, -4 (ix)
    0000182B DD 46 FD         [19] 3583 	ld	b, -3 (ix)
    0000182E D6 18            [ 7] 3584 	sub	a, #0x18
    00001830 78               [ 4] 3585 	ld	a, b
    00001831 DE 00            [ 7] 3586 	sbc	a, #0x00
    00001833 30 08            [12] 3587 	jr	NC, 00396$
    00001835 DD 36 FC 18      [19] 3588 	ld	-4 (ix), #0x18
    00001839 DD 36 FD 00      [19] 3589 	ld	-3 (ix), #0
    0000183D                       3590 00396$:
                                   3591 ;E:\Dropbox\FAUSTO\SVILUPPI\MSX\CODE\C\MSXgl\projects\soccerlgMSX2/soccerlg_s21_b3.c:441: if (target_y > 478) target_y = 478;
    0000183D DD 4E FC         [19] 3592 	ld	c, -4 (ix)
    00001840 DD 46 FD         [19] 3593 	ld	b, -3 (ix)
    00001843 3E DE            [ 7] 3594 	ld	a, #0xde
    00001845 B9               [ 4] 3595 	cp	a, c
    00001846 3E 01            [ 7] 3596 	ld	a, #0x01
    00001848 98               [ 4] 3597 	sbc	a, b
    00001849 30 08            [12] 3598 	jr	NC, 00398$
    0000184B DD 36 FC DE      [19] 3599 	ld	-4 (ix), #0xde
    0000184F DD 36 FD 01      [19] 3600 	ld	-3 (ix), #0x01
    00001853                       3601 00398$:
                                   3602 ;E:\Dropbox\FAUSTO\SVILUPPI\MSX\CODE\C\MSXgl\projects\soccerlgMSX2/soccerlg_s21_b3.c:445: u16 dist_x = (target_x > Player->lx) ? (target_x - Player->lx) : (Player->lx - target_x);
    00001853 DD 6E E1         [19] 3603 	ld	l, -31 (ix)
    00001856 DD 66 E2         [19] 3604 	ld	h, -30 (ix)
    00001859 7E               [ 7] 3605 	ld	a, (hl)
    0000185A 4F               [ 4] 3606 	ld	c, a
    0000185B 06 00            [ 7] 3607 	ld	b, #0x00
    0000185D DD 77 F8         [19] 3608 	ld	-8 (ix), a
    00001860 DD 36 F9 00      [19] 3609 	ld	-7 (ix), #0x00
    00001864 79               [ 4] 3610 	ld	a, c
    00001865 DD 96 FA         [19] 3611 	sub	a, -6 (ix)
    00001868 78               [ 4] 3612 	ld	a, b
    00001869 DD 9E FB         [19] 3613 	sbc	a, -5 (ix)
    0000186C 30 2D            [12] 3614 	jr	NC, 00553$
    0000186E DD 7E FA         [19] 3615 	ld	a, -6 (ix)
    00001871 DD 77 F4         [19] 3616 	ld	-12 (ix), a
    00001874 DD 7E FB         [19] 3617 	ld	a, -5 (ix)
    00001877 DD 77 F5         [19] 3618 	ld	-11 (ix), a
    0000187A DD 7E F8         [19] 3619 	ld	a, -8 (ix)
    0000187D DD 77 F6         [19] 3620 	ld	-10 (ix), a
    00001880 DD 7E F9         [19] 3621 	ld	a, -7 (ix)
    00001883 DD 77 F7         [19] 3622 	ld	-9 (ix), a
    00001886 DD 7E F4         [19] 3623 	ld	a, -12 (ix)
    00001889 DD 96 F6         [19] 3624 	sub	a, -10 (ix)
    0000188C DD 77 F8         [19] 3625 	ld	-8 (ix), a
    0000188F DD 7E F5         [19] 3626 	ld	a, -11 (ix)
    00001892 DD 9E F7         [19] 3627 	sbc	a, -9 (ix)
    00001895 DD 77 F9         [19] 3628 	ld	-7 (ix), a
    00001898 C3rAEr18         [10] 3629 	jp	00554$
    0000189B                       3630 00553$:
    0000189B DD 7E F8         [19] 3631 	ld	a, -8 (ix)
    0000189E DD 4E F9         [19] 3632 	ld	c, -7 (ix)
    000018A1 DD 96 FA         [19] 3633 	sub	a, -6 (ix)
    000018A4 DD 77 F8         [19] 3634 	ld	-8 (ix), a
    000018A7 79               [ 4] 3635 	ld	a, c
    000018A8 DD 9E FB         [19] 3636 	sbc	a, -5 (ix)
    000018AB DD 77 F9         [19] 3637 	ld	-7 (ix), a
    000018AE                       3638 00554$:
    000018AE DD 7E F8         [19] 3639 	ld	a, -8 (ix)
    000018B1 DD 77 F6         [19] 3640 	ld	-10 (ix), a
    000018B4 DD 7E F9         [19] 3641 	ld	a, -7 (ix)
    000018B7 DD 77 F7         [19] 3642 	ld	-9 (ix), a
                                   3643 ;E:\Dropbox\FAUSTO\SVILUPPI\MSX\CODE\C\MSXgl\projects\soccerlgMSX2/soccerlg_s21_b3.c:446: u16 dist_y = (target_y > Player->ly) ? (target_y - Player->ly) : (Player->ly - target_y);
    000018BA DD 6E EA         [19] 3644 	ld	l, -22 (ix)
    000018BD DD 66 EB         [19] 3645 	ld	h, -21 (ix)
    000018C0 7E               [ 7] 3646 	ld	a, (hl)
    000018C1 DD 77 F4         [19] 3647 	ld	-12 (ix), a
    000018C4 23               [ 6] 3648 	inc	hl
    000018C5 7E               [ 7] 3649 	ld	a, (hl)
    000018C6 DD 77 F5         [19] 3650 	ld	-11 (ix), a
    000018C9 DD 7E F4         [19] 3651 	ld	a, -12 (ix)
    000018CC DD 96 FC         [19] 3652 	sub	a, -4 (ix)
    000018CF DD 7E F5         [19] 3653 	ld	a, -11 (ix)
    000018D2 DD 9E FD         [19] 3654 	sbc	a, -3 (ix)
    000018D5 30 15            [12] 3655 	jr	NC, 00555$
    000018D7 DD 7E FC         [19] 3656 	ld	a, -4 (ix)
    000018DA DD 96 F4         [19] 3657 	sub	a, -12 (ix)
    000018DD DD 77 F8         [19] 3658 	ld	-8 (ix), a
    000018E0 DD 7E FD         [19] 3659 	ld	a, -3 (ix)
    000018E3 DD 9E F5         [19] 3660 	sbc	a, -11 (ix)
    000018E6 DD 77 F9         [19] 3661 	ld	-7 (ix), a
    000018E9 C3rFEr18         [10] 3662 	jp	00556$
    000018EC                       3663 00555$:
    000018EC DD 7E F4         [19] 3664 	ld	a, -12 (ix)
    000018EF DD 96 FC         [19] 3665 	sub	a, -4 (ix)
    000018F2 DD 77 F8         [19] 3666 	ld	-8 (ix), a
    000018F5 DD 7E F5         [19] 3667 	ld	a, -11 (ix)
    000018F8 DD 9E FD         [19] 3668 	sbc	a, -3 (ix)
    000018FB DD 77 F9         [19] 3669 	ld	-7 (ix), a
    000018FE                       3670 00556$:
                                   3671 ;E:\Dropbox\FAUSTO\SVILUPPI\MSX\CODE\C\MSXgl\projects\soccerlgMSX2/soccerlg_s21_b3.c:449: u8 speed = 1;
    000018FE DD 36 FE 01      [19] 3672 	ld	-2 (ix), #0x01
                                   3673 ;E:\Dropbox\FAUSTO\SVILUPPI\MSX\CODE\C\MSXgl\projects\soccerlgMSX2/soccerlg_s21_b3.c:451: if (dist_x > 24 || dist_y > 24 || (LastTouchTeam == team && i == closest_mate) || (!g_is_ball_carried && Ball->anim < 5 && i == closest_mate)) speed = 2;
    00001902 DD 4E F6         [19] 3674 	ld	c, -10 (ix)
    00001905 DD 46 F7         [19] 3675 	ld	b, -9 (ix)
    00001908 3E 18            [ 7] 3676 	ld	a, #0x18
    0000190A B9               [ 4] 3677 	cp	a, c
    0000190B 3E 00            [ 7] 3678 	ld	a, #0x00
    0000190D 98               [ 4] 3679 	sbc	a, b
    0000190E 38 4E            [12] 3680 	jr	C, 00399$
    00001910 DD 7E F8         [19] 3681 	ld	a, -8 (ix)
    00001913 DD 77 F4         [19] 3682 	ld	-12 (ix), a
    00001916 DD 7E F9         [19] 3683 	ld	a, -7 (ix)
    00001919 DD 77 F5         [19] 3684 	ld	-11 (ix), a
    0000191C 3E 18            [ 7] 3685 	ld	a, #0x18
    0000191E DD BE F4         [19] 3686 	cp	a, -12 (ix)
    00001921 3E 00            [ 7] 3687 	ld	a, #0x00
    00001923 DD 9E F5         [19] 3688 	sbc	a, -11 (ix)
    00001926 38 36            [12] 3689 	jr	C, 00399$
    00001928 3Ar00r00         [13] 3690 	ld	a, (_LastTouchTeam+0)
    0000192B DD 96 E3         [19] 3691 	sub	a, -29 (ix)
    0000192E 20 08            [12] 3692 	jr	NZ, 00406$
    00001930 DD 7E FF         [19] 3693 	ld	a, -1 (ix)
    00001933 DD 96 E4         [19] 3694 	sub	a, -28 (ix)
    00001936 28 26            [12] 3695 	jr	Z, 00399$
    00001938                       3696 00406$:
    00001938 3Ar00r00         [13] 3697 	ld	a, (_g_is_ball_carried+0)
    0000193B B7               [ 4] 3698 	or	a, a
    0000193C 20 24            [12] 3699 	jr	NZ, 00400$
    0000193E 21r55r01         [10] 3700 	ld	hl, #(_SwSprite + 341)
    00001941 7E               [ 7] 3701 	ld	a, (hl)
    00001942 DD 77 F4         [19] 3702 	ld	-12 (ix), a
    00001945 23               [ 6] 3703 	inc	hl
    00001946 7E               [ 7] 3704 	ld	a, (hl)
    00001947 DD 77 F5         [19] 3705 	ld	-11 (ix), a
    0000194A DD 7E F4         [19] 3706 	ld	a, -12 (ix)
    0000194D D6 05            [ 7] 3707 	sub	a, #0x05
    0000194F DD 7E F5         [19] 3708 	ld	a, -11 (ix)
    00001952 DE 00            [ 7] 3709 	sbc	a, #0x00
    00001954 30 0C            [12] 3710 	jr	NC, 00400$
    00001956 DD 7E FF         [19] 3711 	ld	a, -1 (ix)
    00001959 DD 96 E4         [19] 3712 	sub	a, -28 (ix)
    0000195C 20 04            [12] 3713 	jr	NZ, 00400$
    0000195E                       3714 00399$:
    0000195E DD 36 FE 02      [19] 3715 	ld	-2 (ix), #0x02
    00001962                       3716 00400$:
                                   3717 ;E:\Dropbox\FAUSTO\SVILUPPI\MSX\CODE\C\MSXgl\projects\soccerlgMSX2/soccerlg_s21_b3.c:453: Player->dx = 0; Player->dy = 0;
    00001962 DD 7E E1         [19] 3718 	ld	a, -31 (ix)
    00001965 C6 11            [ 7] 3719 	add	a, #0x11
    00001967 DD 77 EE         [19] 3720 	ld	-18 (ix), a
    0000196A DD 7E E2         [19] 3721 	ld	a, -30 (ix)
    0000196D CE 00            [ 7] 3722 	adc	a, #0x00
    0000196F DD 77 EF         [19] 3723 	ld	-17 (ix), a
    00001972 DD 6E EE         [19] 3724 	ld	l, -18 (ix)
    00001975 DD 66 EF         [19] 3725 	ld	h, -17 (ix)
    00001978 36 00            [10] 3726 	ld	(hl), #0x00
    0000197A DD 7E E1         [19] 3727 	ld	a, -31 (ix)
    0000197D C6 12            [ 7] 3728 	add	a, #0x12
    0000197F DD 77 F0         [19] 3729 	ld	-16 (ix), a
    00001982 DD 7E E2         [19] 3730 	ld	a, -30 (ix)
    00001985 CE 00            [ 7] 3731 	adc	a, #0x00
    00001987 DD 77 F1         [19] 3732 	ld	-15 (ix), a
    0000198A DD 6E F0         [19] 3733 	ld	l, -16 (ix)
    0000198D DD 66 F1         [19] 3734 	ld	h, -15 (ix)
    00001990 36 00            [10] 3735 	ld	(hl), #0x00
                                   3736 ;E:\Dropbox\FAUSTO\SVILUPPI\MSX\CODE\C\MSXgl\projects\soccerlgMSX2/soccerlg_s21_b3.c:455: if (dist_x > speed) Player->dx = (target_x > Player->lx) ? speed : -speed;
    00001992 DD 7E FE         [19] 3737 	ld	a, -2 (ix)
    00001995 DD 77 F2         [19] 3738 	ld	-14 (ix), a
    00001998 DD 36 F3 00      [19] 3739 	ld	-13 (ix), #0x00
    0000199C DD 7E F2         [19] 3740 	ld	a, -14 (ix)
    0000199F DD 96 F6         [19] 3741 	sub	a, -10 (ix)
    000019A2 DD 7E F3         [19] 3742 	ld	a, -13 (ix)
    000019A5 DD 9E F7         [19] 3743 	sbc	a, -9 (ix)
    000019A8 30 45            [12] 3744 	jr	NC, 00408$
    000019AA DD 7E EE         [19] 3745 	ld	a, -18 (ix)
    000019AD DD 77 F4         [19] 3746 	ld	-12 (ix), a
    000019B0 DD 7E EF         [19] 3747 	ld	a, -17 (ix)
    000019B3 DD 77 F5         [19] 3748 	ld	-11 (ix), a
    000019B6 DD 6E E1         [19] 3749 	ld	l, -31 (ix)
    000019B9 DD 66 E2         [19] 3750 	ld	h, -30 (ix)
    000019BC 7E               [ 7] 3751 	ld	a, (hl)
    000019BD DD 77 F7         [19] 3752 	ld	-9 (ix), a
    000019C0 DD 77 F6         [19] 3753 	ld	-10 (ix), a
    000019C3 DD 36 F7 00      [19] 3754 	ld	-9 (ix), #0x00
    000019C7 DD 7E F6         [19] 3755 	ld	a, -10 (ix)
    000019CA DD 96 FA         [19] 3756 	sub	a, -6 (ix)
    000019CD DD 7E F7         [19] 3757 	ld	a, -9 (ix)
    000019D0 DD 9E FB         [19] 3758 	sbc	a, -5 (ix)
    000019D3 30 09            [12] 3759 	jr	NC, 00557$
    000019D5 DD 7E FE         [19] 3760 	ld	a, -2 (ix)
    000019D8 DD 77 FB         [19] 3761 	ld	-5 (ix), a
    000019DB C3rE5r19         [10] 3762 	jp	00558$
    000019DE                       3763 00557$:
    000019DE AF               [ 4] 3764 	xor	a, a
    000019DF DD 96 FE         [19] 3765 	sub	a, -2 (ix)
    000019E2 DD 77 FB         [19] 3766 	ld	-5 (ix), a
    000019E5                       3767 00558$:
    000019E5 DD 6E F4         [19] 3768 	ld	l, -12 (ix)
    000019E8 DD 66 F5         [19] 3769 	ld	h, -11 (ix)
    000019EB DD 7E FB         [19] 3770 	ld	a, -5 (ix)
    000019EE 77               [ 7] 3771 	ld	(hl), a
    000019EF                       3772 00408$:
                                   3773 ;E:\Dropbox\FAUSTO\SVILUPPI\MSX\CODE\C\MSXgl\projects\soccerlgMSX2/soccerlg_s21_b3.c:456: if (dist_y > speed) Player->dy = (target_y > Player->ly) ? speed : -speed;
    000019EF DD 7E F2         [19] 3774 	ld	a, -14 (ix)
    000019F2 DD 96 F8         [19] 3775 	sub	a, -8 (ix)
    000019F5 DD 7E F3         [19] 3776 	ld	a, -13 (ix)
    000019F8 DD 9E F9         [19] 3777 	sbc	a, -7 (ix)
    000019FB 30 30            [12] 3778 	jr	NC, 00410$
    000019FD DD 7E F0         [19] 3779 	ld	a, -16 (ix)
    00001A00 DD 77 FA         [19] 3780 	ld	-6 (ix), a
    00001A03 DD 7E F1         [19] 3781 	ld	a, -15 (ix)
    00001A06 DD 77 FB         [19] 3782 	ld	-5 (ix), a
    00001A09 DD 6E EA         [19] 3783 	ld	l, -22 (ix)
    00001A0C DD 66 EB         [19] 3784 	ld	h, -21 (ix)
    00001A0F 4E               [ 7] 3785 	ld	c, (hl)
    00001A10 23               [ 6] 3786 	inc	hl
    00001A11 46               [ 7] 3787 	ld	b, (hl)
    00001A12 79               [ 4] 3788 	ld	a, c
    00001A13 DD 96 FC         [19] 3789 	sub	a, -4 (ix)
    00001A16 78               [ 4] 3790 	ld	a, b
    00001A17 DD 9E FD         [19] 3791 	sbc	a, -3 (ix)
    00001A1A 30 06            [12] 3792 	jr	NC, 00559$
    00001A1C DD 7E FE         [19] 3793 	ld	a, -2 (ix)
    00001A1F C3r26r1A         [10] 3794 	jp	00560$
    00001A22                       3795 00559$:
    00001A22 AF               [ 4] 3796 	xor	a, a
    00001A23 DD 96 FE         [19] 3797 	sub	a, -2 (ix)
    00001A26                       3798 00560$:
    00001A26 DD 6E FA         [19] 3799 	ld	l, -6 (ix)
    00001A29 DD 66 FB         [19] 3800 	ld	h, -5 (ix)
    00001A2C 77               [ 7] 3801 	ld	(hl), a
    00001A2D                       3802 00410$:
                                   3803 ;E:\Dropbox\FAUSTO\SVILUPPI\MSX\CODE\C\MSXgl\projects\soccerlgMSX2/soccerlg_s21_b3.c:458: if (Player->dx != 0 || Player->dy != 0) {
    00001A2D DD 6E EE         [19] 3804 	ld	l, -18 (ix)
    00001A30 DD 66 EF         [19] 3805 	ld	h, -17 (ix)
    00001A33 7E               [ 7] 3806 	ld	a, (hl)
    00001A34 DD 77 FC         [19] 3807 	ld	-4 (ix), a
                                   3808 ;E:\Dropbox\FAUSTO\SVILUPPI\MSX\CODE\C\MSXgl\projects\soccerlgMSX2/soccerlg_s21_b3.c:467: Player->frame = CallFnc_U16_P4(SEG_GAMESTATE_9, GetPlayerAnimFrame, i, Player->dx, Player->dy, walk_seq[(Player->anim / 3) % 4]);
    00001A37 DD 7E E1         [19] 3809 	ld	a, -31 (ix)
    00001A3A C6 0F            [ 7] 3810 	add	a, #0x0f
    00001A3C DD 77 FD         [19] 3811 	ld	-3 (ix), a
    00001A3F DD 7E E2         [19] 3812 	ld	a, -30 (ix)
    00001A42 CE 00            [ 7] 3813 	adc	a, #0x00
    00001A44 DD 77 FE         [19] 3814 	ld	-2 (ix), a
                                   3815 ;E:\Dropbox\FAUSTO\SVILUPPI\MSX\CODE\C\MSXgl\projects\soccerlgMSX2/soccerlg_s21_b3.c:458: if (Player->dx != 0 || Player->dy != 0) {
    00001A47 DD 7E FC         [19] 3816 	ld	a, -4 (ix)
    00001A4A B7               [ 4] 3817 	or	a, a
    00001A4B 20 0B            [12] 3818 	jr	NZ, 00414$
    00001A4D DD 6E F0         [19] 3819 	ld	l, -16 (ix)
    00001A50 DD 66 F1         [19] 3820 	ld	h, -15 (ix)
    00001A53 7E               [ 7] 3821 	ld	a, (hl)
    00001A54 B7               [ 4] 3822 	or	a, a
    00001A55 CAr85r1B         [10] 3823 	jp	Z, 00415$
    00001A58                       3824 00414$:
                                   3825 ;E:\Dropbox\FAUSTO\SVILUPPI\MSX\CODE\C\MSXgl\projects\soccerlgMSX2/soccerlg_s21_b3.c:459: ai_last_dx[i] = Player->dx;
    00001A58 3Er00            [ 7] 3826 	ld	a, #<(_ai_last_dx)
    00001A5A DD 86 FF         [19] 3827 	add	a, -1 (ix)
    00001A5D DD 77 FA         [19] 3828 	ld	-6 (ix), a
    00001A60 3Es00            [ 7] 3829 	ld	a, #>(_ai_last_dx)
    00001A62 CE 00            [ 7] 3830 	adc	a, #0x00
    00001A64 DD 77 FB         [19] 3831 	ld	-5 (ix), a
    00001A67 DD 6E FA         [19] 3832 	ld	l, -6 (ix)
    00001A6A DD 66 FB         [19] 3833 	ld	h, -5 (ix)
    00001A6D DD 7E FC         [19] 3834 	ld	a, -4 (ix)
    00001A70 77               [ 7] 3835 	ld	(hl), a
                                   3836 ;E:\Dropbox\FAUSTO\SVILUPPI\MSX\CODE\C\MSXgl\projects\soccerlgMSX2/soccerlg_s21_b3.c:460: ai_last_dy[i] = Player->dy;
    00001A71 3Er0E            [ 7] 3837 	ld	a, #<(_ai_last_dy)
    00001A73 DD 86 FF         [19] 3838 	add	a, -1 (ix)
    00001A76 4F               [ 4] 3839 	ld	c, a
    00001A77 3Es00            [ 7] 3840 	ld	a, #>(_ai_last_dy)
    00001A79 CE 00            [ 7] 3841 	adc	a, #0x00
    00001A7B 47               [ 4] 3842 	ld	b, a
    00001A7C DD 6E F0         [19] 3843 	ld	l, -16 (ix)
    00001A7F DD 66 F1         [19] 3844 	ld	h, -15 (ix)
    00001A82 7E               [ 7] 3845 	ld	a, (hl)
    00001A83 02               [ 7] 3846 	ld	(bc), a
                                   3847 ;E:\Dropbox\FAUSTO\SVILUPPI\MSX\CODE\C\MSXgl\projects\soccerlgMSX2/soccerlg_s21_b3.c:462: Player->lx += Player->dx;
    00001A84 DD 6E E1         [19] 3848 	ld	l, -31 (ix)
    00001A87 DD 66 E2         [19] 3849 	ld	h, -30 (ix)
    00001A8A 7E               [ 7] 3850 	ld	a, (hl)
    00001A8B DD 6E EE         [19] 3851 	ld	l, -18 (ix)
    00001A8E DD 66 EF         [19] 3852 	ld	h, -17 (ix)
    00001A91 4E               [ 7] 3853 	ld	c, (hl)
    00001A92 81               [ 4] 3854 	add	a, c
    00001A93 DD 6E E1         [19] 3855 	ld	l, -31 (ix)
    00001A96 DD 66 E2         [19] 3856 	ld	h, -30 (ix)
    00001A99 77               [ 7] 3857 	ld	(hl), a
                                   3858 ;E:\Dropbox\FAUSTO\SVILUPPI\MSX\CODE\C\MSXgl\projects\soccerlgMSX2/soccerlg_s21_b3.c:463: Player->ly += Player->dy;
    00001A9A DD 6E EA         [19] 3859 	ld	l, -22 (ix)
    00001A9D DD 66 EB         [19] 3860 	ld	h, -21 (ix)
    00001AA0 7E               [ 7] 3861 	ld	a, (hl)
    00001AA1 DD 77 F9         [19] 3862 	ld	-7 (ix), a
    00001AA4 23               [ 6] 3863 	inc	hl
    00001AA5 7E               [ 7] 3864 	ld	a, (hl)
    00001AA6 DD 77 FA         [19] 3865 	ld	-6 (ix), a
    00001AA9 DD 6E F0         [19] 3866 	ld	l, -16 (ix)
    00001AAC DD 66 F1         [19] 3867 	ld	h, -15 (ix)
    00001AAF 7E               [ 7] 3868 	ld	a, (hl)
    00001AB0 DD 77 FB         [19] 3869 	ld	-5 (ix), a
    00001AB3 07               [ 4] 3870 	rlca
    00001AB4 9F               [ 4] 3871 	sbc	a, a
    00001AB5 DD 77 FC         [19] 3872 	ld	-4 (ix), a
    00001AB8 DD 7E F9         [19] 3873 	ld	a, -7 (ix)
    00001ABB DD 77 F7         [19] 3874 	ld	-9 (ix), a
    00001ABE DD 7E FA         [19] 3875 	ld	a, -6 (ix)
    00001AC1 DD 77 F8         [19] 3876 	ld	-8 (ix), a
    00001AC4 DD 7E FB         [19] 3877 	ld	a, -5 (ix)
    00001AC7 DD 77 F9         [19] 3878 	ld	-7 (ix), a
    00001ACA DD 7E FC         [19] 3879 	ld	a, -4 (ix)
    00001ACD DD 77 FA         [19] 3880 	ld	-6 (ix), a
    00001AD0 DD 7E F7         [19] 3881 	ld	a, -9 (ix)
    00001AD3 DD 86 F9         [19] 3882 	add	a, -7 (ix)
    00001AD6 DD 77 FB         [19] 3883 	ld	-5 (ix), a
    00001AD9 DD 7E F8         [19] 3884 	ld	a, -8 (ix)
    00001ADC DD 8E FA         [19] 3885 	adc	a, -6 (ix)
    00001ADF DD 77 FC         [19] 3886 	ld	-4 (ix), a
    00001AE2 DD 6E EA         [19] 3887 	ld	l, -22 (ix)
    00001AE5 DD 66 EB         [19] 3888 	ld	h, -21 (ix)
    00001AE8 DD 7E FB         [19] 3889 	ld	a, -5 (ix)
    00001AEB 77               [ 7] 3890 	ld	(hl), a
    00001AEC 23               [ 6] 3891 	inc	hl
    00001AED DD 7E FC         [19] 3892 	ld	a, -4 (ix)
    00001AF0 77               [ 7] 3893 	ld	(hl), a
                                   3894 ;E:\Dropbox\FAUSTO\SVILUPPI\MSX\CODE\C\MSXgl\projects\soccerlgMSX2/soccerlg_s21_b3.c:465: Player->anim++;
    00001AF1 DD 6E E1         [19] 3895 	ld	l, -31 (ix)
    00001AF4 DD 66 E2         [19] 3896 	ld	h, -30 (ix)
    00001AF7 11 13 00         [10] 3897 	ld	de, #0x0013
    00001AFA 19               [11] 3898 	add	hl, de
    00001AFB 4E               [ 7] 3899 	ld	c, (hl)
    00001AFC 23               [ 6] 3900 	inc	hl
    00001AFD 46               [ 7] 3901 	ld	b, (hl)
    00001AFE 2B               [ 6] 3902 	dec	hl
    00001AFF 03               [ 6] 3903 	inc	bc
    00001B00 DD 71 FB         [19] 3904 	ld	-5 (ix), c
    00001B03 DD 70 FC         [19] 3905 	ld	-4 (ix), b
    00001B06 DD 7E FB         [19] 3906 	ld	a, -5 (ix)
    00001B09 77               [ 7] 3907 	ld	(hl), a
    00001B0A 23               [ 6] 3908 	inc	hl
    00001B0B DD 7E FC         [19] 3909 	ld	a, -4 (ix)
    00001B0E 77               [ 7] 3910 	ld	(hl), a
                                   3911 ;E:\Dropbox\FAUSTO\SVILUPPI\MSX\CODE\C\MSXgl\projects\soccerlgMSX2/soccerlg_s21_b3.c:466: const u8 walk_seq[4] = {0, 1, 2, 1};
    00001B0F DD 36 DD 00      [19] 3912 	ld	-35 (ix), #0x00
    00001B13 DD 36 DE 01      [19] 3913 	ld	-34 (ix), #0x01
    00001B17 DD 36 DF 02      [19] 3914 	ld	-33 (ix), #0x02
    00001B1B DD 36 E0 01      [19] 3915 	ld	-32 (ix), #0x01
                                   3916 ;E:\Dropbox\FAUSTO\SVILUPPI\MSX\CODE\C\MSXgl\projects\soccerlgMSX2/soccerlg_s21_b3.c:467: Player->frame = CallFnc_U16_P4(SEG_GAMESTATE_9, GetPlayerAnimFrame, i, Player->dx, Player->dy, walk_seq[(Player->anim / 3) % 4]);
    00001B1F 11 03 00         [10] 3917 	ld	de, #0x0003
    00001B22 DD 6E FB         [19] 3918 	ld	l, -5 (ix)
                                   3919 ;	spillPairReg hl
                                   3920 ;	spillPairReg hl
    00001B25 DD 66 FC         [19] 3921 	ld	h, -4 (ix)
                                   3922 ;	spillPairReg hl
                                   3923 ;	spillPairReg hl
    00001B28 CDr00r00         [17] 3924 	call	__divuint
    00001B2B DD 73 F9         [19] 3925 	ld	-7 (ix), e
    00001B2E DD 72 FA         [19] 3926 	ld	-6 (ix), d
    00001B31 DD 7E F9         [19] 3927 	ld	a, -7 (ix)
    00001B34 E6 03            [ 7] 3928 	and	a, #0x03
    00001B36 DD 77 FB         [19] 3929 	ld	-5 (ix), a
    00001B39 DD 36 FC 00      [19] 3930 	ld	-4 (ix), #0x00
    00001B3D 5F               [ 4] 3931 	ld	e, a
    00001B3E 16 00            [ 7] 3932 	ld	d, #0x00
    00001B40 21 00 00         [10] 3933 	ld	hl, #0
    00001B43 39               [11] 3934 	add	hl, sp
    00001B44 19               [11] 3935 	add	hl, de
    00001B45 DD 75 F8         [19] 3936 	ld	-8 (ix), l
    00001B48 DD 74 F9         [19] 3937 	ld	-7 (ix), h
    00001B4B 7E               [ 7] 3938 	ld	a, (hl)
    00001B4C DD 77 FB         [19] 3939 	ld	-5 (ix), a
    00001B4F DD 6E F0         [19] 3940 	ld	l, -16 (ix)
    00001B52 DD 66 F1         [19] 3941 	ld	h, -15 (ix)
    00001B55 7E               [ 7] 3942 	ld	a, (hl)
    00001B56 DD 77 FC         [19] 3943 	ld	-4 (ix), a
    00001B59 DD 6E EE         [19] 3944 	ld	l, -18 (ix)
    00001B5C DD 66 EF         [19] 3945 	ld	h, -17 (ix)
    00001B5F 7E               [ 7] 3946 	ld	a, (hl)
    00001B60 DD 77 FA         [19] 3947 	ld	-6 (ix), a
    00001B63 DD 66 FB         [19] 3948 	ld	h, -5 (ix)
    00001B66 DD 6E FC         [19] 3949 	ld	l, -4 (ix)
    00001B69 E5               [11] 3950 	push	hl
    00001B6A DD 66 FA         [19] 3951 	ld	h, -6 (ix)
    00001B6D DD 6E FF         [19] 3952 	ld	l, -1 (ix)
    00001B70 E5               [11] 3953 	push	hl
    00001B71 11r00r00         [10] 3954 	ld	de, #_GetPlayerAnimFrame
    00001B74 3E 13            [ 7] 3955 	ld	a, #0x13
    00001B76 CDr00r00         [17] 3956 	call	_CallFnc_U16_P4
    00001B79 DD 6E FD         [19] 3957 	ld	l, -3 (ix)
    00001B7C DD 66 FE         [19] 3958 	ld	h, -2 (ix)
    00001B7F 73               [ 7] 3959 	ld	(hl), e
    00001B80 23               [ 6] 3960 	inc	hl
    00001B81 72               [ 7] 3961 	ld	(hl), d
    00001B82 C3rD6r1C         [10] 3962 	jp	00421$
    00001B85                       3963 00415$:
                                   3964 ;E:\Dropbox\FAUSTO\SVILUPPI\MSX\CODE\C\MSXgl\projects\soccerlgMSX2/soccerlg_s21_b3.c:28: u16 b_dist_x = (Player->lx > Ball->lx) ? (Player->lx - Ball->lx) : (Ball->lx - Player->lx);
    00001B85 21r42r01         [10] 3965 	ld	hl, #(_SwSprite + 322)
    00001B88 4E               [ 7] 3966 	ld	c, (hl)
                                   3967 ;E:\Dropbox\FAUSTO\SVILUPPI\MSX\CODE\C\MSXgl\projects\soccerlgMSX2/soccerlg_s21_b3.c:470: i8 dir_x = (Ball->lx > Player->lx + 4) ? 1 : ((Ball->lx < Player->lx - 4) ? -1 : 0);
    00001B89 DD 6E E1         [19] 3968 	ld	l, -31 (ix)
    00001B8C DD 66 E2         [19] 3969 	ld	h, -30 (ix)
    00001B8F 7E               [ 7] 3970 	ld	a, (hl)
    00001B90 DD 77 F7         [19] 3971 	ld	-9 (ix), a
    00001B93 DD 36 F8 00      [19] 3972 	ld	-8 (ix), #0x00
    00001B97 6F               [ 4] 3973 	ld	l, a
    00001B98 26 00            [ 7] 3974 	ld	h, #0x00
    00001B9A 11 04 00         [10] 3975 	ld	de, #0x0004
    00001B9D 19               [11] 3976 	add	hl, de
    00001B9E DD 71 F9         [19] 3977 	ld	-7 (ix), c
    00001BA1 DD 36 FA 00      [19] 3978 	ld	-6 (ix), #0x00
    00001BA5 7D               [ 4] 3979 	ld	a, l
    00001BA6 DD 96 F9         [19] 3980 	sub	a, -7 (ix)
    00001BA9 7C               [ 4] 3981 	ld	a, h
    00001BAA DD 9E FA         [19] 3982 	sbc	a, -6 (ix)
    00001BAD E2rB2r1B         [10] 3983 	jp	PO, 01875$
    00001BB0 EE 80            [ 7] 3984 	xor	a, #0x80
    00001BB2                       3985 01875$:
    00001BB2 F2rC0r1B         [10] 3986 	jp	P, 00561$
    00001BB5 DD 36 FB 01      [19] 3987 	ld	-5 (ix), #0x01
    00001BB9 DD 36 FC 00      [19] 3988 	ld	-4 (ix), #0
    00001BBD C3rF6r1B         [10] 3989 	jp	00562$
    00001BC0                       3990 00561$:
    00001BC0 DD 7E F7         [19] 3991 	ld	a, -9 (ix)
    00001BC3 C6 FC            [ 7] 3992 	add	a, #0xfc
    00001BC5 DD 77 FB         [19] 3993 	ld	-5 (ix), a
    00001BC8 DD 7E F8         [19] 3994 	ld	a, -8 (ix)
    00001BCB CE FF            [ 7] 3995 	adc	a, #0xff
    00001BCD DD 77 FC         [19] 3996 	ld	-4 (ix), a
    00001BD0 DD 7E F9         [19] 3997 	ld	a, -7 (ix)
    00001BD3 DD 96 FB         [19] 3998 	sub	a, -5 (ix)
    00001BD6 DD 7E FA         [19] 3999 	ld	a, -6 (ix)
    00001BD9 DD 9E FC         [19] 4000 	sbc	a, -4 (ix)
    00001BDC E2rE1r1B         [10] 4001 	jp	PO, 01876$
    00001BDF EE 80            [ 7] 4002 	xor	a, #0x80
    00001BE1                       4003 01876$:
    00001BE1 F2rEFr1B         [10] 4004 	jp	P, 00563$
    00001BE4 DD 36 FB FF      [19] 4005 	ld	-5 (ix), #0xff
    00001BE8 DD 36 FC FF      [19] 4006 	ld	-4 (ix), #0xff
    00001BEC C3rF6r1B         [10] 4007 	jp	00564$
    00001BEF                       4008 00563$:
    00001BEF AF               [ 4] 4009 	xor	a, a
    00001BF0 DD 77 FB         [19] 4010 	ld	-5 (ix), a
    00001BF3 DD 77 FC         [19] 4011 	ld	-4 (ix), a
    00001BF6                       4012 00564$:
    00001BF6                       4013 00562$:
    00001BF6 DD 7E FB         [19] 4014 	ld	a, -5 (ix)
    00001BF9 DD 77 FA         [19] 4015 	ld	-6 (ix), a
                                   4016 ;E:\Dropbox\FAUSTO\SVILUPPI\MSX\CODE\C\MSXgl\projects\soccerlgMSX2/soccerlg_s21_b3.c:29: u16 b_dist_y = (Player->ly > Ball->ly) ? (Player->ly - Ball->ly) : (Ball->ly - Player->ly);
    00001BFC 21r46r01         [10] 4017 	ld	hl, #(_SwSprite + 326)
    00001BFF 7E               [ 7] 4018 	ld	a, (hl)
    00001C00 DD 77 FB         [19] 4019 	ld	-5 (ix), a
    00001C03 23               [ 6] 4020 	inc	hl
    00001C04 7E               [ 7] 4021 	ld	a, (hl)
    00001C05 DD 77 FC         [19] 4022 	ld	-4 (ix), a
                                   4023 ;E:\Dropbox\FAUSTO\SVILUPPI\MSX\CODE\C\MSXgl\projects\soccerlgMSX2/soccerlg_s21_b3.c:471: i8 dir_y = (Ball->ly > Player->ly + 4) ? 1 : ((Ball->ly < Player->ly - 4) ? -1 : 0);
    00001C08 DD 6E EA         [19] 4024 	ld	l, -22 (ix)
    00001C0B DD 66 EB         [19] 4025 	ld	h, -21 (ix)
    00001C0E 7E               [ 7] 4026 	ld	a, (hl)
    00001C0F DD 77 F8         [19] 4027 	ld	-8 (ix), a
    00001C12 23               [ 6] 4028 	inc	hl
    00001C13 7E               [ 7] 4029 	ld	a, (hl)
    00001C14 DD 77 F9         [19] 4030 	ld	-7 (ix), a
    00001C17 DD 7E F8         [19] 4031 	ld	a, -8 (ix)
    00001C1A DD 77 F6         [19] 4032 	ld	-10 (ix), a
    00001C1D DD 7E F9         [19] 4033 	ld	a, -7 (ix)
    00001C20 DD 77 F7         [19] 4034 	ld	-9 (ix), a
    00001C23 DD 7E F6         [19] 4035 	ld	a, -10 (ix)
    00001C26 C6 04            [ 7] 4036 	add	a, #0x04
    00001C28 DD 77 F8         [19] 4037 	ld	-8 (ix), a
    00001C2B DD 7E F7         [19] 4038 	ld	a, -9 (ix)
    00001C2E CE 00            [ 7] 4039 	adc	a, #0x00
    00001C30 DD 77 F9         [19] 4040 	ld	-7 (ix), a
    00001C33 DD 7E F8         [19] 4041 	ld	a, -8 (ix)
    00001C36 DD 96 FB         [19] 4042 	sub	a, -5 (ix)
    00001C39 DD 7E F9         [19] 4043 	ld	a, -7 (ix)
    00001C3C DD 9E FC         [19] 4044 	sbc	a, -4 (ix)
    00001C3F 30 0B            [12] 4045 	jr	NC, 00565$
    00001C41 DD 36 FB 01      [19] 4046 	ld	-5 (ix), #0x01
    00001C45 DD 36 FC 00      [19] 4047 	ld	-4 (ix), #0
    00001C49 C3r7Cr1C         [10] 4048 	jp	00566$
    00001C4C                       4049 00565$:
    00001C4C DD 7E F6         [19] 4050 	ld	a, -10 (ix)
    00001C4F C6 FC            [ 7] 4051 	add	a, #0xfc
    00001C51 DD 77 F8         [19] 4052 	ld	-8 (ix), a
    00001C54 DD 7E F7         [19] 4053 	ld	a, -9 (ix)
    00001C57 CE FF            [ 7] 4054 	adc	a, #0xff
    00001C59 DD 77 F9         [19] 4055 	ld	-7 (ix), a
    00001C5C DD 7E FB         [19] 4056 	ld	a, -5 (ix)
    00001C5F DD 96 F8         [19] 4057 	sub	a, -8 (ix)
    00001C62 DD 7E FC         [19] 4058 	ld	a, -4 (ix)
    00001C65 DD 9E F9         [19] 4059 	sbc	a, -7 (ix)
    00001C68 30 0B            [12] 4060 	jr	NC, 00567$
    00001C6A DD 36 FB FF      [19] 4061 	ld	-5 (ix), #0xff
    00001C6E DD 36 FC FF      [19] 4062 	ld	-4 (ix), #0xff
    00001C72 C3r7Cr1C         [10] 4063 	jp	00568$
    00001C75                       4064 00567$:
    00001C75 AF               [ 4] 4065 	xor	a, a
    00001C76 DD 77 FB         [19] 4066 	ld	-5 (ix), a
    00001C79 DD 77 FC         [19] 4067 	ld	-4 (ix), a
    00001C7C                       4068 00568$:
    00001C7C                       4069 00566$:
    00001C7C DD 7E FB         [19] 4070 	ld	a, -5 (ix)
    00001C7F DD 77 FC         [19] 4071 	ld	-4 (ix), a
                                   4072 ;E:\Dropbox\FAUSTO\SVILUPPI\MSX\CODE\C\MSXgl\projects\soccerlgMSX2/soccerlg_s21_b3.c:472: if (dir_x == 0 && dir_y == 0) {
    00001C82 DD 7E FA         [19] 4073 	ld	a, -6 (ix)
    00001C85 B7               [ 4] 4074 	or	a, a
    00001C86 20 25            [12] 4075 	jr	NZ, 00412$
    00001C88 DD 7E FC         [19] 4076 	ld	a, -4 (ix)
    00001C8B B7               [ 4] 4077 	or	a, a
    00001C8C 20 1F            [12] 4078 	jr	NZ, 00412$
                                   4079 ;E:\Dropbox\FAUSTO\SVILUPPI\MSX\CODE\C\MSXgl\projects\soccerlgMSX2/soccerlg_s21_b3.c:473: dir_y = (team == TEAM_1) ? 1 : -1;
    00001C8E DD 7E E3         [19] 4080 	ld	a, -29 (ix)
    00001C91 B7               [ 4] 4081 	or	a, a
    00001C92 20 0B            [12] 4082 	jr	NZ, 00569$
    00001C94 DD 36 FB 01      [19] 4083 	ld	-5 (ix), #0x01
    00001C98 DD 36 FC 00      [19] 4084 	ld	-4 (ix), #0
    00001C9C C3rA7r1C         [10] 4085 	jp	00570$
    00001C9F                       4086 00569$:
    00001C9F DD 36 FB FF      [19] 4087 	ld	-5 (ix), #0xff
    00001CA3 DD 36 FC FF      [19] 4088 	ld	-4 (ix), #0xff
    00001CA7                       4089 00570$:
    00001CA7 DD 7E FB         [19] 4090 	ld	a, -5 (ix)
    00001CAA DD 77 FC         [19] 4091 	ld	-4 (ix), a
    00001CAD                       4092 00412$:
                                   4093 ;E:\Dropbox\FAUSTO\SVILUPPI\MSX\CODE\C\MSXgl\projects\soccerlgMSX2/soccerlg_s21_b3.c:475: Player->frame = CallFnc_U16_P3(SEG_GAMESTATE_9, GetPlayerIdleFrame, i, dir_x, dir_y);
    00001CAD DD 66 FC         [19] 4094 	ld	h, -4 (ix)
    00001CB0 DD 6E FA         [19] 4095 	ld	l, -6 (ix)
    00001CB3 E5               [11] 4096 	push	hl
    00001CB4 DD 7E FF         [19] 4097 	ld	a, -1 (ix)
    00001CB7 F5               [11] 4098 	push	af
    00001CB8 33               [ 6] 4099 	inc	sp
    00001CB9 11r00r00         [10] 4100 	ld	de, #_GetPlayerIdleFrame
    00001CBC 3E 13            [ 7] 4101 	ld	a, #0x13
    00001CBE CDr00r00         [17] 4102 	call	_CallFnc_U16_P3
    00001CC1 DD 73 FB         [19] 4103 	ld	-5 (ix), e
    00001CC4 DD 72 FC         [19] 4104 	ld	-4 (ix), d
    00001CC7 DD 6E FD         [19] 4105 	ld	l, -3 (ix)
    00001CCA DD 66 FE         [19] 4106 	ld	h, -2 (ix)
    00001CCD DD 7E FB         [19] 4107 	ld	a, -5 (ix)
    00001CD0 77               [ 7] 4108 	ld	(hl), a
    00001CD1 23               [ 6] 4109 	inc	hl
    00001CD2 DD 7E FC         [19] 4110 	ld	a, -4 (ix)
    00001CD5 77               [ 7] 4111 	ld	(hl), a
    00001CD6                       4112 00421$:
                                   4113 ;E:\Dropbox\FAUSTO\SVILUPPI\MSX\CODE\C\MSXgl\projects\soccerlgMSX2/soccerlg_s21_b3.c:477: }
    00001CD6 DD F9            [10] 4114 	ld	sp, ix
    00001CD8 DD E1            [14] 4115 	pop	ix
    00001CDA C9               [10] 4116 	ret
                         0000F380  4117 _g_RDPRIM	=	0xf380
                         0000F385  4118 _g_WRPRIM	=	0xf385
                         0000F38C  4119 _g_CLPRIM	=	0xf38c
                         0000F39A  4120 _g_USRTAB	=	0xf39a
                         0000F3DE  4121 _g_CNSDFG	=	0xf3de
                         0000F3DF  4122 _g_RG0SAV	=	0xf3df
                         0000F3E0  4123 _g_RG1SAV	=	0xf3e0
                         0000F3E1  4124 _g_RG2SAV	=	0xf3e1
                         0000F3E2  4125 _g_RG3SAV	=	0xf3e2
                         0000F3E3  4126 _g_RG4SAV	=	0xf3e3
                         0000F3E4  4127 _g_RG5SAV	=	0xf3e4
                         0000F3E5  4128 _g_RG6SAV	=	0xf3e5
                         0000F3E6  4129 _g_RG7SAV	=	0xf3e6
                         0000F3E7  4130 _g_STATFL	=	0xf3e7
                         0000F3E8  4131 _g_TRGFLG	=	0xf3e8
                         0000F3EC  4132 _g_MAXUPD	=	0xf3ec
                         0000F3EF  4133 _g_MINUPD	=	0xf3ef
                         0000F3F3  4134 _g_QUEUES	=	0xf3f3
                         0000F3F5  4135 _g_FRCNEW	=	0xf3f5
                         0000F3F6  4136 _g_SCNCNT	=	0xf3f6
                         0000F3F7  4137 _g_REPCNT	=	0xf3f7
                         0000F3F8  4138 _g_PUTPNT	=	0xf3f8
                         0000F3FA  4139 _g_GETPNT	=	0xf3fa
                         0000F3FC  4140 _g_CS120	=	0xf3fc
                         0000F401  4141 _g_CS240	=	0xf401
                         0000F406  4142 _g_LOW	=	0xf406
                         0000F408  4143 _g_HIGH	=	0xf408
                         0000F40A  4144 _g_HEADER	=	0xf40a
                         0000F40B  4145 _g_ASPCT1	=	0xf40b
                         0000F40D  4146 _g_ASPCT2	=	0xf40d
                         0000F959  4147 _g_QUETAB	=	0xf959
                         0000F971  4148 _g_QUEBAK	=	0xf971
                         0000F975  4149 _g_VOICAQ	=	0xf975
                         0000F9F5  4150 _g_VOICBQ	=	0xf9f5
                         0000FA75  4151 _g_VOICCQ	=	0xfa75
                         0000FAF5  4152 _g_RS2IQ	=	0xfaf5
                         0000FAF5  4153 _g_DPPAGE	=	0xfaf5
                         0000FAF6  4154 _g_ACPAGE	=	0xfaf6
                         0000FAF7  4155 _g_AVCSAV	=	0xfaf7
                         0000FAF8  4156 _g_EXBRSA	=	0xfaf8
                         0000FAF9  4157 _g_CHRCNT	=	0xfaf9
                         0000FAFA  4158 _g_ROMA	=	0xfafa
                         0000FAFC  4159 _g_MODE	=	0xfafc
                         0000FAFD  4160 _g_NORUSE	=	0xfafd
                         0000FAFE  4161 _g_XSAVE	=	0xfafe
                         0000FB00  4162 _g_YSAVE	=	0xfb00
                         0000FB03  4163 _g_RSTMP	=	0xfb03
                         0000FB03  4164 _g_TOCNT	=	0xfb03
                         0000FB04  4165 _g_RSFCB	=	0xfb04
                         0000FB06  4166 _g_RSIQLN	=	0xfb06
                         0000FB07  4167 _g_MEXBIh	=	0xfb07
                         0000FB0C  4168 _g_OLDSTT	=	0xfb0c
                         0000FB0C  4169 _g_OLDINT	=	0xfb0c
                         0000FB16  4170 _g_DEVNUM	=	0xfb16
                         0000FB17  4171 _g_DATCNT	=	0xfb17
                         0000FB1A  4172 _g_ERRORS	=	0xfb1a
                         0000FB1B  4173 _g_FLAGS	=	0xfb1b
                         0000FB1C  4174 _g_ESTBLS	=	0xfb1c
                         0000FB1D  4175 _g_COMMSK	=	0xfb1d
                         0000FB1E  4176 _g_LSTCOM	=	0xfb1e
                         0000FB1F  4177 _g_LSTMOD	=	0xfb1f
                         0000FB35  4178 _g_PRSCNT	=	0xfb35
                         0000FB36  4179 _g_SAVSP	=	0xfb36
                         0000FB38  4180 _g_VOICEN	=	0xfb38
                         0000FB39  4181 _g_SAVVOL	=	0xfb39
                         0000FB3B  4182 _g_MCLLEN	=	0xfb3b
                         0000FB3C  4183 _g_MCLPTR	=	0xfb3c
                         0000FB3E  4184 _g_QUEUEN	=	0xfb3e
                         0000FB3F  4185 _g_MUSICF	=	0xfb3f
                         0000FB40  4186 _g_PLYCNT	=	0xfb40
                         0000FB41  4187 _g_VCBA	=	0xfb41
                         0000FB66  4188 _g_VCBB	=	0xfb66
                         0000FB8B  4189 _g_VCBC	=	0xfb8b
                         0000FBB0  4190 _g_ENSTOP	=	0xfbb0
                         0000FBB1  4191 _g_BASROM	=	0xfbb1
                         0000FBB2  4192 _g_LINTTB	=	0xfbb2
                         0000FBCA  4193 _g_FSTPOS	=	0xfbca
                         0000FBCC  4194 _g_CODSAV	=	0xfbcc
                         0000FBCD  4195 _g_FNKSWI	=	0xfbcd
                         0000FBCE  4196 _g_FNKFLG	=	0xfbce
                         0000FBD8  4197 _g_ONGSBF	=	0xfbd8
                         0000FBD9  4198 _g_CLIKFL	=	0xfbd9
                         0000FBDA  4199 _g_OLDKEY	=	0xfbda
                         0000FBE5  4200 _g_NEWKEY	=	0xfbe5
                         0000FBF0  4201 _g_KEYBUF	=	0xfbf0
                         0000FC18  4202 _g_LINWRK	=	0xfc18
                         0000FC40  4203 _g_PATWRK	=	0xfc40
                         0000FC48  4204 _g_BOTTOM	=	0xfc48
                         0000FC4A  4205 _g_HIMEM	=	0xfc4a
                         0000FC4C  4206 _g_TRPTBL	=	0xfc4c
                         0000FC9A  4207 _g_RTYCNT	=	0xfc9a
                         0000FC9B  4208 _g_INTFLG	=	0xfc9b
                         0000FC9C  4209 _g_PADY	=	0xfc9c
                         0000FC9D  4210 _g_PADX	=	0xfc9d
                         0000FC9E  4211 _g_JIFFY	=	0xfc9e
                         0000FCA0  4212 _g_INTVAL	=	0xfca0
                         0000FCA2  4213 _g_INTCNT	=	0xfca2
                         0000FCA4  4214 _g_LOWLIM	=	0xfca4
                         0000FCA5  4215 _g_WINWID	=	0xfca5
                         0000FCA6  4216 _g_GRPHED	=	0xfca6
                         0000FCA7  4217 _g_ESCCNT	=	0xfca7
                         0000FCA8  4218 _g_INSFLG	=	0xfca8
                         0000FCA9  4219 _g_CSRSW	=	0xfca9
                         0000FCAA  4220 _g_CSTYLE	=	0xfcaa
                         0000FCAB  4221 _g_CAPST	=	0xfcab
                         0000FCAC  4222 _g_KANAST	=	0xfcac
                         0000FCAD  4223 _g_KANAMD	=	0xfcad
                         0000FCAE  4224 _g_FLBMEM	=	0xfcae
                         0000FCAF  4225 _g_SCRMOD	=	0xfcaf
                         0000FCB0  4226 _g_OLDSCR	=	0xfcb0
                         0000FCB1  4227 _g_CASPRV	=	0xfcb1
                         0000FCB2  4228 _g_BRDATR	=	0xfcb2
                         0000FCB3  4229 _g_GXPOS	=	0xfcb3
                         0000FCB5  4230 _g_GYPOS	=	0xfcb5
                         0000FCBB  4231 _g_DRWFLG	=	0xfcbb
                         0000FCBC  4232 _g_DRWSCL	=	0xfcbc
                         0000FCBD  4233 _g_DRWANG	=	0xfcbd
                         0000FCC1  4234 _g_MNROM	=	0xfcc1
                         0000FCC1  4235 _g_EXPTBL	=	0xfcc1
                         0000FCC5  4236 _g_SLTTBL	=	0xfcc5
                         0000FCC9  4237 _g_SLTATR	=	0xfcc9
                         0000FD09  4238 _g_SLTWRK	=	0xfd09
                         0000FD89  4239 _g_PROCNM	=	0xfd89
                         0000FFE7  4240 _g_RG08SAV	=	0xffe7
                         0000FFE8  4241 _g_RG09SAV	=	0xffe8
                         0000FFE9  4242 _g_RG10SAV	=	0xffe9
                         0000FFEA  4243 _g_RG11SAV	=	0xffea
                         0000FFEB  4244 _g_RG12SAV	=	0xffeb
                         0000FFEC  4245 _g_RG13SAV	=	0xffec
                         0000FFED  4246 _g_RG14SAV	=	0xffed
                         0000FFEE  4247 _g_RG15SAV	=	0xffee
                         0000FFEF  4248 _g_RG16SAV	=	0xffef
                         0000FFF0  4249 _g_RG17SAV	=	0xfff0
                         0000FFF1  4250 _g_RG18SAV	=	0xfff1
                         0000FFF2  4251 _g_RG19SAV	=	0xfff2
                         0000FFF3  4252 _g_RG20SAV	=	0xfff3
                         0000FFF4  4253 _g_RG21SAV	=	0xfff4
                         0000FFF5  4254 _g_RG22SAV	=	0xfff5
                         0000FFF6  4255 _g_RG23SAV	=	0xfff6
                         0000FFF7  4256 _g_MINROM	=	0xfff7
                         0000FFF8  4257 _g_SVFFF8	=	0xfff8
                         0000FFFA  4258 _g_RG25SAV	=	0xfffa
                         0000FFFB  4259 _g_RG26SAV	=	0xfffb
                         0000FFFC  4260 _g_RG27SAV	=	0xfffc
                         0000FFFD  4261 _g_SVFFFD	=	0xfffd
                         00000004  4262 _g_CGTABL	=	0x0004
                         00000006  4263 _g_VDP_DR	=	0x0006
                         00000007  4264 _g_VDP_DW	=	0x0007
                         0000002B  4265 _g_BASRVN	=	0x002b
                         0000002B  4266 _g_ROMVersion	=	0x002b
                         0000002D  4267 _g_MSXVER	=	0x002d
                         0000002E  4268 _g_MSXMID	=	0x002e
                         00000034  4269 _g_CHAR_16	=	0x0034
                         00000000  4270 _g_SUBRID	=	0x0000
                         00000002  4271 _g_STRSRC	=	0x0002
                         0000F30F  4272 _g_KANJTABLE	=	0xf30f
                         0000F323  4273 _g_DISKVE	=	0xf323
                         0000F325  4274 _g_BREAKV	=	0xf325
                         0000F341  4275 _g_RAMAD0	=	0xf341
                         0000F342  4276 _g_RAMAD1	=	0xf342
                         0000F343  4277 _g_RAMAD2	=	0xf343
                         0000F344  4278 _g_RAMAD3	=	0xf344
                         0000F348  4279 _g_MASTER	=	0xf348
                         0000F37D  4280 _g_BDOS	=	0xf37d
                                   4281 	.area _SEG21
                                   4282 	.area _INITIALIZER
    00000000                       4283 __xinit__ai_last_dx:
    00000000 00                    4284 	.db #0x00	;  0
    00000001 00                    4285 	.db #0x00	;  0
    00000002 00                    4286 	.db #0x00	;  0
    00000003 00                    4287 	.db #0x00	;  0
    00000004 00                    4288 	.db #0x00	;  0
    00000005 00                    4289 	.db #0x00	;  0
    00000006 00                    4290 	.db #0x00	;  0
    00000007 00                    4291 	.db #0x00	;  0
    00000008 00                    4292 	.db #0x00	;  0
    00000009 00                    4293 	.db #0x00	;  0
    0000000A 00                    4294 	.db #0x00	;  0
    0000000B 00                    4295 	.db #0x00	;  0
    0000000C 00                    4296 	.db #0x00	;  0
    0000000D 00                    4297 	.db #0x00	;  0
    0000000E                       4298 __xinit__ai_last_dy:
    0000000E 01                    4299 	.db #0x01	;  1
    0000000F 01                    4300 	.db #0x01	;  1
    00000010 01                    4301 	.db #0x01	;  1
    00000011 01                    4302 	.db #0x01	;  1
    00000012 01                    4303 	.db #0x01	;  1
    00000013 01                    4304 	.db #0x01	;  1
    00000014 01                    4305 	.db #0x01	;  1
    00000015 FF                    4306 	.db #0xff	; -1
    00000016 FF                    4307 	.db #0xff	; -1
    00000017 FF                    4308 	.db #0xff	; -1
    00000018 FF                    4309 	.db #0xff	; -1
    00000019 FF                    4310 	.db #0xff	; -1
    0000001A FF                    4311 	.db #0xff	; -1
    0000001B FF                    4312 	.db #0xff	; -1
                                   4313 	.area _CABS (ABS)
