                                      1 ;--------------------------------------------------------
                                      2 ; File Created by SDCC : free open source ANSI-C Compiler
                                      3 ; Version 4.2.0 #13081 (MINGW64)
                                      4 ;--------------------------------------------------------
                                      5 	.module soccerlg_s12_b3
                                      6 	.optsdcc -mz80
                                      7 	
                                      8 ;--------------------------------------------------------
                                      9 ; Public variables in this module
                                     10 ;--------------------------------------------------------
                                     11 	.globl _UpdateGameState_Penalties
                                     12 	.globl _UpdateGameState_Celebrations
                                     13 	.globl _UpdateGameState_Penalties_End
                                     14 	.globl _UpdateGameState_SetPieces
                                     15 	.globl _AssignOffsideTargets
                                     16 	.globl _AssignCornerKickTargets
                                     17 	.globl _AssignGoalKickTargets
                                     18 	.globl _AssignThrowInTargets
                                     19 	.globl _AssignKickOffTargets
                                     20 	.globl _HideSpriteMessage
                                     21 	.globl _ShowSpriteMessage
                                     22 	.globl _IsBallForeground
                                     23 	.globl _PrintScoreBoardRight
                                     24 	.globl _PrintScoreBoardLeft
                                     25 	.globl _RemoveSwSprite
                                     26 	.globl _PlotField
                                     27 	.globl _CallFnc_VOID_16_P2
                                     28 	.globl _CallFnc_BOOL
                                     29 	.globl _CallFnc_VOID_16_P1
                                     30 	.globl _CallFnc_VOID_3PTR_U16
                                     31 	.globl _CallFnc_VOID_U8U16U16
                                     32 	.globl _CallFnc_VOID
                                     33 	.globl _CallSpriteFrame
                                     34 	.globl _PlaySCCLoop
                                     35 	.globl _VDP_RegWriteBakMask
                                     36 	.globl _VDP_RegWrite
                                     37 	.globl _g_SLTSL
                                     38 	.globl _g_GRPACY
                                     39 	.globl _g_GRPACX
                                     40 	.globl _g_LOGOPR
                                     41 	.globl _g_CMASK
                                     42 	.globl _g_CLOC
                                     43 	.globl _g_FNKSTR
                                     44 	.globl _g_ATRBYT
                                     45 	.globl _g_BDRCLR
                                     46 	.globl _g_BAKCLR
                                     47 	.globl _g_FORCLR
                                     48 	.globl _g_CSRX
                                     49 	.globl _g_CSRY
                                     50 	.globl _g_CLIKSW
                                     51 	.globl _g_MLTPAT
                                     52 	.globl _g_MLTATR
                                     53 	.globl _g_MLTCGP
                                     54 	.globl _g_MLTCOL
                                     55 	.globl _g_MLTNAM
                                     56 	.globl _g_GRPPAT
                                     57 	.globl _g_GRPATR
                                     58 	.globl _g_GRPCGP
                                     59 	.globl _g_GRPCOL
                                     60 	.globl _g_GRPNAM
                                     61 	.globl _g_T32PAT
                                     62 	.globl _g_T32ATR
                                     63 	.globl _g_T32CGP
                                     64 	.globl _g_T32COL
                                     65 	.globl _g_T32NAM
                                     66 	.globl _g_TXTPAT
                                     67 	.globl _g_TXTATR
                                     68 	.globl _g_TXTCGP
                                     69 	.globl _g_TXTCOL
                                     70 	.globl _g_TXTNAM
                                     71 	.globl _g_CLMLST
                                     72 	.globl _g_CRTCNT
                                     73 	.globl _g_LINLEN
                                     74 	.globl _g_LINL32
                                     75 	.globl _g_LINL40
                                     76 	.globl _g_BDOS
                                     77 	.globl _g_MASTER
                                     78 	.globl _g_RAMAD3
                                     79 	.globl _g_RAMAD2
                                     80 	.globl _g_RAMAD1
                                     81 	.globl _g_RAMAD0
                                     82 	.globl _g_BREAKV
                                     83 	.globl _g_DISKVE
                                     84 	.globl _g_KANJTABLE
                                     85 	.globl _g_STRSRC
                                     86 	.globl _g_SUBRID
                                     87 	.globl _g_CHAR_16
                                     88 	.globl _g_MSXMID
                                     89 	.globl _g_MSXVER
                                     90 	.globl _g_ROMVersion
                                     91 	.globl _g_BASRVN
                                     92 	.globl _g_VDP_DW
                                     93 	.globl _g_VDP_DR
                                     94 	.globl _g_CGTABL
                                     95 	.globl _g_SVFFFD
                                     96 	.globl _g_RG27SAV
                                     97 	.globl _g_RG26SAV
                                     98 	.globl _g_RG25SAV
                                     99 	.globl _g_SVFFF8
                                    100 	.globl _g_MINROM
                                    101 	.globl _g_RG23SAV
                                    102 	.globl _g_RG22SAV
                                    103 	.globl _g_RG21SAV
                                    104 	.globl _g_RG20SAV
                                    105 	.globl _g_RG19SAV
                                    106 	.globl _g_RG18SAV
                                    107 	.globl _g_RG17SAV
                                    108 	.globl _g_RG16SAV
                                    109 	.globl _g_RG15SAV
                                    110 	.globl _g_RG14SAV
                                    111 	.globl _g_RG13SAV
                                    112 	.globl _g_RG12SAV
                                    113 	.globl _g_RG11SAV
                                    114 	.globl _g_RG10SAV
                                    115 	.globl _g_RG09SAV
                                    116 	.globl _g_RG08SAV
                                    117 	.globl _g_PROCNM
                                    118 	.globl _g_SLTWRK
                                    119 	.globl _g_SLTATR
                                    120 	.globl _g_SLTTBL
                                    121 	.globl _g_EXPTBL
                                    122 	.globl _g_MNROM
                                    123 	.globl _g_DRWANG
                                    124 	.globl _g_DRWSCL
                                    125 	.globl _g_DRWFLG
                                    126 	.globl _g_GYPOS
                                    127 	.globl _g_GXPOS
                                    128 	.globl _g_BRDATR
                                    129 	.globl _g_CASPRV
                                    130 	.globl _g_OLDSCR
                                    131 	.globl _g_SCRMOD
                                    132 	.globl _g_FLBMEM
                                    133 	.globl _g_KANAMD
                                    134 	.globl _g_KANAST
                                    135 	.globl _g_CAPST
                                    136 	.globl _g_CSTYLE
                                    137 	.globl _g_CSRSW
                                    138 	.globl _g_INSFLG
                                    139 	.globl _g_ESCCNT
                                    140 	.globl _g_GRPHED
                                    141 	.globl _g_WINWID
                                    142 	.globl _g_LOWLIM
                                    143 	.globl _g_INTCNT
                                    144 	.globl _g_INTVAL
                                    145 	.globl _g_JIFFY
                                    146 	.globl _g_PADX
                                    147 	.globl _g_PADY
                                    148 	.globl _g_INTFLG
                                    149 	.globl _g_RTYCNT
                                    150 	.globl _g_TRPTBL
                                    151 	.globl _g_HIMEM
                                    152 	.globl _g_BOTTOM
                                    153 	.globl _g_PATWRK
                                    154 	.globl _g_LINWRK
                                    155 	.globl _g_KEYBUF
                                    156 	.globl _g_NEWKEY
                                    157 	.globl _g_OLDKEY
                                    158 	.globl _g_CLIKFL
                                    159 	.globl _g_ONGSBF
                                    160 	.globl _g_FNKFLG
                                    161 	.globl _g_FNKSWI
                                    162 	.globl _g_CODSAV
                                    163 	.globl _g_FSTPOS
                                    164 	.globl _g_LINTTB
                                    165 	.globl _g_BASROM
                                    166 	.globl _g_ENSTOP
                                    167 	.globl _g_VCBC
                                    168 	.globl _g_VCBB
                                    169 	.globl _g_VCBA
                                    170 	.globl _g_PLYCNT
                                    171 	.globl _g_MUSICF
                                    172 	.globl _g_QUEUEN
                                    173 	.globl _g_MCLPTR
                                    174 	.globl _g_MCLLEN
                                    175 	.globl _g_SAVVOL
                                    176 	.globl _g_VOICEN
                                    177 	.globl _g_SAVSP
                                    178 	.globl _g_PRSCNT
                                    179 	.globl _g_LSTMOD
                                    180 	.globl _g_LSTCOM
                                    181 	.globl _g_COMMSK
                                    182 	.globl _g_ESTBLS
                                    183 	.globl _g_FLAGS
                                    184 	.globl _g_ERRORS
                                    185 	.globl _g_DATCNT
                                    186 	.globl _g_DEVNUM
                                    187 	.globl _g_OLDINT
                                    188 	.globl _g_OLDSTT
                                    189 	.globl _g_MEXBIh
                                    190 	.globl _g_RSIQLN
                                    191 	.globl _g_RSFCB
                                    192 	.globl _g_TOCNT
                                    193 	.globl _g_RSTMP
                                    194 	.globl _g_YSAVE
                                    195 	.globl _g_XSAVE
                                    196 	.globl _g_NORUSE
                                    197 	.globl _g_MODE
                                    198 	.globl _g_ROMA
                                    199 	.globl _g_CHRCNT
                                    200 	.globl _g_EXBRSA
                                    201 	.globl _g_AVCSAV
                                    202 	.globl _g_ACPAGE
                                    203 	.globl _g_DPPAGE
                                    204 	.globl _g_RS2IQ
                                    205 	.globl _g_VOICCQ
                                    206 	.globl _g_VOICBQ
                                    207 	.globl _g_VOICAQ
                                    208 	.globl _g_QUEBAK
                                    209 	.globl _g_QUETAB
                                    210 	.globl _g_ASPCT2
                                    211 	.globl _g_ASPCT1
                                    212 	.globl _g_HEADER
                                    213 	.globl _g_HIGH
                                    214 	.globl _g_LOW
                                    215 	.globl _g_CS240
                                    216 	.globl _g_CS120
                                    217 	.globl _g_GETPNT
                                    218 	.globl _g_PUTPNT
                                    219 	.globl _g_REPCNT
                                    220 	.globl _g_SCNCNT
                                    221 	.globl _g_FRCNEW
                                    222 	.globl _g_QUEUES
                                    223 	.globl _g_MINUPD
                                    224 	.globl _g_MAXUPD
                                    225 	.globl _g_TRGFLG
                                    226 	.globl _g_STATFL
                                    227 	.globl _g_RG7SAV
                                    228 	.globl _g_RG6SAV
                                    229 	.globl _g_RG5SAV
                                    230 	.globl _g_RG4SAV
                                    231 	.globl _g_RG3SAV
                                    232 	.globl _g_RG2SAV
                                    233 	.globl _g_RG1SAV
                                    234 	.globl _g_RG0SAV
                                    235 	.globl _g_CNSDFG
                                    236 	.globl _g_USRTAB
                                    237 	.globl _g_CLPRIM
                                    238 	.globl _g_WRPRIM
                                    239 	.globl _g_RDPRIM
                                    240 	.globl _UpdateGameState_Restarts
                                    241 ;--------------------------------------------------------
                                    242 ; special function registers
                                    243 ;--------------------------------------------------------
                         000000A8   244 _g_PortPrimarySlot	=	0x00a8
                         000000A9   245 _g_PortReadKeyboard	=	0x00a9
                         000000AA   246 _g_PortAccessKeyboard	=	0x00aa
                         000000AB   247 _g_PortControl	=	0x00ab
                         00000098   248 _g_VDP_DataPort	=	0x0098
                         00000099   249 _g_VDP_RegPort	=	0x0099
                         00000099   250 _g_VDP_AddrPort	=	0x0099
                         00000099   251 _g_VDP_StatPort	=	0x0099
                         0000009A   252 _g_VDP_PalPort	=	0x009a
                         0000009B   253 _g_VDP_IRegPort	=	0x009b
                         000000A0   254 _g_PSG_RegPort	=	0x00a0
                         000000A1   255 _g_PSG_DataPort	=	0x00a1
                         000000A2   256 _g_PSG_StatPort	=	0x00a2
                         00000010   257 _g_PSG_Ext_RegPort	=	0x0010
                         00000011   258 _g_PSG_Ext_DataPort	=	0x0011
                         00000012   259 _g_PSG_Ext_StatPort	=	0x0012
                         0000007C   260 _g_MSXMusic_IndexPort	=	0x007c
                         0000007D   261 _g_MSXMusic_DataPort	=	0x007d
                         000000C0   262 _g_MSXAudio_IndexPort	=	0x00c0
                         000000C1   263 _g_MSXAudio_DataPort	=	0x00c1
                         000000C2   264 _g_MSXAudio_IndexPort2	=	0x00c2
                         000000C3   265 _g_MSXAudio_DataPort2	=	0x00c3
                         000000B4   266 _g_RTC_AddrPort	=	0x00b4
                         000000B5   267 _g_RTC_DataPort	=	0x00b5
                                    268 ;--------------------------------------------------------
                                    269 ; ram data
                                    270 ;--------------------------------------------------------
                                    271 	.area _DATA
                         0000F3AE   272 _g_LINL40	=	0xf3ae
                         0000F3AF   273 _g_LINL32	=	0xf3af
                         0000F3B0   274 _g_LINLEN	=	0xf3b0
                         0000F3B1   275 _g_CRTCNT	=	0xf3b1
                         0000F3B2   276 _g_CLMLST	=	0xf3b2
                         0000F3B3   277 _g_TXTNAM	=	0xf3b3
                         0000F3B5   278 _g_TXTCOL	=	0xf3b5
                         0000F3B7   279 _g_TXTCGP	=	0xf3b7
                         0000F3B9   280 _g_TXTATR	=	0xf3b9
                         0000F3BB   281 _g_TXTPAT	=	0xf3bb
                         0000F3BD   282 _g_T32NAM	=	0xf3bd
                         0000F3BF   283 _g_T32COL	=	0xf3bf
                         0000F3C1   284 _g_T32CGP	=	0xf3c1
                         0000F3C3   285 _g_T32ATR	=	0xf3c3
                         0000F3C5   286 _g_T32PAT	=	0xf3c5
                         0000F3C7   287 _g_GRPNAM	=	0xf3c7
                         0000F3C9   288 _g_GRPCOL	=	0xf3c9
                         0000F3CB   289 _g_GRPCGP	=	0xf3cb
                         0000F3CD   290 _g_GRPATR	=	0xf3cd
                         0000F3CF   291 _g_GRPPAT	=	0xf3cf
                         0000F3D1   292 _g_MLTNAM	=	0xf3d1
                         0000F3D3   293 _g_MLTCOL	=	0xf3d3
                         0000F3D5   294 _g_MLTCGP	=	0xf3d5
                         0000F3D7   295 _g_MLTATR	=	0xf3d7
                         0000F3D9   296 _g_MLTPAT	=	0xf3d9
                         0000F3DB   297 _g_CLIKSW	=	0xf3db
                         0000F3DC   298 _g_CSRY	=	0xf3dc
                         0000F3DD   299 _g_CSRX	=	0xf3dd
                         0000F3E9   300 _g_FORCLR	=	0xf3e9
                         0000F3EA   301 _g_BAKCLR	=	0xf3ea
                         0000F3EB   302 _g_BDRCLR	=	0xf3eb
                         0000F3F2   303 _g_ATRBYT	=	0xf3f2
                         0000F87F   304 _g_FNKSTR	=	0xf87f
                         0000F92A   305 _g_CLOC	=	0xf92a
                         0000F92C   306 _g_CMASK	=	0xf92c
                         0000FB02   307 _g_LOGOPR	=	0xfb02
                         0000FCB7   308 _g_GRPACX	=	0xfcb7
                         0000FCB9   309 _g_GRPACY	=	0xfcb9
                         0000FFFF   310 _g_SLTSL	=	0xffff
                                    311 ;--------------------------------------------------------
                                    312 ; ram data
                                    313 ;--------------------------------------------------------
                                    314 	.area _INITIALIZED
                                    315 ;--------------------------------------------------------
                                    316 ; absolute external ram data
                                    317 ;--------------------------------------------------------
                                    318 	.area _DABS (ABS)
                                    319 ;--------------------------------------------------------
                                    320 ; global & static initialisations
                                    321 ;--------------------------------------------------------
                                    322 	.area _HOME
                                    323 	.area _GSINIT
                                    324 	.area _GSFINAL
                                    325 	.area _GSINIT
                                    326 ;--------------------------------------------------------
                                    327 ; Home
                                    328 ;--------------------------------------------------------
                                    329 	.area _HOME
                                    330 	.area _HOME
                                    331 ;--------------------------------------------------------
                                    332 ; code
                                    333 ;--------------------------------------------------------
                                    334 	.area _SEG12
                                    335 ;E:\Dropbox\FAUSTO\SVILUPPI\MSX\CODE\C\MSXgl\projects\soccerlgMSX2/soccerlg_s12_b3.c:12: void UpdateGameState_Restarts(u8* game_state, u8* wait_secs, u8* start_sec, u16 target_ly) 
                                    336 ;	---------------------------------
                                    337 ; Function UpdateGameState_Restarts
                                    338 ; ---------------------------------
    00000000                        339 _UpdateGameState_Restarts::
    00000000 DD E5            [15]  340 	push	ix
    00000002 DD 21 00 00      [14]  341 	ld	ix,#0
    00000006 DD 39            [15]  342 	add	ix,sp
    00000008 FD 21 EE FF      [14]  343 	ld	iy, #-18
    0000000C FD 39            [15]  344 	add	iy, sp
    0000000E FD F9            [10]  345 	ld	sp, iy
    00000010 DD 75 FD         [19]  346 	ld	-3 (ix), l
    00000013 DD 74 FE         [19]  347 	ld	-2 (ix), h
    00000016 DD 73 FB         [19]  348 	ld	-5 (ix), e
    00000019 DD 72 FC         [19]  349 	ld	-4 (ix), d
                                    350 ;E:\Dropbox\FAUSTO\SVILUPPI\MSX\CODE\C\MSXgl\projects\soccerlgMSX2/soccerlg_s12_b3.c:14: if (*game_state == 4) {
    0000001C DD 6E FD         [19]  351 	ld	l, -3 (ix)
    0000001F DD 66 FE         [19]  352 	ld	h, -2 (ix)
    00000022 4E               [ 7]  353 	ld	c, (hl)
    00000023 79               [ 4]  354 	ld	a, c
    00000024 D6 04            [ 7]  355 	sub	a, #0x04
    00000026 C2r1Ar05         [10]  356 	jp	NZ,00233$
                                    357 ;E:\Dropbox\FAUSTO\SVILUPPI\MSX\CODE\C\MSXgl\projects\soccerlgMSX2/soccerlg_s12_b3.c:16: if (*wait_secs > 0) {
    00000029 DD 6E FB         [19]  358 	ld	l, -5 (ix)
    0000002C DD 66 FC         [19]  359 	ld	h, -4 (ix)
    0000002F 7E               [ 7]  360 	ld	a, (hl)
    00000030 DD 77 FF         [19]  361 	ld	-1 (ix), a
    00000033 B7               [ 4]  362 	or	a, a
    00000034 CAr54r0D         [10]  363 	jp	Z, 00272$
                                    364 ;E:\Dropbox\FAUSTO\SVILUPPI\MSX\CODE\C\MSXgl\projects\soccerlgMSX2/soccerlg_s12_b3.c:17: if (*start_sec < Frms) { // Frms wrapped from 1 to 60
    00000037 DD 7E 04         [19]  365 	ld	a, 4 (ix)
    0000003A DD 77 EE         [19]  366 	ld	-18 (ix), a
    0000003D DD 7E 05         [19]  367 	ld	a, 5 (ix)
    00000040 DD 77 EF         [19]  368 	ld	-17 (ix), a
    00000043 E1               [10]  369 	pop	hl
    00000044 E5               [11]  370 	push	hl
    00000045 4E               [ 7]  371 	ld	c, (hl)
    00000046 21r00r00         [10]  372 	ld	hl, #_Frms
    00000049 79               [ 4]  373 	ld	a, c
    0000004A 96               [ 7]  374 	sub	a, (hl)
    0000004B D2r11r05         [10]  375 	jp	NC, 00133$
                                    376 ;E:\Dropbox\FAUSTO\SVILUPPI\MSX\CODE\C\MSXgl\projects\soccerlgMSX2/soccerlg_s12_b3.c:18: (*wait_secs)--;
    0000004E DD 7E FF         [19]  377 	ld	a, -1 (ix)
    00000051 3D               [ 4]  378 	dec	a
    00000052 DD 6E FB         [19]  379 	ld	l, -5 (ix)
    00000055 DD 66 FC         [19]  380 	ld	h, -4 (ix)
    00000058 77               [ 7]  381 	ld	(hl), a
                                    382 ;E:\Dropbox\FAUSTO\SVILUPPI\MSX\CODE\C\MSXgl\projects\soccerlgMSX2/soccerlg_s12_b3.c:19: if (*wait_secs == 0) {
    00000059 B7               [ 4]  383 	or	a, a
    0000005A C2r11r05         [10]  384 	jp	NZ, 00133$
                                    385 ;E:\Dropbox\FAUSTO\SVILUPPI\MSX\CODE\C\MSXgl\projects\soccerlgMSX2/soccerlg_s12_b3.c:20: CallFnc_VOID(SEG_DRAW, HideSpriteMessage);
    0000005D 11r00r00         [10]  386 	ld	de, #_HideSpriteMessage
    00000060 3E 05            [ 7]  387 	ld	a, #0x05
    00000062 CDr00r00         [17]  388 	call	_CallFnc_VOID
                                    389 ;E:/Dropbox/FAUSTO/SVILUPPI/MSX/CODE/C/MSXgl/engine/src/vdp.h:710: inline void VDP_EnableDisplay(bool enable) { VDP_RegWriteBakMask(1, (u8)~R01_BL, enable ? R01_BL : 0); }
    00000065 AF               [ 4]  390 	xor	a, a
    00000066 F5               [11]  391 	push	af
    00000067 33               [ 6]  392 	inc	sp
    00000068 2E BF            [ 7]  393 	ld	l, #0xbf
                                    394 ;	spillPairReg hl
                                    395 ;	spillPairReg hl
    0000006A 3E 01            [ 7]  396 	ld	a, #0x01
    0000006C CDr00r00         [17]  397 	call	_VDP_RegWriteBakMask
                                    398 ;E:\Dropbox\FAUSTO\SVILUPPI\MSX\CODE\C\MSXgl\projects\soccerlgMSX2/soccerlg_s12_b3.c:25: Half = 2;
    0000006F 21r00r00         [10]  399 	ld	hl, #_Half
    00000072 36 02            [10]  400 	ld	(hl), #0x02
                                    401 ;E:\Dropbox\FAUSTO\SVILUPPI\MSX\CODE\C\MSXgl\projects\soccerlgMSX2/soccerlg_s12_b3.c:26: Mins = HALF_TIME_MINS; Secs = HALF_TIME_SECS;
    00000074 21r00r00         [10]  402 	ld	hl, #_Mins
    00000077 36 01            [10]  403 	ld	(hl), #0x01
    00000079 21r00r00         [10]  404 	ld	hl, #_Secs
    0000007C 36 00            [10]  405 	ld	(hl), #0x00
                                    406 ;E:\Dropbox\FAUSTO\SVILUPPI\MSX\CODE\C\MSXgl\projects\soccerlgMSX2/soccerlg_s12_b3.c:27: KickOffTeam = TEAM_1; // Secondo tempo batte il Team 1
    0000007E 21r00r00         [10]  407 	ld	hl, #_KickOffTeam
    00000081 36 00            [10]  408 	ld	(hl), #0x00
                                    409 ;E:\Dropbox\FAUSTO\SVILUPPI\MSX\CODE\C\MSXgl\projects\soccerlgMSX2/soccerlg_s12_b3.c:28: TimerEnabled = FALSE; // Congela il timer fino al prossimo tocco
    00000083 21r00r00         [10]  410 	ld	hl, #_TimerEnabled
    00000086 36 00            [10]  411 	ld	(hl), #0x00
                                    412 ;E:\Dropbox\FAUSTO\SVILUPPI\MSX\CODE\C\MSXgl\projects\soccerlgMSX2/soccerlg_s12_b3.c:31: SwSprite[14].lx = BALL_START_X;
    00000088 21r42r01         [10]  413 	ld	hl, #(_SwSprite + 322)
    0000008B 36 78            [10]  414 	ld	(hl), #0x78
                                    415 ;E:\Dropbox\FAUSTO\SVILUPPI\MSX\CODE\C\MSXgl\projects\soccerlgMSX2/soccerlg_s12_b3.c:32: SwSprite[14].ly = BALL_START_Y;
    0000008D 21 00 01         [10]  416 	ld	hl, #0x0100
    00000090 22r46r01         [16]  417 	ld	((_SwSprite + 326)), hl
                                    418 ;E:\Dropbox\FAUSTO\SVILUPPI\MSX\CODE\C\MSXgl\projects\soccerlgMSX2/soccerlg_s12_b3.c:33: SwSprite[14].dx = 0; SwSprite[14].dy = 0; SwSprite[14].anim = 0;
    00000093 21r53r01         [10]  419 	ld	hl, #(_SwSprite + 339)
    00000096 36 00            [10]  420 	ld	(hl), #0x00
    00000098 21r54r01         [10]  421 	ld	hl, #(_SwSprite + 340)
    0000009B 36 00            [10]  422 	ld	(hl), #0x00
    0000009D 21 00 00         [10]  423 	ld	hl, #0x0000
    000000A0 22r55r01         [16]  424 	ld	((_SwSprite + 341)), hl
                                    425 ;E:\Dropbox\FAUSTO\SVILUPPI\MSX\CODE\C\MSXgl\projects\soccerlgMSX2/soccerlg_s12_b3.c:34: SwSprite[14].frame = SPR_BALL_SIZE_1;
    000000A3 2E 60            [ 7]  426 	ld	l, #0x60
    000000A5 22r51r01         [16]  427 	ld	((_SwSprite + 337)), hl
                                    428 ;E:\Dropbox\FAUSTO\SVILUPPI\MSX\CODE\C\MSXgl\projects\soccerlgMSX2/soccerlg_s12_b3.c:36: Field.ly = target_ly; // Centra campo immediatamente per 2T
    000000A8 21r04r00         [10]  429 	ld	hl, #(_Field + 4)
    000000AB DD 7E 06         [19]  430 	ld	a, 6 (ix)
    000000AE 77               [ 7]  431 	ld	(hl), a
    000000AF 23               [ 6]  432 	inc	hl
    000000B0 DD 7E 07         [19]  433 	ld	a, 7 (ix)
    000000B3 77               [ 7]  434 	ld	(hl), a
                                    435 ;E:\Dropbox\FAUSTO\SVILUPPI\MSX\CODE\C\MSXgl\projects\soccerlgMSX2/soccerlg_s12_b3.c:37: Field.dy = 0; // Impedisce ad AddLines di far scorrere lo sfondo non esistente
    000000B4 21r12r00         [10]  436 	ld	hl, #(_Field + 18)
    000000B7 36 00            [10]  437 	ld	(hl), #0x00
                                    438 ;E:\Dropbox\FAUSTO\SVILUPPI\MSX\CODE\C\MSXgl\projects\soccerlgMSX2/soccerlg_s12_b3.c:40: ScoreBoardLeft.y0 = ScoreBoardLeft.y1 = ScoreBoardLeft.y2 = Field.ly;
    000000B9 21r0Ar00         [10]  439 	ld	hl, #(_ScoreBoardLeft + 10)
    000000BC DD 7E 06         [19]  440 	ld	a, 6 (ix)
    000000BF 77               [ 7]  441 	ld	(hl), a
    000000C0 23               [ 6]  442 	inc	hl
    000000C1 DD 7E 07         [19]  443 	ld	a, 7 (ix)
    000000C4 77               [ 7]  444 	ld	(hl), a
    000000C5 21r08r00         [10]  445 	ld	hl, #(_ScoreBoardLeft + 8)
    000000C8 DD 7E 06         [19]  446 	ld	a, 6 (ix)
    000000CB 77               [ 7]  447 	ld	(hl), a
    000000CC 23               [ 6]  448 	inc	hl
    000000CD DD 7E 07         [19]  449 	ld	a, 7 (ix)
    000000D0 77               [ 7]  450 	ld	(hl), a
    000000D1 21r06r00         [10]  451 	ld	hl, #(_ScoreBoardLeft + 6)
    000000D4 DD 7E 06         [19]  452 	ld	a, 6 (ix)
    000000D7 77               [ 7]  453 	ld	(hl), a
    000000D8 23               [ 6]  454 	inc	hl
    000000D9 DD 7E 07         [19]  455 	ld	a, 7 (ix)
    000000DC 77               [ 7]  456 	ld	(hl), a
                                    457 ;E:\Dropbox\FAUSTO\SVILUPPI\MSX\CODE\C\MSXgl\projects\soccerlgMSX2/soccerlg_s12_b3.c:41: ScoreBoardRight.y0 = ScoreBoardRight.y1 = ScoreBoardRight.y2 = Field.ly;
    000000DD 21r0Ar00         [10]  458 	ld	hl, #(_ScoreBoardRight + 10)
    000000E0 DD 7E 06         [19]  459 	ld	a, 6 (ix)
    000000E3 77               [ 7]  460 	ld	(hl), a
    000000E4 23               [ 6]  461 	inc	hl
    000000E5 DD 7E 07         [19]  462 	ld	a, 7 (ix)
    000000E8 77               [ 7]  463 	ld	(hl), a
    000000E9 21r08r00         [10]  464 	ld	hl, #(_ScoreBoardRight + 8)
    000000EC DD 7E 06         [19]  465 	ld	a, 6 (ix)
    000000EF 77               [ 7]  466 	ld	(hl), a
    000000F0 23               [ 6]  467 	inc	hl
    000000F1 DD 7E 07         [19]  468 	ld	a, 7 (ix)
    000000F4 77               [ 7]  469 	ld	(hl), a
    000000F5 21r06r00         [10]  470 	ld	hl, #(_ScoreBoardRight + 6)
    000000F8 DD 7E 06         [19]  471 	ld	a, 6 (ix)
    000000FB 77               [ 7]  472 	ld	(hl), a
    000000FC 23               [ 6]  473 	inc	hl
    000000FD DD 7E 07         [19]  474 	ld	a, 7 (ix)
    00000100 77               [ 7]  475 	ld	(hl), a
                                    476 ;E:\Dropbox\FAUSTO\SVILUPPI\MSX\CODE\C\MSXgl\projects\soccerlgMSX2/soccerlg_s12_b3.c:42: VDP_SetVerticalOffset(Field.ly & 255);
    00000101 DD 6E 06         [19]  477 	ld	l, 6 (ix)
                                    478 ;	spillPairReg hl
                                    479 ;	spillPairReg hl
                                    480 ;E:/Dropbox/FAUSTO/SVILUPPI/MSX/CODE/C/MSXgl/engine/src/vdp.h:782: inline void VDP_SetVerticalOffset(u8 offset) { VDP_RegWrite(23, offset); }
    00000104 3E 17            [ 7]  481 	ld	a, #0x17
    00000106 CDr00r00         [17]  482 	call	_VDP_RegWrite
                                    483 ;E:\Dropbox\FAUSTO\SVILUPPI\MSX\CODE\C\MSXgl\projects\soccerlgMSX2/soccerlg_s12_b3.c:44: CallFnc_VOID(SEG_GAMESTATE_2, AssignKickOffTargets);
    00000109 11r00r00         [10]  484 	ld	de, #_AssignKickOffTargets
    0000010C 3E 0B            [ 7]  485 	ld	a, #0x0b
    0000010E CDr00r00         [17]  486 	call	_CallFnc_VOID
                                    487 ;E:\Dropbox\FAUSTO\SVILUPPI\MSX\CODE\C\MSXgl\projects\soccerlgMSX2/soccerlg_s12_b3.c:45: for (u8 i = 0; i < 14; i++) {
    00000111 0E 00            [ 7]  488 	ld	c, #0x00
    00000113                        489 00239$:
    00000113 79               [ 4]  490 	ld	a, c
    00000114 D6 0E            [ 7]  491 	sub	a, #0x0e
    00000116 30 50            [12]  492 	jr	NC, 00101$
                                    493 ;E:\Dropbox\FAUSTO\SVILUPPI\MSX\CODE\C\MSXgl\projects\soccerlgMSX2/soccerlg_s12_b3.c:46: SwSprite[i].lx = SwSprite[i].tx;
    00000118 06 00            [ 7]  494 	ld	b, #0x00
    0000011A 69               [ 4]  495 	ld	l, c
    0000011B 60               [ 4]  496 	ld	h, b
    0000011C 29               [11]  497 	add	hl, hl
    0000011D 29               [11]  498 	add	hl, hl
    0000011E 09               [11]  499 	add	hl, bc
    0000011F 29               [11]  500 	add	hl, hl
    00000120 09               [11]  501 	add	hl, bc
    00000121 29               [11]  502 	add	hl, hl
    00000122 09               [11]  503 	add	hl, bc
    00000123 EB               [ 4]  504 	ex	de, hl
    00000124 21r00r00         [10]  505 	ld	hl, #_SwSprite
    00000127 19               [11]  506 	add	hl, de
    00000128 EB               [ 4]  507 	ex	de, hl
    00000129 D5               [11]  508 	push	de
    0000012A FD E1            [14]  509 	pop	iy
    0000012C FD 7E 0C         [19]  510 	ld	a, 12 (iy)
    0000012F 12               [ 7]  511 	ld	(de), a
                                    512 ;E:\Dropbox\FAUSTO\SVILUPPI\MSX\CODE\C\MSXgl\projects\soccerlgMSX2/soccerlg_s12_b3.c:47: SwSprite[i].ly = SwSprite[i].ty;
    00000130 21 04 00         [10]  513 	ld	hl, #0x0004
    00000133 19               [11]  514 	add	hl, de
    00000134 DD 75 F7         [19]  515 	ld	-9 (ix), l
    00000137 DD 74 F8         [19]  516 	ld	-8 (ix), h
    0000013A D5               [11]  517 	push	de
    0000013B FD E1            [14]  518 	pop	iy
    0000013D FD 7E 0D         [19]  519 	ld	a, 13 (iy)
    00000140 DD 77 F9         [19]  520 	ld	-7 (ix), a
    00000143 FD 7E 0E         [19]  521 	ld	a, 14 (iy)
    00000146 DD 77 FA         [19]  522 	ld	-6 (ix), a
    00000149 DD 6E F7         [19]  523 	ld	l, -9 (ix)
    0000014C DD 66 F8         [19]  524 	ld	h, -8 (ix)
    0000014F DD 7E F9         [19]  525 	ld	a, -7 (ix)
    00000152 77               [ 7]  526 	ld	(hl), a
    00000153 23               [ 6]  527 	inc	hl
    00000154 DD 7E FA         [19]  528 	ld	a, -6 (ix)
    00000157 77               [ 7]  529 	ld	(hl), a
                                    530 ;E:\Dropbox\FAUSTO\SVILUPPI\MSX\CODE\C\MSXgl\projects\soccerlgMSX2/soccerlg_s12_b3.c:48: SwSprite[i].dx = 0; SwSprite[i].dy = 0;
    00000158 21 11 00         [10]  531 	ld	hl, #0x0011
    0000015B 19               [11]  532 	add	hl, de
    0000015C 36 00            [10]  533 	ld	(hl), #0x00
    0000015E 21 12 00         [10]  534 	ld	hl, #0x0012
    00000161 19               [11]  535 	add	hl, de
    00000162 36 00            [10]  536 	ld	(hl), #0x00
                                    537 ;E:\Dropbox\FAUSTO\SVILUPPI\MSX\CODE\C\MSXgl\projects\soccerlgMSX2/soccerlg_s12_b3.c:45: for (u8 i = 0; i < 14; i++) {
    00000164 0C               [ 4]  538 	inc	c
    00000165 C3r13r01         [10]  539 	jp	00239$
    00000168                        540 00101$:
                                    541 ;E:\Dropbox\FAUSTO\SVILUPPI\MSX\CODE\C\MSXgl\projects\soccerlgMSX2/soccerlg_s12_b3.c:52: bool ball_fg = CallFnc_BOOL(SEG_DRAW, IsBallForeground);
    00000168 11r00r00         [10]  542 	ld	de, #_IsBallForeground
    0000016B 3E 05            [ 7]  543 	ld	a, #0x05
    0000016D CDr00r00         [17]  544 	call	_CallFnc_BOOL
    00000170 DD 77 F0         [19]  545 	ld	-16 (ix), a
                                    546 ;E:\Dropbox\FAUSTO\SVILUPPI\MSX\CODE\C\MSXgl\projects\soccerlgMSX2/soccerlg_s12_b3.c:53: for (u16 page = 0; page <= 512; page += 256) {
    00000173 AF               [ 4]  547 	xor	a, a
    00000174 DD 77 F1         [19]  548 	ld	-15 (ix), a
    00000177 DD 77 F2         [19]  549 	ld	-14 (ix), a
    0000017A                        550 00250$:
    0000017A DD 4E F1         [19]  551 	ld	c, -15 (ix)
    0000017D DD 46 F2         [19]  552 	ld	b, -14 (ix)
    00000180 AF               [ 4]  553 	xor	a, a
    00000181 B9               [ 4]  554 	cp	a, c
    00000182 3E 02            [ 7]  555 	ld	a, #0x02
    00000184 98               [ 4]  556 	sbc	a, b
    00000185 DArF8r03         [10]  557 	jp	C, 00319$
                                    558 ;E:\Dropbox\FAUSTO\SVILUPPI\MSX\CODE\C\MSXgl\projects\soccerlgMSX2/soccerlg_s12_b3.c:54: CallFnc_VOID_16_P2(SEG_DRAW, PlotField, Field.ly, page);
    00000188 2Ar04r00         [16]  559 	ld	hl, (#(_Field + 4) + 0)
    0000018B DD 5E F1         [19]  560 	ld	e, -15 (ix)
    0000018E DD 56 F2         [19]  561 	ld	d, -14 (ix)
    00000191 D5               [11]  562 	push	de
    00000192 E5               [11]  563 	push	hl
    00000193 11r00r00         [10]  564 	ld	de, #_PlotField
    00000196 3E 05            [ 7]  565 	ld	a, #0x05
    00000198 CDr00r00         [17]  566 	call	_CallFnc_VOID_16_P2
                                    567 ;E:\Dropbox\FAUSTO\SVILUPPI\MSX\CODE\C\MSXgl\projects\soccerlgMSX2/soccerlg_s12_b3.c:55: for (u8 i=37; i<NumSprite; i++) if (OnScreen(SwSprite[i].ly)) CallSpriteFrame(SwSprite[i].lx, (SwSprite[i].ly & 255) + page, SwSprite[i].frame);
    0000019B DD 36 FF 25      [19]  568 	ld	-1 (ix), #0x25
    0000019F                        569 00242$:
    0000019F DD 7E FF         [19]  570 	ld	a, -1 (ix)
    000001A2 D6 27            [ 7]  571 	sub	a, #0x27
    000001A4 30 77            [12]  572 	jr	NC, 00105$
    000001A6 DD 4E FF         [19]  573 	ld	c, -1 (ix)
    000001A9 06 00            [ 7]  574 	ld	b, #0x00
    000001AB 69               [ 4]  575 	ld	l, c
    000001AC 60               [ 4]  576 	ld	h, b
    000001AD 29               [11]  577 	add	hl, hl
    000001AE 29               [11]  578 	add	hl, hl
    000001AF 09               [11]  579 	add	hl, bc
    000001B0 29               [11]  580 	add	hl, hl
    000001B1 09               [11]  581 	add	hl, bc
    000001B2 29               [11]  582 	add	hl, hl
    000001B3 09               [11]  583 	add	hl, bc
    000001B4 EB               [ 4]  584 	ex	de, hl
    000001B5 21r00r00         [10]  585 	ld	hl, #_SwSprite
    000001B8 19               [11]  586 	add	hl, de
    000001B9 DD 75 F7         [19]  587 	ld	-9 (ix), l
    000001BC DD 74 F8         [19]  588 	ld	-8 (ix), h
    000001BF 01 04 00         [10]  589 	ld	bc,#4
    000001C2 09               [11]  590 	add	hl,bc
    000001C3 4E               [ 7]  591 	ld	c, (hl)
    000001C4 23               [ 6]  592 	inc	hl
    000001C5 7E               [ 7]  593 	ld	a, (hl)
    000001C6 DD 71 F9         [19]  594 	ld	-7 (ix), c
    000001C9 DD 77 FA         [19]  595 	ld	-6 (ix), a
    000001CC D6 02            [ 7]  596 	sub	a, #0x02
    000001CE 30 47            [12]  597 	jr	NC, 00243$
    000001D0 DD 7E F9         [19]  598 	ld	a, -7 (ix)
    000001D3 C6 0F            [ 7]  599 	add	a, #0x0f
    000001D5 5F               [ 4]  600 	ld	e, a
    000001D6 DD 7E FA         [19]  601 	ld	a, -6 (ix)
    000001D9 CE 02            [ 7]  602 	adc	a, #0x02
    000001DB 57               [ 4]  603 	ld	d, a
    000001DC ED 4Br04r00      [20]  604 	ld	bc, (#(_Field + 4) + 0)
    000001E0 EB               [ 4]  605 	ex	de, hl
    000001E1 BF               [ 4]  606 	cp	a, a
    000001E2 ED 42            [15]  607 	sbc	hl, bc
    000001E4 7C               [ 4]  608 	ld	a, h
    000001E5 E6 01            [ 7]  609 	and	a, #0x01
    000001E7 4F               [ 4]  610 	ld	c, a
    000001E8 7D               [ 4]  611 	ld	a, l
    000001E9 D6 CF            [ 7]  612 	sub	a, #0xcf
    000001EB 79               [ 4]  613 	ld	a, c
    000001EC DE 00            [ 7]  614 	sbc	a, #0x00
    000001EE 30 27            [12]  615 	jr	NC, 00243$
    000001F0 DD 4E F7         [19]  616 	ld	c, -9 (ix)
    000001F3 DD 46 F8         [19]  617 	ld	b, -8 (ix)
    000001F6 21 0F 00         [10]  618 	ld	hl, #15
    000001F9 09               [11]  619 	add	hl, bc
    000001FA 4E               [ 7]  620 	ld	c, (hl)
    000001FB 23               [ 6]  621 	inc	hl
    000001FC 46               [ 7]  622 	ld	b, (hl)
    000001FD DD 7E F9         [19]  623 	ld	a, -7 (ix)
    00000200 16 00            [ 7]  624 	ld	d, #0x00
    00000202 DD 86 F1         [19]  625 	add	a, -15 (ix)
    00000205 5F               [ 4]  626 	ld	e, a
    00000206 7A               [ 4]  627 	ld	a, d
    00000207 DD 8E F2         [19]  628 	adc	a, -14 (ix)
    0000020A 57               [ 4]  629 	ld	d, a
    0000020B DD 6E F7         [19]  630 	ld	l, -9 (ix)
    0000020E DD 66 F8         [19]  631 	ld	h, -8 (ix)
    00000211 6E               [ 7]  632 	ld	l, (hl)
                                    633 ;	spillPairReg hl
    00000212 C5               [11]  634 	push	bc
    00000213 7D               [ 4]  635 	ld	a, l
    00000214 CDr00r00         [17]  636 	call	_CallSpriteFrame
    00000217                        637 00243$:
    00000217 DD 34 FF         [23]  638 	inc	-1 (ix)
    0000021A C3r9Fr01         [10]  639 	jp	00242$
    0000021D                        640 00105$:
                                    641 ;E:\Dropbox\FAUSTO\SVILUPPI\MSX\CODE\C\MSXgl\projects\soccerlgMSX2/soccerlg_s12_b3.c:56: if (!ball_fg && OnScreen(SwSprite[14].ly)) CallSpriteFrame(SwSprite[14].lx, (SwSprite[14].ly & 255) + page, SwSprite[14].frame);
    0000021D DD 7E F0         [19]  642 	ld	a, -16 (ix)
    00000220 B7               [ 4]  643 	or	a, a
    00000221 20 3B            [12]  644 	jr	NZ, 00306$
    00000223 ED 5Br46r01      [20]  645 	ld	de, (#(_SwSprite + 326) + 0)
    00000227 7A               [ 4]  646 	ld	a, d
    00000228 D6 02            [ 7]  647 	sub	a, #0x02
    0000022A 30 32            [12]  648 	jr	NC, 00306$
    0000022C 21 0F 02         [10]  649 	ld	hl, #0x020f
    0000022F 19               [11]  650 	add	hl, de
    00000230 4D               [ 4]  651 	ld	c, l
    00000231 44               [ 4]  652 	ld	b, h
    00000232 2Ar04r00         [16]  653 	ld	hl, (#(_Field + 4) + 0)
    00000235 79               [ 4]  654 	ld	a, c
    00000236 95               [ 4]  655 	sub	a, l
    00000237 4F               [ 4]  656 	ld	c, a
    00000238 78               [ 4]  657 	ld	a, b
    00000239 9C               [ 4]  658 	sbc	a, h
    0000023A E6 01            [ 7]  659 	and	a, #0x01
    0000023C 47               [ 4]  660 	ld	b, a
    0000023D 79               [ 4]  661 	ld	a, c
    0000023E D6 CF            [ 7]  662 	sub	a, #0xcf
    00000240 78               [ 4]  663 	ld	a, b
    00000241 DE 00            [ 7]  664 	sbc	a, #0x00
    00000243 30 19            [12]  665 	jr	NC, 00306$
    00000245 ED 4Br51r01      [20]  666 	ld	bc, (#(_SwSprite + 337) + 0)
    00000249 16 00            [ 7]  667 	ld	d, #0x00
    0000024B 7B               [ 4]  668 	ld	a, e
    0000024C DD 86 F1         [19]  669 	add	a, -15 (ix)
    0000024F 5F               [ 4]  670 	ld	e, a
    00000250 7A               [ 4]  671 	ld	a, d
    00000251 DD 8E F2         [19]  672 	adc	a, -14 (ix)
    00000254 57               [ 4]  673 	ld	d, a
    00000255 21r42r01         [10]  674 	ld	hl, #(_SwSprite + 322)
    00000258 6E               [ 7]  675 	ld	l, (hl)
                                    676 ;	spillPairReg hl
    00000259 C5               [11]  677 	push	bc
    0000025A 7D               [ 4]  678 	ld	a, l
    0000025B CDr00r00         [17]  679 	call	_CallSpriteFrame
                                    680 ;E:\Dropbox\FAUSTO\SVILUPPI\MSX\CODE\C\MSXgl\projects\soccerlgMSX2/soccerlg_s12_b3.c:57: for (u8 i=0; i<14; i++) if (OnScreen(SwSprite[i].ly)) CallSpriteFrame(SwSprite[i].lx, (SwSprite[i].ly & 255) + page, SwSprite[i].frame);
    0000025E                        681 00306$:
    0000025E DD 36 FF 00      [19]  682 	ld	-1 (ix), #0x00
    00000262                        683 00245$:
    00000262 DD 7E FF         [19]  684 	ld	a, -1 (ix)
    00000265 D6 0E            [ 7]  685 	sub	a, #0x0e
    00000267 D2rF6r02         [10]  686 	jp	NC, 00113$
    0000026A DD 4E FF         [19]  687 	ld	c, -1 (ix)
    0000026D 06 00            [ 7]  688 	ld	b, #0x00
    0000026F 69               [ 4]  689 	ld	l, c
    00000270 60               [ 4]  690 	ld	h, b
    00000271 29               [11]  691 	add	hl, hl
    00000272 29               [11]  692 	add	hl, hl
    00000273 09               [11]  693 	add	hl, bc
    00000274 29               [11]  694 	add	hl, hl
    00000275 09               [11]  695 	add	hl, bc
    00000276 29               [11]  696 	add	hl, hl
    00000277 09               [11]  697 	add	hl, bc
    00000278 EB               [ 4]  698 	ex	de, hl
    00000279 21r00r00         [10]  699 	ld	hl, #_SwSprite
    0000027C 19               [11]  700 	add	hl, de
    0000027D DD 75 F3         [19]  701 	ld	-13 (ix), l
    00000280 DD 74 F4         [19]  702 	ld	-12 (ix), h
    00000283 01 04 00         [10]  703 	ld	bc,#4
    00000286 09               [11]  704 	add	hl,bc
    00000287 4E               [ 7]  705 	ld	c, (hl)
    00000288 23               [ 6]  706 	inc	hl
    00000289 7E               [ 7]  707 	ld	a, (hl)
    0000028A DD 71 F5         [19]  708 	ld	-11 (ix), c
    0000028D DD 77 F6         [19]  709 	ld	-10 (ix), a
    00000290 D6 02            [ 7]  710 	sub	a, #0x02
    00000292 30 5C            [12]  711 	jr	NC, 00246$
    00000294 DD 7E F5         [19]  712 	ld	a, -11 (ix)
    00000297 C6 0F            [ 7]  713 	add	a, #0x0f
    00000299 DD 77 F7         [19]  714 	ld	-9 (ix), a
    0000029C DD 7E F6         [19]  715 	ld	a, -10 (ix)
    0000029F CE 02            [ 7]  716 	adc	a, #0x02
    000002A1 DD 77 F8         [19]  717 	ld	-8 (ix), a
    000002A4 21r04r00         [10]  718 	ld	hl, #(_Field + 4)
    000002A7 7E               [ 7]  719 	ld	a, (hl)
    000002A8 DD 77 F9         [19]  720 	ld	-7 (ix), a
    000002AB 23               [ 6]  721 	inc	hl
    000002AC 7E               [ 7]  722 	ld	a, (hl)
    000002AD DD 77 FA         [19]  723 	ld	-6 (ix), a
    000002B0 DD 7E F7         [19]  724 	ld	a, -9 (ix)
    000002B3 DD 46 F8         [19]  725 	ld	b, -8 (ix)
    000002B6 DD 96 F9         [19]  726 	sub	a, -7 (ix)
    000002B9 4F               [ 4]  727 	ld	c, a
    000002BA 78               [ 4]  728 	ld	a, b
    000002BB DD 9E FA         [19]  729 	sbc	a, -6 (ix)
    000002BE E6 01            [ 7]  730 	and	a, #0x01
    000002C0 47               [ 4]  731 	ld	b, a
    000002C1 79               [ 4]  732 	ld	a, c
    000002C2 D6 CF            [ 7]  733 	sub	a, #0xcf
    000002C4 78               [ 4]  734 	ld	a, b
    000002C5 DE 00            [ 7]  735 	sbc	a, #0x00
    000002C7 30 27            [12]  736 	jr	NC, 00246$
    000002C9 DD 4E F3         [19]  737 	ld	c, -13 (ix)
    000002CC DD 46 F4         [19]  738 	ld	b, -12 (ix)
    000002CF 21 0F 00         [10]  739 	ld	hl, #15
    000002D2 09               [11]  740 	add	hl, bc
    000002D3 4E               [ 7]  741 	ld	c, (hl)
    000002D4 23               [ 6]  742 	inc	hl
    000002D5 46               [ 7]  743 	ld	b, (hl)
    000002D6 DD 7E F5         [19]  744 	ld	a, -11 (ix)
    000002D9 16 00            [ 7]  745 	ld	d, #0x00
    000002DB DD 86 F1         [19]  746 	add	a, -15 (ix)
    000002DE 5F               [ 4]  747 	ld	e, a
    000002DF 7A               [ 4]  748 	ld	a, d
    000002E0 DD 8E F2         [19]  749 	adc	a, -14 (ix)
    000002E3 57               [ 4]  750 	ld	d, a
    000002E4 DD 6E F3         [19]  751 	ld	l, -13 (ix)
    000002E7 DD 66 F4         [19]  752 	ld	h, -12 (ix)
    000002EA 6E               [ 7]  753 	ld	l, (hl)
                                    754 ;	spillPairReg hl
    000002EB C5               [11]  755 	push	bc
    000002EC 7D               [ 4]  756 	ld	a, l
    000002ED CDr00r00         [17]  757 	call	_CallSpriteFrame
    000002F0                        758 00246$:
    000002F0 DD 34 FF         [23]  759 	inc	-1 (ix)
    000002F3 C3r62r02         [10]  760 	jp	00245$
    000002F6                        761 00113$:
                                    762 ;E:\Dropbox\FAUSTO\SVILUPPI\MSX\CODE\C\MSXgl\projects\soccerlgMSX2/soccerlg_s12_b3.c:58: if (OnScreen(SwSprite[26].ly)) CallSpriteFrame(SwSprite[26].lx, (SwSprite[26].ly & 255) + page, SwSprite[26].frame);
    000002F6 ED 4Br5Ar02      [20]  763 	ld	bc, (#_SwSprite + 602)
    000002FA 78               [ 4]  764 	ld	a, b
    000002FB D6 02            [ 7]  765 	sub	a, #0x02
    000002FD 30 33            [12]  766 	jr	NC, 00115$
    000002FF 21 0F 02         [10]  767 	ld	hl, #0x020f
    00000302 09               [11]  768 	add	hl, bc
    00000303 EB               [ 4]  769 	ex	de, hl
    00000304 2Ar04r00         [16]  770 	ld	hl, (#(_Field + 4) + 0)
    00000307 7B               [ 4]  771 	ld	a, e
    00000308 95               [ 4]  772 	sub	a, l
    00000309 5F               [ 4]  773 	ld	e, a
    0000030A 7A               [ 4]  774 	ld	a, d
    0000030B 9C               [ 4]  775 	sbc	a, h
    0000030C E6 01            [ 7]  776 	and	a, #0x01
    0000030E 57               [ 4]  777 	ld	d, a
    0000030F 7B               [ 4]  778 	ld	a, e
    00000310 D6 CF            [ 7]  779 	sub	a, #0xcf
    00000312 7A               [ 4]  780 	ld	a, d
    00000313 DE 00            [ 7]  781 	sbc	a, #0x00
    00000315 30 1B            [12]  782 	jr	NC, 00115$
    00000317 ED 5Br65r02      [20]  783 	ld	de, (#_SwSprite + 613)
    0000031B 06 00            [ 7]  784 	ld	b, #0x00
    0000031D 79               [ 4]  785 	ld	a, c
    0000031E DD 86 F1         [19]  786 	add	a, -15 (ix)
    00000321 4F               [ 4]  787 	ld	c, a
    00000322 78               [ 4]  788 	ld	a, b
    00000323 DD 8E F2         [19]  789 	adc	a, -14 (ix)
    00000326 47               [ 4]  790 	ld	b, a
    00000327 21r56r02         [10]  791 	ld	hl, #_SwSprite + 598
    0000032A 6E               [ 7]  792 	ld	l, (hl)
                                    793 ;	spillPairReg hl
    0000032B D5               [11]  794 	push	de
    0000032C 59               [ 4]  795 	ld	e, c
    0000032D 50               [ 4]  796 	ld	d, b
    0000032E 7D               [ 4]  797 	ld	a, l
    0000032F CDr00r00         [17]  798 	call	_CallSpriteFrame
    00000332                        799 00115$:
                                    800 ;E:\Dropbox\FAUSTO\SVILUPPI\MSX\CODE\C\MSXgl\projects\soccerlgMSX2/soccerlg_s12_b3.c:59: if (ball_fg && OnScreen(SwSprite[14].ly)) CallSpriteFrame(SwSprite[14].lx, (SwSprite[14].ly & 255) + page, SwSprite[14].frame);
    00000332 DD 7E F0         [19]  801 	ld	a, -16 (ix)
    00000335 B7               [ 4]  802 	or	a, a
    00000336 28 3B            [12]  803 	jr	Z, 00316$
                                    804 ;E:\Dropbox\FAUSTO\SVILUPPI\MSX\CODE\C\MSXgl\projects\soccerlgMSX2/soccerlg_s12_b3.c:56: if (!ball_fg && OnScreen(SwSprite[14].ly)) CallSpriteFrame(SwSprite[14].lx, (SwSprite[14].ly & 255) + page, SwSprite[14].frame);
    00000338 ED 5Br46r01      [20]  805 	ld	de, (#(_SwSprite + 326) + 0)
                                    806 ;E:\Dropbox\FAUSTO\SVILUPPI\MSX\CODE\C\MSXgl\projects\soccerlgMSX2/soccerlg_s12_b3.c:59: if (ball_fg && OnScreen(SwSprite[14].ly)) CallSpriteFrame(SwSprite[14].lx, (SwSprite[14].ly & 255) + page, SwSprite[14].frame);
    0000033C 7A               [ 4]  807 	ld	a, d
    0000033D D6 02            [ 7]  808 	sub	a, #0x02
    0000033F 30 32            [12]  809 	jr	NC, 00316$
    00000341 21 0F 02         [10]  810 	ld	hl, #0x020f
    00000344 19               [11]  811 	add	hl, de
    00000345 4D               [ 4]  812 	ld	c, l
    00000346 44               [ 4]  813 	ld	b, h
    00000347 2Ar04r00         [16]  814 	ld	hl, (#(_Field + 4) + 0)
    0000034A 79               [ 4]  815 	ld	a, c
    0000034B 95               [ 4]  816 	sub	a, l
    0000034C 4F               [ 4]  817 	ld	c, a
    0000034D 78               [ 4]  818 	ld	a, b
    0000034E 9C               [ 4]  819 	sbc	a, h
    0000034F E6 01            [ 7]  820 	and	a, #0x01
    00000351 47               [ 4]  821 	ld	b, a
    00000352 79               [ 4]  822 	ld	a, c
    00000353 D6 CF            [ 7]  823 	sub	a, #0xcf
    00000355 78               [ 4]  824 	ld	a, b
    00000356 DE 00            [ 7]  825 	sbc	a, #0x00
    00000358 30 19            [12]  826 	jr	NC, 00316$
    0000035A ED 4Br51r01      [20]  827 	ld	bc, (#(_SwSprite + 337) + 0)
    0000035E 16 00            [ 7]  828 	ld	d, #0x00
    00000360 7B               [ 4]  829 	ld	a, e
    00000361 DD 86 F1         [19]  830 	add	a, -15 (ix)
    00000364 5F               [ 4]  831 	ld	e, a
    00000365 7A               [ 4]  832 	ld	a, d
    00000366 DD 8E F2         [19]  833 	adc	a, -14 (ix)
    00000369 57               [ 4]  834 	ld	d, a
    0000036A 21r42r01         [10]  835 	ld	hl, #(_SwSprite + 322)
    0000036D 6E               [ 7]  836 	ld	l, (hl)
                                    837 ;	spillPairReg hl
    0000036E C5               [11]  838 	push	bc
    0000036F 7D               [ 4]  839 	ld	a, l
    00000370 CDr00r00         [17]  840 	call	_CallSpriteFrame
                                    841 ;E:\Dropbox\FAUSTO\SVILUPPI\MSX\CODE\C\MSXgl\projects\soccerlgMSX2/soccerlg_s12_b3.c:60: for (u8 i=15; i<37; i++) {
    00000373                        842 00316$:
    00000373 0E 0F            [ 7]  843 	ld	c, #0x0f
    00000375                        844 00248$:
                                    845 ;E:\Dropbox\FAUSTO\SVILUPPI\MSX\CODE\C\MSXgl\projects\soccerlgMSX2/soccerlg_s12_b3.c:61: if (i == 26) continue;
    00000375 79               [ 4]  846 	ld	a,c
    00000376 FE 25            [ 7]  847 	cp	a,#0x25
    00000378 30 6E            [12]  848 	jr	NC, 00251$
    0000037A D6 1A            [ 7]  849 	sub	a, #0x1a
    0000037C 28 66            [12]  850 	jr	Z, 00126$
                                    851 ;E:\Dropbox\FAUSTO\SVILUPPI\MSX\CODE\C\MSXgl\projects\soccerlgMSX2/soccerlg_s12_b3.c:62: if (OnScreen(SwSprite[i].ly)) CallSpriteFrame(SwSprite[i].lx, (SwSprite[i].ly & 255) + page, SwSprite[i].frame);
    0000037E 06 00            [ 7]  852 	ld	b, #0x00
    00000380 69               [ 4]  853 	ld	l, c
    00000381 60               [ 4]  854 	ld	h, b
    00000382 29               [11]  855 	add	hl, hl
    00000383 29               [11]  856 	add	hl, hl
    00000384 09               [11]  857 	add	hl, bc
    00000385 29               [11]  858 	add	hl, hl
    00000386 09               [11]  859 	add	hl, bc
    00000387 29               [11]  860 	add	hl, hl
    00000388 09               [11]  861 	add	hl, bc
    00000389 EB               [ 4]  862 	ex	de, hl
    0000038A FD 21r00r00      [14]  863 	ld	iy, #_SwSprite
    0000038E FD 19            [15]  864 	add	iy, de
    00000390 FD E5            [15]  865 	push	iy
    00000392 D1               [10]  866 	pop	de
    00000393 21 04 00         [10]  867 	ld	hl, #4
    00000396 19               [11]  868 	add	hl, de
    00000397 5E               [ 7]  869 	ld	e, (hl)
    00000398 23               [ 6]  870 	inc	hl
    00000399 56               [ 7]  871 	ld	d, (hl)
    0000039A 7A               [ 4]  872 	ld	a, d
    0000039B D6 02            [ 7]  873 	sub	a, #0x02
    0000039D 30 45            [12]  874 	jr	NC, 00126$
    0000039F 21 0F 02         [10]  875 	ld	hl, #0x020f
    000003A2 19               [11]  876 	add	hl, de
    000003A3 DD 75 F9         [19]  877 	ld	-7 (ix), l
    000003A6 DD 74 FA         [19]  878 	ld	-6 (ix), h
    000003A9 2Ar04r00         [16]  879 	ld	hl, (#(_Field + 4) + 0)
    000003AC DD 7E F9         [19]  880 	ld	a, -7 (ix)
    000003AF DD 46 FA         [19]  881 	ld	b, -6 (ix)
    000003B2 95               [ 4]  882 	sub	a, l
    000003B3 6F               [ 4]  883 	ld	l, a
                                    884 ;	spillPairReg hl
                                    885 ;	spillPairReg hl
    000003B4 78               [ 4]  886 	ld	a, b
    000003B5 9C               [ 4]  887 	sbc	a, h
                                    888 ;	spillPairReg hl
                                    889 ;	spillPairReg hl
    000003B6 E6 01            [ 7]  890 	and	a, #0x01
    000003B8 47               [ 4]  891 	ld	b, a
    000003B9 7D               [ 4]  892 	ld	a, l
    000003BA D6 CF            [ 7]  893 	sub	a, #0xcf
    000003BC 78               [ 4]  894 	ld	a, b
    000003BD DE 00            [ 7]  895 	sbc	a, #0x00
    000003BF 30 23            [12]  896 	jr	NC, 00126$
    000003C1 FD E5            [15]  897 	push	iy
    000003C3 E1               [10]  898 	pop	hl
    000003C4 C5               [11]  899 	push	bc
    000003C5 01 0F 00         [10]  900 	ld	bc, #0x000f
    000003C8 09               [11]  901 	add	hl, bc
    000003C9 C1               [10]  902 	pop	bc
    000003CA 7E               [ 7]  903 	ld	a, (hl)
    000003CB 23               [ 6]  904 	inc	hl
    000003CC 66               [ 7]  905 	ld	h, (hl)
                                    906 ;	spillPairReg hl
    000003CD 6F               [ 4]  907 	ld	l, a
                                    908 ;	spillPairReg hl
                                    909 ;	spillPairReg hl
    000003CE 16 00            [ 7]  910 	ld	d, #0x00
    000003D0 7B               [ 4]  911 	ld	a, e
    000003D1 DD 86 F1         [19]  912 	add	a, -15 (ix)
    000003D4 5F               [ 4]  913 	ld	e, a
    000003D5 7A               [ 4]  914 	ld	a, d
    000003D6 DD 8E F2         [19]  915 	adc	a, -14 (ix)
    000003D9 57               [ 4]  916 	ld	d, a
    000003DA FD 46 00         [19]  917 	ld	b, 0 (iy)
    000003DD C5               [11]  918 	push	bc
    000003DE E5               [11]  919 	push	hl
    000003DF 78               [ 4]  920 	ld	a, b
    000003E0 CDr00r00         [17]  921 	call	_CallSpriteFrame
    000003E3 C1               [10]  922 	pop	bc
    000003E4                        923 00126$:
                                    924 ;E:\Dropbox\FAUSTO\SVILUPPI\MSX\CODE\C\MSXgl\projects\soccerlgMSX2/soccerlg_s12_b3.c:60: for (u8 i=15; i<37; i++) {
    000003E4 0C               [ 4]  925 	inc	c
    000003E5 C3r75r03         [10]  926 	jp	00248$
    000003E8                        927 00251$:
                                    928 ;E:\Dropbox\FAUSTO\SVILUPPI\MSX\CODE\C\MSXgl\projects\soccerlgMSX2/soccerlg_s12_b3.c:53: for (u16 page = 0; page <= 512; page += 256) {
    000003E8 DD 4E F1         [19]  929 	ld	c, -15 (ix)
    000003EB DD 7E F2         [19]  930 	ld	a, -14 (ix)
    000003EE 3C               [ 4]  931 	inc	a
    000003EF DD 71 F1         [19]  932 	ld	-15 (ix), c
    000003F2 DD 77 F2         [19]  933 	ld	-14 (ix), a
    000003F5 C3r7Ar01         [10]  934 	jp	00250$
                                    935 ;E:\Dropbox\FAUSTO\SVILUPPI\MSX\CODE\C\MSXgl\projects\soccerlgMSX2/soccerlg_s12_b3.c:67: for (u8 i = 0; i < NumSprite; i++) {
    000003F8                        936 00319$:
    000003F8 0E 00            [ 7]  937 	ld	c, #0x00
    000003FA                        938 00253$:
    000003FA 79               [ 4]  939 	ld	a, c
    000003FB D6 27            [ 7]  940 	sub	a, #0x27
    000003FD 30 7B            [12]  941 	jr	NC, 00129$
                                    942 ;E:\Dropbox\FAUSTO\SVILUPPI\MSX\CODE\C\MSXgl\projects\soccerlgMSX2/soccerlg_s12_b3.c:68: SwSprite[i].x0 = SwSprite[i].x1 = SwSprite[i].x2 = SwSprite[i].lx;
    000003FF 06 00            [ 7]  943 	ld	b, #0x00
    00000401 69               [ 4]  944 	ld	l, c
    00000402 60               [ 4]  945 	ld	h, b
    00000403 29               [11]  946 	add	hl, hl
    00000404 29               [11]  947 	add	hl, hl
    00000405 09               [11]  948 	add	hl, bc
    00000406 29               [11]  949 	add	hl, hl
    00000407 09               [11]  950 	add	hl, bc
    00000408 29               [11]  951 	add	hl, hl
    00000409 09               [11]  952 	add	hl, bc
    0000040A 11r00r00         [10]  953 	ld	de, #_SwSprite
    0000040D 19               [11]  954 	add	hl, de
    0000040E 5D               [ 4]  955 	ld	e, l
    0000040F 54               [ 4]  956 	ld	d, h
    00000410 23               [ 6]  957 	inc	hl
    00000411 DD 75 F7         [19]  958 	ld	-9 (ix), l
    00000414 DD 74 F8         [19]  959 	ld	-8 (ix), h
    00000417 21 02 00         [10]  960 	ld	hl, #0x0002
    0000041A 19               [11]  961 	add	hl, de
    0000041B DD 75 F9         [19]  962 	ld	-7 (ix), l
    0000041E DD 74 FA         [19]  963 	ld	-6 (ix), h
    00000421 6B               [ 4]  964 	ld	l, e
                                    965 ;	spillPairReg hl
                                    966 ;	spillPairReg hl
    00000422 62               [ 4]  967 	ld	h, d
                                    968 ;	spillPairReg hl
                                    969 ;	spillPairReg hl
    00000423 23               [ 6]  970 	inc	hl
    00000424 23               [ 6]  971 	inc	hl
    00000425 23               [ 6]  972 	inc	hl
    00000426 1A               [ 7]  973 	ld	a, (de)
    00000427 77               [ 7]  974 	ld	(hl), a
    00000428 DD 6E F9         [19]  975 	ld	l, -7 (ix)
    0000042B DD 66 FA         [19]  976 	ld	h, -6 (ix)
    0000042E 77               [ 7]  977 	ld	(hl), a
    0000042F DD 6E F7         [19]  978 	ld	l, -9 (ix)
    00000432 DD 66 F8         [19]  979 	ld	h, -8 (ix)
    00000435 77               [ 7]  980 	ld	(hl), a
                                    981 ;E:\Dropbox\FAUSTO\SVILUPPI\MSX\CODE\C\MSXgl\projects\soccerlgMSX2/soccerlg_s12_b3.c:69: SwSprite[i].y0 = SwSprite[i].y1 = SwSprite[i].y2 = SwSprite[i].ly;
    00000436 21 06 00         [10]  982 	ld	hl, #0x0006
    00000439 19               [11]  983 	add	hl, de
    0000043A DD 75 F5         [19]  984 	ld	-11 (ix), l
    0000043D DD 74 F6         [19]  985 	ld	-10 (ix), h
    00000440 21 08 00         [10]  986 	ld	hl, #0x0008
    00000443 19               [11]  987 	add	hl, de
    00000444 DD 75 F7         [19]  988 	ld	-9 (ix), l
    00000447 DD 74 F8         [19]  989 	ld	-8 (ix), h
    0000044A 21 0A 00         [10]  990 	ld	hl, #0x000a
    0000044D 19               [11]  991 	add	hl, de
    0000044E DD 75 F9         [19]  992 	ld	-7 (ix), l
    00000451 DD 74 FA         [19]  993 	ld	-6 (ix), h
    00000454 21 04 00         [10]  994 	ld	hl, #4
    00000457 19               [11]  995 	add	hl, de
    00000458 46               [ 7]  996 	ld	b, (hl)
    00000459 23               [ 6]  997 	inc	hl
    0000045A 5E               [ 7]  998 	ld	e, (hl)
    0000045B DD 6E F9         [19]  999 	ld	l, -7 (ix)
    0000045E DD 66 FA         [19] 1000 	ld	h, -6 (ix)
    00000461 70               [ 7] 1001 	ld	(hl), b
    00000462 23               [ 6] 1002 	inc	hl
    00000463 73               [ 7] 1003 	ld	(hl), e
    00000464 DD 6E F7         [19] 1004 	ld	l, -9 (ix)
    00000467 DD 66 F8         [19] 1005 	ld	h, -8 (ix)
    0000046A 70               [ 7] 1006 	ld	(hl), b
    0000046B 23               [ 6] 1007 	inc	hl
    0000046C 73               [ 7] 1008 	ld	(hl), e
    0000046D DD 6E F5         [19] 1009 	ld	l, -11 (ix)
    00000470 DD 66 F6         [19] 1010 	ld	h, -10 (ix)
    00000473 70               [ 7] 1011 	ld	(hl), b
    00000474 23               [ 6] 1012 	inc	hl
    00000475 73               [ 7] 1013 	ld	(hl), e
                                   1014 ;E:\Dropbox\FAUSTO\SVILUPPI\MSX\CODE\C\MSXgl\projects\soccerlgMSX2/soccerlg_s12_b3.c:67: for (u8 i = 0; i < NumSprite; i++) {
    00000476 0C               [ 4] 1015 	inc	c
    00000477 C3rFAr03         [10] 1016 	jp	00253$
    0000047A                       1017 00129$:
                                   1018 ;E:\Dropbox\FAUSTO\SVILUPPI\MSX\CODE\C\MSXgl\projects\soccerlgMSX2/soccerlg_s12_b3.c:73: CallFnc_VOID_U8U16U16(SEG_DRAW, PrintScoreBoardLeft, ScoreBoardLeft.lx, Field.ly, 0);
    0000047A ED 4Br04r00      [20] 1019 	ld	bc, (#(_Field + 4) + 0)
    0000047E 3Ar00r00         [13] 1020 	ld	a, (#_ScoreBoardLeft + 0)
    00000481 21 00 00         [10] 1021 	ld	hl, #0x0000
    00000484 E5               [11] 1022 	push	hl
    00000485 C5               [11] 1023 	push	bc
    00000486 F5               [11] 1024 	push	af
    00000487 33               [ 6] 1025 	inc	sp
    00000488 11r00r00         [10] 1026 	ld	de, #_PrintScoreBoardLeft
    0000048B 3E 05            [ 7] 1027 	ld	a, #0x05
    0000048D CDr00r00         [17] 1028 	call	_CallFnc_VOID_U8U16U16
                                   1029 ;E:\Dropbox\FAUSTO\SVILUPPI\MSX\CODE\C\MSXgl\projects\soccerlgMSX2/soccerlg_s12_b3.c:74: CallFnc_VOID_U8U16U16(SEG_DRAW, PrintScoreBoardRight, ScoreBoardRight.lx, Field.ly, 0);
    00000490 ED 4Br04r00      [20] 1030 	ld	bc, (#(_Field + 4) + 0)
    00000494 3Ar00r00         [13] 1031 	ld	a, (#_ScoreBoardRight + 0)
    00000497 21 00 00         [10] 1032 	ld	hl, #0x0000
    0000049A E5               [11] 1033 	push	hl
    0000049B C5               [11] 1034 	push	bc
    0000049C F5               [11] 1035 	push	af
    0000049D 33               [ 6] 1036 	inc	sp
    0000049E 11r00r00         [10] 1037 	ld	de, #_PrintScoreBoardRight
    000004A1 3E 05            [ 7] 1038 	ld	a, #0x05
    000004A3 CDr00r00         [17] 1039 	call	_CallFnc_VOID_U8U16U16
                                   1040 ;E:\Dropbox\FAUSTO\SVILUPPI\MSX\CODE\C\MSXgl\projects\soccerlgMSX2/soccerlg_s12_b3.c:75: CallFnc_VOID_U8U16U16(SEG_DRAW, PrintScoreBoardLeft, ScoreBoardLeft.lx, Field.ly, 256);
    000004A6 ED 4Br04r00      [20] 1041 	ld	bc, (#(_Field + 4) + 0)
    000004AA 3Ar00r00         [13] 1042 	ld	a, (#_ScoreBoardLeft + 0)
    000004AD 21 00 01         [10] 1043 	ld	hl, #0x0100
    000004B0 E5               [11] 1044 	push	hl
    000004B1 C5               [11] 1045 	push	bc
    000004B2 F5               [11] 1046 	push	af
    000004B3 33               [ 6] 1047 	inc	sp
    000004B4 11r00r00         [10] 1048 	ld	de, #_PrintScoreBoardLeft
    000004B7 3E 05            [ 7] 1049 	ld	a, #0x05
    000004B9 CDr00r00         [17] 1050 	call	_CallFnc_VOID_U8U16U16
                                   1051 ;E:\Dropbox\FAUSTO\SVILUPPI\MSX\CODE\C\MSXgl\projects\soccerlgMSX2/soccerlg_s12_b3.c:76: CallFnc_VOID_U8U16U16(SEG_DRAW, PrintScoreBoardRight, ScoreBoardRight.lx, Field.ly, 256);
    000004BC ED 4Br04r00      [20] 1052 	ld	bc, (#(_Field + 4) + 0)
    000004C0 3Ar00r00         [13] 1053 	ld	a, (#_ScoreBoardRight + 0)
    000004C3 21 00 01         [10] 1054 	ld	hl, #0x0100
    000004C6 E5               [11] 1055 	push	hl
    000004C7 C5               [11] 1056 	push	bc
    000004C8 F5               [11] 1057 	push	af
    000004C9 33               [ 6] 1058 	inc	sp
    000004CA 11r00r00         [10] 1059 	ld	de, #_PrintScoreBoardRight
    000004CD 3E 05            [ 7] 1060 	ld	a, #0x05
    000004CF CDr00r00         [17] 1061 	call	_CallFnc_VOID_U8U16U16
                                   1062 ;E:\Dropbox\FAUSTO\SVILUPPI\MSX\CODE\C\MSXgl\projects\soccerlgMSX2/soccerlg_s12_b3.c:77: CallFnc_VOID_U8U16U16(SEG_DRAW, PrintScoreBoardLeft, ScoreBoardLeft.lx, Field.ly, 512);
    000004D2 ED 4Br04r00      [20] 1063 	ld	bc, (#(_Field + 4) + 0)
    000004D6 3Ar00r00         [13] 1064 	ld	a, (#_ScoreBoardLeft + 0)
    000004D9 21 00 02         [10] 1065 	ld	hl, #0x0200
    000004DC E5               [11] 1066 	push	hl
    000004DD C5               [11] 1067 	push	bc
    000004DE F5               [11] 1068 	push	af
    000004DF 33               [ 6] 1069 	inc	sp
    000004E0 11r00r00         [10] 1070 	ld	de, #_PrintScoreBoardLeft
    000004E3 3E 05            [ 7] 1071 	ld	a, #0x05
    000004E5 CDr00r00         [17] 1072 	call	_CallFnc_VOID_U8U16U16
                                   1073 ;E:\Dropbox\FAUSTO\SVILUPPI\MSX\CODE\C\MSXgl\projects\soccerlgMSX2/soccerlg_s12_b3.c:78: CallFnc_VOID_U8U16U16(SEG_DRAW, PrintScoreBoardRight, ScoreBoardRight.lx, Field.ly, 512);
    000004E8 ED 4Br04r00      [20] 1074 	ld	bc, (#(_Field + 4) + 0)
    000004EC 3Ar00r00         [13] 1075 	ld	a, (#_ScoreBoardRight + 0)
    000004EF 21 00 02         [10] 1076 	ld	hl, #0x0200
    000004F2 E5               [11] 1077 	push	hl
    000004F3 C5               [11] 1078 	push	bc
    000004F4 F5               [11] 1079 	push	af
    000004F5 33               [ 6] 1080 	inc	sp
    000004F6 11r00r00         [10] 1081 	ld	de, #_PrintScoreBoardRight
    000004F9 3E 05            [ 7] 1082 	ld	a, #0x05
    000004FB CDr00r00         [17] 1083 	call	_CallFnc_VOID_U8U16U16
                                   1084 ;E:/Dropbox/FAUSTO/SVILUPPI/MSX/CODE/C/MSXgl/engine/src/vdp.h:710: inline void VDP_EnableDisplay(bool enable) { VDP_RegWriteBakMask(1, (u8)~R01_BL, enable ? R01_BL : 0); }
    000004FE 3E 40            [ 7] 1085 	ld	a, #0x40
    00000500 F5               [11] 1086 	push	af
    00000501 33               [ 6] 1087 	inc	sp
    00000502 2E BF            [ 7] 1088 	ld	l, #0xbf
                                   1089 ;	spillPairReg hl
                                   1090 ;	spillPairReg hl
    00000504 3E 01            [ 7] 1091 	ld	a, #0x01
    00000506 CDr00r00         [17] 1092 	call	_VDP_RegWriteBakMask
                                   1093 ;E:\Dropbox\FAUSTO\SVILUPPI\MSX\CODE\C\MSXgl\projects\soccerlgMSX2/soccerlg_s12_b3.c:82: *game_state = 2;
    00000509 DD 6E FD         [19] 1094 	ld	l, -3 (ix)
    0000050C DD 66 FE         [19] 1095 	ld	h, -2 (ix)
    0000050F 36 02            [10] 1096 	ld	(hl), #0x02
    00000511                       1097 00133$:
                                   1098 ;E:\Dropbox\FAUSTO\SVILUPPI\MSX\CODE\C\MSXgl\projects\soccerlgMSX2/soccerlg_s12_b3.c:85: *start_sec = Frms;
    00000511 E1               [10] 1099 	pop	hl
    00000512 E5               [11] 1100 	push	hl
    00000513 3Ar00r00         [13] 1101 	ld	a, (_Frms+0)
    00000516 77               [ 7] 1102 	ld	(hl), a
    00000517 C3r54r0D         [10] 1103 	jp	00272$
    0000051A                       1104 00233$:
                                   1105 ;E:\Dropbox\FAUSTO\SVILUPPI\MSX\CODE\C\MSXgl\projects\soccerlgMSX2/soccerlg_s12_b3.c:87: } else if (*game_state == 5) {
    0000051A 79               [ 4] 1106 	ld	a, c
    0000051B D6 05            [ 7] 1107 	sub	a, #0x05
    0000051D C2rC7r05         [10] 1108 	jp	NZ,00230$
                                   1109 ;E:\Dropbox\FAUSTO\SVILUPPI\MSX\CODE\C\MSXgl\projects\soccerlgMSX2/soccerlg_s12_b3.c:89: T1_Carrier = T2_Carrier = T1_Receiver = T2_Receiver = 0xFF;
    00000520 21r00r00         [10] 1110 	ld	hl, #_T2_Receiver
    00000523 36 FF            [10] 1111 	ld	(hl), #0xff
    00000525 21r00r00         [10] 1112 	ld	hl, #_T1_Receiver
    00000528 36 FF            [10] 1113 	ld	(hl), #0xff
    0000052A 21r00r00         [10] 1114 	ld	hl, #_T2_Carrier
    0000052D 36 FF            [10] 1115 	ld	(hl), #0xff
    0000052F FD 21r00r00      [14] 1116 	ld	iy, #_T1_Carrier
    00000533 FD 36 00 FF      [19] 1117 	ld	0 (iy), #0xff
                                   1118 ;E:\Dropbox\FAUSTO\SVILUPPI\MSX\CODE\C\MSXgl\projects\soccerlgMSX2/soccerlg_s12_b3.c:90: if (*wait_secs > 0) {
    00000537 DD 6E FB         [19] 1119 	ld	l, -5 (ix)
    0000053A DD 66 FC         [19] 1120 	ld	h, -4 (ix)
    0000053D 5E               [ 7] 1121 	ld	e, (hl)
    0000053E 7B               [ 4] 1122 	ld	a, e
    0000053F B7               [ 4] 1123 	or	a, a
    00000540 CAr54r0D         [10] 1124 	jp	Z, 00272$
                                   1125 ;E:\Dropbox\FAUSTO\SVILUPPI\MSX\CODE\C\MSXgl\projects\soccerlgMSX2/soccerlg_s12_b3.c:91: if (*start_sec < Frms) { // Frms wrapped from 1 to 60
    00000543 DD 4E 04         [19] 1126 	ld	c, 4 (ix)
    00000546 DD 46 05         [19] 1127 	ld	b, 5 (ix)
    00000549 0A               [ 7] 1128 	ld	a, (bc)
    0000054A 57               [ 4] 1129 	ld	d, a
    0000054B 21r00r00         [10] 1130 	ld	hl, #_Frms
    0000054E 7A               [ 4] 1131 	ld	a, d
    0000054F 96               [ 7] 1132 	sub	a, (hl)
    00000550 30 6E            [12] 1133 	jr	NC, 00142$
                                   1134 ;E:\Dropbox\FAUSTO\SVILUPPI\MSX\CODE\C\MSXgl\projects\soccerlgMSX2/soccerlg_s12_b3.c:92: (*wait_secs)--;
    00000552 7B               [ 4] 1135 	ld	a, e
    00000553 3D               [ 4] 1136 	dec	a
    00000554 DD 6E FB         [19] 1137 	ld	l, -5 (ix)
    00000557 DD 66 FC         [19] 1138 	ld	h, -4 (ix)
    0000055A 77               [ 7] 1139 	ld	(hl), a
                                   1140 ;E:\Dropbox\FAUSTO\SVILUPPI\MSX\CODE\C\MSXgl\projects\soccerlgMSX2/soccerlg_s12_b3.c:93: if (*wait_secs == 0) {
    0000055B B7               [ 4] 1141 	or	a, a
    0000055C 20 62            [12] 1142 	jr	NZ, 00142$
                                   1143 ;E:\Dropbox\FAUSTO\SVILUPPI\MSX\CODE\C\MSXgl\projects\soccerlgMSX2/soccerlg_s12_b3.c:94: CallFnc_VOID(SEG_DRAW, HideSpriteMessage);
    0000055E C5               [11] 1144 	push	bc
    0000055F 11r00r00         [10] 1145 	ld	de, #_HideSpriteMessage
    00000562 3E 05            [ 7] 1146 	ld	a, #0x05
    00000564 CDr00r00         [17] 1147 	call	_CallFnc_VOID
    00000567 C1               [10] 1148 	pop	bc
                                   1149 ;E:\Dropbox\FAUSTO\SVILUPPI\MSX\CODE\C\MSXgl\projects\soccerlgMSX2/soccerlg_s12_b3.c:96: if (ScoreTeam1 != ScoreTeam2) {
    00000568 3Ar00r00         [13] 1150 	ld	a, (_ScoreTeam1+0)
    0000056B 21r00r00         [10] 1151 	ld	hl, #_ScoreTeam2
    0000056E 96               [ 7] 1152 	sub	a, (hl)
    0000056F 28 1F            [12] 1153 	jr	Z, 00137$
                                   1154 ;E:\Dropbox\FAUSTO\SVILUPPI\MSX\CODE\C\MSXgl\projects\soccerlgMSX2/soccerlg_s12_b3.c:97: *game_state = 10; // Vittoria: Esultanza e Uscita
    00000571 DD 6E FD         [19] 1155 	ld	l, -3 (ix)
    00000574 DD 66 FE         [19] 1156 	ld	h, -2 (ix)
    00000577 36 0A            [10] 1157 	ld	(hl), #0x0a
                                   1158 ;E:\Dropbox\FAUSTO\SVILUPPI\MSX\CODE\C\MSXgl\projects\soccerlgMSX2/soccerlg_s12_b3.c:98: *wait_secs = 3;
    00000579 DD 6E FB         [19] 1159 	ld	l, -5 (ix)
    0000057C DD 66 FC         [19] 1160 	ld	h, -4 (ix)
    0000057F 36 03            [10] 1161 	ld	(hl), #0x03
                                   1162 ;E:\Dropbox\FAUSTO\SVILUPPI\MSX\CODE\C\MSXgl\projects\soccerlgMSX2/soccerlg_s12_b3.c:99: *start_sec = Frms;
    00000581 3Ar00r00         [13] 1163 	ld	a, (_Frms+0)
    00000584 02               [ 7] 1164 	ld	(bc), a
                                   1165 ;E:\Dropbox\FAUSTO\SVILUPPI\MSX\CODE\C\MSXgl\projects\soccerlgMSX2/soccerlg_s12_b3.c:100: g_is_penalty_shootout = FALSE;
    00000585 FD 21r00r00      [14] 1166 	ld	iy, #_g_is_penalty_shootout
    00000589 FD 36 00 00      [19] 1167 	ld	0 (iy), #0x00
    0000058D C3rC0r05         [10] 1168 	jp	00142$
    00000590                       1169 00137$:
                                   1170 ;E:\Dropbox\FAUSTO\SVILUPPI\MSX\CODE\C\MSXgl\projects\soccerlgMSX2/soccerlg_s12_b3.c:102: *game_state = 11; // Pareggio: Setup Rigori
    00000590 DD 6E FD         [19] 1171 	ld	l, -3 (ix)
    00000593 DD 66 FE         [19] 1172 	ld	h, -2 (ix)
    00000596 36 0B            [10] 1173 	ld	(hl), #0x0b
                                   1174 ;E:\Dropbox\FAUSTO\SVILUPPI\MSX\CODE\C\MSXgl\projects\soccerlgMSX2/soccerlg_s12_b3.c:103: CallFnc_VOID_16_P1(SEG_DRAW, ShowSpriteMessage, SPR_MSG_PENALTIES);
    00000598 C5               [11] 1175 	push	bc
    00000599 21 49 01         [10] 1176 	ld	hl, #0x0149
    0000059C E5               [11] 1177 	push	hl
    0000059D 11r00r00         [10] 1178 	ld	de, #_ShowSpriteMessage
    000005A0 3E 05            [ 7] 1179 	ld	a, #0x05
    000005A2 CDr00r00         [17] 1180 	call	_CallFnc_VOID_16_P1
    000005A5 21 12 00         [10] 1181 	ld	hl, #0x0012
    000005A8 E5               [11] 1182 	push	hl
    000005A9 21 80 4D         [10] 1183 	ld	hl, #0x4d80
    000005AC E5               [11] 1184 	push	hl
    000005AD 21 30 02         [10] 1185 	ld	hl, #0x0230
    000005B0 CDr00r00         [17] 1186 	call	_PlaySCCLoop
    000005B3 C1               [10] 1187 	pop	bc
                                   1188 ;E:\Dropbox\FAUSTO\SVILUPPI\MSX\CODE\C\MSXgl\projects\soccerlgMSX2/soccerlg_s12_b3.c:105: *wait_secs = 2;
    000005B4 DD 6E FB         [19] 1189 	ld	l, -5 (ix)
    000005B7 DD 66 FC         [19] 1190 	ld	h, -4 (ix)
    000005BA 36 02            [10] 1191 	ld	(hl), #0x02
                                   1192 ;E:\Dropbox\FAUSTO\SVILUPPI\MSX\CODE\C\MSXgl\projects\soccerlgMSX2/soccerlg_s12_b3.c:106: *start_sec = Frms;
    000005BC 3Ar00r00         [13] 1193 	ld	a, (_Frms+0)
    000005BF 02               [ 7] 1194 	ld	(bc), a
    000005C0                       1195 00142$:
                                   1196 ;E:\Dropbox\FAUSTO\SVILUPPI\MSX\CODE\C\MSXgl\projects\soccerlgMSX2/soccerlg_s12_b3.c:110: *start_sec = Frms;
    000005C0 3Ar00r00         [13] 1197 	ld	a, (_Frms+0)
    000005C3 02               [ 7] 1198 	ld	(bc), a
    000005C4 C3r54r0D         [10] 1199 	jp	00272$
    000005C7                       1200 00230$:
                                   1201 ;E:\Dropbox\FAUSTO\SVILUPPI\MSX\CODE\C\MSXgl\projects\soccerlgMSX2/soccerlg_s12_b3.c:112: } else if (*game_state == 6) {
    000005C7 79               [ 4] 1202 	ld	a, c
    000005C8 D6 06            [ 7] 1203 	sub	a, #0x06
    000005CA C2r68r0C         [10] 1204 	jp	NZ,00227$
                                   1205 ;E:\Dropbox\FAUSTO\SVILUPPI\MSX\CODE\C\MSXgl\projects\soccerlgMSX2/soccerlg_s12_b3.c:114: if (*wait_secs > 0) {
    000005CD DD 6E FB         [19] 1206 	ld	l, -5 (ix)
    000005D0 DD 66 FC         [19] 1207 	ld	h, -4 (ix)
    000005D3 7E               [ 7] 1208 	ld	a, (hl)
    000005D4 DD 77 FF         [19] 1209 	ld	-1 (ix), a
    000005D7 B7               [ 4] 1210 	or	a, a
    000005D8 CAr54r0D         [10] 1211 	jp	Z, 00272$
                                   1212 ;E:\Dropbox\FAUSTO\SVILUPPI\MSX\CODE\C\MSXgl\projects\soccerlgMSX2/soccerlg_s12_b3.c:115: if (*start_sec < Frms) { // Frms wrapped from 1 to 60
    000005DB DD 7E 04         [19] 1213 	ld	a, 4 (ix)
    000005DE DD 77 F2         [19] 1214 	ld	-14 (ix), a
    000005E1 DD 7E 05         [19] 1215 	ld	a, 5 (ix)
    000005E4 DD 77 F3         [19] 1216 	ld	-13 (ix), a
    000005E7 DD 6E F2         [19] 1217 	ld	l, -14 (ix)
    000005EA DD 66 F3         [19] 1218 	ld	h, -13 (ix)
    000005ED 4E               [ 7] 1219 	ld	c, (hl)
    000005EE 21r00r00         [10] 1220 	ld	hl, #_Frms
    000005F1 79               [ 4] 1221 	ld	a, c
    000005F2 96               [ 7] 1222 	sub	a, (hl)
    000005F3 D2r5Br0C         [10] 1223 	jp	NC, 00208$
                                   1224 ;E:\Dropbox\FAUSTO\SVILUPPI\MSX\CODE\C\MSXgl\projects\soccerlgMSX2/soccerlg_s12_b3.c:116: (*wait_secs)--;
    000005F6 DD 7E FF         [19] 1225 	ld	a, -1 (ix)
    000005F9 3D               [ 4] 1226 	dec	a
    000005FA DD 6E FB         [19] 1227 	ld	l, -5 (ix)
    000005FD DD 66 FC         [19] 1228 	ld	h, -4 (ix)
    00000600 77               [ 7] 1229 	ld	(hl), a
                                   1230 ;E:\Dropbox\FAUSTO\SVILUPPI\MSX\CODE\C\MSXgl\projects\soccerlgMSX2/soccerlg_s12_b3.c:117: if (*wait_secs == 0) {
    00000601 B7               [ 4] 1231 	or	a, a
    00000602 C2r5Br0C         [10] 1232 	jp	NZ, 00208$
                                   1233 ;E:\Dropbox\FAUSTO\SVILUPPI\MSX\CODE\C\MSXgl\projects\soccerlgMSX2/soccerlg_s12_b3.c:118: CallFnc_VOID(SEG_DRAW, HideSpriteMessage);
    00000605 11r00r00         [10] 1234 	ld	de, #_HideSpriteMessage
    00000608 3E 05            [ 7] 1235 	ld	a, #0x05
    0000060A CDr00r00         [17] 1236 	call	_CallFnc_VOID
                                   1237 ;E:\Dropbox\FAUSTO\SVILUPPI\MSX\CODE\C\MSXgl\projects\soccerlgMSX2/soccerlg_s12_b3.c:120: if (RestartType == RESTART_THROWIN) {
    0000060D 3Ar00r00         [13] 1238 	ld	a, (_RestartType+0)
    00000610 3D               [ 4] 1239 	dec	a
    00000611 20 0B            [12] 1240 	jr	NZ, 00158$
                                   1241 ;E:\Dropbox\FAUSTO\SVILUPPI\MSX\CODE\C\MSXgl\projects\soccerlgMSX2/soccerlg_s12_b3.c:121: CallFnc_VOID(SEG_GAMESTATE_7, AssignThrowInTargets);
    00000613 11r00r00         [10] 1242 	ld	de, #_AssignThrowInTargets
    00000616 3E 11            [ 7] 1243 	ld	a, #0x11
    00000618 CDr00r00         [17] 1244 	call	_CallFnc_VOID
    0000061B C3r93r06         [10] 1245 	jp	00159$
    0000061E                       1246 00158$:
                                   1247 ;E:\Dropbox\FAUSTO\SVILUPPI\MSX\CODE\C\MSXgl\projects\soccerlgMSX2/soccerlg_s12_b3.c:122: } else if (RestartType == RESTART_GOALKICK || RestartType == RESTART_GKSAVE) {
    0000061E 3Ar00r00         [13] 1248 	ld	a,(_RestartType+0)
    00000621 FE 02            [ 7] 1249 	cp	a,#0x02
    00000623 28 04            [12] 1250 	jr	Z, 00153$
    00000625 D6 04            [ 7] 1251 	sub	a, #0x04
    00000627 20 0B            [12] 1252 	jr	NZ, 00154$
    00000629                       1253 00153$:
                                   1254 ;E:\Dropbox\FAUSTO\SVILUPPI\MSX\CODE\C\MSXgl\projects\soccerlgMSX2/soccerlg_s12_b3.c:123: CallFnc_VOID(SEG_GAMESTATE_7, AssignGoalKickTargets);
    00000629 11r00r00         [10] 1255 	ld	de, #_AssignGoalKickTargets
    0000062C 3E 11            [ 7] 1256 	ld	a, #0x11
    0000062E CDr00r00         [17] 1257 	call	_CallFnc_VOID
    00000631 C3r93r06         [10] 1258 	jp	00159$
    00000634                       1259 00154$:
                                   1260 ;E:\Dropbox\FAUSTO\SVILUPPI\MSX\CODE\C\MSXgl\projects\soccerlgMSX2/soccerlg_s12_b3.c:124: } else if (RestartType == RESTART_CORNERKICK) {
    00000634 3Ar00r00         [13] 1261 	ld	a, (_RestartType+0)
    00000637 D6 03            [ 7] 1262 	sub	a, #0x03
    00000639 20 0B            [12] 1263 	jr	NZ, 00151$
                                   1264 ;E:\Dropbox\FAUSTO\SVILUPPI\MSX\CODE\C\MSXgl\projects\soccerlgMSX2/soccerlg_s12_b3.c:125: CallFnc_VOID(SEG_GAMESTATE_7, AssignCornerKickTargets);
    0000063B 11r00r00         [10] 1265 	ld	de, #_AssignCornerKickTargets
    0000063E 3E 11            [ 7] 1266 	ld	a, #0x11
    00000640 CDr00r00         [17] 1267 	call	_CallFnc_VOID
    00000643 C3r93r06         [10] 1268 	jp	00159$
    00000646                       1269 00151$:
                                   1270 ;E:\Dropbox\FAUSTO\SVILUPPI\MSX\CODE\C\MSXgl\projects\soccerlgMSX2/soccerlg_s12_b3.c:126: } else if (RestartType == RESTART_OFFSIDE) {
    00000646 3Ar00r00         [13] 1271 	ld	a, (_RestartType+0)
    00000649 D6 07            [ 7] 1272 	sub	a, #0x07
    0000064B 20 0B            [12] 1273 	jr	NZ, 00148$
                                   1274 ;E:\Dropbox\FAUSTO\SVILUPPI\MSX\CODE\C\MSXgl\projects\soccerlgMSX2/soccerlg_s12_b3.c:127: CallFnc_VOID(SEG_GAMESTATE_7, AssignOffsideTargets);
    0000064D 11r00r00         [10] 1275 	ld	de, #_AssignOffsideTargets
    00000650 3E 11            [ 7] 1276 	ld	a, #0x11
    00000652 CDr00r00         [17] 1277 	call	_CallFnc_VOID
    00000655 C3r93r06         [10] 1278 	jp	00159$
    00000658                       1279 00148$:
                                   1280 ;E:\Dropbox\FAUSTO\SVILUPPI\MSX\CODE\C\MSXgl\projects\soccerlgMSX2/soccerlg_s12_b3.c:130: SwSprite[14].lx = BALL_START_X;
    00000658 21r42r01         [10] 1281 	ld	hl, #(_SwSprite + 322)
    0000065B 36 78            [10] 1282 	ld	(hl), #0x78
                                   1283 ;E:\Dropbox\FAUSTO\SVILUPPI\MSX\CODE\C\MSXgl\projects\soccerlgMSX2/soccerlg_s12_b3.c:131: SwSprite[14].ly = BALL_START_Y;
    0000065D 21 00 01         [10] 1284 	ld	hl, #0x0100
    00000660 22r46r01         [16] 1285 	ld	((_SwSprite + 326)), hl
                                   1286 ;E:\Dropbox\FAUSTO\SVILUPPI\MSX\CODE\C\MSXgl\projects\soccerlgMSX2/soccerlg_s12_b3.c:132: SwSprite[14].dx = 0; SwSprite[14].dy = 0; SwSprite[14].anim = 0;
    00000663 21r53r01         [10] 1287 	ld	hl, #(_SwSprite + 339)
    00000666 36 00            [10] 1288 	ld	(hl), #0x00
    00000668 21r54r01         [10] 1289 	ld	hl, #(_SwSprite + 340)
    0000066B 36 00            [10] 1290 	ld	(hl), #0x00
    0000066D 21 00 00         [10] 1291 	ld	hl, #0x0000
    00000670 22r55r01         [16] 1292 	ld	((_SwSprite + 341)), hl
                                   1293 ;E:\Dropbox\FAUSTO\SVILUPPI\MSX\CODE\C\MSXgl\projects\soccerlgMSX2/soccerlg_s12_b3.c:133: SwSprite[14].frame = SPR_BALL_SIZE_1;
    00000673 2E 60            [ 7] 1294 	ld	l, #0x60
    00000675 22r51r01         [16] 1295 	ld	((_SwSprite + 337)), hl
                                   1296 ;E:\Dropbox\FAUSTO\SVILUPPI\MSX\CODE\C\MSXgl\projects\soccerlgMSX2/soccerlg_s12_b3.c:135: if (RestartType != RESTART_GOAL) Field.ly = target_ly; // Teletrasporta solo se NON è un Goal
    00000678 3Ar00r00         [13] 1297 	ld	a, (_RestartType+0)
    0000067B D6 05            [ 7] 1298 	sub	a, #0x05
    0000067D 28 0C            [12] 1299 	jr	Z, 00146$
    0000067F 21r04r00         [10] 1300 	ld	hl, #(_Field + 4)
    00000682 DD 7E 06         [19] 1301 	ld	a, 6 (ix)
    00000685 77               [ 7] 1302 	ld	(hl), a
    00000686 23               [ 6] 1303 	inc	hl
    00000687 DD 7E 07         [19] 1304 	ld	a, 7 (ix)
    0000068A 77               [ 7] 1305 	ld	(hl), a
    0000068B                       1306 00146$:
                                   1307 ;E:\Dropbox\FAUSTO\SVILUPPI\MSX\CODE\C\MSXgl\projects\soccerlgMSX2/soccerlg_s12_b3.c:136: CallFnc_VOID(SEG_GAMESTATE_2, AssignKickOffTargets);
    0000068B 11r00r00         [10] 1308 	ld	de, #_AssignKickOffTargets
    0000068E 3E 0B            [ 7] 1309 	ld	a, #0x0b
    00000690 CDr00r00         [17] 1310 	call	_CallFnc_VOID
    00000693                       1311 00159$:
                                   1312 ;E:\Dropbox\FAUSTO\SVILUPPI\MSX\CODE\C\MSXgl\projects\soccerlgMSX2/soccerlg_s12_b3.c:122: } else if (RestartType == RESTART_GOALKICK || RestartType == RESTART_GKSAVE) {
    00000693 3Ar00r00         [13] 1313 	ld	a, (_RestartType+0)
    00000696 D6 04            [ 7] 1314 	sub	a, #0x04
    00000698 3E 01            [ 7] 1315 	ld	a, #0x01
    0000069A 28 01            [12] 1316 	jr	Z, 00764$
    0000069C AF               [ 4] 1317 	xor	a, a
    0000069D                       1318 00764$:
    0000069D DD 77 FF         [19] 1319 	ld	-1 (ix), a
                                   1320 ;E:\Dropbox\FAUSTO\SVILUPPI\MSX\CODE\C\MSXgl\projects\soccerlgMSX2/soccerlg_s12_b3.c:140: if (RestartType == RESTART_THROWIN || RestartType == RESTART_GOALKICK || RestartType == RESTART_GKSAVE || RestartType == RESTART_OFFSIDE) {
    000006A0 3Ar00r00         [13] 1321 	ld	a, (_RestartType+0)
    000006A3 3D               [ 4] 1322 	dec	a
    000006A4 28 14            [12] 1323 	jr	Z, 00166$
    000006A6 3Ar00r00         [13] 1324 	ld	a, (_RestartType+0)
    000006A9 D6 02            [ 7] 1325 	sub	a, #0x02
    000006AB 28 0D            [12] 1326 	jr	Z, 00166$
    000006AD DD 7E FF         [19] 1327 	ld	a, -1 (ix)
    000006B0 B7               [ 4] 1328 	or	a, a
    000006B1 20 07            [12] 1329 	jr	NZ, 00166$
    000006B3 3Ar00r00         [13] 1330 	ld	a, (_RestartType+0)
    000006B6 D6 07            [ 7] 1331 	sub	a, #0x07
    000006B8 20 73            [12] 1332 	jr	NZ, 00167$
    000006BA                       1333 00166$:
                                   1334 ;E:\Dropbox\FAUSTO\SVILUPPI\MSX\CODE\C\MSXgl\projects\soccerlgMSX2/soccerlg_s12_b3.c:141: u16 cam_target_y = (RestartType == RESTART_GKSAVE || RestartType == RESTART_OFFSIDE) ? RestartSideY : SwSprite[14].ly;
    000006BA DD CB FF 46      [20] 1335 	bit	0, -1 (ix)
    000006BE 20 07            [12] 1336 	jr	NZ, 00281$
    000006C0 3Ar00r00         [13] 1337 	ld	a, (_RestartType+0)
    000006C3 D6 07            [ 7] 1338 	sub	a, #0x07
    000006C5 20 0C            [12] 1339 	jr	NZ, 00278$
    000006C7                       1340 00281$:
    000006C7 2Ar00r00         [16] 1341 	ld	hl, (_RestartSideY)
    000006CA DD 75 F9         [19] 1342 	ld	-7 (ix), l
    000006CD DD 74 FA         [19] 1343 	ld	-6 (ix), h
    000006D0 C3rDFr06         [10] 1344 	jp	00279$
    000006D3                       1345 00278$:
    000006D3 21r46r01         [10] 1346 	ld	hl, #(_SwSprite + 326)
    000006D6 7E               [ 7] 1347 	ld	a, (hl)
    000006D7 DD 77 F9         [19] 1348 	ld	-7 (ix), a
    000006DA 23               [ 6] 1349 	inc	hl
    000006DB 7E               [ 7] 1350 	ld	a, (hl)
    000006DC DD 77 FA         [19] 1351 	ld	-6 (ix), a
    000006DF                       1352 00279$:
                                   1353 ;E:\Dropbox\FAUSTO\SVILUPPI\MSX\CODE\C\MSXgl\projects\soccerlgMSX2/soccerlg_s12_b3.c:142: if (cam_target_y < 96) Field.ly = 0;
    000006DF DD 7E F9         [19] 1354 	ld	a, -7 (ix)
    000006E2 D6 60            [ 7] 1355 	sub	a, #0x60
    000006E4 DD 7E FA         [19] 1356 	ld	a, -6 (ix)
    000006E7 DE 00            [ 7] 1357 	sbc	a, #0x00
    000006E9 30 09            [12] 1358 	jr	NC, 00164$
    000006EB 21 00 00         [10] 1359 	ld	hl, #0x0000
    000006EE 22r04r00         [16] 1360 	ld	((_Field + 4)), hl
    000006F1 C3r19r07         [10] 1361 	jp	00165$
    000006F4                       1362 00164$:
                                   1363 ;E:\Dropbox\FAUSTO\SVILUPPI\MSX\CODE\C\MSXgl\projects\soccerlgMSX2/soccerlg_s12_b3.c:143: else if (cam_target_y > 512 - 192) Field.ly = 512 - 192;
    000006F4 3E 40            [ 7] 1364 	ld	a, #0x40
    000006F6 DD BE F9         [19] 1365 	cp	a, -7 (ix)
    000006F9 3E 01            [ 7] 1366 	ld	a, #0x01
    000006FB DD 9E FA         [19] 1367 	sbc	a, -6 (ix)
    000006FE 30 09            [12] 1368 	jr	NC, 00161$
    00000700 21 40 01         [10] 1369 	ld	hl, #0x0140
    00000703 22r04r00         [16] 1370 	ld	((_Field + 4)), hl
    00000706 C3r19r07         [10] 1371 	jp	00165$
    00000709                       1372 00161$:
                                   1373 ;E:\Dropbox\FAUSTO\SVILUPPI\MSX\CODE\C\MSXgl\projects\soccerlgMSX2/soccerlg_s12_b3.c:144: else Field.ly = cam_target_y - 96;
    00000709 DD 7E F9         [19] 1374 	ld	a, -7 (ix)
    0000070C C6 A0            [ 7] 1375 	add	a, #0xa0
    0000070E 4F               [ 4] 1376 	ld	c, a
    0000070F DD 7E FA         [19] 1377 	ld	a, -6 (ix)
    00000712 CE FF            [ 7] 1378 	adc	a, #0xff
    00000714 47               [ 4] 1379 	ld	b, a
    00000715 ED 43r04r00      [20] 1380 	ld	((_Field + 4)), bc
    00000719                       1381 00165$:
                                   1382 ;E:\Dropbox\FAUSTO\SVILUPPI\MSX\CODE\C\MSXgl\projects\soccerlgMSX2/soccerlg_s12_b3.c:146: T1_Carrier = T2_Carrier = T1_Receiver = T2_Receiver = 0xFF;
    00000719 21r00r00         [10] 1383 	ld	hl, #_T2_Receiver
    0000071C 36 FF            [10] 1384 	ld	(hl), #0xff
    0000071E 21r00r00         [10] 1385 	ld	hl, #_T1_Receiver
    00000721 36 FF            [10] 1386 	ld	(hl), #0xff
    00000723 21r00r00         [10] 1387 	ld	hl, #_T2_Carrier
    00000726 36 FF            [10] 1388 	ld	(hl), #0xff
    00000728 21r00r00         [10] 1389 	ld	hl, #_T1_Carrier
    0000072B 36 FF            [10] 1390 	ld	(hl), #0xff
    0000072D                       1391 00167$:
                                   1392 ;E:\Dropbox\FAUSTO\SVILUPPI\MSX\CODE\C\MSXgl\projects\soccerlgMSX2/soccerlg_s12_b3.c:149: Field.dy = 0;
    0000072D 21r12r00         [10] 1393 	ld	hl, #(_Field + 18)
    00000730 36 00            [10] 1394 	ld	(hl), #0x00
                                   1395 ;E:\Dropbox\FAUSTO\SVILUPPI\MSX\CODE\C\MSXgl\projects\soccerlgMSX2/soccerlg_s12_b3.c:153: if (RestartType != RESTART_GKSAVE) {
    00000732 3Ar00r00         [13] 1396 	ld	a, (_RestartType+0)
    00000735 D6 04            [ 7] 1397 	sub	a, #0x04
    00000737 CArBCr0A         [10] 1398 	jp	Z,00201$
                                   1399 ;E:\Dropbox\FAUSTO\SVILUPPI\MSX\CODE\C\MSXgl\projects\soccerlgMSX2/soccerlg_s12_b3.c:154: bool ball_fg = CallFnc_BOOL(SEG_DRAW, IsBallForeground);
    0000073A 11r00r00         [10] 1400 	ld	de, #_IsBallForeground
    0000073D 3E 05            [ 7] 1401 	ld	a, #0x05
    0000073F CDr00r00         [17] 1402 	call	_CallFnc_BOOL
    00000742 DD 77 F4         [19] 1403 	ld	-12 (ix), a
                                   1404 ;E:\Dropbox\FAUSTO\SVILUPPI\MSX\CODE\C\MSXgl\projects\soccerlgMSX2/soccerlg_s12_b3.c:155: for (u16 page = 0; page <= 512; page += 256) {
    00000745 AF               [ 4] 1405 	xor	a, a
    00000746 DD 77 F5         [19] 1406 	ld	-11 (ix), a
    00000749 DD 77 F6         [19] 1407 	ld	-10 (ix), a
    0000074C                       1408 00264$:
    0000074C DD 4E F5         [19] 1409 	ld	c, -11 (ix)
    0000074F DD 46 F6         [19] 1410 	ld	b, -10 (ix)
    00000752 AF               [ 4] 1411 	xor	a, a
    00000753 B9               [ 4] 1412 	cp	a, c
    00000754 3E 02            [ 7] 1413 	ld	a, #0x02
    00000756 98               [ 4] 1414 	sbc	a, b
    00000757 DArBCr09         [10] 1415 	jp	C, 00367$
                                   1416 ;E:\Dropbox\FAUSTO\SVILUPPI\MSX\CODE\C\MSXgl\projects\soccerlgMSX2/soccerlg_s12_b3.c:156: CallFnc_VOID_16_P2(SEG_DRAW, PlotField, Field.ly, page);
    0000075A 2Ar04r00         [16] 1417 	ld	hl, (#(_Field + 4) + 0)
    0000075D DD 5E F5         [19] 1418 	ld	e, -11 (ix)
    00000760 DD 56 F6         [19] 1419 	ld	d, -10 (ix)
    00000763 D5               [11] 1420 	push	de
    00000764 E5               [11] 1421 	push	hl
    00000765 11r00r00         [10] 1422 	ld	de, #_PlotField
    00000768 3E 05            [ 7] 1423 	ld	a, #0x05
    0000076A CDr00r00         [17] 1424 	call	_CallFnc_VOID_16_P2
                                   1425 ;E:\Dropbox\FAUSTO\SVILUPPI\MSX\CODE\C\MSXgl\projects\soccerlgMSX2/soccerlg_s12_b3.c:157: for (u8 i=37; i<NumSprite; i++) if (OnScreen(SwSprite[i].ly)) CallSpriteFrame(SwSprite[i].lx, (SwSprite[i].ly & 255) + page, SwSprite[i].frame);
    0000076D DD 36 FF 25      [19] 1426 	ld	-1 (ix), #0x25
    00000771                       1427 00256$:
    00000771 DD 7E FF         [19] 1428 	ld	a, -1 (ix)
    00000774 D6 27            [ 7] 1429 	sub	a, #0x27
    00000776 30 77            [12] 1430 	jr	NC, 00174$
    00000778 DD 4E FF         [19] 1431 	ld	c, -1 (ix)
    0000077B 06 00            [ 7] 1432 	ld	b, #0x00
    0000077D 69               [ 4] 1433 	ld	l, c
    0000077E 60               [ 4] 1434 	ld	h, b
    0000077F 29               [11] 1435 	add	hl, hl
    00000780 29               [11] 1436 	add	hl, hl
    00000781 09               [11] 1437 	add	hl, bc
    00000782 29               [11] 1438 	add	hl, hl
    00000783 09               [11] 1439 	add	hl, bc
    00000784 29               [11] 1440 	add	hl, hl
    00000785 09               [11] 1441 	add	hl, bc
    00000786 EB               [ 4] 1442 	ex	de, hl
    00000787 21r00r00         [10] 1443 	ld	hl, #_SwSprite
    0000078A 19               [11] 1444 	add	hl, de
    0000078B DD 75 F7         [19] 1445 	ld	-9 (ix), l
    0000078E DD 74 F8         [19] 1446 	ld	-8 (ix), h
    00000791 01 04 00         [10] 1447 	ld	bc,#4
    00000794 09               [11] 1448 	add	hl,bc
    00000795 4E               [ 7] 1449 	ld	c, (hl)
    00000796 23               [ 6] 1450 	inc	hl
    00000797 7E               [ 7] 1451 	ld	a, (hl)
    00000798 DD 71 F9         [19] 1452 	ld	-7 (ix), c
    0000079B DD 77 FA         [19] 1453 	ld	-6 (ix), a
    0000079E D6 02            [ 7] 1454 	sub	a, #0x02
    000007A0 30 47            [12] 1455 	jr	NC, 00257$
    000007A2 DD 7E F9         [19] 1456 	ld	a, -7 (ix)
    000007A5 C6 0F            [ 7] 1457 	add	a, #0x0f
    000007A7 5F               [ 4] 1458 	ld	e, a
    000007A8 DD 7E FA         [19] 1459 	ld	a, -6 (ix)
    000007AB CE 02            [ 7] 1460 	adc	a, #0x02
    000007AD 57               [ 4] 1461 	ld	d, a
    000007AE ED 4Br04r00      [20] 1462 	ld	bc, (#(_Field + 4) + 0)
    000007B2 EB               [ 4] 1463 	ex	de, hl
    000007B3 BF               [ 4] 1464 	cp	a, a
    000007B4 ED 42            [15] 1465 	sbc	hl, bc
    000007B6 7C               [ 4] 1466 	ld	a, h
    000007B7 E6 01            [ 7] 1467 	and	a, #0x01
    000007B9 4F               [ 4] 1468 	ld	c, a
    000007BA 7D               [ 4] 1469 	ld	a, l
    000007BB D6 CF            [ 7] 1470 	sub	a, #0xcf
    000007BD 79               [ 4] 1471 	ld	a, c
    000007BE DE 00            [ 7] 1472 	sbc	a, #0x00
    000007C0 30 27            [12] 1473 	jr	NC, 00257$
    000007C2 DD 4E F7         [19] 1474 	ld	c, -9 (ix)
    000007C5 DD 46 F8         [19] 1475 	ld	b, -8 (ix)
    000007C8 21 0F 00         [10] 1476 	ld	hl, #15
    000007CB 09               [11] 1477 	add	hl, bc
    000007CC 4E               [ 7] 1478 	ld	c, (hl)
    000007CD 23               [ 6] 1479 	inc	hl
    000007CE 46               [ 7] 1480 	ld	b, (hl)
    000007CF DD 7E F9         [19] 1481 	ld	a, -7 (ix)
    000007D2 16 00            [ 7] 1482 	ld	d, #0x00
    000007D4 DD 86 F5         [19] 1483 	add	a, -11 (ix)
    000007D7 5F               [ 4] 1484 	ld	e, a
    000007D8 7A               [ 4] 1485 	ld	a, d
    000007D9 DD 8E F6         [19] 1486 	adc	a, -10 (ix)
    000007DC 57               [ 4] 1487 	ld	d, a
    000007DD DD 6E F7         [19] 1488 	ld	l, -9 (ix)
    000007E0 DD 66 F8         [19] 1489 	ld	h, -8 (ix)
    000007E3 6E               [ 7] 1490 	ld	l, (hl)
                                   1491 ;	spillPairReg hl
    000007E4 C5               [11] 1492 	push	bc
    000007E5 7D               [ 4] 1493 	ld	a, l
    000007E6 CDr00r00         [17] 1494 	call	_CallSpriteFrame
    000007E9                       1495 00257$:
    000007E9 DD 34 FF         [23] 1496 	inc	-1 (ix)
    000007EC C3r71r07         [10] 1497 	jp	00256$
    000007EF                       1498 00174$:
                                   1499 ;E:\Dropbox\FAUSTO\SVILUPPI\MSX\CODE\C\MSXgl\projects\soccerlgMSX2/soccerlg_s12_b3.c:158: if (!ball_fg && OnScreen(SwSprite[14].ly)) CallSpriteFrame(SwSprite[14].lx, (SwSprite[14].ly & 255) + page, SwSprite[14].frame);
    000007EF DD 7E F4         [19] 1500 	ld	a, -12 (ix)
    000007F2 B7               [ 4] 1501 	or	a, a
    000007F3 20 3B            [12] 1502 	jr	NZ, 00354$
    000007F5 ED 5Br46r01      [20] 1503 	ld	de, (#(_SwSprite + 326) + 0)
    000007F9 7A               [ 4] 1504 	ld	a, d
    000007FA D6 02            [ 7] 1505 	sub	a, #0x02
    000007FC 30 32            [12] 1506 	jr	NC, 00354$
    000007FE 21 0F 02         [10] 1507 	ld	hl, #0x020f
    00000801 19               [11] 1508 	add	hl, de
    00000802 4D               [ 4] 1509 	ld	c, l
    00000803 44               [ 4] 1510 	ld	b, h
    00000804 2Ar04r00         [16] 1511 	ld	hl, (#(_Field + 4) + 0)
    00000807 79               [ 4] 1512 	ld	a, c
    00000808 95               [ 4] 1513 	sub	a, l
    00000809 4F               [ 4] 1514 	ld	c, a
    0000080A 78               [ 4] 1515 	ld	a, b
    0000080B 9C               [ 4] 1516 	sbc	a, h
    0000080C E6 01            [ 7] 1517 	and	a, #0x01
    0000080E 47               [ 4] 1518 	ld	b, a
    0000080F 79               [ 4] 1519 	ld	a, c
    00000810 D6 CF            [ 7] 1520 	sub	a, #0xcf
    00000812 78               [ 4] 1521 	ld	a, b
    00000813 DE 00            [ 7] 1522 	sbc	a, #0x00
    00000815 30 19            [12] 1523 	jr	NC, 00354$
    00000817 ED 4Br51r01      [20] 1524 	ld	bc, (#_SwSprite + 337)
    0000081B 16 00            [ 7] 1525 	ld	d, #0x00
    0000081D 7B               [ 4] 1526 	ld	a, e
    0000081E DD 86 F5         [19] 1527 	add	a, -11 (ix)
    00000821 5F               [ 4] 1528 	ld	e, a
    00000822 7A               [ 4] 1529 	ld	a, d
    00000823 DD 8E F6         [19] 1530 	adc	a, -10 (ix)
    00000826 57               [ 4] 1531 	ld	d, a
    00000827 21r42r01         [10] 1532 	ld	hl, #(_SwSprite + 322)
    0000082A 6E               [ 7] 1533 	ld	l, (hl)
                                   1534 ;	spillPairReg hl
    0000082B C5               [11] 1535 	push	bc
    0000082C 7D               [ 4] 1536 	ld	a, l
    0000082D CDr00r00         [17] 1537 	call	_CallSpriteFrame
                                   1538 ;E:\Dropbox\FAUSTO\SVILUPPI\MSX\CODE\C\MSXgl\projects\soccerlgMSX2/soccerlg_s12_b3.c:159: for (u8 i=0; i<14; i++) if (OnScreen(SwSprite[i].ly)) CallSpriteFrame(SwSprite[i].lx, (SwSprite[i].ly & 255) + page, SwSprite[i].frame);
    00000830                       1539 00354$:
    00000830 0E 00            [ 7] 1540 	ld	c, #0x00
    00000832                       1541 00259$:
    00000832 79               [ 4] 1542 	ld	a, c
    00000833 D6 0E            [ 7] 1543 	sub	a, #0x0e
    00000835 30 7A            [12] 1544 	jr	NC, 00182$
    00000837 06 00            [ 7] 1545 	ld	b, #0x00
    00000839 69               [ 4] 1546 	ld	l, c
    0000083A 60               [ 4] 1547 	ld	h, b
    0000083B 29               [11] 1548 	add	hl, hl
    0000083C 29               [11] 1549 	add	hl, hl
    0000083D 09               [11] 1550 	add	hl, bc
    0000083E 29               [11] 1551 	add	hl, hl
    0000083F 09               [11] 1552 	add	hl, bc
    00000840 29               [11] 1553 	add	hl, hl
    00000841 09               [11] 1554 	add	hl, bc
    00000842 11r00r00         [10] 1555 	ld	de, #_SwSprite
    00000845 19               [11] 1556 	add	hl, de
    00000846 DD 75 F7         [19] 1557 	ld	-9 (ix), l
    00000849 DD 74 F8         [19] 1558 	ld	-8 (ix), h
    0000084C EB               [ 4] 1559 	ex	de,hl
    0000084D 21 04 00         [10] 1560 	ld	hl, #4
    00000850 19               [11] 1561 	add	hl, de
    00000851 46               [ 7] 1562 	ld	b, (hl)
    00000852 23               [ 6] 1563 	inc	hl
    00000853 7E               [ 7] 1564 	ld	a, (hl)
    00000854 DD 70 F9         [19] 1565 	ld	-7 (ix), b
    00000857 DD 77 FA         [19] 1566 	ld	-6 (ix), a
    0000085A D6 02            [ 7] 1567 	sub	a, #0x02
    0000085C 30 4F            [12] 1568 	jr	NC, 00260$
    0000085E DD 7E F9         [19] 1569 	ld	a, -7 (ix)
    00000861 C6 0F            [ 7] 1570 	add	a, #0x0f
    00000863 5F               [ 4] 1571 	ld	e, a
    00000864 DD 7E FA         [19] 1572 	ld	a, -6 (ix)
    00000867 CE 02            [ 7] 1573 	adc	a, #0x02
    00000869 47               [ 4] 1574 	ld	b, a
    0000086A 2Ar04r00         [16] 1575 	ld	hl, (#(_Field + 4) + 0)
    0000086D 7B               [ 4] 1576 	ld	a, e
    0000086E 95               [ 4] 1577 	sub	a, l
    0000086F 5F               [ 4] 1578 	ld	e, a
    00000870 78               [ 4] 1579 	ld	a, b
    00000871 9C               [ 4] 1580 	sbc	a, h
    00000872 E6 01            [ 7] 1581 	and	a, #0x01
    00000874 57               [ 4] 1582 	ld	d, a
    00000875 7B               [ 4] 1583 	ld	a, e
    00000876 D6 CF            [ 7] 1584 	sub	a, #0xcf
    00000878 7A               [ 4] 1585 	ld	a, d
    00000879 DE 00            [ 7] 1586 	sbc	a, #0x00
    0000087B 30 30            [12] 1587 	jr	NC, 00260$
    0000087D DD 5E F7         [19] 1588 	ld	e, -9 (ix)
    00000880 DD 56 F8         [19] 1589 	ld	d, -8 (ix)
    00000883 21 0F 00         [10] 1590 	ld	hl, #15
    00000886 19               [11] 1591 	add	hl, de
    00000887 5E               [ 7] 1592 	ld	e, (hl)
    00000888 23               [ 6] 1593 	inc	hl
    00000889 56               [ 7] 1594 	ld	d, (hl)
    0000088A DD 6E F9         [19] 1595 	ld	l, -7 (ix)
                                   1596 ;	spillPairReg hl
                                   1597 ;	spillPairReg hl
    0000088D 26 00            [ 7] 1598 	ld	h, #0x00
                                   1599 ;	spillPairReg hl
                                   1600 ;	spillPairReg hl
    0000088F E5               [11] 1601 	push	hl
    00000890 FD E1            [14] 1602 	pop	iy
    00000892 C5               [11] 1603 	push	bc
    00000893 DD 4E F5         [19] 1604 	ld	c, -11 (ix)
    00000896 DD 46 F6         [19] 1605 	ld	b, -10 (ix)
    00000899 FD 09            [15] 1606 	add	iy, bc
    0000089B C1               [10] 1607 	pop	bc
    0000089C DD 6E F7         [19] 1608 	ld	l, -9 (ix)
    0000089F DD 66 F8         [19] 1609 	ld	h, -8 (ix)
    000008A2 46               [ 7] 1610 	ld	b, (hl)
    000008A3 C5               [11] 1611 	push	bc
    000008A4 D5               [11] 1612 	push	de
    000008A5 FD E5            [15] 1613 	push	iy
    000008A7 D1               [10] 1614 	pop	de
    000008A8 78               [ 4] 1615 	ld	a, b
    000008A9 CDr00r00         [17] 1616 	call	_CallSpriteFrame
    000008AC C1               [10] 1617 	pop	bc
    000008AD                       1618 00260$:
    000008AD 0C               [ 4] 1619 	inc	c
    000008AE C3r32r08         [10] 1620 	jp	00259$
    000008B1                       1621 00182$:
                                   1622 ;E:\Dropbox\FAUSTO\SVILUPPI\MSX\CODE\C\MSXgl\projects\soccerlgMSX2/soccerlg_s12_b3.c:160: if (OnScreen(SwSprite[26].ly)) CallSpriteFrame(SwSprite[26].lx, (SwSprite[26].ly & 255) + page, SwSprite[26].frame);
    000008B1 2Ar5Ar02         [16] 1623 	ld	hl, (#_SwSprite + 602)
    000008B4 DD 75 F9         [19] 1624 	ld	-7 (ix), l
    000008B7 DD 74 FA         [19] 1625 	ld	-6 (ix), h
    000008BA 7C               [ 4] 1626 	ld	a, h
    000008BB D6 02            [ 7] 1627 	sub	a, #0x02
    000008BD 30 3B            [12] 1628 	jr	NC, 00184$
    000008BF DD 7E F9         [19] 1629 	ld	a, -7 (ix)
    000008C2 C6 0F            [ 7] 1630 	add	a, #0x0f
    000008C4 5F               [ 4] 1631 	ld	e, a
    000008C5 DD 7E FA         [19] 1632 	ld	a, -6 (ix)
    000008C8 CE 02            [ 7] 1633 	adc	a, #0x02
    000008CA 57               [ 4] 1634 	ld	d, a
    000008CB ED 4Br04r00      [20] 1635 	ld	bc, (#(_Field + 4) + 0)
    000008CF EB               [ 4] 1636 	ex	de, hl
    000008D0 BF               [ 4] 1637 	cp	a, a
    000008D1 ED 42            [15] 1638 	sbc	hl, bc
    000008D3 7C               [ 4] 1639 	ld	a, h
    000008D4 E6 01            [ 7] 1640 	and	a, #0x01
    000008D6 4F               [ 4] 1641 	ld	c, a
    000008D7 7D               [ 4] 1642 	ld	a, l
    000008D8 D6 CF            [ 7] 1643 	sub	a, #0xcf
    000008DA 79               [ 4] 1644 	ld	a, c
    000008DB DE 00            [ 7] 1645 	sbc	a, #0x00
    000008DD 30 1B            [12] 1646 	jr	NC, 00184$
    000008DF ED 4Br65r02      [20] 1647 	ld	bc, (#_SwSprite + 613)
    000008E3 DD 7E F9         [19] 1648 	ld	a, -7 (ix)
    000008E6 16 00            [ 7] 1649 	ld	d, #0x00
    000008E8 DD 86 F5         [19] 1650 	add	a, -11 (ix)
    000008EB 5F               [ 4] 1651 	ld	e, a
    000008EC 7A               [ 4] 1652 	ld	a, d
    000008ED DD 8E F6         [19] 1653 	adc	a, -10 (ix)
    000008F0 57               [ 4] 1654 	ld	d, a
    000008F1 21r56r02         [10] 1655 	ld	hl, #_SwSprite + 598
    000008F4 6E               [ 7] 1656 	ld	l, (hl)
                                   1657 ;	spillPairReg hl
    000008F5 C5               [11] 1658 	push	bc
    000008F6 7D               [ 4] 1659 	ld	a, l
    000008F7 CDr00r00         [17] 1660 	call	_CallSpriteFrame
    000008FA                       1661 00184$:
                                   1662 ;E:\Dropbox\FAUSTO\SVILUPPI\MSX\CODE\C\MSXgl\projects\soccerlgMSX2/soccerlg_s12_b3.c:161: if (ball_fg && OnScreen(SwSprite[14].ly)) CallSpriteFrame(SwSprite[14].lx, (SwSprite[14].ly & 255) + page, SwSprite[14].frame);
    000008FA DD 7E F4         [19] 1663 	ld	a, -12 (ix)
    000008FD B7               [ 4] 1664 	or	a, a
    000008FE 28 3B            [12] 1665 	jr	Z, 00364$
    00000900 ED 5Br46r01      [20] 1666 	ld	de, (#(_SwSprite + 326) + 0)
    00000904 7A               [ 4] 1667 	ld	a, d
    00000905 D6 02            [ 7] 1668 	sub	a, #0x02
    00000907 30 32            [12] 1669 	jr	NC, 00364$
    00000909 21 0F 02         [10] 1670 	ld	hl, #0x020f
    0000090C 19               [11] 1671 	add	hl, de
    0000090D 4D               [ 4] 1672 	ld	c, l
    0000090E 44               [ 4] 1673 	ld	b, h
    0000090F 2Ar04r00         [16] 1674 	ld	hl, (#(_Field + 4) + 0)
    00000912 79               [ 4] 1675 	ld	a, c
    00000913 95               [ 4] 1676 	sub	a, l
    00000914 4F               [ 4] 1677 	ld	c, a
    00000915 78               [ 4] 1678 	ld	a, b
    00000916 9C               [ 4] 1679 	sbc	a, h
    00000917 E6 01            [ 7] 1680 	and	a, #0x01
    00000919 47               [ 4] 1681 	ld	b, a
    0000091A 79               [ 4] 1682 	ld	a, c
    0000091B D6 CF            [ 7] 1683 	sub	a, #0xcf
    0000091D 78               [ 4] 1684 	ld	a, b
    0000091E DE 00            [ 7] 1685 	sbc	a, #0x00
    00000920 30 19            [12] 1686 	jr	NC, 00364$
    00000922 ED 4Br51r01      [20] 1687 	ld	bc, (#_SwSprite + 337)
    00000926 16 00            [ 7] 1688 	ld	d, #0x00
    00000928 7B               [ 4] 1689 	ld	a, e
    00000929 DD 86 F5         [19] 1690 	add	a, -11 (ix)
    0000092C 5F               [ 4] 1691 	ld	e, a
    0000092D 7A               [ 4] 1692 	ld	a, d
    0000092E DD 8E F6         [19] 1693 	adc	a, -10 (ix)
    00000931 57               [ 4] 1694 	ld	d, a
    00000932 21r42r01         [10] 1695 	ld	hl, #(_SwSprite + 322)
    00000935 6E               [ 7] 1696 	ld	l, (hl)
                                   1697 ;	spillPairReg hl
    00000936 C5               [11] 1698 	push	bc
    00000937 7D               [ 4] 1699 	ld	a, l
    00000938 CDr00r00         [17] 1700 	call	_CallSpriteFrame
                                   1701 ;E:\Dropbox\FAUSTO\SVILUPPI\MSX\CODE\C\MSXgl\projects\soccerlgMSX2/soccerlg_s12_b3.c:162: for (u8 i=15; i<37; i++) {
    0000093B                       1702 00364$:
    0000093B DD 36 FF 0F      [19] 1703 	ld	-1 (ix), #0x0f
    0000093F                       1704 00262$:
    0000093F DD 7E FF         [19] 1705 	ld	a, -1 (ix)
    00000942 D6 25            [ 7] 1706 	sub	a, #0x25
    00000944 30 65            [12] 1707 	jr	NC, 00265$
                                   1708 ;E:\Dropbox\FAUSTO\SVILUPPI\MSX\CODE\C\MSXgl\projects\soccerlgMSX2/soccerlg_s12_b3.c:163: if (i == 26) continue;
    00000946 DD 7E FF         [19] 1709 	ld	a, -1 (ix)
    00000949 D6 1A            [ 7] 1710 	sub	a, #0x1a
    0000094B 28 58            [12] 1711 	jr	Z, 00195$
                                   1712 ;E:\Dropbox\FAUSTO\SVILUPPI\MSX\CODE\C\MSXgl\projects\soccerlgMSX2/soccerlg_s12_b3.c:164: if (OnScreen(SwSprite[i].ly)) CallSpriteFrame(SwSprite[i].lx, (SwSprite[i].ly & 255) + page, SwSprite[i].frame);
    0000094D DD 4E FF         [19] 1713 	ld	c, -1 (ix)
    00000950 06 00            [ 7] 1714 	ld	b, #0x00
    00000952 69               [ 4] 1715 	ld	l, c
    00000953 60               [ 4] 1716 	ld	h, b
    00000954 29               [11] 1717 	add	hl, hl
    00000955 29               [11] 1718 	add	hl, hl
    00000956 09               [11] 1719 	add	hl, bc
    00000957 29               [11] 1720 	add	hl, hl
    00000958 09               [11] 1721 	add	hl, bc
    00000959 29               [11] 1722 	add	hl, hl
    0000095A 09               [11] 1723 	add	hl, bc
    0000095B EB               [ 4] 1724 	ex	de, hl
    0000095C FD 21r00r00      [14] 1725 	ld	iy, #_SwSprite
    00000960 FD 19            [15] 1726 	add	iy, de
    00000962 FD E5            [15] 1727 	push	iy
    00000964 C1               [10] 1728 	pop	bc
    00000965 21 04 00         [10] 1729 	ld	hl, #4
    00000968 09               [11] 1730 	add	hl, bc
    00000969 4E               [ 7] 1731 	ld	c, (hl)
    0000096A 23               [ 6] 1732 	inc	hl
    0000096B 46               [ 7] 1733 	ld	b, (hl)
    0000096C 78               [ 4] 1734 	ld	a, b
    0000096D D6 02            [ 7] 1735 	sub	a, #0x02
    0000096F 30 34            [12] 1736 	jr	NC, 00195$
    00000971 21 0F 02         [10] 1737 	ld	hl, #0x020f
    00000974 09               [11] 1738 	add	hl, bc
    00000975 EB               [ 4] 1739 	ex	de, hl
    00000976 2Ar04r00         [16] 1740 	ld	hl, (#(_Field + 4) + 0)
    00000979 7B               [ 4] 1741 	ld	a, e
    0000097A 95               [ 4] 1742 	sub	a, l
    0000097B 5F               [ 4] 1743 	ld	e, a
    0000097C 7A               [ 4] 1744 	ld	a, d
    0000097D 9C               [ 4] 1745 	sbc	a, h
    0000097E E6 01            [ 7] 1746 	and	a, #0x01
    00000980 57               [ 4] 1747 	ld	d, a
    00000981 7B               [ 4] 1748 	ld	a, e
    00000982 D6 CF            [ 7] 1749 	sub	a, #0xcf
    00000984 7A               [ 4] 1750 	ld	a, d
    00000985 DE 00            [ 7] 1751 	sbc	a, #0x00
    00000987 30 1C            [12] 1752 	jr	NC, 00195$
    00000989 FD E5            [15] 1753 	push	iy
    0000098B D1               [10] 1754 	pop	de
    0000098C 21 0F 00         [10] 1755 	ld	hl, #15
    0000098F 19               [11] 1756 	add	hl, de
    00000990 5E               [ 7] 1757 	ld	e, (hl)
    00000991 23               [ 6] 1758 	inc	hl
    00000992 56               [ 7] 1759 	ld	d, (hl)
    00000993 06 00            [ 7] 1760 	ld	b, #0x00
    00000995 DD 6E F5         [19] 1761 	ld	l, -11 (ix)
    00000998 DD 66 F6         [19] 1762 	ld	h, -10 (ix)
    0000099B 09               [11] 1763 	add	hl, bc
    0000099C FD 4E 00         [19] 1764 	ld	c, 0 (iy)
    0000099F EB               [ 4] 1765 	ex	de, hl
    000009A0 E5               [11] 1766 	push	hl
    000009A1 79               [ 4] 1767 	ld	a, c
    000009A2 CDr00r00         [17] 1768 	call	_CallSpriteFrame
    000009A5                       1769 00195$:
                                   1770 ;E:\Dropbox\FAUSTO\SVILUPPI\MSX\CODE\C\MSXgl\projects\soccerlgMSX2/soccerlg_s12_b3.c:162: for (u8 i=15; i<37; i++) {
    000009A5 DD 34 FF         [23] 1771 	inc	-1 (ix)
    000009A8 C3r3Fr09         [10] 1772 	jp	00262$
    000009AB                       1773 00265$:
                                   1774 ;E:\Dropbox\FAUSTO\SVILUPPI\MSX\CODE\C\MSXgl\projects\soccerlgMSX2/soccerlg_s12_b3.c:155: for (u16 page = 0; page <= 512; page += 256) {
    000009AB DD 4E F5         [19] 1775 	ld	c, -11 (ix)
    000009AE DD 5E F6         [19] 1776 	ld	e, -10 (ix)
    000009B1 7B               [ 4] 1777 	ld	a, e
    000009B2 3C               [ 4] 1778 	inc	a
    000009B3 DD 71 F5         [19] 1779 	ld	-11 (ix), c
    000009B6 DD 77 F6         [19] 1780 	ld	-10 (ix), a
    000009B9 C3r4Cr07         [10] 1781 	jp	00264$
                                   1782 ;E:\Dropbox\FAUSTO\SVILUPPI\MSX\CODE\C\MSXgl\projects\soccerlgMSX2/soccerlg_s12_b3.c:169: for (u8 i = 0; i < NumSprite; i++) {
    000009BC                       1783 00367$:
    000009BC DD 36 FF 00      [19] 1784 	ld	-1 (ix), #0x00
    000009C0                       1785 00267$:
    000009C0 DD 7E FF         [19] 1786 	ld	a, -1 (ix)
    000009C3 D6 27            [ 7] 1787 	sub	a, #0x27
    000009C5 30 6E            [12] 1788 	jr	NC, 00198$
                                   1789 ;E:\Dropbox\FAUSTO\SVILUPPI\MSX\CODE\C\MSXgl\projects\soccerlgMSX2/soccerlg_s12_b3.c:170: SwSprite[i].x0 = SwSprite[i].x1 = SwSprite[i].x2 = SwSprite[i].lx;
    000009C7 DD 4E FF         [19] 1790 	ld	c, -1 (ix)
    000009CA 06 00            [ 7] 1791 	ld	b, #0x00
    000009CC 69               [ 4] 1792 	ld	l, c
    000009CD 60               [ 4] 1793 	ld	h, b
    000009CE 29               [11] 1794 	add	hl, hl
    000009CF 29               [11] 1795 	add	hl, hl
    000009D0 09               [11] 1796 	add	hl, bc
    000009D1 29               [11] 1797 	add	hl, hl
    000009D2 09               [11] 1798 	add	hl, bc
    000009D3 29               [11] 1799 	add	hl, hl
    000009D4 09               [11] 1800 	add	hl, bc
    000009D5 EB               [ 4] 1801 	ex	de, hl
    000009D6 21r00r00         [10] 1802 	ld	hl, #_SwSprite
    000009D9 19               [11] 1803 	add	hl, de
    000009DA EB               [ 4] 1804 	ex	de, hl
    000009DB 4B               [ 4] 1805 	ld	c, e
    000009DC 42               [ 4] 1806 	ld	b, d
    000009DD 03               [ 6] 1807 	inc	bc
    000009DE 21 02 00         [10] 1808 	ld	hl, #0x0002
    000009E1 19               [11] 1809 	add	hl, de
    000009E2 DD 75 F9         [19] 1810 	ld	-7 (ix), l
    000009E5 DD 74 FA         [19] 1811 	ld	-6 (ix), h
    000009E8 6B               [ 4] 1812 	ld	l, e
                                   1813 ;	spillPairReg hl
                                   1814 ;	spillPairReg hl
    000009E9 62               [ 4] 1815 	ld	h, d
                                   1816 ;	spillPairReg hl
                                   1817 ;	spillPairReg hl
    000009EA 23               [ 6] 1818 	inc	hl
    000009EB 23               [ 6] 1819 	inc	hl
    000009EC 23               [ 6] 1820 	inc	hl
    000009ED 1A               [ 7] 1821 	ld	a, (de)
    000009EE 77               [ 7] 1822 	ld	(hl), a
    000009EF DD 6E F9         [19] 1823 	ld	l, -7 (ix)
    000009F2 DD 66 FA         [19] 1824 	ld	h, -6 (ix)
    000009F5 77               [ 7] 1825 	ld	(hl), a
    000009F6 02               [ 7] 1826 	ld	(bc), a
                                   1827 ;E:\Dropbox\FAUSTO\SVILUPPI\MSX\CODE\C\MSXgl\projects\soccerlgMSX2/soccerlg_s12_b3.c:171: SwSprite[i].y0 = SwSprite[i].y1 = SwSprite[i].y2 = SwSprite[i].ly;
    000009F7 21 06 00         [10] 1828 	ld	hl, #0x0006
    000009FA 19               [11] 1829 	add	hl, de
    000009FB 4D               [ 4] 1830 	ld	c, l
    000009FC 44               [ 4] 1831 	ld	b, h
    000009FD 21 08 00         [10] 1832 	ld	hl, #0x0008
    00000A00 19               [11] 1833 	add	hl, de
    00000A01 DD 75 F7         [19] 1834 	ld	-9 (ix), l
    00000A04 DD 74 F8         [19] 1835 	ld	-8 (ix), h
    00000A07 21 0A 00         [10] 1836 	ld	hl, #0x000a
    00000A0A 19               [11] 1837 	add	hl, de
    00000A0B DD 75 F9         [19] 1838 	ld	-7 (ix), l
    00000A0E DD 74 FA         [19] 1839 	ld	-6 (ix), h
    00000A11 21 04 00         [10] 1840 	ld	hl, #4
    00000A14 19               [11] 1841 	add	hl, de
    00000A15 5E               [ 7] 1842 	ld	e, (hl)
    00000A16 23               [ 6] 1843 	inc	hl
    00000A17 56               [ 7] 1844 	ld	d, (hl)
    00000A18 DD 6E F9         [19] 1845 	ld	l, -7 (ix)
    00000A1B DD 66 FA         [19] 1846 	ld	h, -6 (ix)
    00000A1E 73               [ 7] 1847 	ld	(hl), e
    00000A1F 23               [ 6] 1848 	inc	hl
    00000A20 72               [ 7] 1849 	ld	(hl), d
    00000A21 DD 6E F7         [19] 1850 	ld	l, -9 (ix)
    00000A24 DD 66 F8         [19] 1851 	ld	h, -8 (ix)
    00000A27 73               [ 7] 1852 	ld	(hl), e
    00000A28 23               [ 6] 1853 	inc	hl
    00000A29 72               [ 7] 1854 	ld	(hl), d
    00000A2A 7B               [ 4] 1855 	ld	a, e
    00000A2B 02               [ 7] 1856 	ld	(bc), a
    00000A2C 03               [ 6] 1857 	inc	bc
    00000A2D 7A               [ 4] 1858 	ld	a, d
    00000A2E 02               [ 7] 1859 	ld	(bc), a
                                   1860 ;E:\Dropbox\FAUSTO\SVILUPPI\MSX\CODE\C\MSXgl\projects\soccerlgMSX2/soccerlg_s12_b3.c:169: for (u8 i = 0; i < NumSprite; i++) {
    00000A2F DD 34 FF         [23] 1861 	inc	-1 (ix)
    00000A32 C3rC0r09         [10] 1862 	jp	00267$
    00000A35                       1863 00198$:
                                   1864 ;E:\Dropbox\FAUSTO\SVILUPPI\MSX\CODE\C\MSXgl\projects\soccerlgMSX2/soccerlg_s12_b3.c:175: CallFnc_VOID_U8U16U16(SEG_DRAW, PrintScoreBoardLeft, ScoreBoardLeft.lx, Field.ly, 0);
    00000A35 ED 4Br04r00      [20] 1865 	ld	bc, (#(_Field + 4) + 0)
    00000A39 3Ar00r00         [13] 1866 	ld	a, (#_ScoreBoardLeft + 0)
    00000A3C 21 00 00         [10] 1867 	ld	hl, #0x0000
    00000A3F E5               [11] 1868 	push	hl
    00000A40 C5               [11] 1869 	push	bc
    00000A41 F5               [11] 1870 	push	af
    00000A42 33               [ 6] 1871 	inc	sp
    00000A43 11r00r00         [10] 1872 	ld	de, #_PrintScoreBoardLeft
    00000A46 3E 05            [ 7] 1873 	ld	a, #0x05
    00000A48 CDr00r00         [17] 1874 	call	_CallFnc_VOID_U8U16U16
                                   1875 ;E:\Dropbox\FAUSTO\SVILUPPI\MSX\CODE\C\MSXgl\projects\soccerlgMSX2/soccerlg_s12_b3.c:176: CallFnc_VOID_U8U16U16(SEG_DRAW, PrintScoreBoardRight, ScoreBoardRight.lx, Field.ly, 0);
    00000A4B ED 4Br04r00      [20] 1876 	ld	bc, (#(_Field + 4) + 0)
    00000A4F 3Ar00r00         [13] 1877 	ld	a, (#_ScoreBoardRight + 0)
    00000A52 21 00 00         [10] 1878 	ld	hl, #0x0000
    00000A55 E5               [11] 1879 	push	hl
    00000A56 C5               [11] 1880 	push	bc
    00000A57 F5               [11] 1881 	push	af
    00000A58 33               [ 6] 1882 	inc	sp
    00000A59 11r00r00         [10] 1883 	ld	de, #_PrintScoreBoardRight
    00000A5C 3E 05            [ 7] 1884 	ld	a, #0x05
    00000A5E CDr00r00         [17] 1885 	call	_CallFnc_VOID_U8U16U16
                                   1886 ;E:\Dropbox\FAUSTO\SVILUPPI\MSX\CODE\C\MSXgl\projects\soccerlgMSX2/soccerlg_s12_b3.c:177: CallFnc_VOID_U8U16U16(SEG_DRAW, PrintScoreBoardLeft, ScoreBoardLeft.lx, Field.ly, 256);
    00000A61 ED 4Br04r00      [20] 1887 	ld	bc, (#(_Field + 4) + 0)
    00000A65 3Ar00r00         [13] 1888 	ld	a, (#_ScoreBoardLeft + 0)
    00000A68 21 00 01         [10] 1889 	ld	hl, #0x0100
    00000A6B E5               [11] 1890 	push	hl
    00000A6C C5               [11] 1891 	push	bc
    00000A6D F5               [11] 1892 	push	af
    00000A6E 33               [ 6] 1893 	inc	sp
    00000A6F 11r00r00         [10] 1894 	ld	de, #_PrintScoreBoardLeft
    00000A72 3E 05            [ 7] 1895 	ld	a, #0x05
    00000A74 CDr00r00         [17] 1896 	call	_CallFnc_VOID_U8U16U16
                                   1897 ;E:\Dropbox\FAUSTO\SVILUPPI\MSX\CODE\C\MSXgl\projects\soccerlgMSX2/soccerlg_s12_b3.c:178: CallFnc_VOID_U8U16U16(SEG_DRAW, PrintScoreBoardRight, ScoreBoardRight.lx, Field.ly, 256);
    00000A77 ED 4Br04r00      [20] 1898 	ld	bc, (#(_Field + 4) + 0)
    00000A7B 3Ar00r00         [13] 1899 	ld	a, (#_ScoreBoardRight + 0)
    00000A7E 21 00 01         [10] 1900 	ld	hl, #0x0100
    00000A81 E5               [11] 1901 	push	hl
    00000A82 C5               [11] 1902 	push	bc
    00000A83 F5               [11] 1903 	push	af
    00000A84 33               [ 6] 1904 	inc	sp
    00000A85 11r00r00         [10] 1905 	ld	de, #_PrintScoreBoardRight
    00000A88 3E 05            [ 7] 1906 	ld	a, #0x05
    00000A8A CDr00r00         [17] 1907 	call	_CallFnc_VOID_U8U16U16
                                   1908 ;E:\Dropbox\FAUSTO\SVILUPPI\MSX\CODE\C\MSXgl\projects\soccerlgMSX2/soccerlg_s12_b3.c:179: CallFnc_VOID_U8U16U16(SEG_DRAW, PrintScoreBoardLeft, ScoreBoardLeft.lx, Field.ly, 512);
    00000A8D ED 4Br04r00      [20] 1909 	ld	bc, (#(_Field + 4) + 0)
    00000A91 3Ar00r00         [13] 1910 	ld	a, (#_ScoreBoardLeft + 0)
    00000A94 21 00 02         [10] 1911 	ld	hl, #0x0200
    00000A97 E5               [11] 1912 	push	hl
    00000A98 C5               [11] 1913 	push	bc
    00000A99 F5               [11] 1914 	push	af
    00000A9A 33               [ 6] 1915 	inc	sp
    00000A9B 11r00r00         [10] 1916 	ld	de, #_PrintScoreBoardLeft
    00000A9E 3E 05            [ 7] 1917 	ld	a, #0x05
    00000AA0 CDr00r00         [17] 1918 	call	_CallFnc_VOID_U8U16U16
                                   1919 ;E:\Dropbox\FAUSTO\SVILUPPI\MSX\CODE\C\MSXgl\projects\soccerlgMSX2/soccerlg_s12_b3.c:180: CallFnc_VOID_U8U16U16(SEG_DRAW, PrintScoreBoardRight, ScoreBoardRight.lx, Field.ly, 512);
    00000AA3 ED 4Br04r00      [20] 1920 	ld	bc, (#(_Field + 4) + 0)
    00000AA7 3Ar00r00         [13] 1921 	ld	a, (#_ScoreBoardRight + 0)
    00000AAA 21 00 02         [10] 1922 	ld	hl, #0x0200
    00000AAD E5               [11] 1923 	push	hl
    00000AAE C5               [11] 1924 	push	bc
    00000AAF F5               [11] 1925 	push	af
    00000AB0 33               [ 6] 1926 	inc	sp
    00000AB1 11r00r00         [10] 1927 	ld	de, #_PrintScoreBoardRight
    00000AB4 3E 05            [ 7] 1928 	ld	a, #0x05
    00000AB6 CDr00r00         [17] 1929 	call	_CallFnc_VOID_U8U16U16
    00000AB9 C3r44r0C         [10] 1930 	jp	00202$
    00000ABC                       1931 00201$:
                                   1932 ;E:\Dropbox\FAUSTO\SVILUPPI\MSX\CODE\C\MSXgl\projects\soccerlgMSX2/soccerlg_s12_b3.c:185: struct ObjectInfo* Ball = &SwSprite[14];
                                   1933 ;E:\Dropbox\FAUSTO\SVILUPPI\MSX\CODE\C\MSXgl\projects\soccerlgMSX2/soccerlg_s12_b3.c:186: CallFnc_VOID_U8U16U16(SEG_DRAW, RemoveSwSprite, Ball->x0, Ball->y0, 0);
    00000ABC ED 4Br48r01      [20] 1934 	ld	bc, (#(_SwSprite + 322) + 6)
    00000AC0 3Ar43r01         [13] 1935 	ld	a, (#(_SwSprite + 322) + 1)
    00000AC3 21 00 00         [10] 1936 	ld	hl, #0x0000
    00000AC6 E5               [11] 1937 	push	hl
    00000AC7 C5               [11] 1938 	push	bc
    00000AC8 F5               [11] 1939 	push	af
    00000AC9 33               [ 6] 1940 	inc	sp
    00000ACA 11r00r00         [10] 1941 	ld	de, #_RemoveSwSprite
    00000ACD 3E 05            [ 7] 1942 	ld	a, #0x05
    00000ACF CDr00r00         [17] 1943 	call	_CallFnc_VOID_U8U16U16
                                   1944 ;E:\Dropbox\FAUSTO\SVILUPPI\MSX\CODE\C\MSXgl\projects\soccerlgMSX2/soccerlg_s12_b3.c:187: CallFnc_VOID_U8U16U16(SEG_DRAW, RemoveSwSprite, Ball->x1, Ball->y1, 256);
    00000AD2 ED 4Br4Ar01      [20] 1945 	ld	bc, (#(_SwSprite + 322) + 8)
    00000AD6 3Ar44r01         [13] 1946 	ld	a, (#(_SwSprite + 322) + 2)
    00000AD9 21 00 01         [10] 1947 	ld	hl, #0x0100
    00000ADC E5               [11] 1948 	push	hl
    00000ADD C5               [11] 1949 	push	bc
    00000ADE F5               [11] 1950 	push	af
    00000ADF 33               [ 6] 1951 	inc	sp
    00000AE0 11r00r00         [10] 1952 	ld	de, #_RemoveSwSprite
    00000AE3 3E 05            [ 7] 1953 	ld	a, #0x05
    00000AE5 CDr00r00         [17] 1954 	call	_CallFnc_VOID_U8U16U16
                                   1955 ;E:\Dropbox\FAUSTO\SVILUPPI\MSX\CODE\C\MSXgl\projects\soccerlgMSX2/soccerlg_s12_b3.c:188: CallFnc_VOID_U8U16U16(SEG_DRAW, RemoveSwSprite, Ball->x2, Ball->y2, 512);
    00000AE8 ED 4Br4Cr01      [20] 1956 	ld	bc, (#(_SwSprite + 322) + 10)
    00000AEC 3Ar45r01         [13] 1957 	ld	a, (#(_SwSprite + 322) + 3)
    00000AEF 21 00 02         [10] 1958 	ld	hl, #0x0200
    00000AF2 E5               [11] 1959 	push	hl
    00000AF3 C5               [11] 1960 	push	bc
    00000AF4 F5               [11] 1961 	push	af
    00000AF5 33               [ 6] 1962 	inc	sp
    00000AF6 11r00r00         [10] 1963 	ld	de, #_RemoveSwSprite
    00000AF9 3E 05            [ 7] 1964 	ld	a, #0x05
    00000AFB CDr00r00         [17] 1965 	call	_CallFnc_VOID_U8U16U16
                                   1966 ;E:\Dropbox\FAUSTO\SVILUPPI\MSX\CODE\C\MSXgl\projects\soccerlgMSX2/soccerlg_s12_b3.c:191: CallFnc_VOID_U8U16U16(SEG_DRAW, RemoveSwSprite, SwSprite[24].x0, SwSprite[24].y0, 0);
    00000AFE ED 4Br2Er02      [20] 1967 	ld	bc, (#_SwSprite + 558)
    00000B02 3Ar29r02         [13] 1968 	ld	a, (#_SwSprite + 553)
    00000B05 21 00 00         [10] 1969 	ld	hl, #0x0000
    00000B08 E5               [11] 1970 	push	hl
    00000B09 C5               [11] 1971 	push	bc
    00000B0A F5               [11] 1972 	push	af
    00000B0B 33               [ 6] 1973 	inc	sp
    00000B0C 11r00r00         [10] 1974 	ld	de, #_RemoveSwSprite
    00000B0F 3E 05            [ 7] 1975 	ld	a, #0x05
    00000B11 CDr00r00         [17] 1976 	call	_CallFnc_VOID_U8U16U16
                                   1977 ;E:\Dropbox\FAUSTO\SVILUPPI\MSX\CODE\C\MSXgl\projects\soccerlgMSX2/soccerlg_s12_b3.c:192: CallFnc_VOID_U8U16U16(SEG_DRAW, RemoveSwSprite, SwSprite[24].x1, SwSprite[24].y1, 256);
    00000B14 ED 4Br30r02      [20] 1978 	ld	bc, (#_SwSprite + 560)
    00000B18 3Ar2Ar02         [13] 1979 	ld	a, (#_SwSprite + 554)
    00000B1B 21 00 01         [10] 1980 	ld	hl, #0x0100
    00000B1E E5               [11] 1981 	push	hl
    00000B1F C5               [11] 1982 	push	bc
    00000B20 F5               [11] 1983 	push	af
    00000B21 33               [ 6] 1984 	inc	sp
    00000B22 11r00r00         [10] 1985 	ld	de, #_RemoveSwSprite
    00000B25 3E 05            [ 7] 1986 	ld	a, #0x05
    00000B27 CDr00r00         [17] 1987 	call	_CallFnc_VOID_U8U16U16
                                   1988 ;E:\Dropbox\FAUSTO\SVILUPPI\MSX\CODE\C\MSXgl\projects\soccerlgMSX2/soccerlg_s12_b3.c:193: CallFnc_VOID_U8U16U16(SEG_DRAW, RemoveSwSprite, SwSprite[24].x2, SwSprite[24].y2, 512);
    00000B2A ED 4Br32r02      [20] 1989 	ld	bc, (#_SwSprite + 562)
    00000B2E 3Ar2Br02         [13] 1990 	ld	a, (#_SwSprite + 555)
    00000B31 21 00 02         [10] 1991 	ld	hl, #0x0200
    00000B34 E5               [11] 1992 	push	hl
    00000B35 C5               [11] 1993 	push	bc
    00000B36 F5               [11] 1994 	push	af
    00000B37 33               [ 6] 1995 	inc	sp
    00000B38 11r00r00         [10] 1996 	ld	de, #_RemoveSwSprite
    00000B3B 3E 05            [ 7] 1997 	ld	a, #0x05
    00000B3D CDr00r00         [17] 1998 	call	_CallFnc_VOID_U8U16U16
                                   1999 ;E:\Dropbox\FAUSTO\SVILUPPI\MSX\CODE\C\MSXgl\projects\soccerlgMSX2/soccerlg_s12_b3.c:194: CallFnc_VOID_U8U16U16(SEG_DRAW, RemoveSwSprite, SwSprite[25].x0, SwSprite[25].y0, 0);
    00000B40 ED 4Br45r02      [20] 2000 	ld	bc, (#_SwSprite + 581)
    00000B44 3Ar40r02         [13] 2001 	ld	a, (#_SwSprite + 576)
    00000B47 21 00 00         [10] 2002 	ld	hl, #0x0000
    00000B4A E5               [11] 2003 	push	hl
    00000B4B C5               [11] 2004 	push	bc
    00000B4C F5               [11] 2005 	push	af
    00000B4D 33               [ 6] 2006 	inc	sp
    00000B4E 11r00r00         [10] 2007 	ld	de, #_RemoveSwSprite
    00000B51 3E 05            [ 7] 2008 	ld	a, #0x05
    00000B53 CDr00r00         [17] 2009 	call	_CallFnc_VOID_U8U16U16
                                   2010 ;E:\Dropbox\FAUSTO\SVILUPPI\MSX\CODE\C\MSXgl\projects\soccerlgMSX2/soccerlg_s12_b3.c:195: CallFnc_VOID_U8U16U16(SEG_DRAW, RemoveSwSprite, SwSprite[25].x1, SwSprite[25].y1, 256);
    00000B56 ED 4Br47r02      [20] 2011 	ld	bc, (#_SwSprite + 583)
    00000B5A 3Ar41r02         [13] 2012 	ld	a, (#_SwSprite + 577)
    00000B5D 21 00 01         [10] 2013 	ld	hl, #0x0100
    00000B60 E5               [11] 2014 	push	hl
    00000B61 C5               [11] 2015 	push	bc
    00000B62 F5               [11] 2016 	push	af
    00000B63 33               [ 6] 2017 	inc	sp
    00000B64 11r00r00         [10] 2018 	ld	de, #_RemoveSwSprite
    00000B67 3E 05            [ 7] 2019 	ld	a, #0x05
    00000B69 CDr00r00         [17] 2020 	call	_CallFnc_VOID_U8U16U16
                                   2021 ;E:\Dropbox\FAUSTO\SVILUPPI\MSX\CODE\C\MSXgl\projects\soccerlgMSX2/soccerlg_s12_b3.c:196: CallFnc_VOID_U8U16U16(SEG_DRAW, RemoveSwSprite, SwSprite[25].x2, SwSprite[25].y2, 512);
    00000B6C ED 4Br49r02      [20] 2022 	ld	bc, (#_SwSprite + 585)
    00000B70 3Ar42r02         [13] 2023 	ld	a, (#_SwSprite + 578)
    00000B73 21 00 02         [10] 2024 	ld	hl, #0x0200
    00000B76 E5               [11] 2025 	push	hl
    00000B77 C5               [11] 2026 	push	bc
    00000B78 F5               [11] 2027 	push	af
    00000B79 33               [ 6] 2028 	inc	sp
    00000B7A 11r00r00         [10] 2029 	ld	de, #_RemoveSwSprite
    00000B7D 3E 05            [ 7] 2030 	ld	a, #0x05
    00000B7F CDr00r00         [17] 2031 	call	_CallFnc_VOID_U8U16U16
                                   2032 ;E:\Dropbox\FAUSTO\SVILUPPI\MSX\CODE\C\MSXgl\projects\soccerlgMSX2/soccerlg_s12_b3.c:199: CallSpriteFrame(Ball->lx, (Ball->ly & 255) + 0,   Ball->frame);
    00000B82 ED 4Br51r01      [20] 2033 	ld	bc, (#(_SwSprite + 337) + 0)
    00000B86 ED 5Br46r01      [20] 2034 	ld	de, (#(_SwSprite + 326) + 0)
    00000B8A 16 00            [ 7] 2035 	ld	d, #0x00
    00000B8C 21r42r01         [10] 2036 	ld	hl, #(_SwSprite + 322)
    00000B8F 6E               [ 7] 2037 	ld	l, (hl)
                                   2038 ;	spillPairReg hl
    00000B90 C5               [11] 2039 	push	bc
    00000B91 7D               [ 4] 2040 	ld	a, l
    00000B92 CDr00r00         [17] 2041 	call	_CallSpriteFrame
                                   2042 ;E:\Dropbox\FAUSTO\SVILUPPI\MSX\CODE\C\MSXgl\projects\soccerlgMSX2/soccerlg_s12_b3.c:200: CallSpriteFrame(Ball->lx, (Ball->ly & 255) + 256, Ball->frame);
    00000B95 ED 4Br51r01      [20] 2043 	ld	bc, (#(_SwSprite + 337) + 0)
    00000B99 2Ar46r01         [16] 2044 	ld	hl, (#(_SwSprite + 326) + 0)
    00000B9C 26 00            [ 7] 2045 	ld	h, #0x00
                                   2046 ;	spillPairReg hl
                                   2047 ;	spillPairReg hl
    00000B9E 5D               [ 4] 2048 	ld	e, l
    00000B9F 7C               [ 4] 2049 	ld	a, h
    00000BA0 3C               [ 4] 2050 	inc	a
    00000BA1 57               [ 4] 2051 	ld	d, a
    00000BA2 21r42r01         [10] 2052 	ld	hl, #(_SwSprite + 322)
    00000BA5 6E               [ 7] 2053 	ld	l, (hl)
                                   2054 ;	spillPairReg hl
    00000BA6 C5               [11] 2055 	push	bc
    00000BA7 7D               [ 4] 2056 	ld	a, l
    00000BA8 CDr00r00         [17] 2057 	call	_CallSpriteFrame
                                   2058 ;E:\Dropbox\FAUSTO\SVILUPPI\MSX\CODE\C\MSXgl\projects\soccerlgMSX2/soccerlg_s12_b3.c:201: CallSpriteFrame(Ball->lx, (Ball->ly & 255) + 512, Ball->frame);
    00000BAB ED 4Br51r01      [20] 2059 	ld	bc, (#(_SwSprite + 337) + 0)
    00000BAF 2Ar46r01         [16] 2060 	ld	hl, (#(_SwSprite + 326) + 0)
    00000BB2 26 00            [ 7] 2061 	ld	h, #0x00
                                   2062 ;	spillPairReg hl
                                   2063 ;	spillPairReg hl
    00000BB4 5D               [ 4] 2064 	ld	e, l
    00000BB5 7C               [ 4] 2065 	ld	a, h
    00000BB6 C6 02            [ 7] 2066 	add	a, #0x02
    00000BB8 57               [ 4] 2067 	ld	d, a
    00000BB9 21r42r01         [10] 2068 	ld	hl, #(_SwSprite + 322)
    00000BBC 6E               [ 7] 2069 	ld	l, (hl)
                                   2070 ;	spillPairReg hl
    00000BBD C5               [11] 2071 	push	bc
    00000BBE 7D               [ 4] 2072 	ld	a, l
    00000BBF CDr00r00         [17] 2073 	call	_CallSpriteFrame
                                   2074 ;E:\Dropbox\FAUSTO\SVILUPPI\MSX\CODE\C\MSXgl\projects\soccerlgMSX2/soccerlg_s12_b3.c:202: for (u8 i = 0; i < NumSprite; i++) {
    00000BC2 0E 00            [ 7] 2075 	ld	c, #0x00
    00000BC4                       2076 00270$:
    00000BC4 79               [ 4] 2077 	ld	a, c
    00000BC5 D6 27            [ 7] 2078 	sub	a, #0x27
    00000BC7 30 7B            [12] 2079 	jr	NC, 00202$
                                   2080 ;E:\Dropbox\FAUSTO\SVILUPPI\MSX\CODE\C\MSXgl\projects\soccerlgMSX2/soccerlg_s12_b3.c:203: SwSprite[i].x0 = SwSprite[i].x1 = SwSprite[i].x2 = SwSprite[i].lx;
    00000BC9 06 00            [ 7] 2081 	ld	b, #0x00
    00000BCB 69               [ 4] 2082 	ld	l, c
    00000BCC 60               [ 4] 2083 	ld	h, b
    00000BCD 29               [11] 2084 	add	hl, hl
    00000BCE 29               [11] 2085 	add	hl, hl
    00000BCF 09               [11] 2086 	add	hl, bc
    00000BD0 29               [11] 2087 	add	hl, hl
    00000BD1 09               [11] 2088 	add	hl, bc
    00000BD2 29               [11] 2089 	add	hl, hl
    00000BD3 09               [11] 2090 	add	hl, bc
    00000BD4 11r00r00         [10] 2091 	ld	de, #_SwSprite
    00000BD7 19               [11] 2092 	add	hl, de
    00000BD8 5D               [ 4] 2093 	ld	e, l
    00000BD9 54               [ 4] 2094 	ld	d, h
    00000BDA 23               [ 6] 2095 	inc	hl
    00000BDB DD 75 F7         [19] 2096 	ld	-9 (ix), l
    00000BDE DD 74 F8         [19] 2097 	ld	-8 (ix), h
    00000BE1 21 02 00         [10] 2098 	ld	hl, #0x0002
    00000BE4 19               [11] 2099 	add	hl, de
    00000BE5 DD 75 F9         [19] 2100 	ld	-7 (ix), l
    00000BE8 DD 74 FA         [19] 2101 	ld	-6 (ix), h
    00000BEB 6B               [ 4] 2102 	ld	l, e
                                   2103 ;	spillPairReg hl
                                   2104 ;	spillPairReg hl
    00000BEC 62               [ 4] 2105 	ld	h, d
                                   2106 ;	spillPairReg hl
                                   2107 ;	spillPairReg hl
    00000BED 23               [ 6] 2108 	inc	hl
    00000BEE 23               [ 6] 2109 	inc	hl
    00000BEF 23               [ 6] 2110 	inc	hl
    00000BF0 1A               [ 7] 2111 	ld	a, (de)
    00000BF1 77               [ 7] 2112 	ld	(hl), a
    00000BF2 DD 6E F9         [19] 2113 	ld	l, -7 (ix)
    00000BF5 DD 66 FA         [19] 2114 	ld	h, -6 (ix)
    00000BF8 77               [ 7] 2115 	ld	(hl), a
    00000BF9 DD 6E F7         [19] 2116 	ld	l, -9 (ix)
    00000BFC DD 66 F8         [19] 2117 	ld	h, -8 (ix)
    00000BFF 77               [ 7] 2118 	ld	(hl), a
                                   2119 ;E:\Dropbox\FAUSTO\SVILUPPI\MSX\CODE\C\MSXgl\projects\soccerlgMSX2/soccerlg_s12_b3.c:204: SwSprite[i].y0 = SwSprite[i].y1 = SwSprite[i].y2 = SwSprite[i].ly;
    00000C00 21 06 00         [10] 2120 	ld	hl, #0x0006
    00000C03 19               [11] 2121 	add	hl, de
    00000C04 DD 75 F5         [19] 2122 	ld	-11 (ix), l
    00000C07 DD 74 F6         [19] 2123 	ld	-10 (ix), h
    00000C0A 21 08 00         [10] 2124 	ld	hl, #0x0008
    00000C0D 19               [11] 2125 	add	hl, de
    00000C0E DD 75 F7         [19] 2126 	ld	-9 (ix), l
    00000C11 DD 74 F8         [19] 2127 	ld	-8 (ix), h
    00000C14 21 0A 00         [10] 2128 	ld	hl, #0x000a
    00000C17 19               [11] 2129 	add	hl, de
    00000C18 DD 75 F9         [19] 2130 	ld	-7 (ix), l
    00000C1B DD 74 FA         [19] 2131 	ld	-6 (ix), h
    00000C1E 21 04 00         [10] 2132 	ld	hl, #4
    00000C21 19               [11] 2133 	add	hl, de
    00000C22 5E               [ 7] 2134 	ld	e, (hl)
    00000C23 23               [ 6] 2135 	inc	hl
    00000C24 56               [ 7] 2136 	ld	d, (hl)
    00000C25 DD 6E F9         [19] 2137 	ld	l, -7 (ix)
    00000C28 DD 66 FA         [19] 2138 	ld	h, -6 (ix)
    00000C2B 73               [ 7] 2139 	ld	(hl), e
    00000C2C 23               [ 6] 2140 	inc	hl
    00000C2D 72               [ 7] 2141 	ld	(hl), d
    00000C2E DD 6E F7         [19] 2142 	ld	l, -9 (ix)
    00000C31 DD 66 F8         [19] 2143 	ld	h, -8 (ix)
    00000C34 73               [ 7] 2144 	ld	(hl), e
    00000C35 23               [ 6] 2145 	inc	hl
    00000C36 72               [ 7] 2146 	ld	(hl), d
    00000C37 DD 6E F5         [19] 2147 	ld	l, -11 (ix)
    00000C3A DD 66 F6         [19] 2148 	ld	h, -10 (ix)
    00000C3D 73               [ 7] 2149 	ld	(hl), e
    00000C3E 23               [ 6] 2150 	inc	hl
    00000C3F 72               [ 7] 2151 	ld	(hl), d
                                   2152 ;E:\Dropbox\FAUSTO\SVILUPPI\MSX\CODE\C\MSXgl\projects\soccerlgMSX2/soccerlg_s12_b3.c:202: for (u8 i = 0; i < NumSprite; i++) {
    00000C40 0C               [ 4] 2153 	inc	c
    00000C41 C3rC4r0B         [10] 2154 	jp	00270$
    00000C44                       2155 00202$:
                                   2156 ;E:\Dropbox\FAUSTO\SVILUPPI\MSX\CODE\C\MSXgl\projects\soccerlgMSX2/soccerlg_s12_b3.c:208: *game_state = 2; // Riparte la coreografia di schieramento
    00000C44 DD 6E FD         [19] 2157 	ld	l, -3 (ix)
    00000C47 DD 66 FE         [19] 2158 	ld	h, -2 (ix)
    00000C4A 36 02            [10] 2159 	ld	(hl), #0x02
                                   2160 ;E:\Dropbox\FAUSTO\SVILUPPI\MSX\CODE\C\MSXgl\projects\soccerlgMSX2/soccerlg_s12_b3.c:209: if (RestartType == RESTART_GOAL) RestartType = RESTART_KICKOFF_SCROLL;
    00000C4C 3Ar00r00         [13] 2161 	ld	a, (_RestartType+0)
    00000C4F D6 05            [ 7] 2162 	sub	a, #0x05
    00000C51 20 08            [12] 2163 	jr	NZ, 00208$
    00000C53 FD 21r00r00      [14] 2164 	ld	iy, #_RestartType
    00000C57 FD 36 00 06      [19] 2165 	ld	0 (iy), #0x06
    00000C5B                       2166 00208$:
                                   2167 ;E:\Dropbox\FAUSTO\SVILUPPI\MSX\CODE\C\MSXgl\projects\soccerlgMSX2/soccerlg_s12_b3.c:212: *start_sec = Frms;
    00000C5B DD 6E F2         [19] 2168 	ld	l, -14 (ix)
    00000C5E DD 66 F3         [19] 2169 	ld	h, -13 (ix)
    00000C61 3Ar00r00         [13] 2170 	ld	a, (_Frms+0)
    00000C64 77               [ 7] 2171 	ld	(hl), a
    00000C65 C3r54r0D         [10] 2172 	jp	00272$
    00000C68                       2173 00227$:
                                   2174 ;E:\Dropbox\FAUSTO\SVILUPPI\MSX\CODE\C\MSXgl\projects\soccerlgMSX2/soccerlg_s12_b3.c:214: } else if (*game_state >= 9 && *game_state <= 11) {
    00000C68 79               [ 4] 2175 	ld	a, c
    00000C69 D6 09            [ 7] 2176 	sub	a, #0x09
    00000C6B 38 2C            [12] 2177 	jr	C, 00223$
    00000C6D 3E 0B            [ 7] 2178 	ld	a, #0x0b
    00000C6F 91               [ 4] 2179 	sub	a, c
    00000C70 38 27            [12] 2180 	jr	C, 00223$
                                   2181 ;E:\Dropbox\FAUSTO\SVILUPPI\MSX\CODE\C\MSXgl\projects\soccerlgMSX2/soccerlg_s12_b3.c:215: CallFnc_VOID_3PTR_U16(SEG_GAMESTATE_10, UpdateGameState_Celebrations, game_state, wait_secs, start_sec, target_ly);
    00000C72 DD 6E 06         [19] 2182 	ld	l, 6 (ix)
                                   2183 ;	spillPairReg hl
                                   2184 ;	spillPairReg hl
    00000C75 DD 66 07         [19] 2185 	ld	h, 7 (ix)
                                   2186 ;	spillPairReg hl
                                   2187 ;	spillPairReg hl
    00000C78 E5               [11] 2188 	push	hl
    00000C79 DD 6E 04         [19] 2189 	ld	l, 4 (ix)
                                   2190 ;	spillPairReg hl
                                   2191 ;	spillPairReg hl
    00000C7C DD 66 05         [19] 2192 	ld	h, 5 (ix)
                                   2193 ;	spillPairReg hl
                                   2194 ;	spillPairReg hl
    00000C7F E5               [11] 2195 	push	hl
    00000C80 DD 6E FB         [19] 2196 	ld	l, -5 (ix)
                                   2197 ;	spillPairReg hl
                                   2198 ;	spillPairReg hl
    00000C83 DD 66 FC         [19] 2199 	ld	h, -4 (ix)
                                   2200 ;	spillPairReg hl
                                   2201 ;	spillPairReg hl
    00000C86 E5               [11] 2202 	push	hl
    00000C87 DD 6E FD         [19] 2203 	ld	l, -3 (ix)
                                   2204 ;	spillPairReg hl
                                   2205 ;	spillPairReg hl
    00000C8A DD 66 FE         [19] 2206 	ld	h, -2 (ix)
                                   2207 ;	spillPairReg hl
                                   2208 ;	spillPairReg hl
    00000C8D E5               [11] 2209 	push	hl
    00000C8E 11r00r00         [10] 2210 	ld	de, #_UpdateGameState_Celebrations
    00000C91 3E 16            [ 7] 2211 	ld	a, #0x16
    00000C93 CDr00r00         [17] 2212 	call	_CallFnc_VOID_3PTR_U16
                                   2213 ;E:\Dropbox\FAUSTO\SVILUPPI\MSX\CODE\C\MSXgl\projects\soccerlgMSX2/soccerlg_s12_b3.c:216: return;
    00000C96 C3r54r0D         [10] 2214 	jp	00272$
    00000C99                       2215 00223$:
                                   2216 ;E:\Dropbox\FAUSTO\SVILUPPI\MSX\CODE\C\MSXgl\projects\soccerlgMSX2/soccerlg_s12_b3.c:217: } else if (*game_state == 7 || *game_state == 8) {
    00000C99 79               [ 4] 2217 	ld	a,c
    00000C9A FE 07            [ 7] 2218 	cp	a,#0x07
    00000C9C 28 04            [12] 2219 	jr	Z, 00218$
    00000C9E D6 08            [ 7] 2220 	sub	a, #0x08
    00000CA0 20 27            [12] 2221 	jr	NZ, 00219$
    00000CA2                       2222 00218$:
                                   2223 ;E:\Dropbox\FAUSTO\SVILUPPI\MSX\CODE\C\MSXgl\projects\soccerlgMSX2/soccerlg_s12_b3.c:218: CallFnc_VOID_3PTR_U16(SEG_GAMESTATE_5, UpdateGameState_SetPieces, game_state, wait_secs, start_sec, target_ly);
    00000CA2 DD 6E 06         [19] 2224 	ld	l, 6 (ix)
                                   2225 ;	spillPairReg hl
                                   2226 ;	spillPairReg hl
    00000CA5 DD 66 07         [19] 2227 	ld	h, 7 (ix)
                                   2228 ;	spillPairReg hl
                                   2229 ;	spillPairReg hl
    00000CA8 E5               [11] 2230 	push	hl
    00000CA9 DD 6E 04         [19] 2231 	ld	l, 4 (ix)
                                   2232 ;	spillPairReg hl
                                   2233 ;	spillPairReg hl
    00000CAC DD 66 05         [19] 2234 	ld	h, 5 (ix)
                                   2235 ;	spillPairReg hl
                                   2236 ;	spillPairReg hl
    00000CAF E5               [11] 2237 	push	hl
    00000CB0 DD 6E FB         [19] 2238 	ld	l, -5 (ix)
                                   2239 ;	spillPairReg hl
                                   2240 ;	spillPairReg hl
    00000CB3 DD 66 FC         [19] 2241 	ld	h, -4 (ix)
                                   2242 ;	spillPairReg hl
                                   2243 ;	spillPairReg hl
    00000CB6 E5               [11] 2244 	push	hl
    00000CB7 DD 6E FD         [19] 2245 	ld	l, -3 (ix)
                                   2246 ;	spillPairReg hl
                                   2247 ;	spillPairReg hl
    00000CBA DD 66 FE         [19] 2248 	ld	h, -2 (ix)
                                   2249 ;	spillPairReg hl
                                   2250 ;	spillPairReg hl
    00000CBD E5               [11] 2251 	push	hl
    00000CBE 11r00r00         [10] 2252 	ld	de, #_UpdateGameState_SetPieces
    00000CC1 3E 0F            [ 7] 2253 	ld	a, #0x0f
    00000CC3 CDr00r00         [17] 2254 	call	_CallFnc_VOID_3PTR_U16
                                   2255 ;E:\Dropbox\FAUSTO\SVILUPPI\MSX\CODE\C\MSXgl\projects\soccerlgMSX2/soccerlg_s12_b3.c:219: return;
    00000CC6 C3r54r0D         [10] 2256 	jp	00272$
    00000CC9                       2257 00219$:
                                   2258 ;E:\Dropbox\FAUSTO\SVILUPPI\MSX\CODE\C\MSXgl\projects\soccerlgMSX2/soccerlg_s12_b3.c:220: } else if (*game_state >= 12 && *game_state <= 14) {
    00000CC9 79               [ 4] 2259 	ld	a, c
    00000CCA D6 0C            [ 7] 2260 	sub	a, #0x0c
    00000CCC 38 2C            [12] 2261 	jr	C, 00215$
    00000CCE 3E 0E            [ 7] 2262 	ld	a, #0x0e
    00000CD0 91               [ 4] 2263 	sub	a, c
    00000CD1 38 27            [12] 2264 	jr	C, 00215$
                                   2265 ;E:\Dropbox\FAUSTO\SVILUPPI\MSX\CODE\C\MSXgl\projects\soccerlgMSX2/soccerlg_s12_b3.c:221: CallFnc_VOID_3PTR_U16(SEG_GAMESTATE_6, UpdateGameState_Penalties, game_state, wait_secs, start_sec, target_ly);
    00000CD3 DD 6E 06         [19] 2266 	ld	l, 6 (ix)
                                   2267 ;	spillPairReg hl
                                   2268 ;	spillPairReg hl
    00000CD6 DD 66 07         [19] 2269 	ld	h, 7 (ix)
                                   2270 ;	spillPairReg hl
                                   2271 ;	spillPairReg hl
    00000CD9 E5               [11] 2272 	push	hl
    00000CDA DD 6E 04         [19] 2273 	ld	l, 4 (ix)
                                   2274 ;	spillPairReg hl
                                   2275 ;	spillPairReg hl
    00000CDD DD 66 05         [19] 2276 	ld	h, 5 (ix)
                                   2277 ;	spillPairReg hl
                                   2278 ;	spillPairReg hl
    00000CE0 E5               [11] 2279 	push	hl
    00000CE1 DD 6E FB         [19] 2280 	ld	l, -5 (ix)
                                   2281 ;	spillPairReg hl
                                   2282 ;	spillPairReg hl
    00000CE4 DD 66 FC         [19] 2283 	ld	h, -4 (ix)
                                   2284 ;	spillPairReg hl
                                   2285 ;	spillPairReg hl
    00000CE7 E5               [11] 2286 	push	hl
    00000CE8 DD 6E FD         [19] 2287 	ld	l, -3 (ix)
                                   2288 ;	spillPairReg hl
                                   2289 ;	spillPairReg hl
    00000CEB DD 66 FE         [19] 2290 	ld	h, -2 (ix)
                                   2291 ;	spillPairReg hl
                                   2292 ;	spillPairReg hl
    00000CEE E5               [11] 2293 	push	hl
    00000CEF 11r00r00         [10] 2294 	ld	de, #_UpdateGameState_Penalties
    00000CF2 3E 10            [ 7] 2295 	ld	a, #0x10
    00000CF4 CDr00r00         [17] 2296 	call	_CallFnc_VOID_3PTR_U16
                                   2297 ;E:\Dropbox\FAUSTO\SVILUPPI\MSX\CODE\C\MSXgl\projects\soccerlgMSX2/soccerlg_s12_b3.c:222: return;
    00000CF7 C3r54r0D         [10] 2298 	jp	00272$
    00000CFA                       2299 00215$:
                                   2300 ;E:\Dropbox\FAUSTO\SVILUPPI\MSX\CODE\C\MSXgl\projects\soccerlgMSX2/soccerlg_s12_b3.c:223: } else if (*game_state >= 15 && *game_state <= 17) {
    00000CFA 79               [ 4] 2301 	ld	a, c
    00000CFB D6 0F            [ 7] 2302 	sub	a, #0x0f
    00000CFD 38 55            [12] 2303 	jr	C, 00272$
    00000CFF 3E 11            [ 7] 2304 	ld	a, #0x11
    00000D01 91               [ 4] 2305 	sub	a, c
    00000D02 38 50            [12] 2306 	jr	C, 00272$
                                   2307 ;E:\Dropbox\FAUSTO\SVILUPPI\MSX\CODE\C\MSXgl\projects\soccerlgMSX2/soccerlg_s12_b3.c:225: SwSprite[38].lx = PENALTY_DISH_X; SwSprite[38].frame = SPR_BIG_PENALTY_DISH;
    00000D04 21r6Ar03         [10] 2308 	ld	hl, #(_SwSprite + 874)
    00000D07 36 78            [10] 2309 	ld	(hl), #0x78
    00000D09 21 6D 00         [10] 2310 	ld	hl, #0x006d
    00000D0C 22r79r03         [16] 2311 	ld	((_SwSprite + 889)), hl
                                   2312 ;E:\Dropbox\FAUSTO\SVILUPPI\MSX\CODE\C\MSXgl\projects\soccerlgMSX2/soccerlg_s12_b3.c:226: SwSprite[38].ly = (SwSprite[14].lx == PENALTY_DISH_X && SwSprite[14].ly == PENALTY_NORTH_Y) ? 1000 : PENALTY_NORTH_Y;
    00000D0F 11r6Er03         [10] 2313 	ld	de, #_SwSprite + 878
    00000D12 3Ar42r01         [13] 2314 	ld	a, (#_SwSprite + 322)
    00000D15 D6 78            [ 7] 2315 	sub	a, #0x78
    00000D17 20 0F            [12] 2316 	jr	NZ, 00283$
    00000D19 2Ar46r01         [16] 2317 	ld	hl, (#_SwSprite + 326)
    00000D1C 7D               [ 4] 2318 	ld	a, l
    00000D1D D6 4A            [ 7] 2319 	sub	a, #0x4a
    00000D1F B4               [ 4] 2320 	or	a, h
    00000D20 20 06            [12] 2321 	jr	NZ, 00283$
    00000D22 01 E8 03         [10] 2322 	ld	bc, #0x03e8
    00000D25 C3r2Br0D         [10] 2323 	jp	00284$
    00000D28                       2324 00283$:
    00000D28 01 4A 00         [10] 2325 	ld	bc, #0x004a
    00000D2B                       2326 00284$:
    00000D2B 79               [ 4] 2327 	ld	a, c
    00000D2C 12               [ 7] 2328 	ld	(de), a
    00000D2D 13               [ 6] 2329 	inc	de
    00000D2E 78               [ 4] 2330 	ld	a, b
    00000D2F 12               [ 7] 2331 	ld	(de), a
                                   2332 ;E:\Dropbox\FAUSTO\SVILUPPI\MSX\CODE\C\MSXgl\projects\soccerlgMSX2/soccerlg_s12_b3.c:227: CallFnc_VOID_3PTR_U16(SEG_GAMESTATE_5, UpdateGameState_Penalties_End, game_state, wait_secs, start_sec, target_ly);
    00000D30 DD 6E 06         [19] 2333 	ld	l, 6 (ix)
                                   2334 ;	spillPairReg hl
                                   2335 ;	spillPairReg hl
    00000D33 DD 66 07         [19] 2336 	ld	h, 7 (ix)
                                   2337 ;	spillPairReg hl
                                   2338 ;	spillPairReg hl
    00000D36 E5               [11] 2339 	push	hl
    00000D37 DD 6E 04         [19] 2340 	ld	l, 4 (ix)
                                   2341 ;	spillPairReg hl
                                   2342 ;	spillPairReg hl
    00000D3A DD 66 05         [19] 2343 	ld	h, 5 (ix)
                                   2344 ;	spillPairReg hl
                                   2345 ;	spillPairReg hl
    00000D3D E5               [11] 2346 	push	hl
    00000D3E DD 6E FB         [19] 2347 	ld	l, -5 (ix)
                                   2348 ;	spillPairReg hl
                                   2349 ;	spillPairReg hl
    00000D41 DD 66 FC         [19] 2350 	ld	h, -4 (ix)
                                   2351 ;	spillPairReg hl
                                   2352 ;	spillPairReg hl
    00000D44 E5               [11] 2353 	push	hl
    00000D45 DD 6E FD         [19] 2354 	ld	l, -3 (ix)
                                   2355 ;	spillPairReg hl
                                   2356 ;	spillPairReg hl
    00000D48 DD 66 FE         [19] 2357 	ld	h, -2 (ix)
                                   2358 ;	spillPairReg hl
                                   2359 ;	spillPairReg hl
    00000D4B E5               [11] 2360 	push	hl
    00000D4C 11r00r00         [10] 2361 	ld	de, #_UpdateGameState_Penalties_End
    00000D4F 3E 0F            [ 7] 2362 	ld	a, #0x0f
    00000D51 CDr00r00         [17] 2363 	call	_CallFnc_VOID_3PTR_U16
                                   2364 ;E:\Dropbox\FAUSTO\SVILUPPI\MSX\CODE\C\MSXgl\projects\soccerlgMSX2/soccerlg_s12_b3.c:228: return;
    00000D54                       2365 00272$:
                                   2366 ;E:\Dropbox\FAUSTO\SVILUPPI\MSX\CODE\C\MSXgl\projects\soccerlgMSX2/soccerlg_s12_b3.c:230: }
    00000D54 DD F9            [10] 2367 	ld	sp, ix
    00000D56 DD E1            [14] 2368 	pop	ix
    00000D58 E1               [10] 2369 	pop	hl
    00000D59 F1               [10] 2370 	pop	af
    00000D5A F1               [10] 2371 	pop	af
    00000D5B E9               [ 4] 2372 	jp	(hl)
                         0000F380  2373 _g_RDPRIM	=	0xf380
                         0000F385  2374 _g_WRPRIM	=	0xf385
                         0000F38C  2375 _g_CLPRIM	=	0xf38c
                         0000F39A  2376 _g_USRTAB	=	0xf39a
                         0000F3DE  2377 _g_CNSDFG	=	0xf3de
                         0000F3DF  2378 _g_RG0SAV	=	0xf3df
                         0000F3E0  2379 _g_RG1SAV	=	0xf3e0
                         0000F3E1  2380 _g_RG2SAV	=	0xf3e1
                         0000F3E2  2381 _g_RG3SAV	=	0xf3e2
                         0000F3E3  2382 _g_RG4SAV	=	0xf3e3
                         0000F3E4  2383 _g_RG5SAV	=	0xf3e4
                         0000F3E5  2384 _g_RG6SAV	=	0xf3e5
                         0000F3E6  2385 _g_RG7SAV	=	0xf3e6
                         0000F3E7  2386 _g_STATFL	=	0xf3e7
                         0000F3E8  2387 _g_TRGFLG	=	0xf3e8
                         0000F3EC  2388 _g_MAXUPD	=	0xf3ec
                         0000F3EF  2389 _g_MINUPD	=	0xf3ef
                         0000F3F3  2390 _g_QUEUES	=	0xf3f3
                         0000F3F5  2391 _g_FRCNEW	=	0xf3f5
                         0000F3F6  2392 _g_SCNCNT	=	0xf3f6
                         0000F3F7  2393 _g_REPCNT	=	0xf3f7
                         0000F3F8  2394 _g_PUTPNT	=	0xf3f8
                         0000F3FA  2395 _g_GETPNT	=	0xf3fa
                         0000F3FC  2396 _g_CS120	=	0xf3fc
                         0000F401  2397 _g_CS240	=	0xf401
                         0000F406  2398 _g_LOW	=	0xf406
                         0000F408  2399 _g_HIGH	=	0xf408
                         0000F40A  2400 _g_HEADER	=	0xf40a
                         0000F40B  2401 _g_ASPCT1	=	0xf40b
                         0000F40D  2402 _g_ASPCT2	=	0xf40d
                         0000F959  2403 _g_QUETAB	=	0xf959
                         0000F971  2404 _g_QUEBAK	=	0xf971
                         0000F975  2405 _g_VOICAQ	=	0xf975
                         0000F9F5  2406 _g_VOICBQ	=	0xf9f5
                         0000FA75  2407 _g_VOICCQ	=	0xfa75
                         0000FAF5  2408 _g_RS2IQ	=	0xfaf5
                         0000FAF5  2409 _g_DPPAGE	=	0xfaf5
                         0000FAF6  2410 _g_ACPAGE	=	0xfaf6
                         0000FAF7  2411 _g_AVCSAV	=	0xfaf7
                         0000FAF8  2412 _g_EXBRSA	=	0xfaf8
                         0000FAF9  2413 _g_CHRCNT	=	0xfaf9
                         0000FAFA  2414 _g_ROMA	=	0xfafa
                         0000FAFC  2415 _g_MODE	=	0xfafc
                         0000FAFD  2416 _g_NORUSE	=	0xfafd
                         0000FAFE  2417 _g_XSAVE	=	0xfafe
                         0000FB00  2418 _g_YSAVE	=	0xfb00
                         0000FB03  2419 _g_RSTMP	=	0xfb03
                         0000FB03  2420 _g_TOCNT	=	0xfb03
                         0000FB04  2421 _g_RSFCB	=	0xfb04
                         0000FB06  2422 _g_RSIQLN	=	0xfb06
                         0000FB07  2423 _g_MEXBIh	=	0xfb07
                         0000FB0C  2424 _g_OLDSTT	=	0xfb0c
                         0000FB0C  2425 _g_OLDINT	=	0xfb0c
                         0000FB16  2426 _g_DEVNUM	=	0xfb16
                         0000FB17  2427 _g_DATCNT	=	0xfb17
                         0000FB1A  2428 _g_ERRORS	=	0xfb1a
                         0000FB1B  2429 _g_FLAGS	=	0xfb1b
                         0000FB1C  2430 _g_ESTBLS	=	0xfb1c
                         0000FB1D  2431 _g_COMMSK	=	0xfb1d
                         0000FB1E  2432 _g_LSTCOM	=	0xfb1e
                         0000FB1F  2433 _g_LSTMOD	=	0xfb1f
                         0000FB35  2434 _g_PRSCNT	=	0xfb35
                         0000FB36  2435 _g_SAVSP	=	0xfb36
                         0000FB38  2436 _g_VOICEN	=	0xfb38
                         0000FB39  2437 _g_SAVVOL	=	0xfb39
                         0000FB3B  2438 _g_MCLLEN	=	0xfb3b
                         0000FB3C  2439 _g_MCLPTR	=	0xfb3c
                         0000FB3E  2440 _g_QUEUEN	=	0xfb3e
                         0000FB3F  2441 _g_MUSICF	=	0xfb3f
                         0000FB40  2442 _g_PLYCNT	=	0xfb40
                         0000FB41  2443 _g_VCBA	=	0xfb41
                         0000FB66  2444 _g_VCBB	=	0xfb66
                         0000FB8B  2445 _g_VCBC	=	0xfb8b
                         0000FBB0  2446 _g_ENSTOP	=	0xfbb0
                         0000FBB1  2447 _g_BASROM	=	0xfbb1
                         0000FBB2  2448 _g_LINTTB	=	0xfbb2
                         0000FBCA  2449 _g_FSTPOS	=	0xfbca
                         0000FBCC  2450 _g_CODSAV	=	0xfbcc
                         0000FBCD  2451 _g_FNKSWI	=	0xfbcd
                         0000FBCE  2452 _g_FNKFLG	=	0xfbce
                         0000FBD8  2453 _g_ONGSBF	=	0xfbd8
                         0000FBD9  2454 _g_CLIKFL	=	0xfbd9
                         0000FBDA  2455 _g_OLDKEY	=	0xfbda
                         0000FBE5  2456 _g_NEWKEY	=	0xfbe5
                         0000FBF0  2457 _g_KEYBUF	=	0xfbf0
                         0000FC18  2458 _g_LINWRK	=	0xfc18
                         0000FC40  2459 _g_PATWRK	=	0xfc40
                         0000FC48  2460 _g_BOTTOM	=	0xfc48
                         0000FC4A  2461 _g_HIMEM	=	0xfc4a
                         0000FC4C  2462 _g_TRPTBL	=	0xfc4c
                         0000FC9A  2463 _g_RTYCNT	=	0xfc9a
                         0000FC9B  2464 _g_INTFLG	=	0xfc9b
                         0000FC9C  2465 _g_PADY	=	0xfc9c
                         0000FC9D  2466 _g_PADX	=	0xfc9d
                         0000FC9E  2467 _g_JIFFY	=	0xfc9e
                         0000FCA0  2468 _g_INTVAL	=	0xfca0
                         0000FCA2  2469 _g_INTCNT	=	0xfca2
                         0000FCA4  2470 _g_LOWLIM	=	0xfca4
                         0000FCA5  2471 _g_WINWID	=	0xfca5
                         0000FCA6  2472 _g_GRPHED	=	0xfca6
                         0000FCA7  2473 _g_ESCCNT	=	0xfca7
                         0000FCA8  2474 _g_INSFLG	=	0xfca8
                         0000FCA9  2475 _g_CSRSW	=	0xfca9
                         0000FCAA  2476 _g_CSTYLE	=	0xfcaa
                         0000FCAB  2477 _g_CAPST	=	0xfcab
                         0000FCAC  2478 _g_KANAST	=	0xfcac
                         0000FCAD  2479 _g_KANAMD	=	0xfcad
                         0000FCAE  2480 _g_FLBMEM	=	0xfcae
                         0000FCAF  2481 _g_SCRMOD	=	0xfcaf
                         0000FCB0  2482 _g_OLDSCR	=	0xfcb0
                         0000FCB1  2483 _g_CASPRV	=	0xfcb1
                         0000FCB2  2484 _g_BRDATR	=	0xfcb2
                         0000FCB3  2485 _g_GXPOS	=	0xfcb3
                         0000FCB5  2486 _g_GYPOS	=	0xfcb5
                         0000FCBB  2487 _g_DRWFLG	=	0xfcbb
                         0000FCBC  2488 _g_DRWSCL	=	0xfcbc
                         0000FCBD  2489 _g_DRWANG	=	0xfcbd
                         0000FCC1  2490 _g_MNROM	=	0xfcc1
                         0000FCC1  2491 _g_EXPTBL	=	0xfcc1
                         0000FCC5  2492 _g_SLTTBL	=	0xfcc5
                         0000FCC9  2493 _g_SLTATR	=	0xfcc9
                         0000FD09  2494 _g_SLTWRK	=	0xfd09
                         0000FD89  2495 _g_PROCNM	=	0xfd89
                         0000FFE7  2496 _g_RG08SAV	=	0xffe7
                         0000FFE8  2497 _g_RG09SAV	=	0xffe8
                         0000FFE9  2498 _g_RG10SAV	=	0xffe9
                         0000FFEA  2499 _g_RG11SAV	=	0xffea
                         0000FFEB  2500 _g_RG12SAV	=	0xffeb
                         0000FFEC  2501 _g_RG13SAV	=	0xffec
                         0000FFED  2502 _g_RG14SAV	=	0xffed
                         0000FFEE  2503 _g_RG15SAV	=	0xffee
                         0000FFEF  2504 _g_RG16SAV	=	0xffef
                         0000FFF0  2505 _g_RG17SAV	=	0xfff0
                         0000FFF1  2506 _g_RG18SAV	=	0xfff1
                         0000FFF2  2507 _g_RG19SAV	=	0xfff2
                         0000FFF3  2508 _g_RG20SAV	=	0xfff3
                         0000FFF4  2509 _g_RG21SAV	=	0xfff4
                         0000FFF5  2510 _g_RG22SAV	=	0xfff5
                         0000FFF6  2511 _g_RG23SAV	=	0xfff6
                         0000FFF7  2512 _g_MINROM	=	0xfff7
                         0000FFF8  2513 _g_SVFFF8	=	0xfff8
                         0000FFFA  2514 _g_RG25SAV	=	0xfffa
                         0000FFFB  2515 _g_RG26SAV	=	0xfffb
                         0000FFFC  2516 _g_RG27SAV	=	0xfffc
                         0000FFFD  2517 _g_SVFFFD	=	0xfffd
                         00000004  2518 _g_CGTABL	=	0x0004
                         00000006  2519 _g_VDP_DR	=	0x0006
                         00000007  2520 _g_VDP_DW	=	0x0007
                         0000002B  2521 _g_BASRVN	=	0x002b
                         0000002B  2522 _g_ROMVersion	=	0x002b
                         0000002D  2523 _g_MSXVER	=	0x002d
                         0000002E  2524 _g_MSXMID	=	0x002e
                         00000034  2525 _g_CHAR_16	=	0x0034
                         00000000  2526 _g_SUBRID	=	0x0000
                         00000002  2527 _g_STRSRC	=	0x0002
                         0000F30F  2528 _g_KANJTABLE	=	0xf30f
                         0000F323  2529 _g_DISKVE	=	0xf323
                         0000F325  2530 _g_BREAKV	=	0xf325
                         0000F341  2531 _g_RAMAD0	=	0xf341
                         0000F342  2532 _g_RAMAD1	=	0xf342
                         0000F343  2533 _g_RAMAD2	=	0xf343
                         0000F344  2534 _g_RAMAD3	=	0xf344
                         0000F348  2535 _g_MASTER	=	0xf348
                         0000F37D  2536 _g_BDOS	=	0xf37d
                                   2537 	.area _SEG12
                                   2538 	.area _INITIALIZER
                                   2539 	.area _CABS (ABS)
