                                      1 ;--------------------------------------------------------
                                      2 ; File Created by SDCC : free open source ANSI-C Compiler
                                      3 ; Version 4.2.0 #13081 (MINGW64)
                                      4 ;--------------------------------------------------------
                                      5 	.module soccerlg_s15_b3
                                      6 	.optsdcc -mz80
                                      7 	
                                      8 ;--------------------------------------------------------
                                      9 ; Public variables in this module
                                     10 ;--------------------------------------------------------
                                     11 	.globl _GetPlayerIdleFrame
                                     12 	.globl _GetPlayerAnimFrame
                                     13 	.globl _ExecuteCornerKick
                                     14 	.globl _ExecuteThrowIn
                                     15 	.globl _EventBallKicked
                                     16 	.globl _SetBallSprite
                                     17 	.globl _CallFnc_U16_P4
                                     18 	.globl _CallFnc_U16_P3
                                     19 	.globl _CallFnc_VOID_U8U8
                                     20 	.globl _CallFnc_VOID_P1
                                     21 	.globl _CallFnc_VOID
                                     22 	.globl _g_SLTSL
                                     23 	.globl _g_GRPACY
                                     24 	.globl _g_GRPACX
                                     25 	.globl _g_LOGOPR
                                     26 	.globl _g_CMASK
                                     27 	.globl _g_CLOC
                                     28 	.globl _g_FNKSTR
                                     29 	.globl _g_ATRBYT
                                     30 	.globl _g_BDRCLR
                                     31 	.globl _g_BAKCLR
                                     32 	.globl _g_FORCLR
                                     33 	.globl _g_CSRX
                                     34 	.globl _g_CSRY
                                     35 	.globl _g_CLIKSW
                                     36 	.globl _g_MLTPAT
                                     37 	.globl _g_MLTATR
                                     38 	.globl _g_MLTCGP
                                     39 	.globl _g_MLTCOL
                                     40 	.globl _g_MLTNAM
                                     41 	.globl _g_GRPPAT
                                     42 	.globl _g_GRPATR
                                     43 	.globl _g_GRPCGP
                                     44 	.globl _g_GRPCOL
                                     45 	.globl _g_GRPNAM
                                     46 	.globl _g_T32PAT
                                     47 	.globl _g_T32ATR
                                     48 	.globl _g_T32CGP
                                     49 	.globl _g_T32COL
                                     50 	.globl _g_T32NAM
                                     51 	.globl _g_TXTPAT
                                     52 	.globl _g_TXTATR
                                     53 	.globl _g_TXTCGP
                                     54 	.globl _g_TXTCOL
                                     55 	.globl _g_TXTNAM
                                     56 	.globl _g_CLMLST
                                     57 	.globl _g_CRTCNT
                                     58 	.globl _g_LINLEN
                                     59 	.globl _g_LINL32
                                     60 	.globl _g_LINL40
                                     61 	.globl _g_BDOS
                                     62 	.globl _g_MASTER
                                     63 	.globl _g_RAMAD3
                                     64 	.globl _g_RAMAD2
                                     65 	.globl _g_RAMAD1
                                     66 	.globl _g_RAMAD0
                                     67 	.globl _g_BREAKV
                                     68 	.globl _g_DISKVE
                                     69 	.globl _g_KANJTABLE
                                     70 	.globl _g_STRSRC
                                     71 	.globl _g_SUBRID
                                     72 	.globl _g_CHAR_16
                                     73 	.globl _g_MSXMID
                                     74 	.globl _g_MSXVER
                                     75 	.globl _g_ROMVersion
                                     76 	.globl _g_BASRVN
                                     77 	.globl _g_VDP_DW
                                     78 	.globl _g_VDP_DR
                                     79 	.globl _g_CGTABL
                                     80 	.globl _g_SVFFFD
                                     81 	.globl _g_RG27SAV
                                     82 	.globl _g_RG26SAV
                                     83 	.globl _g_RG25SAV
                                     84 	.globl _g_SVFFF8
                                     85 	.globl _g_MINROM
                                     86 	.globl _g_RG23SAV
                                     87 	.globl _g_RG22SAV
                                     88 	.globl _g_RG21SAV
                                     89 	.globl _g_RG20SAV
                                     90 	.globl _g_RG19SAV
                                     91 	.globl _g_RG18SAV
                                     92 	.globl _g_RG17SAV
                                     93 	.globl _g_RG16SAV
                                     94 	.globl _g_RG15SAV
                                     95 	.globl _g_RG14SAV
                                     96 	.globl _g_RG13SAV
                                     97 	.globl _g_RG12SAV
                                     98 	.globl _g_RG11SAV
                                     99 	.globl _g_RG10SAV
                                    100 	.globl _g_RG09SAV
                                    101 	.globl _g_RG08SAV
                                    102 	.globl _g_PROCNM
                                    103 	.globl _g_SLTWRK
                                    104 	.globl _g_SLTATR
                                    105 	.globl _g_SLTTBL
                                    106 	.globl _g_EXPTBL
                                    107 	.globl _g_MNROM
                                    108 	.globl _g_DRWANG
                                    109 	.globl _g_DRWSCL
                                    110 	.globl _g_DRWFLG
                                    111 	.globl _g_GYPOS
                                    112 	.globl _g_GXPOS
                                    113 	.globl _g_BRDATR
                                    114 	.globl _g_CASPRV
                                    115 	.globl _g_OLDSCR
                                    116 	.globl _g_SCRMOD
                                    117 	.globl _g_FLBMEM
                                    118 	.globl _g_KANAMD
                                    119 	.globl _g_KANAST
                                    120 	.globl _g_CAPST
                                    121 	.globl _g_CSTYLE
                                    122 	.globl _g_CSRSW
                                    123 	.globl _g_INSFLG
                                    124 	.globl _g_ESCCNT
                                    125 	.globl _g_GRPHED
                                    126 	.globl _g_WINWID
                                    127 	.globl _g_LOWLIM
                                    128 	.globl _g_INTCNT
                                    129 	.globl _g_INTVAL
                                    130 	.globl _g_JIFFY
                                    131 	.globl _g_PADX
                                    132 	.globl _g_PADY
                                    133 	.globl _g_INTFLG
                                    134 	.globl _g_RTYCNT
                                    135 	.globl _g_TRPTBL
                                    136 	.globl _g_HIMEM
                                    137 	.globl _g_BOTTOM
                                    138 	.globl _g_PATWRK
                                    139 	.globl _g_LINWRK
                                    140 	.globl _g_KEYBUF
                                    141 	.globl _g_NEWKEY
                                    142 	.globl _g_OLDKEY
                                    143 	.globl _g_CLIKFL
                                    144 	.globl _g_ONGSBF
                                    145 	.globl _g_FNKFLG
                                    146 	.globl _g_FNKSWI
                                    147 	.globl _g_CODSAV
                                    148 	.globl _g_FSTPOS
                                    149 	.globl _g_LINTTB
                                    150 	.globl _g_BASROM
                                    151 	.globl _g_ENSTOP
                                    152 	.globl _g_VCBC
                                    153 	.globl _g_VCBB
                                    154 	.globl _g_VCBA
                                    155 	.globl _g_PLYCNT
                                    156 	.globl _g_MUSICF
                                    157 	.globl _g_QUEUEN
                                    158 	.globl _g_MCLPTR
                                    159 	.globl _g_MCLLEN
                                    160 	.globl _g_SAVVOL
                                    161 	.globl _g_VOICEN
                                    162 	.globl _g_SAVSP
                                    163 	.globl _g_PRSCNT
                                    164 	.globl _g_LSTMOD
                                    165 	.globl _g_LSTCOM
                                    166 	.globl _g_COMMSK
                                    167 	.globl _g_ESTBLS
                                    168 	.globl _g_FLAGS
                                    169 	.globl _g_ERRORS
                                    170 	.globl _g_DATCNT
                                    171 	.globl _g_DEVNUM
                                    172 	.globl _g_OLDINT
                                    173 	.globl _g_OLDSTT
                                    174 	.globl _g_MEXBIh
                                    175 	.globl _g_RSIQLN
                                    176 	.globl _g_RSFCB
                                    177 	.globl _g_TOCNT
                                    178 	.globl _g_RSTMP
                                    179 	.globl _g_YSAVE
                                    180 	.globl _g_XSAVE
                                    181 	.globl _g_NORUSE
                                    182 	.globl _g_MODE
                                    183 	.globl _g_ROMA
                                    184 	.globl _g_CHRCNT
                                    185 	.globl _g_EXBRSA
                                    186 	.globl _g_AVCSAV
                                    187 	.globl _g_ACPAGE
                                    188 	.globl _g_DPPAGE
                                    189 	.globl _g_RS2IQ
                                    190 	.globl _g_VOICCQ
                                    191 	.globl _g_VOICBQ
                                    192 	.globl _g_VOICAQ
                                    193 	.globl _g_QUEBAK
                                    194 	.globl _g_QUETAB
                                    195 	.globl _g_ASPCT2
                                    196 	.globl _g_ASPCT1
                                    197 	.globl _g_HEADER
                                    198 	.globl _g_HIGH
                                    199 	.globl _g_LOW
                                    200 	.globl _g_CS240
                                    201 	.globl _g_CS120
                                    202 	.globl _g_GETPNT
                                    203 	.globl _g_PUTPNT
                                    204 	.globl _g_REPCNT
                                    205 	.globl _g_SCNCNT
                                    206 	.globl _g_FRCNEW
                                    207 	.globl _g_QUEUES
                                    208 	.globl _g_MINUPD
                                    209 	.globl _g_MAXUPD
                                    210 	.globl _g_TRGFLG
                                    211 	.globl _g_STATFL
                                    212 	.globl _g_RG7SAV
                                    213 	.globl _g_RG6SAV
                                    214 	.globl _g_RG5SAV
                                    215 	.globl _g_RG4SAV
                                    216 	.globl _g_RG3SAV
                                    217 	.globl _g_RG2SAV
                                    218 	.globl _g_RG1SAV
                                    219 	.globl _g_RG0SAV
                                    220 	.globl _g_CNSDFG
                                    221 	.globl _g_USRTAB
                                    222 	.globl _g_CLPRIM
                                    223 	.globl _g_WRPRIM
                                    224 	.globl _g_RDPRIM
                                    225 	.globl _UpdateGameState_SetPieces
                                    226 	.globl _UpdateGameState_Penalties_End
                                    227 ;--------------------------------------------------------
                                    228 ; special function registers
                                    229 ;--------------------------------------------------------
                         000000A8   230 _g_PortPrimarySlot	=	0x00a8
                         000000A9   231 _g_PortReadKeyboard	=	0x00a9
                         000000AA   232 _g_PortAccessKeyboard	=	0x00aa
                         000000AB   233 _g_PortControl	=	0x00ab
                         00000098   234 _g_VDP_DataPort	=	0x0098
                         00000099   235 _g_VDP_RegPort	=	0x0099
                         00000099   236 _g_VDP_AddrPort	=	0x0099
                         00000099   237 _g_VDP_StatPort	=	0x0099
                         0000009A   238 _g_VDP_PalPort	=	0x009a
                         0000009B   239 _g_VDP_IRegPort	=	0x009b
                         000000A0   240 _g_PSG_RegPort	=	0x00a0
                         000000A1   241 _g_PSG_DataPort	=	0x00a1
                         000000A2   242 _g_PSG_StatPort	=	0x00a2
                         00000010   243 _g_PSG_Ext_RegPort	=	0x0010
                         00000011   244 _g_PSG_Ext_DataPort	=	0x0011
                         00000012   245 _g_PSG_Ext_StatPort	=	0x0012
                         0000007C   246 _g_MSXMusic_IndexPort	=	0x007c
                         0000007D   247 _g_MSXMusic_DataPort	=	0x007d
                         000000C0   248 _g_MSXAudio_IndexPort	=	0x00c0
                         000000C1   249 _g_MSXAudio_DataPort	=	0x00c1
                         000000C2   250 _g_MSXAudio_IndexPort2	=	0x00c2
                         000000C3   251 _g_MSXAudio_DataPort2	=	0x00c3
                         000000B4   252 _g_RTC_AddrPort	=	0x00b4
                         000000B5   253 _g_RTC_DataPort	=	0x00b5
                                    254 ;--------------------------------------------------------
                                    255 ; ram data
                                    256 ;--------------------------------------------------------
                                    257 	.area _DATA
                         0000F3AE   258 _g_LINL40	=	0xf3ae
                         0000F3AF   259 _g_LINL32	=	0xf3af
                         0000F3B0   260 _g_LINLEN	=	0xf3b0
                         0000F3B1   261 _g_CRTCNT	=	0xf3b1
                         0000F3B2   262 _g_CLMLST	=	0xf3b2
                         0000F3B3   263 _g_TXTNAM	=	0xf3b3
                         0000F3B5   264 _g_TXTCOL	=	0xf3b5
                         0000F3B7   265 _g_TXTCGP	=	0xf3b7
                         0000F3B9   266 _g_TXTATR	=	0xf3b9
                         0000F3BB   267 _g_TXTPAT	=	0xf3bb
                         0000F3BD   268 _g_T32NAM	=	0xf3bd
                         0000F3BF   269 _g_T32COL	=	0xf3bf
                         0000F3C1   270 _g_T32CGP	=	0xf3c1
                         0000F3C3   271 _g_T32ATR	=	0xf3c3
                         0000F3C5   272 _g_T32PAT	=	0xf3c5
                         0000F3C7   273 _g_GRPNAM	=	0xf3c7
                         0000F3C9   274 _g_GRPCOL	=	0xf3c9
                         0000F3CB   275 _g_GRPCGP	=	0xf3cb
                         0000F3CD   276 _g_GRPATR	=	0xf3cd
                         0000F3CF   277 _g_GRPPAT	=	0xf3cf
                         0000F3D1   278 _g_MLTNAM	=	0xf3d1
                         0000F3D3   279 _g_MLTCOL	=	0xf3d3
                         0000F3D5   280 _g_MLTCGP	=	0xf3d5
                         0000F3D7   281 _g_MLTATR	=	0xf3d7
                         0000F3D9   282 _g_MLTPAT	=	0xf3d9
                         0000F3DB   283 _g_CLIKSW	=	0xf3db
                         0000F3DC   284 _g_CSRY	=	0xf3dc
                         0000F3DD   285 _g_CSRX	=	0xf3dd
                         0000F3E9   286 _g_FORCLR	=	0xf3e9
                         0000F3EA   287 _g_BAKCLR	=	0xf3ea
                         0000F3EB   288 _g_BDRCLR	=	0xf3eb
                         0000F3F2   289 _g_ATRBYT	=	0xf3f2
                         0000F87F   290 _g_FNKSTR	=	0xf87f
                         0000F92A   291 _g_CLOC	=	0xf92a
                         0000F92C   292 _g_CMASK	=	0xf92c
                         0000FB02   293 _g_LOGOPR	=	0xfb02
                         0000FCB7   294 _g_GRPACX	=	0xfcb7
                         0000FCB9   295 _g_GRPACY	=	0xfcb9
                         0000FFFF   296 _g_SLTSL	=	0xffff
                                    297 ;--------------------------------------------------------
                                    298 ; ram data
                                    299 ;--------------------------------------------------------
                                    300 	.area _INITIALIZED
                                    301 ;--------------------------------------------------------
                                    302 ; absolute external ram data
                                    303 ;--------------------------------------------------------
                                    304 	.area _DABS (ABS)
                                    305 ;--------------------------------------------------------
                                    306 ; global & static initialisations
                                    307 ;--------------------------------------------------------
                                    308 	.area _HOME
                                    309 	.area _GSINIT
                                    310 	.area _GSFINAL
                                    311 	.area _GSINIT
                                    312 ;--------------------------------------------------------
                                    313 ; Home
                                    314 ;--------------------------------------------------------
                                    315 	.area _HOME
                                    316 	.area _HOME
                                    317 ;--------------------------------------------------------
                                    318 ; code
                                    319 ;--------------------------------------------------------
                                    320 	.area _SEG15
                                    321 ;E:\Dropbox\FAUSTO\SVILUPPI\MSX\CODE\C\MSXgl\projects\soccerlgMSX2/soccerlg_s15_b3.c:11: void UpdateGameState_SetPieces(u8* game_state, u8* wait_secs, u8* start_sec, u16 target_ly)
                                    322 ;	---------------------------------
                                    323 ; Function UpdateGameState_SetPieces
                                    324 ; ---------------------------------
    00000000                        325 _UpdateGameState_SetPieces::
    00000000 DD E5            [15]  326 	push	ix
    00000002 DD 21 00 00      [14]  327 	ld	ix,#0
    00000006 DD 39            [15]  328 	add	ix,sp
    00000008 FD 21 E5 FF      [14]  329 	ld	iy, #-27
    0000000C FD 39            [15]  330 	add	iy, sp
    0000000E FD F9            [10]  331 	ld	sp, iy
    00000010 DD 75 FE         [19]  332 	ld	-2 (ix), l
    00000013 DD 74 FF         [19]  333 	ld	-1 (ix), h
    00000016 DD 73 FC         [19]  334 	ld	-4 (ix), e
    00000019 DD 72 FD         [19]  335 	ld	-3 (ix), d
                                    336 ;E:\Dropbox\FAUSTO\SVILUPPI\MSX\CODE\C\MSXgl\projects\soccerlgMSX2/soccerlg_s15_b3.c:15: if (*game_state == 7) {
    0000001C DD 6E FE         [19]  337 	ld	l, -2 (ix)
    0000001F DD 66 FF         [19]  338 	ld	h, -1 (ix)
    00000022 7E               [ 7]  339 	ld	a, (hl)
    00000023 DD 77 FB         [19]  340 	ld	-5 (ix), a
    00000026 D6 07            [ 7]  341 	sub	a, #0x07
    00000028 C2r46r03         [10]  342 	jp	NZ,00192$
                                    343 ;E:\Dropbox\FAUSTO\SVILUPPI\MSX\CODE\C\MSXgl\projects\soccerlgMSX2/soccerlg_s15_b3.c:17: u8 throw_team = (g_thrower_id < 7) ? TEAM_1 : TEAM_2;
    0000002B 3Ar00r00         [13]  344 	ld	a, (_g_thrower_id+0)
    0000002E D6 07            [ 7]  345 	sub	a, #0x07
    00000030 30 0A            [12]  346 	jr	NC, 00196$
    00000032 AF               [ 4]  347 	xor	a, a
    00000033 DD 77 FA         [19]  348 	ld	-6 (ix), a
    00000036 DD 77 FB         [19]  349 	ld	-5 (ix), a
    00000039 C3r44r00         [10]  350 	jp	00197$
    0000003C                        351 00196$:
    0000003C DD 36 FA 01      [19]  352 	ld	-6 (ix), #0x01
    00000040 DD 36 FB 00      [19]  353 	ld	-5 (ix), #0
    00000044                        354 00197$:
    00000044 DD 7E FA         [19]  355 	ld	a, -6 (ix)
    00000047 DD 77 F7         [19]  356 	ld	-9 (ix), a
                                    357 ;E:\Dropbox\FAUSTO\SVILUPPI\MSX\CODE\C\MSXgl\projects\soccerlgMSX2/soccerlg_s15_b3.c:18: bool is_human = FALSE;
    0000004A DD 36 F8 00      [19]  358 	ld	-8 (ix), #0x00
                                    359 ;E:\Dropbox\FAUSTO\SVILUPPI\MSX\CODE\C\MSXgl\projects\soccerlgMSX2/soccerlg_s15_b3.c:21: if (throw_team == TEAM_2) { is_human = TRUE; joy_port = 0; }
    0000004E DD 7E F7         [19]  360 	ld	a, -9 (ix)
    00000051 3D               [ 4]  361 	dec	a
    00000052 20 07            [12]  362 	jr	NZ, 00105$
    00000054 DD 36 F8 01      [19]  363 	ld	-8 (ix), #0x01
    00000058 C3r6Br00         [10]  364 	jp	00106$
    0000005B                        365 00105$:
                                    366 ;E:\Dropbox\FAUSTO\SVILUPPI\MSX\CODE\C\MSXgl\projects\soccerlgMSX2/soccerlg_s15_b3.c:22: else if (throw_team == TEAM_1 && GameMode == GAMEMODE_P1_VS_P2) { is_human = TRUE; joy_port = 1; }
    0000005B DD 7E F7         [19]  367 	ld	a, -9 (ix)
    0000005E B7               [ 4]  368 	or	a, a
    0000005F 20 0A            [12]  369 	jr	NZ, 00106$
    00000061 3Ar00r00         [13]  370 	ld	a, (_GameMode+0)
    00000064 3D               [ 4]  371 	dec	a
    00000065 20 04            [12]  372 	jr	NZ, 00106$
    00000067 DD 36 F8 01      [19]  373 	ld	-8 (ix), #0x01
    0000006B                        374 00106$:
                                    375 ;E:\Dropbox\FAUSTO\SVILUPPI\MSX\CODE\C\MSXgl\projects\soccerlgMSX2/soccerlg_s15_b3.c:24: T1_Carrier = T2_Carrier = T1_Receiver = T2_Receiver = 0xFF; // Forza pulizia focus
    0000006B 21r00r00         [10]  376 	ld	hl, #_T2_Receiver
    0000006E 36 FF            [10]  377 	ld	(hl), #0xff
    00000070 21r00r00         [10]  378 	ld	hl, #_T1_Receiver
    00000073 36 FF            [10]  379 	ld	(hl), #0xff
    00000075 21r00r00         [10]  380 	ld	hl, #_T2_Carrier
    00000078 36 FF            [10]  381 	ld	(hl), #0xff
    0000007A FD 21r00r00      [14]  382 	ld	iy, #_T1_Carrier
    0000007E FD 36 00 FF      [19]  383 	ld	0 (iy), #0xff
                                    384 ;E:\Dropbox\FAUSTO\SVILUPPI\MSX\CODE\C\MSXgl\projects\soccerlgMSX2/soccerlg_s15_b3.c:26: if (*start_sec < Frms) { // Se Frms scala ciclicamente o wrap down
    00000082 DD 7E 04         [19]  385 	ld	a, 4 (ix)
    00000085 DD 77 F9         [19]  386 	ld	-7 (ix), a
    00000088 DD 7E 05         [19]  387 	ld	a, 5 (ix)
    0000008B DD 77 FA         [19]  388 	ld	-6 (ix), a
    0000008E DD 6E F9         [19]  389 	ld	l, -7 (ix)
    00000091 DD 66 FA         [19]  390 	ld	h, -6 (ix)
    00000094 4E               [ 7]  391 	ld	c, (hl)
    00000095 21r00r00         [10]  392 	ld	hl, #_Frms
    00000098 79               [ 4]  393 	ld	a, c
    00000099 96               [ 7]  394 	sub	a, (hl)
    0000009A 30 18            [12]  395 	jr	NC, 00110$
                                    396 ;E:\Dropbox\FAUSTO\SVILUPPI\MSX\CODE\C\MSXgl\projects\soccerlgMSX2/soccerlg_s15_b3.c:27: if (*wait_secs > 0) (*wait_secs)--; 
    0000009C DD 6E FC         [19]  397 	ld	l, -4 (ix)
    0000009F DD 66 FD         [19]  398 	ld	h, -3 (ix)
    000000A2 7E               [ 7]  399 	ld	a, (hl)
    000000A3 DD 77 FB         [19]  400 	ld	-5 (ix), a
    000000A6 B7               [ 4]  401 	or	a, a
    000000A7 28 0B            [12]  402 	jr	Z, 00110$
    000000A9 DD 7E FB         [19]  403 	ld	a, -5 (ix)
    000000AC 3D               [ 4]  404 	dec	a
    000000AD DD 6E FC         [19]  405 	ld	l, -4 (ix)
    000000B0 DD 66 FD         [19]  406 	ld	h, -3 (ix)
    000000B3 77               [ 7]  407 	ld	(hl), a
    000000B4                        408 00110$:
                                    409 ;E:\Dropbox\FAUSTO\SVILUPPI\MSX\CODE\C\MSXgl\projects\soccerlgMSX2/soccerlg_s15_b3.c:29: *start_sec = Frms;
    000000B4 DD 6E F9         [19]  410 	ld	l, -7 (ix)
    000000B7 DD 66 FA         [19]  411 	ld	h, -6 (ix)
    000000BA 3Ar00r00         [13]  412 	ld	a, (_Frms+0)
    000000BD 77               [ 7]  413 	ld	(hl), a
                                    414 ;E:\Dropbox\FAUSTO\SVILUPPI\MSX\CODE\C\MSXgl\projects\soccerlgMSX2/soccerlg_s15_b3.c:31: if (is_human) {
    000000BE DD 7E F8         [19]  415 	ld	a, -8 (ix)
    000000C1 B7               [ 4]  416 	or	a, a
    000000C2 CArF1r01         [10]  417 	jp	Z, 00134$
                                    418 ;E:\Dropbox\FAUSTO\SVILUPPI\MSX\CODE\C\MSXgl\projects\soccerlgMSX2/soccerlg_s15_b3.c:33: if (throw_team == TEAM_1) T1_Receiver = (g_selected_rec == 0) ? g_throw_rec_1 : g_throw_rec_2;
    000000C5 DD 7E F7         [19]  419 	ld	a, -9 (ix)
    000000C8 B7               [ 4]  420 	or	a, a
    000000C9 20 15            [12]  421 	jr	NZ, 00112$
    000000CB 3Ar00r00         [13]  422 	ld	a, (_g_selected_rec+0)
    000000CE B7               [ 4]  423 	or	a, a
    000000CF 20 06            [12]  424 	jr	NZ, 00198$
    000000D1 3Ar00r00         [13]  425 	ld	a, (_g_throw_rec_1+0)
    000000D4 C3rDAr00         [10]  426 	jp	00199$
    000000D7                        427 00198$:
    000000D7 3Ar00r00         [13]  428 	ld	a, (_g_throw_rec_2+0)
    000000DA                        429 00199$:
    000000DA 32r00r00         [13]  430 	ld	(_T1_Receiver+0), a
    000000DD C3rF2r00         [10]  431 	jp	00113$
    000000E0                        432 00112$:
                                    433 ;E:\Dropbox\FAUSTO\SVILUPPI\MSX\CODE\C\MSXgl\projects\soccerlgMSX2/soccerlg_s15_b3.c:34: else T2_Receiver = (g_selected_rec == 0) ? g_throw_rec_1 : g_throw_rec_2;
    000000E0 3Ar00r00         [13]  434 	ld	a, (_g_selected_rec+0)
    000000E3 B7               [ 4]  435 	or	a, a
    000000E4 20 06            [12]  436 	jr	NZ, 00200$
    000000E6 3Ar00r00         [13]  437 	ld	a, (_g_throw_rec_1+0)
    000000E9 C3rEFr00         [10]  438 	jp	00201$
    000000EC                        439 00200$:
    000000EC 3Ar00r00         [13]  440 	ld	a, (_g_throw_rec_2+0)
    000000EF                        441 00201$:
    000000EF 32r00r00         [13]  442 	ld	(_T2_Receiver+0), a
    000000F2                        443 00113$:
                                    444 ;E:\Dropbox\FAUSTO\SVILUPPI\MSX\CODE\C\MSXgl\projects\soccerlgMSX2/soccerlg_s15_b3.c:37: u8 dir = g_player_input[throw_team].direction;
    000000F2 DD 4E F7         [19]  445 	ld	c, -9 (ix)
    000000F5 06 00            [ 7]  446 	ld	b, #0x00
    000000F7 69               [ 4]  447 	ld	l, c
    000000F8 60               [ 4]  448 	ld	h, b
    000000F9 29               [11]  449 	add	hl, hl
    000000FA 09               [11]  450 	add	hl, bc
    000000FB DD 75 FA         [19]  451 	ld	-6 (ix), l
    000000FE DD 74 FB         [19]  452 	ld	-5 (ix), h
    00000101 3Er00            [ 7]  453 	ld	a, #<(_g_player_input)
    00000103 DD 86 FA         [19]  454 	add	a, -6 (ix)
    00000106 DD 77 F8         [19]  455 	ld	-8 (ix), a
    00000109 3Es00            [ 7]  456 	ld	a, #>(_g_player_input)
    0000010B DD 8E FB         [19]  457 	adc	a, -5 (ix)
    0000010E DD 77 F9         [19]  458 	ld	-7 (ix), a
    00000111 DD 6E F8         [19]  459 	ld	l, -8 (ix)
    00000114 DD 66 F9         [19]  460 	ld	h, -7 (ix)
    00000117 7E               [ 7]  461 	ld	a, (hl)
    00000118 DD 77 FB         [19]  462 	ld	-5 (ix), a
                                    463 ;E:\Dropbox\FAUSTO\SVILUPPI\MSX\CODE\C\MSXgl\projects\soccerlgMSX2/soccerlg_s15_b3.c:38: if (dir != DIRECTION_NONE && g_last_input_dir == DIRECTION_NONE) g_selected_rec = 1 - g_selected_rec;
    0000011B B7               [ 4]  464 	or	a, a
    0000011C 28 11            [12]  465 	jr	Z, 00115$
    0000011E 3Ar00r00         [13]  466 	ld	a, (_g_last_input_dir+0)
    00000121 B7               [ 4]  467 	or	a, a
    00000122 20 0B            [12]  468 	jr	NZ, 00115$
    00000124 3Ar00r00         [13]  469 	ld	a, (_g_selected_rec+0)
    00000127 4F               [ 4]  470 	ld	c, a
    00000128 21r00r00         [10]  471 	ld	hl, #_g_selected_rec
    0000012B 3E 01            [ 7]  472 	ld	a, #0x01
    0000012D 91               [ 4]  473 	sub	a, c
    0000012E 77               [ 7]  474 	ld	(hl), a
    0000012F                        475 00115$:
                                    476 ;E:\Dropbox\FAUSTO\SVILUPPI\MSX\CODE\C\MSXgl\projects\soccerlgMSX2/soccerlg_s15_b3.c:39: g_last_input_dir = dir;
    0000012F DD 7E FB         [19]  477 	ld	a, -5 (ix)
    00000132 32r00r00         [13]  478 	ld	(_g_last_input_dir+0), a
                                    479 ;E:\Dropbox\FAUSTO\SVILUPPI\MSX\CODE\C\MSXgl\projects\soccerlgMSX2/soccerlg_s15_b3.c:41: bool do_throw = g_player_input[throw_team].trigger_pressed;
    00000135 DD 7E F8         [19]  480 	ld	a, -8 (ix)
    00000138 DD 77 FA         [19]  481 	ld	-6 (ix), a
    0000013B DD 7E F9         [19]  482 	ld	a, -7 (ix)
    0000013E DD 77 FB         [19]  483 	ld	-5 (ix), a
    00000141 DD 6E FA         [19]  484 	ld	l, -6 (ix)
    00000144 DD 66 FB         [19]  485 	ld	h, -5 (ix)
    00000147 23               [ 6]  486 	inc	hl
    00000148 7E               [ 7]  487 	ld	a, (hl)
    00000149 DD 77 FB         [19]  488 	ld	-5 (ix), a
                                    489 ;E:\Dropbox\FAUSTO\SVILUPPI\MSX\CODE\C\MSXgl\projects\soccerlgMSX2/soccerlg_s15_b3.c:43: if (*wait_secs == 0) do_throw = TRUE; // Lancio automatico scaduto il tempo
    0000014C DD 6E FC         [19]  490 	ld	l, -4 (ix)
    0000014F DD 66 FD         [19]  491 	ld	h, -3 (ix)
    00000152 7E               [ 7]  492 	ld	a, (hl)
    00000153 DD 77 FA         [19]  493 	ld	-6 (ix), a
    00000156 B7               [ 4]  494 	or	a, a
    00000157 20 04            [12]  495 	jr	NZ, 00118$
    00000159 DD 36 FB 01      [19]  496 	ld	-5 (ix), #0x01
    0000015D                        497 00118$:
                                    498 ;E:\Dropbox\FAUSTO\SVILUPPI\MSX\CODE\C\MSXgl\projects\soccerlgMSX2/soccerlg_s15_b3.c:45: if (do_throw) {
    0000015D DD 7E FB         [19]  499 	ld	a, -5 (ix)
    00000160 B7               [ 4]  500 	or	a, a
    00000161 CAr1Dr0A         [10]  501 	jp	Z, 00194$
                                    502 ;E:\Dropbox\FAUSTO\SVILUPPI\MSX\CODE\C\MSXgl\projects\soccerlgMSX2/soccerlg_s15_b3.c:46: if (RestartType == RESTART_THROWIN || RestartType == RESTART_OFFSIDE) {
    00000164 3Ar00r00         [13]  503 	ld	a, (_RestartType+0)
    00000167 3D               [ 4]  504 	dec	a
    00000168 28 07            [12]  505 	jr	Z, 00119$
    0000016A 3Ar00r00         [13]  506 	ld	a, (_RestartType+0)
    0000016D D6 07            [ 7]  507 	sub	a, #0x07
    0000016F 20 21            [12]  508 	jr	NZ, 00120$
    00000171                        509 00119$:
                                    510 ;E:\Dropbox\FAUSTO\SVILUPPI\MSX\CODE\C\MSXgl\projects\soccerlgMSX2/soccerlg_s15_b3.c:47: CallFnc_VOID_U8U8(SEG_GAMESTATE_7, ExecuteThrowIn, g_thrower_id, (g_selected_rec == 0) ? g_throw_rec_1 : g_throw_rec_2);
    00000171 3Ar00r00         [13]  511 	ld	a, (_g_selected_rec+0)
    00000174 B7               [ 4]  512 	or	a, a
    00000175 20 06            [12]  513 	jr	NZ, 00202$
    00000177 3Ar00r00         [13]  514 	ld	a, (_g_throw_rec_1+0)
    0000017A C3r80r01         [10]  515 	jp	00203$
    0000017D                        516 00202$:
    0000017D 3Ar00r00         [13]  517 	ld	a, (_g_throw_rec_2+0)
    00000180                        518 00203$:
    00000180 F5               [11]  519 	push	af
    00000181 33               [ 6]  520 	inc	sp
    00000182 3Ar00r00         [13]  521 	ld	a, (_g_thrower_id+0)
    00000185 F5               [11]  522 	push	af
    00000186 33               [ 6]  523 	inc	sp
    00000187 11r00r00         [10]  524 	ld	de, #_ExecuteThrowIn
    0000018A 3E 11            [ 7]  525 	ld	a, #0x11
    0000018C CDr00r00         [17]  526 	call	_CallFnc_VOID_U8U8
    0000018F C3rB0r01         [10]  527 	jp	00121$
    00000192                        528 00120$:
                                    529 ;E:\Dropbox\FAUSTO\SVILUPPI\MSX\CODE\C\MSXgl\projects\soccerlgMSX2/soccerlg_s15_b3.c:49: CallFnc_VOID_U8U8(SEG_GAMESTATE_7, ExecuteCornerKick, g_thrower_id, (g_selected_rec == 0) ? g_throw_rec_1 : g_throw_rec_2);
    00000192 3Ar00r00         [13]  530 	ld	a, (_g_selected_rec+0)
    00000195 B7               [ 4]  531 	or	a, a
    00000196 20 06            [12]  532 	jr	NZ, 00204$
    00000198 3Ar00r00         [13]  533 	ld	a, (_g_throw_rec_1+0)
    0000019B C3rA1r01         [10]  534 	jp	00205$
    0000019E                        535 00204$:
    0000019E 3Ar00r00         [13]  536 	ld	a, (_g_throw_rec_2+0)
    000001A1                        537 00205$:
    000001A1 F5               [11]  538 	push	af
    000001A2 33               [ 6]  539 	inc	sp
    000001A3 3Ar00r00         [13]  540 	ld	a, (_g_thrower_id+0)
    000001A6 F5               [11]  541 	push	af
    000001A7 33               [ 6]  542 	inc	sp
    000001A8 11r00r00         [10]  543 	ld	de, #_ExecuteCornerKick
    000001AB 3E 11            [ 7]  544 	ld	a, #0x11
    000001AD CDr00r00         [17]  545 	call	_CallFnc_VOID_U8U8
    000001B0                        546 00121$:
                                    547 ;E:\Dropbox\FAUSTO\SVILUPPI\MSX\CODE\C\MSXgl\projects\soccerlgMSX2/soccerlg_s15_b3.c:51: g_pass_max_frames = (g_pass_max_frames * 85) / 100; // Aumenta la velocità del 15%
    000001B0 3Ar00r00         [13]  548 	ld	a, (_g_pass_max_frames+0)
    000001B3 DD 77 FA         [19]  549 	ld	-6 (ix), a
    000001B6 DD 36 FB 00      [19]  550 	ld	-5 (ix), #0x00
    000001BA 4F               [ 4]  551 	ld	c, a
    000001BB 06 00            [ 7]  552 	ld	b, #0x00
    000001BD 69               [ 4]  553 	ld	l, c
    000001BE 60               [ 4]  554 	ld	h, b
    000001BF 29               [11]  555 	add	hl, hl
    000001C0 29               [11]  556 	add	hl, hl
    000001C1 09               [11]  557 	add	hl, bc
    000001C2 29               [11]  558 	add	hl, hl
    000001C3 29               [11]  559 	add	hl, hl
    000001C4 09               [11]  560 	add	hl, bc
    000001C5 29               [11]  561 	add	hl, hl
    000001C6 29               [11]  562 	add	hl, hl
    000001C7 09               [11]  563 	add	hl, bc
    000001C8 DD 75 FA         [19]  564 	ld	-6 (ix), l
    000001CB DD 74 FB         [19]  565 	ld	-5 (ix), h
    000001CE 11 64 00         [10]  566 	ld	de, #0x0064
    000001D1 DD 6E FA         [19]  567 	ld	l, -6 (ix)
                                    568 ;	spillPairReg hl
                                    569 ;	spillPairReg hl
    000001D4 DD 66 FB         [19]  570 	ld	h, -5 (ix)
                                    571 ;	spillPairReg hl
                                    572 ;	spillPairReg hl
    000001D7 CDr00r00         [17]  573 	call	__divsint
    000001DA 21r00r00         [10]  574 	ld	hl, #_g_pass_max_frames
    000001DD 73               [ 7]  575 	ld	(hl), e
                                    576 ;E:\Dropbox\FAUSTO\SVILUPPI\MSX\CODE\C\MSXgl\projects\soccerlgMSX2/soccerlg_s15_b3.c:52: *game_state = 3; TimerEnabled = TRUE;
    000001DE DD 6E FE         [19]  577 	ld	l, -2 (ix)
    000001E1 DD 66 FF         [19]  578 	ld	h, -1 (ix)
    000001E4 36 03            [10]  579 	ld	(hl), #0x03
    000001E6 FD 21r00r00      [14]  580 	ld	iy, #_TimerEnabled
    000001EA FD 36 00 01      [19]  581 	ld	0 (iy), #0x01
    000001EE C3r1Dr0A         [10]  582 	jp	00194$
    000001F1                        583 00134$:
                                    584 ;E:\Dropbox\FAUSTO\SVILUPPI\MSX\CODE\C\MSXgl\projects\soccerlgMSX2/soccerlg_s15_b3.c:55: if (*wait_secs == 0) {
    000001F1 DD 6E FC         [19]  585 	ld	l, -4 (ix)
    000001F4 DD 66 FD         [19]  586 	ld	h, -3 (ix)
    000001F7 7E               [ 7]  587 	ld	a, (hl)
    000001F8 B7               [ 4]  588 	or	a, a
    000001F9 C2r1Dr0A         [10]  589 	jp	NZ, 00194$
                                    590 ;E:\Dropbox\FAUSTO\SVILUPPI\MSX\CODE\C\MSXgl\projects\soccerlgMSX2/soccerlg_s15_b3.c:56: u8 target = ((Frms % 2) == 0) ? g_throw_rec_1 : g_throw_rec_2;
    000001FC 21r00r00         [10]  591 	ld	hl, #_Frms
    000001FF CB 46            [12]  592 	bit	0, (hl)
    00000201 20 09            [12]  593 	jr	NZ, 00206$
    00000203 3Ar00r00         [13]  594 	ld	a, (_g_throw_rec_1+0)
    00000206 DD 77 FB         [19]  595 	ld	-5 (ix), a
    00000209 C3r12r02         [10]  596 	jp	00207$
    0000020C                        597 00206$:
    0000020C 3Ar00r00         [13]  598 	ld	a, (_g_throw_rec_2+0)
    0000020F DD 77 FB         [19]  599 	ld	-5 (ix), a
    00000212                        600 00207$:
                                    601 ;E:\Dropbox\FAUSTO\SVILUPPI\MSX\CODE\C\MSXgl\projects\soccerlgMSX2/soccerlg_s15_b3.c:57: if (RestartType == RESTART_THROWIN || RestartType == RESTART_OFFSIDE) {
    00000212 3Ar00r00         [13]  602 	ld	a, (_RestartType+0)
    00000215 3D               [ 4]  603 	dec	a
    00000216 28 07            [12]  604 	jr	Z, 00127$
    00000218 3Ar00r00         [13]  605 	ld	a, (_RestartType+0)
    0000021B D6 07            [ 7]  606 	sub	a, #0x07
    0000021D 20 15            [12]  607 	jr	NZ, 00128$
    0000021F                        608 00127$:
                                    609 ;E:\Dropbox\FAUSTO\SVILUPPI\MSX\CODE\C\MSXgl\projects\soccerlgMSX2/soccerlg_s15_b3.c:58: CallFnc_VOID_U8U8(SEG_GAMESTATE_7, ExecuteThrowIn, g_thrower_id, target);
    0000021F DD 7E FB         [19]  610 	ld	a, -5 (ix)
    00000222 F5               [11]  611 	push	af
    00000223 33               [ 6]  612 	inc	sp
    00000224 3Ar00r00         [13]  613 	ld	a, (_g_thrower_id+0)
    00000227 F5               [11]  614 	push	af
    00000228 33               [ 6]  615 	inc	sp
    00000229 11r00r00         [10]  616 	ld	de, #_ExecuteThrowIn
    0000022C 3E 11            [ 7]  617 	ld	a, #0x11
    0000022E CDr00r00         [17]  618 	call	_CallFnc_VOID_U8U8
    00000231 C3r05r03         [10]  619 	jp	00129$
    00000234                        620 00128$:
                                    621 ;E:\Dropbox\FAUSTO\SVILUPPI\MSX\CODE\C\MSXgl\projects\soccerlgMSX2/soccerlg_s15_b3.c:61: u8 team_to_kick = (g_thrower_id < 7) ? TEAM_1 : TEAM_2;
    00000234 3Ar00r00         [13]  622 	ld	a, (_g_thrower_id+0)
    00000237 D6 07            [ 7]  623 	sub	a, #0x07
    00000239 30 0A            [12]  624 	jr	NC, 00208$
    0000023B AF               [ 4]  625 	xor	a, a
    0000023C DD 77 FA         [19]  626 	ld	-6 (ix), a
    0000023F DD 77 FB         [19]  627 	ld	-5 (ix), a
    00000242 C3r4Dr02         [10]  628 	jp	00209$
    00000245                        629 00208$:
    00000245 DD 36 FA 01      [19]  630 	ld	-6 (ix), #0x01
    00000249 DD 36 FB 00      [19]  631 	ld	-5 (ix), #0
    0000024D                        632 00209$:
    0000024D DD 7E FA         [19]  633 	ld	a, -6 (ix)
                                    634 ;E:\Dropbox\FAUSTO\SVILUPPI\MSX\CODE\C\MSXgl\projects\soccerlgMSX2/soccerlg_s15_b3.c:62: u8 start_t = (team_to_kick == TEAM_1) ? 1 : 8;
    00000250 DD 77 FB         [19]  635 	ld	-5 (ix), a
    00000253 B7               [ 4]  636 	or	a, a
    00000254 20 0B            [12]  637 	jr	NZ, 00210$
    00000256 DD 36 FA 01      [19]  638 	ld	-6 (ix), #0x01
    0000025A DD 36 FB 00      [19]  639 	ld	-5 (ix), #0
    0000025E C3r69r02         [10]  640 	jp	00211$
    00000261                        641 00210$:
    00000261 DD 36 FA 08      [19]  642 	ld	-6 (ix), #0x08
    00000265 DD 36 FB 00      [19]  643 	ld	-5 (ix), #0
    00000269                        644 00211$:
    00000269 DD 7E FA         [19]  645 	ld	a, -6 (ix)
                                    646 ;E:\Dropbox\FAUSTO\SVILUPPI\MSX\CODE\C\MSXgl\projects\soccerlgMSX2/soccerlg_s15_b3.c:64: out_targets[0] = start_t;
    0000026C DD 77 FB         [19]  647 	ld	-5 (ix), a
    0000026F DD 77 E5         [19]  648 	ld	-27 (ix), a
                                    649 ;E:\Dropbox\FAUSTO\SVILUPPI\MSX\CODE\C\MSXgl\projects\soccerlgMSX2/soccerlg_s15_b3.c:65: out_targets[1] = start_t + 1;
    00000272 DD 7E FB         [19]  650 	ld	a, -5 (ix)
    00000275 3C               [ 4]  651 	inc	a
    00000276 DD 77 FA         [19]  652 	ld	-6 (ix), a
    00000279 DD 77 E6         [19]  653 	ld	-26 (ix), a
                                    654 ;E:\Dropbox\FAUSTO\SVILUPPI\MSX\CODE\C\MSXgl\projects\soccerlgMSX2/soccerlg_s15_b3.c:66: out_targets[2] = start_t + 4;
    0000027C DD 7E FB         [19]  655 	ld	a, -5 (ix)
    0000027F C6 04            [ 7]  656 	add	a, #0x04
    00000281 DD 77 FA         [19]  657 	ld	-6 (ix), a
    00000284 DD 77 E7         [19]  658 	ld	-25 (ix), a
                                    659 ;E:\Dropbox\FAUSTO\SVILUPPI\MSX\CODE\C\MSXgl\projects\soccerlgMSX2/soccerlg_s15_b3.c:67: out_targets[3] = start_t + 5;
    00000287 DD 7E FB         [19]  660 	ld	a, -5 (ix)
    0000028A C6 05            [ 7]  661 	add	a, #0x05
    0000028C DD 77 FB         [19]  662 	ld	-5 (ix), a
    0000028F DD 77 E8         [19]  663 	ld	-24 (ix), a
                                    664 ;E:\Dropbox\FAUSTO\SVILUPPI\MSX\CODE\C\MSXgl\projects\soccerlgMSX2/soccerlg_s15_b3.c:68: target = out_targets[Frms % 4];
    00000292 3Ar00r00         [13]  665 	ld	a, (_Frms+0)
    00000295 DD 77 F8         [19]  666 	ld	-8 (ix), a
    00000298 DD 36 F9 00      [19]  667 	ld	-7 (ix), #0x00
    0000029C DD 7E F8         [19]  668 	ld	a, -8 (ix)
    0000029F E6 03            [ 7]  669 	and	a, #0x03
    000002A1 DD 77 F6         [19]  670 	ld	-10 (ix), a
    000002A4 DD 36 F7 00      [19]  671 	ld	-9 (ix), #0x00
    000002A8 5F               [ 4]  672 	ld	e, a
    000002A9 16 00            [ 7]  673 	ld	d, #0x00
    000002AB 21 00 00         [10]  674 	ld	hl, #0
    000002AE 39               [11]  675 	add	hl, sp
    000002AF 19               [11]  676 	add	hl, de
    000002B0 DD 75 FA         [19]  677 	ld	-6 (ix), l
    000002B3 DD 74 FB         [19]  678 	ld	-5 (ix), h
    000002B6 7E               [ 7]  679 	ld	a, (hl)
    000002B7 DD 77 FB         [19]  680 	ld	-5 (ix), a
                                    681 ;E:\Dropbox\FAUSTO\SVILUPPI\MSX\CODE\C\MSXgl\projects\soccerlgMSX2/soccerlg_s15_b3.c:69: if (target == g_thrower_id) target = out_targets[(Frms + 1) % 4];
    000002BA 3Ar00r00         [13]  682 	ld	a, (_g_thrower_id+0)
    000002BD DD 96 FB         [19]  683 	sub	a, -5 (ix)
    000002C0 20 31            [12]  684 	jr	NZ, 00126$
    000002C2 DD 7E F8         [19]  685 	ld	a, -8 (ix)
    000002C5 C6 01            [ 7]  686 	add	a, #0x01
    000002C7 DD 77 FA         [19]  687 	ld	-6 (ix), a
    000002CA DD 7E F9         [19]  688 	ld	a, -7 (ix)
    000002CD CE 00            [ 7]  689 	adc	a, #0x00
    000002CF DD 77 FB         [19]  690 	ld	-5 (ix), a
    000002D2 11 04 00         [10]  691 	ld	de, #0x0004
    000002D5 DD 6E FA         [19]  692 	ld	l, -6 (ix)
                                    693 ;	spillPairReg hl
                                    694 ;	spillPairReg hl
    000002D8 DD 66 FB         [19]  695 	ld	h, -5 (ix)
                                    696 ;	spillPairReg hl
                                    697 ;	spillPairReg hl
    000002DB CDr00r00         [17]  698 	call	__modsint
    000002DE DD 73 F8         [19]  699 	ld	-8 (ix), e
    000002E1 DD 72 F9         [19]  700 	ld	-7 (ix), d
    000002E4 21 00 00         [10]  701 	ld	hl, #0
    000002E7 39               [11]  702 	add	hl, sp
    000002E8 19               [11]  703 	add	hl, de
    000002E9 DD 75 FA         [19]  704 	ld	-6 (ix), l
    000002EC DD 74 FB         [19]  705 	ld	-5 (ix), h
    000002EF 7E               [ 7]  706 	ld	a, (hl)
    000002F0 DD 77 FB         [19]  707 	ld	-5 (ix), a
    000002F3                        708 00126$:
                                    709 ;E:\Dropbox\FAUSTO\SVILUPPI\MSX\CODE\C\MSXgl\projects\soccerlgMSX2/soccerlg_s15_b3.c:71: CallFnc_VOID_U8U8(SEG_GAMESTATE_7, ExecuteCornerKick, g_thrower_id, target);
    000002F3 DD 7E FB         [19]  710 	ld	a, -5 (ix)
    000002F6 F5               [11]  711 	push	af
    000002F7 33               [ 6]  712 	inc	sp
    000002F8 3Ar00r00         [13]  713 	ld	a, (_g_thrower_id+0)
    000002FB F5               [11]  714 	push	af
    000002FC 33               [ 6]  715 	inc	sp
    000002FD 11r00r00         [10]  716 	ld	de, #_ExecuteCornerKick
    00000300 3E 11            [ 7]  717 	ld	a, #0x11
    00000302 CDr00r00         [17]  718 	call	_CallFnc_VOID_U8U8
    00000305                        719 00129$:
                                    720 ;E:\Dropbox\FAUSTO\SVILUPPI\MSX\CODE\C\MSXgl\projects\soccerlgMSX2/soccerlg_s15_b3.c:73: g_pass_max_frames = (g_pass_max_frames * 85) / 100; // Aumenta la velocità del 15%
    00000305 3Ar00r00         [13]  721 	ld	a, (_g_pass_max_frames+0)
    00000308 DD 77 FA         [19]  722 	ld	-6 (ix), a
    0000030B DD 36 FB 00      [19]  723 	ld	-5 (ix), #0x00
    0000030F 4F               [ 4]  724 	ld	c, a
    00000310 06 00            [ 7]  725 	ld	b, #0x00
    00000312 69               [ 4]  726 	ld	l, c
    00000313 60               [ 4]  727 	ld	h, b
    00000314 29               [11]  728 	add	hl, hl
    00000315 29               [11]  729 	add	hl, hl
    00000316 09               [11]  730 	add	hl, bc
    00000317 29               [11]  731 	add	hl, hl
    00000318 29               [11]  732 	add	hl, hl
    00000319 09               [11]  733 	add	hl, bc
    0000031A 29               [11]  734 	add	hl, hl
    0000031B 29               [11]  735 	add	hl, hl
    0000031C 09               [11]  736 	add	hl, bc
    0000031D DD 75 FA         [19]  737 	ld	-6 (ix), l
    00000320 DD 74 FB         [19]  738 	ld	-5 (ix), h
    00000323 11 64 00         [10]  739 	ld	de, #0x0064
    00000326 DD 6E FA         [19]  740 	ld	l, -6 (ix)
                                    741 ;	spillPairReg hl
                                    742 ;	spillPairReg hl
    00000329 DD 66 FB         [19]  743 	ld	h, -5 (ix)
                                    744 ;	spillPairReg hl
                                    745 ;	spillPairReg hl
    0000032C CDr00r00         [17]  746 	call	__divsint
    0000032F 21r00r00         [10]  747 	ld	hl, #_g_pass_max_frames
    00000332 73               [ 7]  748 	ld	(hl), e
                                    749 ;E:\Dropbox\FAUSTO\SVILUPPI\MSX\CODE\C\MSXgl\projects\soccerlgMSX2/soccerlg_s15_b3.c:74: *game_state = 3; TimerEnabled = TRUE;
    00000333 DD 6E FE         [19]  750 	ld	l, -2 (ix)
    00000336 DD 66 FF         [19]  751 	ld	h, -1 (ix)
    00000339 36 03            [10]  752 	ld	(hl), #0x03
    0000033B FD 21r00r00      [14]  753 	ld	iy, #_TimerEnabled
    0000033F FD 36 00 01      [19]  754 	ld	0 (iy), #0x01
    00000343 C3r1Dr0A         [10]  755 	jp	00194$
    00000346                        756 00192$:
                                    757 ;E:\Dropbox\FAUSTO\SVILUPPI\MSX\CODE\C\MSXgl\projects\soccerlgMSX2/soccerlg_s15_b3.c:77: } else if (*game_state == 8) {
    00000346 DD 7E FB         [19]  758 	ld	a, -5 (ix)
    00000349 D6 08            [ 7]  759 	sub	a, #0x08
    0000034B C2r1Dr0A         [10]  760 	jp	NZ,00194$
                                    761 ;E:\Dropbox\FAUSTO\SVILUPPI\MSX\CODE\C\MSXgl\projects\soccerlgMSX2/soccerlg_s15_b3.c:79: T1_Carrier = T2_Carrier = T1_Receiver = T2_Receiver = 0xFF; // Forza pulizia focus
    0000034E 21r00r00         [10]  762 	ld	hl, #_T2_Receiver
    00000351 36 FF            [10]  763 	ld	(hl), #0xff
    00000353 21r00r00         [10]  764 	ld	hl, #_T1_Receiver
    00000356 36 FF            [10]  765 	ld	(hl), #0xff
    00000358 21r00r00         [10]  766 	ld	hl, #_T2_Carrier
    0000035B 36 FF            [10]  767 	ld	(hl), #0xff
    0000035D FD 21r00r00      [14]  768 	ld	iy, #_T1_Carrier
    00000361 FD 36 00 FF      [19]  769 	ld	0 (iy), #0xff
                                    770 ;E:\Dropbox\FAUSTO\SVILUPPI\MSX\CODE\C\MSXgl\projects\soccerlgMSX2/soccerlg_s15_b3.c:81: if (*start_sec < Frms) { // Se Frms scala ciclicamente o wrap down
    00000365 DD 5E 04         [19]  771 	ld	e, 4 (ix)
    00000368 DD 56 05         [19]  772 	ld	d, 5 (ix)
    0000036B 1A               [ 7]  773 	ld	a, (de)
    0000036C 21r00r00         [10]  774 	ld	hl, #_Frms
    0000036F 96               [ 7]  775 	sub	a, (hl)
    00000370 30 12            [12]  776 	jr	NC, 00139$
                                    777 ;E:\Dropbox\FAUSTO\SVILUPPI\MSX\CODE\C\MSXgl\projects\soccerlgMSX2/soccerlg_s15_b3.c:82: if (*wait_secs > 0) (*wait_secs)--; 
    00000372 DD 6E FC         [19]  778 	ld	l, -4 (ix)
    00000375 DD 66 FD         [19]  779 	ld	h, -3 (ix)
    00000378 7E               [ 7]  780 	ld	a, (hl)
    00000379 B7               [ 4]  781 	or	a, a
    0000037A 28 08            [12]  782 	jr	Z, 00139$
    0000037C 3D               [ 4]  783 	dec	a
    0000037D DD 6E FC         [19]  784 	ld	l, -4 (ix)
    00000380 DD 66 FD         [19]  785 	ld	h, -3 (ix)
    00000383 77               [ 7]  786 	ld	(hl), a
    00000384                        787 00139$:
                                    788 ;E:\Dropbox\FAUSTO\SVILUPPI\MSX\CODE\C\MSXgl\projects\soccerlgMSX2/soccerlg_s15_b3.c:84: *start_sec = Frms;
    00000384 3Ar00r00         [13]  789 	ld	a, (_Frms+0)
    00000387 12               [ 7]  790 	ld	(de), a
                                    791 ;E:\Dropbox\FAUSTO\SVILUPPI\MSX\CODE\C\MSXgl\projects\soccerlgMSX2/soccerlg_s15_b3.c:86: u8 gk = (RestartSideY < 256) ? 0 : 7;
    00000388 2Ar00r00         [16]  792 	ld	hl, (_RestartSideY)
    0000038B DD 75 F7         [19]  793 	ld	-9 (ix), l
    0000038E DD 74 F8         [19]  794 	ld	-8 (ix), h
    00000391 7C               [ 4]  795 	ld	a, h
    00000392 D6 01            [ 7]  796 	sub	a, #0x01
    00000394 30 0A            [12]  797 	jr	NC, 00212$
    00000396 AF               [ 4]  798 	xor	a, a
    00000397 DD 77 FA         [19]  799 	ld	-6 (ix), a
    0000039A DD 77 FB         [19]  800 	ld	-5 (ix), a
    0000039D C3rA8r03         [10]  801 	jp	00213$
    000003A0                        802 00212$:
    000003A0 DD 36 FA 07      [19]  803 	ld	-6 (ix), #0x07
    000003A4 DD 36 FB 00      [19]  804 	ld	-5 (ix), #0
    000003A8                        805 00213$:
    000003A8 DD 7E FA         [19]  806 	ld	a, -6 (ix)
                                    807 ;E:\Dropbox\FAUSTO\SVILUPPI\MSX\CODE\C\MSXgl\projects\soccerlgMSX2/soccerlg_s15_b3.c:87: struct ObjectInfo* GK = &SwSprite[gk];
    000003AB DD 77 E9         [19]  808 	ld	-23 (ix), a
    000003AE 4F               [ 4]  809 	ld	c, a
    000003AF 06 00            [ 7]  810 	ld	b, #0x00
    000003B1 69               [ 4]  811 	ld	l, c
    000003B2 60               [ 4]  812 	ld	h, b
    000003B3 29               [11]  813 	add	hl, hl
    000003B4 29               [11]  814 	add	hl, hl
    000003B5 09               [11]  815 	add	hl, bc
    000003B6 29               [11]  816 	add	hl, hl
    000003B7 09               [11]  817 	add	hl, bc
    000003B8 29               [11]  818 	add	hl, hl
    000003B9 09               [11]  819 	add	hl, bc
    000003BA DD 75 F5         [19]  820 	ld	-11 (ix), l
    000003BD DD 74 F6         [19]  821 	ld	-10 (ix), h
    000003C0 3Er00            [ 7]  822 	ld	a, #<(_SwSprite)
    000003C2 DD 86 F5         [19]  823 	add	a, -11 (ix)
    000003C5 DD 77 FA         [19]  824 	ld	-6 (ix), a
    000003C8 3Es00            [ 7]  825 	ld	a, #>(_SwSprite)
    000003CA DD 8E F6         [19]  826 	adc	a, -10 (ix)
    000003CD DD 77 FB         [19]  827 	ld	-5 (ix), a
    000003D0 DD 7E FA         [19]  828 	ld	a, -6 (ix)
    000003D3 DD 77 EA         [19]  829 	ld	-22 (ix), a
    000003D6 DD 7E FB         [19]  830 	ld	a, -5 (ix)
    000003D9 DD 77 EB         [19]  831 	ld	-21 (ix), a
                                    832 ;E:\Dropbox\FAUSTO\SVILUPPI\MSX\CODE\C\MSXgl\projects\soccerlgMSX2/soccerlg_s15_b3.c:88: struct ObjectInfo* Ball = &SwSprite[14];
                                    833 ;E:\Dropbox\FAUSTO\SVILUPPI\MSX\CODE\C\MSXgl\projects\soccerlgMSX2/soccerlg_s15_b3.c:90: i8 dir_y = (gk == 0) ? 1 : -1;
    000003DC DD 7E E9         [19]  834 	ld	a, -23 (ix)
    000003DF B7               [ 4]  835 	or	a, a
    000003E0 20 0B            [12]  836 	jr	NZ, 00214$
    000003E2 DD 36 FA 01      [19]  837 	ld	-6 (ix), #0x01
    000003E6 DD 36 FB 00      [19]  838 	ld	-5 (ix), #0
    000003EA C3rF5r03         [10]  839 	jp	00215$
    000003ED                        840 00214$:
    000003ED DD 36 FA FF      [19]  841 	ld	-6 (ix), #0xff
    000003F1 DD 36 FB FF      [19]  842 	ld	-5 (ix), #0xff
    000003F5                        843 00215$:
    000003F5 DD 7E FA         [19]  844 	ld	a, -6 (ix)
    000003F8 DD 77 FB         [19]  845 	ld	-5 (ix), a
                                    846 ;E:\Dropbox\FAUSTO\SVILUPPI\MSX\CODE\C\MSXgl\projects\soccerlgMSX2/soccerlg_s15_b3.c:91: i8 dir_x = (RestartSideX < 128) ? 1 : -1;
    000003FB 3Ar00r00         [13]  847 	ld	a, (_RestartSideX+0)
    000003FE D6 80            [ 7]  848 	sub	a, #0x80
    00000400 30 0B            [12]  849 	jr	NC, 00216$
    00000402 DD 36 F9 01      [19]  850 	ld	-7 (ix), #0x01
    00000406 DD 36 FA 00      [19]  851 	ld	-6 (ix), #0
    0000040A C3r15r04         [10]  852 	jp	00217$
    0000040D                        853 00216$:
    0000040D DD 36 F9 FF      [19]  854 	ld	-7 (ix), #0xff
    00000411 DD 36 FA FF      [19]  855 	ld	-6 (ix), #0xff
    00000415                        856 00217$:
    00000415 DD 7E F9         [19]  857 	ld	a, -7 (ix)
    00000418 DD 77 FA         [19]  858 	ld	-6 (ix), a
                                    859 ;E:\Dropbox\FAUSTO\SVILUPPI\MSX\CODE\C\MSXgl\projects\soccerlgMSX2/soccerlg_s15_b3.c:93: u16 target_gk_x = (RestartType == RESTART_GKSAVE) ? RestartSideX : (Ball->lx - (dir_x * 6));
    0000041B 3Ar00r00         [13]  860 	ld	a, (_RestartType+0)
    0000041E D6 04            [ 7]  861 	sub	a, #0x04
    00000420 3E 01            [ 7]  862 	ld	a, #0x01
    00000422 28 01            [12]  863 	jr	Z, 00647$
    00000424 AF               [ 4]  864 	xor	a, a
    00000425                        865 00647$:
    00000425 DD 77 EC         [19]  866 	ld	-20 (ix), a
    00000428 B7               [ 4]  867 	or	a, a
    00000429 28 0D            [12]  868 	jr	Z, 00218$
    0000042B 3Ar00r00         [13]  869 	ld	a, (_RestartSideX+0)
    0000042E DD 77 F9         [19]  870 	ld	-7 (ix), a
    00000431 DD 36 FA 00      [19]  871 	ld	-6 (ix), #0x00
    00000435 C3r73r04         [10]  872 	jp	00219$
    00000438                        873 00218$:
    00000438 3Ar42r01         [13]  874 	ld	a, (#(_SwSprite + 322) + 0)
    0000043B DD 77 F9         [19]  875 	ld	-7 (ix), a
    0000043E DD 77 F3         [19]  876 	ld	-13 (ix), a
    00000441 DD 36 F4 00      [19]  877 	ld	-12 (ix), #0x00
    00000445 DD 7E FA         [19]  878 	ld	a, -6 (ix)
    00000448 DD 77 F9         [19]  879 	ld	-7 (ix), a
    0000044B 07               [ 4]  880 	rlca
    0000044C 9F               [ 4]  881 	sbc	a, a
    0000044D DD 77 FA         [19]  882 	ld	-6 (ix), a
    00000450 DD 4E F9         [19]  883 	ld	c, -7 (ix)
    00000453 DD 46 FA         [19]  884 	ld	b, -6 (ix)
    00000456 69               [ 4]  885 	ld	l, c
    00000457 60               [ 4]  886 	ld	h, b
    00000458 29               [11]  887 	add	hl, hl
    00000459 09               [11]  888 	add	hl, bc
    0000045A 29               [11]  889 	add	hl, hl
    0000045B DD 75 F5         [19]  890 	ld	-11 (ix), l
    0000045E DD 74 F6         [19]  891 	ld	-10 (ix), h
    00000461 DD 7E F3         [19]  892 	ld	a, -13 (ix)
    00000464 DD 96 F5         [19]  893 	sub	a, -11 (ix)
    00000467 DD 77 F9         [19]  894 	ld	-7 (ix), a
    0000046A DD 7E F4         [19]  895 	ld	a, -12 (ix)
    0000046D DD 9E F6         [19]  896 	sbc	a, -10 (ix)
    00000470 DD 77 FA         [19]  897 	ld	-6 (ix), a
    00000473                        898 00219$:
    00000473 DD 7E F9         [19]  899 	ld	a, -7 (ix)
    00000476 DD 77 ED         [19]  900 	ld	-19 (ix), a
    00000479 DD 7E FA         [19]  901 	ld	a, -6 (ix)
    0000047C DD 77 EE         [19]  902 	ld	-18 (ix), a
                                    903 ;E:\Dropbox\FAUSTO\SVILUPPI\MSX\CODE\C\MSXgl\projects\soccerlgMSX2/soccerlg_s15_b3.c:94: u16 target_gk_y = (RestartType == RESTART_GKSAVE) ? RestartSideY : (Ball->ly - (dir_y * 8));
    0000047F DD 7E EC         [19]  904 	ld	a, -20 (ix)
    00000482 B7               [ 4]  905 	or	a, a
    00000483 28 0F            [12]  906 	jr	Z, 00220$
    00000485 DD 7E F7         [19]  907 	ld	a, -9 (ix)
    00000488 DD 77 FA         [19]  908 	ld	-6 (ix), a
    0000048B DD 7E F8         [19]  909 	ld	a, -8 (ix)
    0000048E DD 77 FB         [19]  910 	ld	-5 (ix), a
    00000491 C3rE1r04         [10]  911 	jp	00221$
    00000494                        912 00220$:
    00000494 21r46r01         [10]  913 	ld	hl, #(_SwSprite + 322) + 4
    00000497 7E               [ 7]  914 	ld	a, (hl)
    00000498 DD 77 F8         [19]  915 	ld	-8 (ix), a
    0000049B 23               [ 6]  916 	inc	hl
    0000049C 7E               [ 7]  917 	ld	a, (hl)
    0000049D DD 77 F9         [19]  918 	ld	-7 (ix), a
    000004A0 DD 7E FB         [19]  919 	ld	a, -5 (ix)
    000004A3 DD 77 FA         [19]  920 	ld	-6 (ix), a
    000004A6 07               [ 4]  921 	rlca
    000004A7 9F               [ 4]  922 	sbc	a, a
    000004A8 DD 77 FB         [19]  923 	ld	-5 (ix), a
    000004AB 06 03            [ 7]  924 	ld	b, #0x03
    000004AD                        925 00648$:
    000004AD DD CB FA 26      [23]  926 	sla	-6 (ix)
    000004B1 DD CB FB 16      [23]  927 	rl	-5 (ix)
    000004B5 10 F6            [13]  928 	djnz	00648$
    000004B7 DD 7E F8         [19]  929 	ld	a, -8 (ix)
    000004BA DD 77 F6         [19]  930 	ld	-10 (ix), a
    000004BD DD 7E F9         [19]  931 	ld	a, -7 (ix)
    000004C0 DD 77 F7         [19]  932 	ld	-9 (ix), a
    000004C3 DD 7E FA         [19]  933 	ld	a, -6 (ix)
    000004C6 DD 77 F8         [19]  934 	ld	-8 (ix), a
    000004C9 DD 7E FB         [19]  935 	ld	a, -5 (ix)
    000004CC DD 77 F9         [19]  936 	ld	-7 (ix), a
    000004CF DD 7E F6         [19]  937 	ld	a, -10 (ix)
    000004D2 DD 96 F8         [19]  938 	sub	a, -8 (ix)
    000004D5 DD 77 FA         [19]  939 	ld	-6 (ix), a
    000004D8 DD 7E F7         [19]  940 	ld	a, -9 (ix)
    000004DB DD 9E F9         [19]  941 	sbc	a, -7 (ix)
    000004DE DD 77 FB         [19]  942 	ld	-5 (ix), a
    000004E1                        943 00221$:
    000004E1 DD 7E FA         [19]  944 	ld	a, -6 (ix)
    000004E4 DD 77 EF         [19]  945 	ld	-17 (ix), a
    000004E7 DD 7E FB         [19]  946 	ld	a, -5 (ix)
    000004EA DD 77 F0         [19]  947 	ld	-16 (ix), a
                                    948 ;E:\Dropbox\FAUSTO\SVILUPPI\MSX\CODE\C\MSXgl\projects\soccerlgMSX2/soccerlg_s15_b3.c:96: u8 team_to_kick = (gk == 0) ? TEAM_1 : TEAM_2;
    000004ED DD 7E E9         [19]  949 	ld	a, -23 (ix)
    000004F0 B7               [ 4]  950 	or	a,a
    000004F1 20 09            [12]  951 	jr	NZ, 00222$
    000004F3 DD 77 FA         [19]  952 	ld	-6 (ix), a
    000004F6 DD 77 FB         [19]  953 	ld	-5 (ix), a
    000004F9 C3r04r05         [10]  954 	jp	00223$
    000004FC                        955 00222$:
    000004FC DD 36 FA 01      [19]  956 	ld	-6 (ix), #0x01
    00000500 DD 36 FB 00      [19]  957 	ld	-5 (ix), #0
    00000504                        958 00223$:
    00000504 DD 7E FA         [19]  959 	ld	a, -6 (ix)
    00000507 DD 77 FB         [19]  960 	ld	-5 (ix), a
                                    961 ;E:\Dropbox\FAUSTO\SVILUPPI\MSX\CODE\C\MSXgl\projects\soccerlgMSX2/soccerlg_s15_b3.c:97: bool is_human = FALSE;
    0000050A DD 36 F1 00      [19]  962 	ld	-15 (ix), #0x00
                                    963 ;E:\Dropbox\FAUSTO\SVILUPPI\MSX\CODE\C\MSXgl\projects\soccerlgMSX2/soccerlg_s15_b3.c:100: if (team_to_kick == TEAM_2) { is_human = TRUE; joy_port = 0; }
    0000050E DD 7E FB         [19]  964 	ld	a, -5 (ix)
    00000511 3D               [ 4]  965 	dec	a
    00000512 20 07            [12]  966 	jr	NZ, 00144$
    00000514 DD 36 F1 01      [19]  967 	ld	-15 (ix), #0x01
    00000518 C3r2Br05         [10]  968 	jp	00145$
    0000051B                        969 00144$:
                                    970 ;E:\Dropbox\FAUSTO\SVILUPPI\MSX\CODE\C\MSXgl\projects\soccerlgMSX2/soccerlg_s15_b3.c:101: else if (team_to_kick == TEAM_1 && GameMode == GAMEMODE_P1_VS_P2) { is_human = TRUE; joy_port = 1; }
    0000051B DD 7E FB         [19]  971 	ld	a, -5 (ix)
    0000051E B7               [ 4]  972 	or	a, a
    0000051F 20 0A            [12]  973 	jr	NZ, 00145$
    00000521 3Ar00r00         [13]  974 	ld	a, (_GameMode+0)
    00000524 3D               [ 4]  975 	dec	a
    00000525 20 04            [12]  976 	jr	NZ, 00145$
    00000527 DD 36 F1 01      [19]  977 	ld	-15 (ix), #0x01
    0000052B                        978 00145$:
                                    979 ;E:\Dropbox\FAUSTO\SVILUPPI\MSX\CODE\C\MSXgl\projects\soccerlgMSX2/soccerlg_s15_b3.c:103: if (*wait_secs == 0) {
    0000052B DD 6E FC         [19]  980 	ld	l, -4 (ix)
    0000052E DD 66 FD         [19]  981 	ld	h, -3 (ix)
    00000531 7E               [ 7]  982 	ld	a, (hl)
    00000532 B7               [ 4]  983 	or	a, a
    00000533 C2r8Br09         [10]  984 	jp	NZ, 00187$
                                    985 ;E:\Dropbox\FAUSTO\SVILUPPI\MSX\CODE\C\MSXgl\projects\soccerlgMSX2/soccerlg_s15_b3.c:105: if (GK->ly != target_gk_y || GK->lx != target_gk_x) {
    00000536 DD 7E EA         [19]  986 	ld	a, -22 (ix)
    00000539 C6 04            [ 7]  987 	add	a, #0x04
    0000053B DD 77 F2         [19]  988 	ld	-14 (ix), a
    0000053E DD 7E EB         [19]  989 	ld	a, -21 (ix)
    00000541 CE 00            [ 7]  990 	adc	a, #0x00
    00000543 DD 77 F3         [19]  991 	ld	-13 (ix), a
    00000546 DD 6E F2         [19]  992 	ld	l, -14 (ix)
    00000549 DD 66 F3         [19]  993 	ld	h, -13 (ix)
    0000054C 7E               [ 7]  994 	ld	a, (hl)
    0000054D DD 77 F4         [19]  995 	ld	-12 (ix), a
    00000550 23               [ 6]  996 	inc	hl
    00000551 7E               [ 7]  997 	ld	a, (hl)
    00000552 DD 77 F5         [19]  998 	ld	-11 (ix), a
    00000555 DD 7E EF         [19]  999 	ld	a, -17 (ix)
    00000558 DD 96 F4         [19] 1000 	sub	a, -12 (ix)
    0000055B 20 0A            [12] 1001 	jr	NZ, 00653$
    0000055D DD 7E F0         [19] 1002 	ld	a, -16 (ix)
    00000560 DD 96 F5         [19] 1003 	sub	a, -11 (ix)
    00000563 3E 01            [ 7] 1004 	ld	a, #0x01
    00000565 28 01            [12] 1005 	jr	Z, 00654$
    00000567                       1006 00653$:
    00000567 AF               [ 4] 1007 	xor	a, a
    00000568                       1008 00654$:
    00000568 DD 77 F6         [19] 1009 	ld	-10 (ix), a
                                   1010 ;E:\Dropbox\FAUSTO\SVILUPPI\MSX\CODE\C\MSXgl\projects\soccerlgMSX2/soccerlg_s15_b3.c:125: GK->frame = (gk == 0) ? (((GK->anim / 6) % 2 == 0) ? SPR_GK_PLAYER_SOUTH_1 : SPR_GK_PLAYER_SOUTH_2) :
    0000056B DD 7E EA         [19] 1011 	ld	a, -22 (ix)
    0000056E C6 0F            [ 7] 1012 	add	a, #0x0f
    00000570 DD 77 F7         [19] 1013 	ld	-9 (ix), a
    00000573 DD 7E EB         [19] 1014 	ld	a, -21 (ix)
    00000576 CE 00            [ 7] 1015 	adc	a, #0x00
    00000578 DD 77 F8         [19] 1016 	ld	-8 (ix), a
                                   1017 ;E:\Dropbox\FAUSTO\SVILUPPI\MSX\CODE\C\MSXgl\projects\soccerlgMSX2/soccerlg_s15_b3.c:105: if (GK->ly != target_gk_y || GK->lx != target_gk_x) {
    0000057B DD CB F6 46      [20] 1018 	bit	0, -10 (ix)
    0000057F 28 22            [12] 1019 	jr	Z, 00170$
    00000581 DD 6E EA         [19] 1020 	ld	l, -22 (ix)
    00000584 DD 66 EB         [19] 1021 	ld	h, -21 (ix)
    00000587 7E               [ 7] 1022 	ld	a, (hl)
    00000588 DD 77 F9         [19] 1023 	ld	-7 (ix), a
    0000058B DD 77 FA         [19] 1024 	ld	-6 (ix), a
    0000058E DD 36 FB 00      [19] 1025 	ld	-5 (ix), #0x00
    00000592 DD 7E ED         [19] 1026 	ld	a, -19 (ix)
    00000595 DD 96 FA         [19] 1027 	sub	a, -6 (ix)
    00000598 20 09            [12] 1028 	jr	NZ, 00655$
    0000059A DD 7E EE         [19] 1029 	ld	a, -18 (ix)
    0000059D DD 96 FB         [19] 1030 	sub	a, -5 (ix)
    000005A0 CArD5r07         [10] 1031 	jp	Z,00171$
    000005A3                       1032 00655$:
    000005A3                       1033 00170$:
                                   1034 ;E:\Dropbox\FAUSTO\SVILUPPI\MSX\CODE\C\MSXgl\projects\soccerlgMSX2/soccerlg_s15_b3.c:107: GK->dy = (Ball->ly > GK->ly) ? 2 : -2;
    000005A3 DD 7E EA         [19] 1035 	ld	a, -22 (ix)
    000005A6 C6 12            [ 7] 1036 	add	a, #0x12
    000005A8 DD 77 FA         [19] 1037 	ld	-6 (ix), a
    000005AB DD 7E EB         [19] 1038 	ld	a, -21 (ix)
    000005AE CE 00            [ 7] 1039 	adc	a, #0x00
    000005B0 DD 77 FB         [19] 1040 	ld	-5 (ix), a
                                   1041 ;E:\Dropbox\FAUSTO\SVILUPPI\MSX\CODE\C\MSXgl\projects\soccerlgMSX2/soccerlg_s15_b3.c:106: if (GK->ly != target_gk_y) {
    000005B3 DD CB F6 46      [20] 1042 	bit	0, -10 (ix)
    000005B7 C2r87r06         [10] 1043 	jp	NZ, 00153$
                                   1044 ;E:\Dropbox\FAUSTO\SVILUPPI\MSX\CODE\C\MSXgl\projects\soccerlgMSX2/soccerlg_s15_b3.c:107: GK->dy = (Ball->ly > GK->ly) ? 2 : -2;
    000005BA 2Ar46r01         [16] 1045 	ld	hl, (#(_SwSprite + 322) + 4)
    000005BD DD 7E F4         [19] 1046 	ld	a, -12 (ix)
    000005C0 95               [ 4] 1047 	sub	a, l
    000005C1 DD 7E F5         [19] 1048 	ld	a, -11 (ix)
    000005C4 9C               [ 4] 1049 	sbc	a, h
    000005C5 30 06            [12] 1050 	jr	NC, 00224$
    000005C7 01 02 00         [10] 1051 	ld	bc, #0x0002
    000005CA C3rD0r05         [10] 1052 	jp	00225$
    000005CD                       1053 00224$:
    000005CD 01 FE FF         [10] 1054 	ld	bc, #0xfffe
    000005D0                       1055 00225$:
    000005D0 DD 6E FA         [19] 1056 	ld	l, -6 (ix)
    000005D3 DD 66 FB         [19] 1057 	ld	h, -5 (ix)
    000005D6 71               [ 7] 1058 	ld	(hl), c
                                   1059 ;E:\Dropbox\FAUSTO\SVILUPPI\MSX\CODE\C\MSXgl\projects\soccerlgMSX2/soccerlg_s15_b3.c:108: if (target_gk_y > GK->ly && GK->ly + GK->dy > target_gk_y) GK->dy = target_gk_y - GK->ly;
    000005D7 DD 6E F2         [19] 1060 	ld	l, -14 (ix)
    000005DA DD 66 F3         [19] 1061 	ld	h, -13 (ix)
    000005DD 7E               [ 7] 1062 	ld	a, (hl)
    000005DE DD 77 F5         [19] 1063 	ld	-11 (ix), a
    000005E1 23               [ 6] 1064 	inc	hl
    000005E2 7E               [ 7] 1065 	ld	a, (hl)
    000005E3 DD 77 F6         [19] 1066 	ld	-10 (ix), a
    000005E6 DD 7E F5         [19] 1067 	ld	a, -11 (ix)
    000005E9 DD 96 EF         [19] 1068 	sub	a, -17 (ix)
    000005EC DD 7E F6         [19] 1069 	ld	a, -10 (ix)
    000005EF DD 9E F0         [19] 1070 	sbc	a, -16 (ix)
    000005F2 30 2A            [12] 1071 	jr	NC, 00147$
    000005F4 DD 6E FA         [19] 1072 	ld	l, -6 (ix)
    000005F7 DD 66 FB         [19] 1073 	ld	h, -5 (ix)
    000005FA 7E               [ 7] 1074 	ld	a, (hl)
    000005FB 6F               [ 4] 1075 	ld	l, a
                                   1076 ;	spillPairReg hl
                                   1077 ;	spillPairReg hl
    000005FC 07               [ 4] 1078 	rlca
    000005FD 9F               [ 4] 1079 	sbc	a, a
    000005FE 67               [ 4] 1080 	ld	h, a
                                   1081 ;	spillPairReg hl
                                   1082 ;	spillPairReg hl
    000005FF DD 4E F5         [19] 1083 	ld	c, -11 (ix)
    00000602 DD 46 F6         [19] 1084 	ld	b, -10 (ix)
    00000605 09               [11] 1085 	add	hl, bc
    00000606 DD 7E EF         [19] 1086 	ld	a, -17 (ix)
    00000609 95               [ 4] 1087 	sub	a, l
    0000060A DD 7E F0         [19] 1088 	ld	a, -16 (ix)
    0000060D 9C               [ 4] 1089 	sbc	a, h
    0000060E 30 0E            [12] 1090 	jr	NC, 00147$
    00000610 DD 7E EF         [19] 1091 	ld	a, -17 (ix)
    00000613 DD 4E F5         [19] 1092 	ld	c, -11 (ix)
    00000616 91               [ 4] 1093 	sub	a, c
    00000617 DD 6E FA         [19] 1094 	ld	l, -6 (ix)
    0000061A DD 66 FB         [19] 1095 	ld	h, -5 (ix)
    0000061D 77               [ 7] 1096 	ld	(hl), a
    0000061E                       1097 00147$:
                                   1098 ;E:\Dropbox\FAUSTO\SVILUPPI\MSX\CODE\C\MSXgl\projects\soccerlgMSX2/soccerlg_s15_b3.c:109: if (target_gk_y < GK->ly && GK->ly + GK->dy < target_gk_y) GK->dy = target_gk_y - GK->ly;
    0000061E DD 6E F2         [19] 1099 	ld	l, -14 (ix)
    00000621 DD 66 F3         [19] 1100 	ld	h, -13 (ix)
    00000624 7E               [ 7] 1101 	ld	a, (hl)
    00000625 DD 77 F5         [19] 1102 	ld	-11 (ix), a
    00000628 23               [ 6] 1103 	inc	hl
    00000629 7E               [ 7] 1104 	ld	a, (hl)
    0000062A DD 77 F6         [19] 1105 	ld	-10 (ix), a
    0000062D DD 7E EF         [19] 1106 	ld	a, -17 (ix)
    00000630 DD 96 F5         [19] 1107 	sub	a, -11 (ix)
    00000633 DD 7E F0         [19] 1108 	ld	a, -16 (ix)
    00000636 DD 9E F6         [19] 1109 	sbc	a, -10 (ix)
    00000639 30 2A            [12] 1110 	jr	NC, 00150$
    0000063B DD 6E FA         [19] 1111 	ld	l, -6 (ix)
    0000063E DD 66 FB         [19] 1112 	ld	h, -5 (ix)
    00000641 7E               [ 7] 1113 	ld	a, (hl)
    00000642 6F               [ 4] 1114 	ld	l, a
                                   1115 ;	spillPairReg hl
                                   1116 ;	spillPairReg hl
    00000643 07               [ 4] 1117 	rlca
    00000644 9F               [ 4] 1118 	sbc	a, a
    00000645 67               [ 4] 1119 	ld	h, a
                                   1120 ;	spillPairReg hl
                                   1121 ;	spillPairReg hl
    00000646 DD 4E F5         [19] 1122 	ld	c, -11 (ix)
    00000649 DD 46 F6         [19] 1123 	ld	b, -10 (ix)
    0000064C 09               [11] 1124 	add	hl, bc
    0000064D 7D               [ 4] 1125 	ld	a, l
    0000064E DD 96 EF         [19] 1126 	sub	a, -17 (ix)
    00000651 7C               [ 4] 1127 	ld	a, h
    00000652 DD 9E F0         [19] 1128 	sbc	a, -16 (ix)
    00000655 30 0E            [12] 1129 	jr	NC, 00150$
    00000657 DD 7E EF         [19] 1130 	ld	a, -17 (ix)
    0000065A DD 4E F5         [19] 1131 	ld	c, -11 (ix)
    0000065D 91               [ 4] 1132 	sub	a, c
    0000065E DD 6E FA         [19] 1133 	ld	l, -6 (ix)
    00000661 DD 66 FB         [19] 1134 	ld	h, -5 (ix)
    00000664 77               [ 7] 1135 	ld	(hl), a
    00000665                       1136 00150$:
                                   1137 ;E:\Dropbox\FAUSTO\SVILUPPI\MSX\CODE\C\MSXgl\projects\soccerlgMSX2/soccerlg_s15_b3.c:110: GK->ly += GK->dy;
    00000665 DD 6E F2         [19] 1138 	ld	l, -14 (ix)
    00000668 DD 66 F3         [19] 1139 	ld	h, -13 (ix)
    0000066B 4E               [ 7] 1140 	ld	c, (hl)
    0000066C 23               [ 6] 1141 	inc	hl
    0000066D 46               [ 7] 1142 	ld	b, (hl)
    0000066E DD 6E FA         [19] 1143 	ld	l, -6 (ix)
    00000671 DD 66 FB         [19] 1144 	ld	h, -5 (ix)
    00000674 7E               [ 7] 1145 	ld	a, (hl)
    00000675 6F               [ 4] 1146 	ld	l, a
                                   1147 ;	spillPairReg hl
                                   1148 ;	spillPairReg hl
    00000676 07               [ 4] 1149 	rlca
    00000677 9F               [ 4] 1150 	sbc	a, a
    00000678 67               [ 4] 1151 	ld	h, a
                                   1152 ;	spillPairReg hl
                                   1153 ;	spillPairReg hl
    00000679 09               [11] 1154 	add	hl, bc
    0000067A EB               [ 4] 1155 	ex	de, hl
    0000067B DD 6E F2         [19] 1156 	ld	l, -14 (ix)
    0000067E DD 66 F3         [19] 1157 	ld	h, -13 (ix)
    00000681 73               [ 7] 1158 	ld	(hl), e
    00000682 23               [ 6] 1159 	inc	hl
    00000683 72               [ 7] 1160 	ld	(hl), d
    00000684 C3r8Fr06         [10] 1161 	jp	00154$
    00000687                       1162 00153$:
                                   1163 ;E:\Dropbox\FAUSTO\SVILUPPI\MSX\CODE\C\MSXgl\projects\soccerlgMSX2/soccerlg_s15_b3.c:112: GK->dy = 0;
    00000687 DD 6E FA         [19] 1164 	ld	l, -6 (ix)
    0000068A DD 66 FB         [19] 1165 	ld	h, -5 (ix)
    0000068D 36 00            [10] 1166 	ld	(hl), #0x00
    0000068F                       1167 00154$:
                                   1168 ;E:\Dropbox\FAUSTO\SVILUPPI\MSX\CODE\C\MSXgl\projects\soccerlgMSX2/soccerlg_s15_b3.c:115: if (GK->lx != target_gk_x) {
    0000068F DD 6E EA         [19] 1169 	ld	l, -22 (ix)
    00000692 DD 66 EB         [19] 1170 	ld	h, -21 (ix)
    00000695 7E               [ 7] 1171 	ld	a, (hl)
    00000696 DD 77 F9         [19] 1172 	ld	-7 (ix), a
    00000699 4F               [ 4] 1173 	ld	c, a
    0000069A 06 00            [ 7] 1174 	ld	b, #0x00
                                   1175 ;E:\Dropbox\FAUSTO\SVILUPPI\MSX\CODE\C\MSXgl\projects\soccerlgMSX2/soccerlg_s15_b3.c:116: GK->dx = (Ball->lx > GK->lx) ? 2 : -2;
    0000069C DD 7E EA         [19] 1176 	ld	a, -22 (ix)
    0000069F C6 11            [ 7] 1177 	add	a, #0x11
    000006A1 DD 77 FA         [19] 1178 	ld	-6 (ix), a
    000006A4 DD 7E EB         [19] 1179 	ld	a, -21 (ix)
    000006A7 CE 00            [ 7] 1180 	adc	a, #0x00
    000006A9 DD 77 FB         [19] 1181 	ld	-5 (ix), a
                                   1182 ;E:\Dropbox\FAUSTO\SVILUPPI\MSX\CODE\C\MSXgl\projects\soccerlgMSX2/soccerlg_s15_b3.c:115: if (GK->lx != target_gk_x) {
    000006AC DD 6E ED         [19] 1183 	ld	l, -19 (ix)
    000006AF DD 66 EE         [19] 1184 	ld	h, -18 (ix)
    000006B2 BF               [ 4] 1185 	cp	a, a
    000006B3 ED 42            [15] 1186 	sbc	hl, bc
    000006B5 CAr59r07         [10] 1187 	jp	Z,00162$
                                   1188 ;E:\Dropbox\FAUSTO\SVILUPPI\MSX\CODE\C\MSXgl\projects\soccerlgMSX2/soccerlg_s15_b3.c:116: GK->dx = (Ball->lx > GK->lx) ? 2 : -2;
    000006B8 21r42r01         [10] 1189 	ld	hl, #(_SwSprite + 322)
    000006BB DD 7E F9         [19] 1190 	ld	a,-7 (ix)
    000006BE 96               [ 7] 1191 	sub	a,(hl)
    000006BF 30 06            [12] 1192 	jr	NC, 00226$
    000006C1 01 02 00         [10] 1193 	ld	bc, #0x0002
    000006C4 C3rCAr06         [10] 1194 	jp	00227$
    000006C7                       1195 00226$:
    000006C7 01 FE FF         [10] 1196 	ld	bc, #0xfffe
    000006CA                       1197 00227$:
    000006CA DD 6E FA         [19] 1198 	ld	l, -6 (ix)
    000006CD DD 66 FB         [19] 1199 	ld	h, -5 (ix)
    000006D0 71               [ 7] 1200 	ld	(hl), c
                                   1201 ;E:\Dropbox\FAUSTO\SVILUPPI\MSX\CODE\C\MSXgl\projects\soccerlgMSX2/soccerlg_s15_b3.c:117: if (target_gk_x > GK->lx && GK->lx + GK->dx > target_gk_x) GK->dx = target_gk_x - GK->lx;
    000006D1 DD 6E EA         [19] 1202 	ld	l, -22 (ix)
    000006D4 DD 66 EB         [19] 1203 	ld	h, -21 (ix)
    000006D7 4E               [ 7] 1204 	ld	c, (hl)
    000006D8 79               [ 4] 1205 	ld	a, c
    000006D9 1E 00            [ 7] 1206 	ld	e, #0x00
    000006DB DD 96 ED         [19] 1207 	sub	a, -19 (ix)
    000006DE 7B               [ 4] 1208 	ld	a, e
    000006DF DD 9E EE         [19] 1209 	sbc	a, -18 (ix)
    000006E2 30 24            [12] 1210 	jr	NC, 00156$
    000006E4 59               [ 4] 1211 	ld	e, c
    000006E5 16 00            [ 7] 1212 	ld	d, #0x00
    000006E7 DD 6E FA         [19] 1213 	ld	l, -6 (ix)
    000006EA DD 66 FB         [19] 1214 	ld	h, -5 (ix)
    000006ED 7E               [ 7] 1215 	ld	a, (hl)
    000006EE 6F               [ 4] 1216 	ld	l, a
                                   1217 ;	spillPairReg hl
                                   1218 ;	spillPairReg hl
    000006EF 07               [ 4] 1219 	rlca
    000006F0 9F               [ 4] 1220 	sbc	a, a
    000006F1 67               [ 4] 1221 	ld	h, a
                                   1222 ;	spillPairReg hl
                                   1223 ;	spillPairReg hl
    000006F2 19               [11] 1224 	add	hl, de
    000006F3 DD 7E ED         [19] 1225 	ld	a, -19 (ix)
    000006F6 95               [ 4] 1226 	sub	a, l
    000006F7 DD 7E EE         [19] 1227 	ld	a, -18 (ix)
    000006FA 9C               [ 4] 1228 	sbc	a, h
    000006FB 30 0B            [12] 1229 	jr	NC, 00156$
    000006FD DD 7E ED         [19] 1230 	ld	a, -19 (ix)
    00000700 91               [ 4] 1231 	sub	a, c
    00000701 DD 6E FA         [19] 1232 	ld	l, -6 (ix)
    00000704 DD 66 FB         [19] 1233 	ld	h, -5 (ix)
    00000707 77               [ 7] 1234 	ld	(hl), a
    00000708                       1235 00156$:
                                   1236 ;E:\Dropbox\FAUSTO\SVILUPPI\MSX\CODE\C\MSXgl\projects\soccerlgMSX2/soccerlg_s15_b3.c:118: if (target_gk_x < GK->lx && GK->lx + GK->dx < target_gk_x) GK->dx = target_gk_x - GK->lx;
    00000708 DD 6E EA         [19] 1237 	ld	l, -22 (ix)
    0000070B DD 66 EB         [19] 1238 	ld	h, -21 (ix)
    0000070E 4E               [ 7] 1239 	ld	c, (hl)
    0000070F 41               [ 4] 1240 	ld	b, c
    00000710 1E 00            [ 7] 1241 	ld	e, #0x00
    00000712 DD 7E ED         [19] 1242 	ld	a, -19 (ix)
    00000715 90               [ 4] 1243 	sub	a, b
    00000716 DD 7E EE         [19] 1244 	ld	a, -18 (ix)
    00000719 9B               [ 4] 1245 	sbc	a, e
    0000071A 30 24            [12] 1246 	jr	NC, 00159$
    0000071C 59               [ 4] 1247 	ld	e, c
    0000071D 16 00            [ 7] 1248 	ld	d, #0x00
    0000071F DD 6E FA         [19] 1249 	ld	l, -6 (ix)
    00000722 DD 66 FB         [19] 1250 	ld	h, -5 (ix)
    00000725 7E               [ 7] 1251 	ld	a, (hl)
    00000726 6F               [ 4] 1252 	ld	l, a
                                   1253 ;	spillPairReg hl
                                   1254 ;	spillPairReg hl
    00000727 07               [ 4] 1255 	rlca
    00000728 9F               [ 4] 1256 	sbc	a, a
    00000729 67               [ 4] 1257 	ld	h, a
                                   1258 ;	spillPairReg hl
                                   1259 ;	spillPairReg hl
    0000072A 19               [11] 1260 	add	hl, de
    0000072B 7D               [ 4] 1261 	ld	a, l
    0000072C DD 96 ED         [19] 1262 	sub	a, -19 (ix)
    0000072F 7C               [ 4] 1263 	ld	a, h
    00000730 DD 9E EE         [19] 1264 	sbc	a, -18 (ix)
    00000733 30 0B            [12] 1265 	jr	NC, 00159$
    00000735 DD 7E ED         [19] 1266 	ld	a, -19 (ix)
    00000738 91               [ 4] 1267 	sub	a, c
    00000739 DD 6E FA         [19] 1268 	ld	l, -6 (ix)
    0000073C DD 66 FB         [19] 1269 	ld	h, -5 (ix)
    0000073F 77               [ 7] 1270 	ld	(hl), a
    00000740                       1271 00159$:
                                   1272 ;E:\Dropbox\FAUSTO\SVILUPPI\MSX\CODE\C\MSXgl\projects\soccerlgMSX2/soccerlg_s15_b3.c:119: GK->lx += GK->dx;
    00000740 DD 6E EA         [19] 1273 	ld	l, -22 (ix)
    00000743 DD 66 EB         [19] 1274 	ld	h, -21 (ix)
    00000746 4E               [ 7] 1275 	ld	c, (hl)
    00000747 DD 6E FA         [19] 1276 	ld	l, -6 (ix)
    0000074A DD 66 FB         [19] 1277 	ld	h, -5 (ix)
    0000074D 7E               [ 7] 1278 	ld	a, (hl)
    0000074E 81               [ 4] 1279 	add	a, c
    0000074F DD 6E EA         [19] 1280 	ld	l, -22 (ix)
    00000752 DD 66 EB         [19] 1281 	ld	h, -21 (ix)
    00000755 77               [ 7] 1282 	ld	(hl), a
    00000756 C3r61r07         [10] 1283 	jp	00163$
    00000759                       1284 00162$:
                                   1285 ;E:\Dropbox\FAUSTO\SVILUPPI\MSX\CODE\C\MSXgl\projects\soccerlgMSX2/soccerlg_s15_b3.c:121: GK->dx = 0;
    00000759 DD 6E FA         [19] 1286 	ld	l, -6 (ix)
    0000075C DD 66 FB         [19] 1287 	ld	h, -5 (ix)
    0000075F 36 00            [10] 1288 	ld	(hl), #0x00
    00000761                       1289 00163$:
                                   1290 ;E:\Dropbox\FAUSTO\SVILUPPI\MSX\CODE\C\MSXgl\projects\soccerlgMSX2/soccerlg_s15_b3.c:124: GK->anim++;
    00000761 DD 6E EA         [19] 1291 	ld	l, -22 (ix)
    00000764 DD 66 EB         [19] 1292 	ld	h, -21 (ix)
    00000767 11 13 00         [10] 1293 	ld	de, #0x0013
    0000076A 19               [11] 1294 	add	hl, de
    0000076B 5E               [ 7] 1295 	ld	e, (hl)
    0000076C 23               [ 6] 1296 	inc	hl
    0000076D 56               [ 7] 1297 	ld	d, (hl)
    0000076E 2B               [ 6] 1298 	dec	hl
    0000076F 13               [ 6] 1299 	inc	de
    00000770 73               [ 7] 1300 	ld	(hl), e
    00000771 23               [ 6] 1301 	inc	hl
    00000772 72               [ 7] 1302 	ld	(hl), d
                                   1303 ;E:\Dropbox\FAUSTO\SVILUPPI\MSX\CODE\C\MSXgl\projects\soccerlgMSX2/soccerlg_s15_b3.c:125: GK->frame = (gk == 0) ? (((GK->anim / 6) % 2 == 0) ? SPR_GK_PLAYER_SOUTH_1 : SPR_GK_PLAYER_SOUTH_2) :
    00000773 EB               [ 4] 1304 	ex	de, hl
    00000774 11 06 00         [10] 1305 	ld	de, #0x0006
    00000777 CDr00r00         [17] 1306 	call	__divuint
    0000077A 7B               [ 4] 1307 	ld	a, e
    0000077B E6 01            [ 7] 1308 	and	a, #0x01
    0000077D DD 77 FA         [19] 1309 	ld	-6 (ix), a
    00000780 DD 36 FB 00      [19] 1310 	ld	-5 (ix), #0x00
    00000784 DD 7E E9         [19] 1311 	ld	a, -23 (ix)
    00000787 B7               [ 4] 1312 	or	a, a
    00000788 20 1E            [12] 1313 	jr	NZ, 00228$
    0000078A DD 7E FB         [19] 1314 	ld	a, -5 (ix)
    0000078D DD B6 FA         [19] 1315 	or	a, -6 (ix)
    00000790 20 0B            [12] 1316 	jr	NZ, 00230$
    00000792 DD 36 FA F3      [19] 1317 	ld	-6 (ix), #0xf3
    00000796 DD 36 FB 00      [19] 1318 	ld	-5 (ix), #0
    0000079A C3rC3r07         [10] 1319 	jp	00229$
    0000079D                       1320 00230$:
    0000079D DD 36 FA F4      [19] 1321 	ld	-6 (ix), #0xf4
    000007A1 DD 36 FB 00      [19] 1322 	ld	-5 (ix), #0
    000007A5 C3rC3r07         [10] 1323 	jp	00229$
    000007A8                       1324 00228$:
                                   1325 ;E:\Dropbox\FAUSTO\SVILUPPI\MSX\CODE\C\MSXgl\projects\soccerlgMSX2/soccerlg_s15_b3.c:126: (((GK->anim / 6) % 2 == 0) ? SPR_GK_PLAYER_NORTH_1 : SPR_GK_PLAYER_NORTH_2);
    000007A8 DD 7E FB         [19] 1326 	ld	a, -5 (ix)
    000007AB DD B6 FA         [19] 1327 	or	a, -6 (ix)
    000007AE 20 0B            [12] 1328 	jr	NZ, 00232$
    000007B0 DD 36 FA F2      [19] 1329 	ld	-6 (ix), #0xf2
    000007B4 DD 36 FB 00      [19] 1330 	ld	-5 (ix), #0
    000007B8 C3rC3r07         [10] 1331 	jp	00233$
    000007BB                       1332 00232$:
    000007BB DD 36 FA F5      [19] 1333 	ld	-6 (ix), #0xf5
    000007BF DD 36 FB 00      [19] 1334 	ld	-5 (ix), #0
    000007C3                       1335 00233$:
    000007C3                       1336 00229$:
    000007C3 DD 4E FA         [19] 1337 	ld	c, -6 (ix)
    000007C6 DD 46 FB         [19] 1338 	ld	b, -5 (ix)
    000007C9 DD 6E F7         [19] 1339 	ld	l, -9 (ix)
    000007CC DD 66 F8         [19] 1340 	ld	h, -8 (ix)
    000007CF 71               [ 7] 1341 	ld	(hl), c
    000007D0 23               [ 6] 1342 	inc	hl
    000007D1 70               [ 7] 1343 	ld	(hl), b
    000007D2 C3r1Dr0A         [10] 1344 	jp	00194$
    000007D5                       1345 00171$:
                                   1346 ;E:\Dropbox\FAUSTO\SVILUPPI\MSX\CODE\C\MSXgl\projects\soccerlgMSX2/soccerlg_s15_b3.c:129: u8 target = (g_selected_rec == 0) ? g_throw_rec_1 : g_throw_rec_2;
    000007D5 3Ar00r00         [13] 1347 	ld	a, (_g_selected_rec+0)
    000007D8 B7               [ 4] 1348 	or	a, a
    000007D9 20 07            [12] 1349 	jr	NZ, 00234$
    000007DB 3Ar00r00         [13] 1350 	ld	a, (_g_throw_rec_1+0)
    000007DE 47               [ 4] 1351 	ld	b, a
    000007DF C3rE6r07         [10] 1352 	jp	00235$
    000007E2                       1353 00234$:
    000007E2 3Ar00r00         [13] 1354 	ld	a, (_g_throw_rec_2+0)
    000007E5 47               [ 4] 1355 	ld	b, a
    000007E6                       1356 00235$:
    000007E6 DD 70 FB         [19] 1357 	ld	-5 (ix), b
                                   1358 ;E:\Dropbox\FAUSTO\SVILUPPI\MSX\CODE\C\MSXgl\projects\soccerlgMSX2/soccerlg_s15_b3.c:130: if (!is_human) target = ((Frms % 2) == 0) ? g_throw_rec_1 : g_throw_rec_2;
    000007E9 DD 7E F1         [19] 1359 	ld	a, -15 (ix)
    000007EC B7               [ 4] 1360 	or	a, a
    000007ED 20 16            [12] 1361 	jr	NZ, 00165$
    000007EF 21r00r00         [10] 1362 	ld	hl, #_Frms
    000007F2 CB 46            [12] 1363 	bit	0, (hl)
    000007F4 20 09            [12] 1364 	jr	NZ, 00236$
    000007F6 3Ar00r00         [13] 1365 	ld	a, (_g_throw_rec_1+0)
    000007F9 DD 77 FB         [19] 1366 	ld	-5 (ix), a
    000007FC C3r05r08         [10] 1367 	jp	00237$
    000007FF                       1368 00236$:
    000007FF 3Ar00r00         [13] 1369 	ld	a, (_g_throw_rec_2+0)
    00000802 DD 77 FB         [19] 1370 	ld	-5 (ix), a
    00000805                       1371 00237$:
    00000805                       1372 00165$:
                                   1373 ;E:\Dropbox\FAUSTO\SVILUPPI\MSX\CODE\C\MSXgl\projects\soccerlgMSX2/soccerlg_s15_b3.c:132: g_pass_start_x = (RestartType == RESTART_GKSAVE) ? GK->lx : Ball->lx;
    00000805 DD 7E EC         [19] 1374 	ld	a, -20 (ix)
    00000808 B7               [ 4] 1375 	or	a, a
    00000809 28 09            [12] 1376 	jr	Z, 00238$
    0000080B DD 7E F9         [19] 1377 	ld	a, -7 (ix)
    0000080E DD 77 FA         [19] 1378 	ld	-6 (ix), a
    00000811 C3r1Ar08         [10] 1379 	jp	00239$
    00000814                       1380 00238$:
    00000814 3Ar42r01         [13] 1381 	ld	a, (#(_SwSprite + 322) + 0)
    00000817 DD 77 FA         [19] 1382 	ld	-6 (ix), a
    0000081A                       1383 00239$:
    0000081A DD 7E FA         [19] 1384 	ld	a, -6 (ix)
    0000081D 32r00r00         [13] 1385 	ld	(_g_pass_start_x+0), a
    00000820 21r01r00         [10] 1386 	ld	hl, #_g_pass_start_x + 1
    00000823 36 00            [10] 1387 	ld	(hl), #0x00
                                   1388 ;E:\Dropbox\FAUSTO\SVILUPPI\MSX\CODE\C\MSXgl\projects\soccerlgMSX2/soccerlg_s15_b3.c:94: u16 target_gk_y = (RestartType == RESTART_GKSAVE) ? RestartSideY : (Ball->ly - (dir_y * 8));
                                   1389 ;E:\Dropbox\FAUSTO\SVILUPPI\MSX\CODE\C\MSXgl\projects\soccerlgMSX2/soccerlg_s15_b3.c:133: g_pass_start_y = (RestartType == RESTART_GKSAVE) ? GK->ly : Ball->ly;
    00000825 DD 7E EC         [19] 1390 	ld	a, -20 (ix)
    00000828 B7               [ 4] 1391 	or	a, a
    00000829 28 0C            [12] 1392 	jr	Z, 00240$
    0000082B DD 6E F2         [19] 1393 	ld	l, -14 (ix)
    0000082E DD 66 F3         [19] 1394 	ld	h, -13 (ix)
    00000831 4E               [ 7] 1395 	ld	c, (hl)
    00000832 23               [ 6] 1396 	inc	hl
    00000833 46               [ 7] 1397 	ld	b, (hl)
    00000834 C3r3Br08         [10] 1398 	jp	00241$
    00000837                       1399 00240$:
    00000837 ED 4Br46r01      [20] 1400 	ld	bc, (#(_SwSprite + 326) + 0)
    0000083B                       1401 00241$:
    0000083B ED 43r00r00      [20] 1402 	ld	(_g_pass_start_y), bc
                                   1403 ;E:\Dropbox\FAUSTO\SVILUPPI\MSX\CODE\C\MSXgl\projects\soccerlgMSX2/soccerlg_s15_b3.c:134: g_pass_target_x = SwSprite[target].lx;
    0000083F DD 4E FB         [19] 1404 	ld	c, -5 (ix)
    00000842 06 00            [ 7] 1405 	ld	b, #0x00
    00000844 69               [ 4] 1406 	ld	l, c
    00000845 60               [ 4] 1407 	ld	h, b
    00000846 29               [11] 1408 	add	hl, hl
    00000847 29               [11] 1409 	add	hl, hl
    00000848 09               [11] 1410 	add	hl, bc
    00000849 29               [11] 1411 	add	hl, hl
    0000084A 09               [11] 1412 	add	hl, bc
    0000084B 29               [11] 1413 	add	hl, hl
    0000084C 09               [11] 1414 	add	hl, bc
    0000084D EB               [ 4] 1415 	ex	de, hl
    0000084E 21r00r00         [10] 1416 	ld	hl, #_SwSprite
    00000851 19               [11] 1417 	add	hl, de
    00000852 EB               [ 4] 1418 	ex	de, hl
    00000853 1A               [ 7] 1419 	ld	a, (de)
    00000854 32r00r00         [13] 1420 	ld	(_g_pass_target_x+0), a
    00000857 AF               [ 4] 1421 	xor	a, a
    00000858 32r01r00         [13] 1422 	ld	(_g_pass_target_x+1), a
                                   1423 ;E:\Dropbox\FAUSTO\SVILUPPI\MSX\CODE\C\MSXgl\projects\soccerlgMSX2/soccerlg_s15_b3.c:135: g_pass_target_y = SwSprite[target].ly;
    0000085B 21 04 00         [10] 1424 	ld	hl, #4
    0000085E 19               [11] 1425 	add	hl, de
    0000085F 7E               [ 7] 1426 	ld	a, (hl)
    00000860 23               [ 6] 1427 	inc	hl
    00000861 32r00r00         [13] 1428 	ld	(_g_pass_target_y+0), a
    00000864 7E               [ 7] 1429 	ld	a, (hl)
    00000865 32r01r00         [13] 1430 	ld	(_g_pass_target_y+1), a
                                   1431 ;E:\Dropbox\FAUSTO\SVILUPPI\MSX\CODE\C\MSXgl\projects\soccerlgMSX2/soccerlg_s15_b3.c:137: u16 dist_x = (g_pass_target_x > g_pass_start_x) ? (g_pass_target_x - g_pass_start_x) : (g_pass_start_x - g_pass_target_x);
    00000868 21r00r00         [10] 1432 	ld	hl, #_g_pass_start_x
    0000086B 7E               [ 7] 1433 	ld	a, (hl)
    0000086C FD 21r00r00      [14] 1434 	ld	iy, #_g_pass_target_x
    00000870 FD 96 00         [19] 1435 	sub	a, 0 (iy)
    00000873 23               [ 6] 1436 	inc	hl
    00000874 7E               [ 7] 1437 	ld	a, (hl)
    00000875 FD 9E 01         [19] 1438 	sbc	a, 1 (iy)
    00000878 30 11            [12] 1439 	jr	NC, 00242$
    0000087A 21r00r00         [10] 1440 	ld	hl, #_g_pass_start_x
    0000087D 3Ar00r00         [13] 1441 	ld	a, (_g_pass_target_x+0)
    00000880 96               [ 7] 1442 	sub	a, (hl)
    00000881 23               [ 6] 1443 	inc	hl
    00000882 4F               [ 4] 1444 	ld	c, a
    00000883 3Ar01r00         [13] 1445 	ld	a, (_g_pass_target_x+1)
    00000886 9E               [ 7] 1446 	sbc	a, (hl)
    00000887 47               [ 4] 1447 	ld	b, a
    00000888 C3r99r08         [10] 1448 	jp	00243$
    0000088B                       1449 00242$:
    0000088B 21r00r00         [10] 1450 	ld	hl, #_g_pass_target_x
    0000088E 3Ar00r00         [13] 1451 	ld	a, (_g_pass_start_x+0)
    00000891 96               [ 7] 1452 	sub	a, (hl)
    00000892 23               [ 6] 1453 	inc	hl
    00000893 4F               [ 4] 1454 	ld	c, a
    00000894 3Ar01r00         [13] 1455 	ld	a, (_g_pass_start_x+1)
    00000897 9E               [ 7] 1456 	sbc	a, (hl)
    00000898 47               [ 4] 1457 	ld	b, a
    00000899                       1458 00243$:
                                   1459 ;E:\Dropbox\FAUSTO\SVILUPPI\MSX\CODE\C\MSXgl\projects\soccerlgMSX2/soccerlg_s15_b3.c:138: u16 dist_y = (g_pass_target_y > g_pass_start_y) ? (g_pass_target_y - g_pass_start_y) : (g_pass_start_y - g_pass_target_y);
    00000899 21r00r00         [10] 1460 	ld	hl, #_g_pass_start_y
    0000089C 7E               [ 7] 1461 	ld	a, (hl)
    0000089D FD 21r00r00      [14] 1462 	ld	iy, #_g_pass_target_y
    000008A1 FD 96 00         [19] 1463 	sub	a, 0 (iy)
    000008A4 23               [ 6] 1464 	inc	hl
    000008A5 7E               [ 7] 1465 	ld	a, (hl)
    000008A6 FD 9E 01         [19] 1466 	sbc	a, 1 (iy)
    000008A9 30 0D            [12] 1467 	jr	NC, 00244$
    000008AB ED 5Br00r00      [20] 1468 	ld	de, (_g_pass_start_y)
    000008AF 2Ar00r00         [16] 1469 	ld	hl, (_g_pass_target_y)
    000008B2 BF               [ 4] 1470 	cp	a, a
    000008B3 ED 52            [15] 1471 	sbc	hl, de
    000008B5 C3rC2r08         [10] 1472 	jp	00245$
    000008B8                       1473 00244$:
    000008B8 ED 5Br00r00      [20] 1474 	ld	de, (_g_pass_target_y)
    000008BC 2Ar00r00         [16] 1475 	ld	hl, (_g_pass_start_y)
    000008BF BF               [ 4] 1476 	cp	a, a
    000008C0 ED 52            [15] 1477 	sbc	hl, de
    000008C2                       1478 00245$:
                                   1479 ;E:\Dropbox\FAUSTO\SVILUPPI\MSX\CODE\C\MSXgl\projects\soccerlgMSX2/soccerlg_s15_b3.c:140: g_pass_max_frames = (dist_x + dist_y) / 4; 
    000008C2 09               [11] 1480 	add	hl, bc
    000008C3 CB 3C            [ 8] 1481 	srl	h
    000008C5 CB 1D            [ 8] 1482 	rr	l
    000008C7 CB 3C            [ 8] 1483 	srl	h
    000008C9 CB 1D            [ 8] 1484 	rr	l
    000008CB FD 21r00r00      [14] 1485 	ld	iy, #_g_pass_max_frames
    000008CF FD 75 00         [19] 1486 	ld	0 (iy), l
                                   1487 ;E:\Dropbox\FAUSTO\SVILUPPI\MSX\CODE\C\MSXgl\projects\soccerlgMSX2/soccerlg_s15_b3.c:141: if (g_pass_max_frames < 20) g_pass_max_frames = 20;
    000008D2 3Ar00r00         [13] 1488 	ld	a, (_g_pass_max_frames+0)
    000008D5 D6 14            [ 7] 1489 	sub	a, #0x14
    000008D7 30 04            [12] 1490 	jr	NC, 00167$
    000008D9 FD 36 00 14      [19] 1491 	ld	0 (iy), #0x14
    000008DD                       1492 00167$:
                                   1493 ;E:\Dropbox\FAUSTO\SVILUPPI\MSX\CODE\C\MSXgl\projects\soccerlgMSX2/soccerlg_s15_b3.c:142: if (g_pass_max_frames > 60) g_pass_max_frames = 60;
    000008DD 3E 3C            [ 7] 1494 	ld	a, #0x3c
    000008DF FD 21r00r00      [14] 1495 	ld	iy, #_g_pass_max_frames
    000008E3 FD 96 00         [19] 1496 	sub	a, 0 (iy)
    000008E6 30 04            [12] 1497 	jr	NC, 00169$
    000008E8 FD 36 00 3C      [19] 1498 	ld	0 (iy), #0x3c
    000008EC                       1499 00169$:
                                   1500 ;E:\Dropbox\FAUSTO\SVILUPPI\MSX\CODE\C\MSXgl\projects\soccerlgMSX2/soccerlg_s15_b3.c:143: g_pass_max_height = 7;
    000008EC 21r00r00         [10] 1501 	ld	hl, #_g_pass_max_height
    000008EF 36 07            [10] 1502 	ld	(hl), #0x07
                                   1503 ;E:\Dropbox\FAUSTO\SVILUPPI\MSX\CODE\C\MSXgl\projects\soccerlgMSX2/soccerlg_s15_b3.c:145: Ball->lx = g_pass_start_x;
    000008F1 3Ar00r00         [13] 1504 	ld	a, (_g_pass_start_x+0)
    000008F4 32r42r01         [13] 1505 	ld	(#(_SwSprite + 322)),a
                                   1506 ;E:\Dropbox\FAUSTO\SVILUPPI\MSX\CODE\C\MSXgl\projects\soccerlgMSX2/soccerlg_s15_b3.c:146: Ball->ly = g_pass_start_y;
    000008F7 21r46r01         [10] 1507 	ld	hl, #(_SwSprite + 326)
    000008FA 3Ar00r00         [13] 1508 	ld	a, (_g_pass_start_y+0)
    000008FD 77               [ 7] 1509 	ld	(hl), a
    000008FE 23               [ 6] 1510 	inc	hl
    000008FF 3Ar01r00         [13] 1511 	ld	a, (_g_pass_start_y+1)
    00000902 77               [ 7] 1512 	ld	(hl), a
                                   1513 ;E:\Dropbox\FAUSTO\SVILUPPI\MSX\CODE\C\MSXgl\projects\soccerlgMSX2/soccerlg_s15_b3.c:147: Ball->anim = 5; 
    00000903 21 05 00         [10] 1514 	ld	hl, #0x0005
    00000906 22r55r01         [16] 1515 	ld	((_SwSprite + 341)), hl
                                   1516 ;E:\Dropbox\FAUSTO\SVILUPPI\MSX\CODE\C\MSXgl\projects\soccerlgMSX2/soccerlg_s15_b3.c:148: Ball->count = 0; 
    00000909 6C               [ 4] 1517 	ld	l, h
    0000090A 22r57r01         [16] 1518 	ld	((_SwSprite + 343)), hl
                                   1519 ;E:\Dropbox\FAUSTO\SVILUPPI\MSX\CODE\C\MSXgl\projects\soccerlgMSX2/soccerlg_s15_b3.c:149: Ball->dx = Ball->dy = 0;
    0000090D 21r54r01         [10] 1520 	ld	hl, #(_SwSprite + 340)
    00000910 36 00            [10] 1521 	ld	(hl), #0x00
    00000912 21r53r01         [10] 1522 	ld	hl, #(_SwSprite + 339)
    00000915 36 00            [10] 1523 	ld	(hl), #0x00
                                   1524 ;E:\Dropbox\FAUSTO\SVILUPPI\MSX\CODE\C\MSXgl\projects\soccerlgMSX2/soccerlg_s15_b3.c:151: CallFnc_VOID(SEG_EVENTS, EventBallKicked);
    00000917 11r00r00         [10] 1525 	ld	de, #_EventBallKicked
    0000091A 3E 08            [ 7] 1526 	ld	a, #0x08
    0000091C CDr00r00         [17] 1527 	call	_CallFnc_VOID
                                   1528 ;E:\Dropbox\FAUSTO\SVILUPPI\MSX\CODE\C\MSXgl\projects\soccerlgMSX2/soccerlg_s15_b3.c:152: LastTouchTeam = (gk == 0) ? TEAM_1 : TEAM_2;
    0000091F DD 7E E9         [19] 1529 	ld	a, -23 (ix)
    00000922 B7               [ 4] 1530 	or	a,a
    00000923 20 09            [12] 1531 	jr	NZ, 00246$
    00000925 DD 77 F9         [19] 1532 	ld	-7 (ix), a
    00000928 DD 77 FA         [19] 1533 	ld	-6 (ix), a
    0000092B C3r36r09         [10] 1534 	jp	00247$
    0000092E                       1535 00246$:
    0000092E DD 36 F9 01      [19] 1536 	ld	-7 (ix), #0x01
    00000932 DD 36 FA 00      [19] 1537 	ld	-6 (ix), #0
    00000936                       1538 00247$:
    00000936 DD 7E F9         [19] 1539 	ld	a, -7 (ix)
    00000939 32r00r00         [13] 1540 	ld	(_LastTouchTeam+0), a
                                   1541 ;E:\Dropbox\FAUSTO\SVILUPPI\MSX\CODE\C\MSXgl\projects\soccerlgMSX2/soccerlg_s15_b3.c:153: LastTouchPlayer = gk;
    0000093C DD 7E E9         [19] 1542 	ld	a, -23 (ix)
    0000093F 32r00r00         [13] 1543 	ld	(_LastTouchPlayer+0), a
                                   1544 ;E:\Dropbox\FAUSTO\SVILUPPI\MSX\CODE\C\MSXgl\projects\soccerlgMSX2/soccerlg_s15_b3.c:154: g_pass_receiver = target;
    00000942 DD 7E FB         [19] 1545 	ld	a, -5 (ix)
    00000945 32r00r00         [13] 1546 	ld	(_g_pass_receiver+0), a
                                   1547 ;E:\Dropbox\FAUSTO\SVILUPPI\MSX\CODE\C\MSXgl\projects\soccerlgMSX2/soccerlg_s15_b3.c:156: GK->ly = (gk == 0) ? 32 : 444; // Scatta sulla sua riga, ma conserva la X esterna
    00000948 DD 6E F2         [19] 1548 	ld	l, -14 (ix)
                                   1549 ;	spillPairReg hl
                                   1550 ;	spillPairReg hl
    0000094B DD 66 F3         [19] 1551 	ld	h, -13 (ix)
                                   1552 ;	spillPairReg hl
                                   1553 ;	spillPairReg hl
    0000094E DD 7E E9         [19] 1554 	ld	a, -23 (ix)
    00000951 B7               [ 4] 1555 	or	a, a
    00000952 20 06            [12] 1556 	jr	NZ, 00248$
    00000954 11 20 00         [10] 1557 	ld	de, #0x0020
    00000957 C3r5Dr09         [10] 1558 	jp	00249$
    0000095A                       1559 00248$:
    0000095A 11 BC 01         [10] 1560 	ld	de, #0x01bc
    0000095D                       1561 00249$:
    0000095D 73               [ 7] 1562 	ld	(hl), e
    0000095E 23               [ 6] 1563 	inc	hl
    0000095F 72               [ 7] 1564 	ld	(hl), d
                                   1565 ;E:\Dropbox\FAUSTO\SVILUPPI\MSX\CODE\C\MSXgl\projects\soccerlgMSX2/soccerlg_s15_b3.c:157: GK->frame = (gk == 0) ? SPR_GK_PLAYER_FACE_TO_SOUTH : SPR_GK_PLAYER_FACE_TO_NORTH;
    00000960 DD 7E E9         [19] 1566 	ld	a, -23 (ix)
    00000963 B7               [ 4] 1567 	or	a, a
    00000964 20 06            [12] 1568 	jr	NZ, 00250$
    00000966 01 D5 00         [10] 1569 	ld	bc, #0x00d5
    00000969 C3r6Fr09         [10] 1570 	jp	00251$
    0000096C                       1571 00250$:
    0000096C 01 D6 00         [10] 1572 	ld	bc, #0x00d6
    0000096F                       1573 00251$:
    0000096F DD 6E F7         [19] 1574 	ld	l, -9 (ix)
    00000972 DD 66 F8         [19] 1575 	ld	h, -8 (ix)
    00000975 71               [ 7] 1576 	ld	(hl), c
    00000976 23               [ 6] 1577 	inc	hl
    00000977 70               [ 7] 1578 	ld	(hl), b
                                   1579 ;E:\Dropbox\FAUSTO\SVILUPPI\MSX\CODE\C\MSXgl\projects\soccerlgMSX2/soccerlg_s15_b3.c:159: *game_state = 3; // Riparte il gioco istantaneamente
    00000978 DD 6E FE         [19] 1580 	ld	l, -2 (ix)
    0000097B DD 66 FF         [19] 1581 	ld	h, -1 (ix)
    0000097E 36 03            [10] 1582 	ld	(hl), #0x03
                                   1583 ;E:\Dropbox\FAUSTO\SVILUPPI\MSX\CODE\C\MSXgl\projects\soccerlgMSX2/soccerlg_s15_b3.c:160: TimerEnabled = TRUE;
    00000980 FD 21r00r00      [14] 1584 	ld	iy, #_TimerEnabled
    00000984 FD 36 00 01      [19] 1585 	ld	0 (iy), #0x01
    00000988 C3r1Dr0A         [10] 1586 	jp	00194$
    0000098B                       1587 00187$:
                                   1588 ;E:\Dropbox\FAUSTO\SVILUPPI\MSX\CODE\C\MSXgl\projects\soccerlgMSX2/soccerlg_s15_b3.c:164: if (is_human) {
    0000098B DD 7E F1         [19] 1589 	ld	a, -15 (ix)
    0000098E B7               [ 4] 1590 	or	a, a
    0000098F 28 65            [12] 1591 	jr	Z, 00183$
                                   1592 ;E:\Dropbox\FAUSTO\SVILUPPI\MSX\CODE\C\MSXgl\projects\soccerlgMSX2/soccerlg_s15_b3.c:165: if (team_to_kick == TEAM_1) T1_Receiver = (g_selected_rec == 0) ? g_throw_rec_1 : g_throw_rec_2;
    00000991 DD 7E FB         [19] 1593 	ld	a, -5 (ix)
    00000994 B7               [ 4] 1594 	or	a, a
    00000995 20 15            [12] 1595 	jr	NZ, 00175$
    00000997 3Ar00r00         [13] 1596 	ld	a, (_g_selected_rec+0)
    0000099A B7               [ 4] 1597 	or	a, a
    0000099B 20 06            [12] 1598 	jr	NZ, 00252$
    0000099D 3Ar00r00         [13] 1599 	ld	a, (_g_throw_rec_1+0)
    000009A0 C3rA6r09         [10] 1600 	jp	00253$
    000009A3                       1601 00252$:
    000009A3 3Ar00r00         [13] 1602 	ld	a, (_g_throw_rec_2+0)
    000009A6                       1603 00253$:
    000009A6 32r00r00         [13] 1604 	ld	(_T1_Receiver+0), a
    000009A9 C3rBEr09         [10] 1605 	jp	00176$
    000009AC                       1606 00175$:
                                   1607 ;E:\Dropbox\FAUSTO\SVILUPPI\MSX\CODE\C\MSXgl\projects\soccerlgMSX2/soccerlg_s15_b3.c:166: else T2_Receiver = (g_selected_rec == 0) ? g_throw_rec_1 : g_throw_rec_2;
    000009AC 3Ar00r00         [13] 1608 	ld	a, (_g_selected_rec+0)
    000009AF B7               [ 4] 1609 	or	a, a
    000009B0 20 06            [12] 1610 	jr	NZ, 00254$
    000009B2 3Ar00r00         [13] 1611 	ld	a, (_g_throw_rec_1+0)
    000009B5 C3rBBr09         [10] 1612 	jp	00255$
    000009B8                       1613 00254$:
    000009B8 3Ar00r00         [13] 1614 	ld	a, (_g_throw_rec_2+0)
    000009BB                       1615 00255$:
    000009BB 32r00r00         [13] 1616 	ld	(_T2_Receiver+0), a
    000009BE                       1617 00176$:
                                   1618 ;E:\Dropbox\FAUSTO\SVILUPPI\MSX\CODE\C\MSXgl\projects\soccerlgMSX2/soccerlg_s15_b3.c:168: u8 dir = g_player_input[team_to_kick].direction;
    000009BE 01r00r00         [10] 1619 	ld	bc, #_g_player_input+0
    000009C1 DD 5E FB         [19] 1620 	ld	e, -5 (ix)
    000009C4 16 00            [ 7] 1621 	ld	d, #0x00
    000009C6 6B               [ 4] 1622 	ld	l, e
    000009C7 62               [ 4] 1623 	ld	h, d
    000009C8 29               [11] 1624 	add	hl, hl
    000009C9 19               [11] 1625 	add	hl, de
    000009CA 09               [11] 1626 	add	hl, bc
    000009CB EB               [ 4] 1627 	ex	de, hl
    000009CC 1A               [ 7] 1628 	ld	a, (de)
    000009CD 4F               [ 4] 1629 	ld	c, a
                                   1630 ;E:\Dropbox\FAUSTO\SVILUPPI\MSX\CODE\C\MSXgl\projects\soccerlgMSX2/soccerlg_s15_b3.c:169: if (dir != DIRECTION_NONE && g_last_input_dir == DIRECTION_NONE) g_selected_rec = 1 - g_selected_rec;
    000009CE B7               [ 4] 1631 	or	a, a
    000009CF 28 11            [12] 1632 	jr	Z, 00178$
    000009D1 3Ar00r00         [13] 1633 	ld	a, (_g_last_input_dir+0)
    000009D4 B7               [ 4] 1634 	or	a, a
    000009D5 20 0B            [12] 1635 	jr	NZ, 00178$
    000009D7 3Ar00r00         [13] 1636 	ld	a, (_g_selected_rec+0)
    000009DA 47               [ 4] 1637 	ld	b, a
    000009DB 21r00r00         [10] 1638 	ld	hl, #_g_selected_rec
    000009DE 3E 01            [ 7] 1639 	ld	a, #0x01
    000009E0 90               [ 4] 1640 	sub	a, b
    000009E1 77               [ 7] 1641 	ld	(hl), a
    000009E2                       1642 00178$:
                                   1643 ;E:\Dropbox\FAUSTO\SVILUPPI\MSX\CODE\C\MSXgl\projects\soccerlgMSX2/soccerlg_s15_b3.c:170: g_last_input_dir = dir;
    000009E2 FD 21r00r00      [14] 1644 	ld	iy, #_g_last_input_dir
    000009E6 FD 71 00         [19] 1645 	ld	0 (iy), c
                                   1646 ;E:\Dropbox\FAUSTO\SVILUPPI\MSX\CODE\C\MSXgl\projects\soccerlgMSX2/soccerlg_s15_b3.c:172: bool do_kick = g_player_input[team_to_kick].trigger_pressed;
    000009E9 13               [ 6] 1647 	inc	de
    000009EA 1A               [ 7] 1648 	ld	a, (de)
                                   1649 ;E:\Dropbox\FAUSTO\SVILUPPI\MSX\CODE\C\MSXgl\projects\soccerlgMSX2/soccerlg_s15_b3.c:174: if (do_kick) *wait_secs = 0; // Trigger premuto: inizia subito la rincorsa!
    000009EB B7               [ 4] 1650 	or	a, a
    000009EC 28 08            [12] 1651 	jr	Z, 00183$
    000009EE DD 6E FC         [19] 1652 	ld	l, -4 (ix)
    000009F1 DD 66 FD         [19] 1653 	ld	h, -3 (ix)
    000009F4 36 00            [10] 1654 	ld	(hl), #0x00
    000009F6                       1655 00183$:
                                   1656 ;E:\Dropbox\FAUSTO\SVILUPPI\MSX\CODE\C\MSXgl\projects\soccerlgMSX2/soccerlg_s15_b3.c:178: if (RestartType != RESTART_GKSAVE) {
    000009F6 3Ar00r00         [13] 1657 	ld	a, (_RestartType+0)
    000009F9 D6 04            [ 7] 1658 	sub	a, #0x04
    000009FB 28 20            [12] 1659 	jr	Z, 00194$
                                   1660 ;E:\Dropbox\FAUSTO\SVILUPPI\MSX\CODE\C\MSXgl\projects\soccerlgMSX2/soccerlg_s15_b3.c:179: GK->frame = (gk == 0) ? SPR_GK_PLAYER_SOUTH_1 : SPR_GK_PLAYER_NORTH_1;
    000009FD DD 7E EA         [19] 1661 	ld	a, -22 (ix)
    00000A00 C6 0F            [ 7] 1662 	add	a, #0x0f
    00000A02 5F               [ 4] 1663 	ld	e, a
    00000A03 DD 7E EB         [19] 1664 	ld	a, -21 (ix)
    00000A06 CE 00            [ 7] 1665 	adc	a, #0x00
    00000A08 57               [ 4] 1666 	ld	d, a
    00000A09 DD 7E E9         [19] 1667 	ld	a, -23 (ix)
    00000A0C B7               [ 4] 1668 	or	a, a
    00000A0D 20 06            [12] 1669 	jr	NZ, 00256$
    00000A0F 01 F3 00         [10] 1670 	ld	bc, #0x00f3
    00000A12 C3r18r0A         [10] 1671 	jp	00257$
    00000A15                       1672 00256$:
    00000A15 01 F2 00         [10] 1673 	ld	bc, #0x00f2
    00000A18                       1674 00257$:
    00000A18 79               [ 4] 1675 	ld	a, c
    00000A19 12               [ 7] 1676 	ld	(de), a
    00000A1A 13               [ 6] 1677 	inc	de
    00000A1B 78               [ 4] 1678 	ld	a, b
    00000A1C 12               [ 7] 1679 	ld	(de), a
    00000A1D                       1680 00194$:
                                   1681 ;E:\Dropbox\FAUSTO\SVILUPPI\MSX\CODE\C\MSXgl\projects\soccerlgMSX2/soccerlg_s15_b3.c:183: }
    00000A1D DD F9            [10] 1682 	ld	sp, ix
    00000A1F DD E1            [14] 1683 	pop	ix
    00000A21 E1               [10] 1684 	pop	hl
    00000A22 F1               [10] 1685 	pop	af
    00000A23 F1               [10] 1686 	pop	af
    00000A24 E9               [ 4] 1687 	jp	(hl)
                         0000F380  1688 _g_RDPRIM	=	0xf380
                         0000F385  1689 _g_WRPRIM	=	0xf385
                         0000F38C  1690 _g_CLPRIM	=	0xf38c
                         0000F39A  1691 _g_USRTAB	=	0xf39a
                         0000F3DE  1692 _g_CNSDFG	=	0xf3de
                         0000F3DF  1693 _g_RG0SAV	=	0xf3df
                         0000F3E0  1694 _g_RG1SAV	=	0xf3e0
                         0000F3E1  1695 _g_RG2SAV	=	0xf3e1
                         0000F3E2  1696 _g_RG3SAV	=	0xf3e2
                         0000F3E3  1697 _g_RG4SAV	=	0xf3e3
                         0000F3E4  1698 _g_RG5SAV	=	0xf3e4
                         0000F3E5  1699 _g_RG6SAV	=	0xf3e5
                         0000F3E6  1700 _g_RG7SAV	=	0xf3e6
                         0000F3E7  1701 _g_STATFL	=	0xf3e7
                         0000F3E8  1702 _g_TRGFLG	=	0xf3e8
                         0000F3EC  1703 _g_MAXUPD	=	0xf3ec
                         0000F3EF  1704 _g_MINUPD	=	0xf3ef
                         0000F3F3  1705 _g_QUEUES	=	0xf3f3
                         0000F3F5  1706 _g_FRCNEW	=	0xf3f5
                         0000F3F6  1707 _g_SCNCNT	=	0xf3f6
                         0000F3F7  1708 _g_REPCNT	=	0xf3f7
                         0000F3F8  1709 _g_PUTPNT	=	0xf3f8
                         0000F3FA  1710 _g_GETPNT	=	0xf3fa
                         0000F3FC  1711 _g_CS120	=	0xf3fc
                         0000F401  1712 _g_CS240	=	0xf401
                         0000F406  1713 _g_LOW	=	0xf406
                         0000F408  1714 _g_HIGH	=	0xf408
                         0000F40A  1715 _g_HEADER	=	0xf40a
                         0000F40B  1716 _g_ASPCT1	=	0xf40b
                         0000F40D  1717 _g_ASPCT2	=	0xf40d
                         0000F959  1718 _g_QUETAB	=	0xf959
                         0000F971  1719 _g_QUEBAK	=	0xf971
                         0000F975  1720 _g_VOICAQ	=	0xf975
                         0000F9F5  1721 _g_VOICBQ	=	0xf9f5
                         0000FA75  1722 _g_VOICCQ	=	0xfa75
                         0000FAF5  1723 _g_RS2IQ	=	0xfaf5
                         0000FAF5  1724 _g_DPPAGE	=	0xfaf5
                         0000FAF6  1725 _g_ACPAGE	=	0xfaf6
                         0000FAF7  1726 _g_AVCSAV	=	0xfaf7
                         0000FAF8  1727 _g_EXBRSA	=	0xfaf8
                         0000FAF9  1728 _g_CHRCNT	=	0xfaf9
                         0000FAFA  1729 _g_ROMA	=	0xfafa
                         0000FAFC  1730 _g_MODE	=	0xfafc
                         0000FAFD  1731 _g_NORUSE	=	0xfafd
                         0000FAFE  1732 _g_XSAVE	=	0xfafe
                         0000FB00  1733 _g_YSAVE	=	0xfb00
                         0000FB03  1734 _g_RSTMP	=	0xfb03
                         0000FB03  1735 _g_TOCNT	=	0xfb03
                         0000FB04  1736 _g_RSFCB	=	0xfb04
                         0000FB06  1737 _g_RSIQLN	=	0xfb06
                         0000FB07  1738 _g_MEXBIh	=	0xfb07
                         0000FB0C  1739 _g_OLDSTT	=	0xfb0c
                         0000FB0C  1740 _g_OLDINT	=	0xfb0c
                         0000FB16  1741 _g_DEVNUM	=	0xfb16
                         0000FB17  1742 _g_DATCNT	=	0xfb17
                         0000FB1A  1743 _g_ERRORS	=	0xfb1a
                         0000FB1B  1744 _g_FLAGS	=	0xfb1b
                         0000FB1C  1745 _g_ESTBLS	=	0xfb1c
                         0000FB1D  1746 _g_COMMSK	=	0xfb1d
                         0000FB1E  1747 _g_LSTCOM	=	0xfb1e
                         0000FB1F  1748 _g_LSTMOD	=	0xfb1f
                         0000FB35  1749 _g_PRSCNT	=	0xfb35
                         0000FB36  1750 _g_SAVSP	=	0xfb36
                         0000FB38  1751 _g_VOICEN	=	0xfb38
                         0000FB39  1752 _g_SAVVOL	=	0xfb39
                         0000FB3B  1753 _g_MCLLEN	=	0xfb3b
                         0000FB3C  1754 _g_MCLPTR	=	0xfb3c
                         0000FB3E  1755 _g_QUEUEN	=	0xfb3e
                         0000FB3F  1756 _g_MUSICF	=	0xfb3f
                         0000FB40  1757 _g_PLYCNT	=	0xfb40
                         0000FB41  1758 _g_VCBA	=	0xfb41
                         0000FB66  1759 _g_VCBB	=	0xfb66
                         0000FB8B  1760 _g_VCBC	=	0xfb8b
                         0000FBB0  1761 _g_ENSTOP	=	0xfbb0
                         0000FBB1  1762 _g_BASROM	=	0xfbb1
                         0000FBB2  1763 _g_LINTTB	=	0xfbb2
                         0000FBCA  1764 _g_FSTPOS	=	0xfbca
                         0000FBCC  1765 _g_CODSAV	=	0xfbcc
                         0000FBCD  1766 _g_FNKSWI	=	0xfbcd
                         0000FBCE  1767 _g_FNKFLG	=	0xfbce
                         0000FBD8  1768 _g_ONGSBF	=	0xfbd8
                         0000FBD9  1769 _g_CLIKFL	=	0xfbd9
                         0000FBDA  1770 _g_OLDKEY	=	0xfbda
                         0000FBE5  1771 _g_NEWKEY	=	0xfbe5
                         0000FBF0  1772 _g_KEYBUF	=	0xfbf0
                         0000FC18  1773 _g_LINWRK	=	0xfc18
                         0000FC40  1774 _g_PATWRK	=	0xfc40
                         0000FC48  1775 _g_BOTTOM	=	0xfc48
                         0000FC4A  1776 _g_HIMEM	=	0xfc4a
                         0000FC4C  1777 _g_TRPTBL	=	0xfc4c
                         0000FC9A  1778 _g_RTYCNT	=	0xfc9a
                         0000FC9B  1779 _g_INTFLG	=	0xfc9b
                         0000FC9C  1780 _g_PADY	=	0xfc9c
                         0000FC9D  1781 _g_PADX	=	0xfc9d
                         0000FC9E  1782 _g_JIFFY	=	0xfc9e
                         0000FCA0  1783 _g_INTVAL	=	0xfca0
                         0000FCA2  1784 _g_INTCNT	=	0xfca2
                         0000FCA4  1785 _g_LOWLIM	=	0xfca4
                         0000FCA5  1786 _g_WINWID	=	0xfca5
                         0000FCA6  1787 _g_GRPHED	=	0xfca6
                         0000FCA7  1788 _g_ESCCNT	=	0xfca7
                         0000FCA8  1789 _g_INSFLG	=	0xfca8
                         0000FCA9  1790 _g_CSRSW	=	0xfca9
                         0000FCAA  1791 _g_CSTYLE	=	0xfcaa
                         0000FCAB  1792 _g_CAPST	=	0xfcab
                         0000FCAC  1793 _g_KANAST	=	0xfcac
                         0000FCAD  1794 _g_KANAMD	=	0xfcad
                         0000FCAE  1795 _g_FLBMEM	=	0xfcae
                         0000FCAF  1796 _g_SCRMOD	=	0xfcaf
                         0000FCB0  1797 _g_OLDSCR	=	0xfcb0
                         0000FCB1  1798 _g_CASPRV	=	0xfcb1
                         0000FCB2  1799 _g_BRDATR	=	0xfcb2
                         0000FCB3  1800 _g_GXPOS	=	0xfcb3
                         0000FCB5  1801 _g_GYPOS	=	0xfcb5
                         0000FCBB  1802 _g_DRWFLG	=	0xfcbb
                         0000FCBC  1803 _g_DRWSCL	=	0xfcbc
                         0000FCBD  1804 _g_DRWANG	=	0xfcbd
                         0000FCC1  1805 _g_MNROM	=	0xfcc1
                         0000FCC1  1806 _g_EXPTBL	=	0xfcc1
                         0000FCC5  1807 _g_SLTTBL	=	0xfcc5
                         0000FCC9  1808 _g_SLTATR	=	0xfcc9
                         0000FD09  1809 _g_SLTWRK	=	0xfd09
                         0000FD89  1810 _g_PROCNM	=	0xfd89
                         0000FFE7  1811 _g_RG08SAV	=	0xffe7
                         0000FFE8  1812 _g_RG09SAV	=	0xffe8
                         0000FFE9  1813 _g_RG10SAV	=	0xffe9
                         0000FFEA  1814 _g_RG11SAV	=	0xffea
                         0000FFEB  1815 _g_RG12SAV	=	0xffeb
                         0000FFEC  1816 _g_RG13SAV	=	0xffec
                         0000FFED  1817 _g_RG14SAV	=	0xffed
                         0000FFEE  1818 _g_RG15SAV	=	0xffee
                         0000FFEF  1819 _g_RG16SAV	=	0xffef
                         0000FFF0  1820 _g_RG17SAV	=	0xfff0
                         0000FFF1  1821 _g_RG18SAV	=	0xfff1
                         0000FFF2  1822 _g_RG19SAV	=	0xfff2
                         0000FFF3  1823 _g_RG20SAV	=	0xfff3
                         0000FFF4  1824 _g_RG21SAV	=	0xfff4
                         0000FFF5  1825 _g_RG22SAV	=	0xfff5
                         0000FFF6  1826 _g_RG23SAV	=	0xfff6
                         0000FFF7  1827 _g_MINROM	=	0xfff7
                         0000FFF8  1828 _g_SVFFF8	=	0xfff8
                         0000FFFA  1829 _g_RG25SAV	=	0xfffa
                         0000FFFB  1830 _g_RG26SAV	=	0xfffb
                         0000FFFC  1831 _g_RG27SAV	=	0xfffc
                         0000FFFD  1832 _g_SVFFFD	=	0xfffd
                         00000004  1833 _g_CGTABL	=	0x0004
                         00000006  1834 _g_VDP_DR	=	0x0006
                         00000007  1835 _g_VDP_DW	=	0x0007
                         0000002B  1836 _g_BASRVN	=	0x002b
                         0000002B  1837 _g_ROMVersion	=	0x002b
                         0000002D  1838 _g_MSXVER	=	0x002d
                         0000002E  1839 _g_MSXMID	=	0x002e
                         00000034  1840 _g_CHAR_16	=	0x0034
                         00000000  1841 _g_SUBRID	=	0x0000
                         00000002  1842 _g_STRSRC	=	0x0002
                         0000F30F  1843 _g_KANJTABLE	=	0xf30f
                         0000F323  1844 _g_DISKVE	=	0xf323
                         0000F325  1845 _g_BREAKV	=	0xf325
                         0000F341  1846 _g_RAMAD0	=	0xf341
                         0000F342  1847 _g_RAMAD1	=	0xf342
                         0000F343  1848 _g_RAMAD2	=	0xf343
                         0000F344  1849 _g_RAMAD3	=	0xf344
                         0000F348  1850 _g_MASTER	=	0xf348
                         0000F37D  1851 _g_BDOS	=	0xf37d
                                   1852 ;E:\Dropbox\FAUSTO\SVILUPPI\MSX\CODE\C\MSXgl\projects\soccerlgMSX2/soccerlg_s15_b3.c:185: void UpdateGameState_Penalties_End(u8* game_state, u8* wait_secs, u8* start_sec, u16 target_ly)
                                   1853 ;	---------------------------------
                                   1854 ; Function UpdateGameState_Penalties_End
                                   1855 ; ---------------------------------
    00000A25                       1856 _UpdateGameState_Penalties_End::
    00000A25 DD E5            [15] 1857 	push	ix
    00000A27 DD 21 00 00      [14] 1858 	ld	ix,#0
    00000A2B DD 39            [15] 1859 	add	ix,sp
    00000A2D FD 21 DC FF      [14] 1860 	ld	iy, #-36
    00000A31 FD 39            [15] 1861 	add	iy, sp
    00000A33 FD F9            [10] 1862 	ld	sp, iy
    00000A35 DD 75 FD         [19] 1863 	ld	-3 (ix), l
    00000A38 DD 74 FE         [19] 1864 	ld	-2 (ix), h
    00000A3B DD 73 FB         [19] 1865 	ld	-5 (ix), e
    00000A3E DD 72 FC         [19] 1866 	ld	-4 (ix), d
                                   1867 ;E:\Dropbox\FAUSTO\SVILUPPI\MSX\CODE\C\MSXgl\projects\soccerlgMSX2/soccerlg_s15_b3.c:189: if (*game_state >= 15 && *game_state <= 17) {
    00000A41 DD 6E FD         [19] 1868 	ld	l, -3 (ix)
    00000A44 DD 66 FE         [19] 1869 	ld	h, -2 (ix)
    00000A47 7E               [ 7] 1870 	ld	a, (hl)
    00000A48 DD 77 FA         [19] 1871 	ld	-6 (ix), a
    00000A4B D6 0F            [ 7] 1872 	sub	a, #0x0f
    00000A4D DAr47r1D         [10] 1873 	jp	C, 00295$
    00000A50 3E 11            [ 7] 1874 	ld	a, #0x11
    00000A52 DD 96 FA         [19] 1875 	sub	a, -6 (ix)
    00000A55 DAr47r1D         [10] 1876 	jp	C, 00295$
                                   1877 ;E:\Dropbox\FAUSTO\SVILUPPI\MSX\CODE\C\MSXgl\projects\soccerlgMSX2/soccerlg_s15_b3.c:190: struct ObjectInfo* Ball = &SwSprite[14];
                                   1878 ;E:\Dropbox\FAUSTO\SVILUPPI\MSX\CODE\C\MSXgl\projects\soccerlgMSX2/soccerlg_s15_b3.c:193: if (*game_state == 16 || *game_state == 17) {
    00000A58 DD 7E FA         [19] 1879 	ld	a, -6 (ix)
    00000A5B D6 10            [ 7] 1880 	sub	a, #0x10
    00000A5D 3E 01            [ 7] 1881 	ld	a, #0x01
    00000A5F 28 01            [12] 1882 	jr	Z, 00976$
    00000A61 AF               [ 4] 1883 	xor	a, a
    00000A62                       1884 00976$:
    00000A62 DD 77 FF         [19] 1885 	ld	-1 (ix), a
    00000A65 B7               [ 4] 1886 	or	a, a
    00000A66 20 07            [12] 1887 	jr	NZ, 00101$
    00000A68 DD 7E FA         [19] 1888 	ld	a, -6 (ix)
    00000A6B D6 11            [ 7] 1889 	sub	a, #0x11
    00000A6D 20 16            [12] 1890 	jr	NZ, 00102$
    00000A6F                       1891 00101$:
                                   1892 ;E:\Dropbox\FAUSTO\SVILUPPI\MSX\CODE\C\MSXgl\projects\soccerlgMSX2/soccerlg_s15_b3.c:194: keeper_idx = (g_penalty_shooter_idx < 7) ? 7 : 0; // Il portiere che ha appena finito
    00000A6F 3Ar00r00         [13] 1893 	ld	a, (_g_penalty_shooter_idx+0)
    00000A72 D6 07            [ 7] 1894 	sub	a, #0x07
    00000A74 30 06            [12] 1895 	jr	NC, 00297$
    00000A76 11 07 00         [10] 1896 	ld	de, #0x0007
    00000A79 C3r7Fr0A         [10] 1897 	jp	00298$
    00000A7C                       1898 00297$:
    00000A7C 11 00 00         [10] 1899 	ld	de, #0x0000
    00000A7F                       1900 00298$:
    00000A7F DD 73 E6         [19] 1901 	ld	-26 (ix), e
    00000A82 C3r97r0A         [10] 1902 	jp	00103$
    00000A85                       1903 00102$:
                                   1904 ;E:\Dropbox\FAUSTO\SVILUPPI\MSX\CODE\C\MSXgl\projects\soccerlgMSX2/soccerlg_s15_b3.c:196: keeper_idx = (g_penalty_team == TEAM_1) ? 7 : 0; // Il portiere che deve parare
    00000A85 3Ar00r00         [13] 1905 	ld	a, (_g_penalty_team+0)
    00000A88 B7               [ 4] 1906 	or	a, a
    00000A89 20 06            [12] 1907 	jr	NZ, 00299$
    00000A8B 01 07 00         [10] 1908 	ld	bc, #0x0007
    00000A8E C3r94r0A         [10] 1909 	jp	00300$
    00000A91                       1910 00299$:
    00000A91 01 00 00         [10] 1911 	ld	bc, #0x0000
    00000A94                       1912 00300$:
    00000A94 DD 71 E6         [19] 1913 	ld	-26 (ix), c
    00000A97                       1914 00103$:
                                   1915 ;E:\Dropbox\FAUSTO\SVILUPPI\MSX\CODE\C\MSXgl\projects\soccerlgMSX2/soccerlg_s15_b3.c:199: if(*game_state == 15) { // STATO 15: Attesa esito rigore
    00000A97 DD 7E FA         [19] 1916 	ld	a, -6 (ix)
    00000A9A D6 0F            [ 7] 1917 	sub	a, #0x0f
    00000A9C C2rACr10         [10] 1918 	jp	NZ,00282$
                                   1919 ;E:\Dropbox\FAUSTO\SVILUPPI\MSX\CODE\C\MSXgl\projects\soccerlgMSX2/soccerlg_s15_b3.c:200: if (Ball->anim == 5) {
    00000A9F 21r55r01         [10] 1920 	ld	hl, #(_SwSprite + 341)
    00000AA2 7E               [ 7] 1921 	ld	a, (hl)
    00000AA3 DD 77 F9         [19] 1922 	ld	-7 (ix), a
    00000AA6 23               [ 6] 1923 	inc	hl
    00000AA7 7E               [ 7] 1924 	ld	a, (hl)
    00000AA8 DD 77 FA         [19] 1925 	ld	-6 (ix), a
    00000AAB DD 4E F9         [19] 1926 	ld	c, -7 (ix)
    00000AAE DD 46 FA         [19] 1927 	ld	b, -6 (ix)
    00000AB1 79               [ 4] 1928 	ld	a, c
    00000AB2 D6 05            [ 7] 1929 	sub	a, #0x05
    00000AB4 B0               [ 4] 1930 	or	a, b
    00000AB5 C2r58r0C         [10] 1931 	jp	NZ,00170$
                                   1932 ;E:\Dropbox\FAUSTO\SVILUPPI\MSX\CODE\C\MSXgl\projects\soccerlgMSX2/soccerlg_s15_b3.c:201: u8 progress = Ball->count;
    00000AB8 3Ar57r01         [13] 1933 	ld	a, (#(_SwSprite + 343) + 0)
    00000ABB DD 77 FF         [19] 1934 	ld	-1 (ix), a
                                   1935 ;E:\Dropbox\FAUSTO\SVILUPPI\MSX\CODE\C\MSXgl\projects\soccerlgMSX2/soccerlg_s15_b3.c:202: i16 dx_total = (i16)g_pass_target_x - (i16)g_pass_start_x;
    00000ABE 2Ar00r00         [16] 1936 	ld	hl, (_g_pass_target_x)
    00000AC1 DD 75 F5         [19] 1937 	ld	-11 (ix), l
    00000AC4 DD 74 F6         [19] 1938 	ld	-10 (ix), h
    00000AC7 2Ar00r00         [16] 1939 	ld	hl, (_g_pass_start_x)
    00000ACA DD 75 F7         [19] 1940 	ld	-9 (ix), l
    00000ACD DD 74 F8         [19] 1941 	ld	-8 (ix), h
    00000AD0 DD 7E F5         [19] 1942 	ld	a, -11 (ix)
    00000AD3 DD 96 F7         [19] 1943 	sub	a, -9 (ix)
    00000AD6 DD 77 F9         [19] 1944 	ld	-7 (ix), a
    00000AD9 DD 7E F6         [19] 1945 	ld	a, -10 (ix)
    00000ADC DD 9E F8         [19] 1946 	sbc	a, -8 (ix)
    00000ADF DD 77 FA         [19] 1947 	ld	-6 (ix), a
    00000AE2 DD 7E F9         [19] 1948 	ld	a, -7 (ix)
    00000AE5 DD 77 F3         [19] 1949 	ld	-13 (ix), a
    00000AE8 DD 7E FA         [19] 1950 	ld	a, -6 (ix)
    00000AEB DD 77 F4         [19] 1951 	ld	-12 (ix), a
                                   1952 ;E:\Dropbox\FAUSTO\SVILUPPI\MSX\CODE\C\MSXgl\projects\soccerlgMSX2/soccerlg_s15_b3.c:203: i16 dy_total = (i16)g_pass_target_y - (i16)g_pass_start_y;
    00000AEE 2Ar00r00         [16] 1953 	ld	hl, (_g_pass_target_y)
    00000AF1 DD 75 F5         [19] 1954 	ld	-11 (ix), l
    00000AF4 DD 74 F6         [19] 1955 	ld	-10 (ix), h
    00000AF7 2Ar00r00         [16] 1956 	ld	hl, (_g_pass_start_y)
    00000AFA DD 75 F7         [19] 1957 	ld	-9 (ix), l
    00000AFD DD 74 F8         [19] 1958 	ld	-8 (ix), h
    00000B00 DD 7E F5         [19] 1959 	ld	a, -11 (ix)
    00000B03 DD 96 F7         [19] 1960 	sub	a, -9 (ix)
    00000B06 DD 77 F9         [19] 1961 	ld	-7 (ix), a
    00000B09 DD 7E F6         [19] 1962 	ld	a, -10 (ix)
    00000B0C DD 9E F8         [19] 1963 	sbc	a, -8 (ix)
    00000B0F DD 77 FA         [19] 1964 	ld	-6 (ix), a
                                   1965 ;E:\Dropbox\FAUSTO\SVILUPPI\MSX\CODE\C\MSXgl\projects\soccerlgMSX2/soccerlg_s15_b3.c:207: Ball->ly = g_pass_target_y;
                                   1966 ;E:\Dropbox\FAUSTO\SVILUPPI\MSX\CODE\C\MSXgl\projects\soccerlgMSX2/soccerlg_s15_b3.c:205: if (progress >= g_pass_max_frames) {
    00000B12 21r00r00         [10] 1967 	ld	hl, #_g_pass_max_frames
    00000B15 DD 7E FF         [19] 1968 	ld	a, -1 (ix)
    00000B18 96               [ 7] 1969 	sub	a, (hl)
    00000B19 38 77            [12] 1970 	jr	C, 00118$
                                   1971 ;E:\Dropbox\FAUSTO\SVILUPPI\MSX\CODE\C\MSXgl\projects\soccerlgMSX2/soccerlg_s15_b3.c:206: Ball->lx = g_pass_target_x;
    00000B1B 3Ar00r00         [13] 1972 	ld	a, (_g_pass_target_x+0)
    00000B1E 32r42r01         [13] 1973 	ld	(#(_SwSprite + 322)),a
                                   1974 ;E:\Dropbox\FAUSTO\SVILUPPI\MSX\CODE\C\MSXgl\projects\soccerlgMSX2/soccerlg_s15_b3.c:207: Ball->ly = g_pass_target_y;
    00000B21 21r46r01         [10] 1975 	ld	hl, #(_SwSprite + 326)
    00000B24 3Ar00r00         [13] 1976 	ld	a, (_g_pass_target_y+0)
    00000B27 77               [ 7] 1977 	ld	(hl), a
    00000B28 23               [ 6] 1978 	inc	hl
    00000B29 3Ar01r00         [13] 1979 	ld	a, (_g_pass_target_y+1)
    00000B2C 77               [ 7] 1980 	ld	(hl), a
                                   1981 ;E:\Dropbox\FAUSTO\SVILUPPI\MSX\CODE\C\MSXgl\projects\soccerlgMSX2/soccerlg_s15_b3.c:208: Ball->anim = 0; // Tiro terminato
    00000B2D 21 00 00         [10] 1982 	ld	hl, #0x0000
    00000B30 22r55r01         [16] 1983 	ld	((_SwSprite + 341)), hl
                                   1984 ;E:\Dropbox\FAUSTO\SVILUPPI\MSX\CODE\C\MSXgl\projects\soccerlgMSX2/soccerlg_s15_b3.c:209: CallFnc_VOID_P1(SEG_DRAW, SetBallSprite, 0); // Ripristina grandezza a terra
    00000B33 AF               [ 4] 1985 	xor	a, a
    00000B34 F5               [11] 1986 	push	af
    00000B35 33               [ 6] 1987 	inc	sp
    00000B36 11r00r00         [10] 1988 	ld	de, #_SetBallSprite
    00000B39 3E 05            [ 7] 1989 	ld	a, #0x05
    00000B3B CDr00r00         [17] 1990 	call	_CallFnc_VOID_P1
                                   1991 ;E:\Dropbox\FAUSTO\SVILUPPI\MSX\CODE\C\MSXgl\projects\soccerlgMSX2/soccerlg_s15_b3.c:211: if (Ball->ly <= 24 && Ball->lx >= 82 && Ball->lx <= 146) {
    00000B3E 21r46r01         [10] 1992 	ld	hl, #(_SwSprite + 326)
    00000B41 7E               [ 7] 1993 	ld	a, (hl)
    00000B42 DD 77 F9         [19] 1994 	ld	-7 (ix), a
    00000B45 23               [ 6] 1995 	inc	hl
    00000B46 7E               [ 7] 1996 	ld	a, (hl)
    00000B47 DD 77 FA         [19] 1997 	ld	-6 (ix), a
    00000B4A 3E 18            [ 7] 1998 	ld	a, #0x18
    00000B4C DD BE F9         [19] 1999 	cp	a, -7 (ix)
    00000B4F 3E 00            [ 7] 2000 	ld	a, #0x00
    00000B51 DD 9E FA         [19] 2001 	sbc	a, -6 (ix)
    00000B54 38 27            [12] 2002 	jr	C, 00109$
    00000B56 21r42r01         [10] 2003 	ld	hl, #(_SwSprite + 322)
    00000B59 4E               [ 7] 2004 	ld	c, (hl)
    00000B5A 79               [ 4] 2005 	ld	a, c
    00000B5B D6 52            [ 7] 2006 	sub	a, #0x52
    00000B5D 38 1E            [12] 2007 	jr	C, 00109$
    00000B5F 3E 92            [ 7] 2008 	ld	a, #0x92
    00000B61 91               [ 4] 2009 	sub	a, c
    00000B62 38 19            [12] 2010 	jr	C, 00109$
                                   2011 ;E:\Dropbox\FAUSTO\SVILUPPI\MSX\CODE\C\MSXgl\projects\soccerlgMSX2/soccerlg_s15_b3.c:212: if (g_penalty_team == TEAM_2) ScoreTeam2++; else ScoreTeam1++;
    00000B64 3Ar00r00         [13] 2012 	ld	a, (_g_penalty_team+0)
    00000B67 3D               [ 4] 2013 	dec	a
    00000B68 20 07            [12] 2014 	jr	NZ, 00106$
    00000B6A 21r00r00         [10] 2015 	ld	hl, #_ScoreTeam2
    00000B6D 34               [11] 2016 	inc	(hl)
    00000B6E C3r75r0B         [10] 2017 	jp	00107$
    00000B71                       2018 00106$:
    00000B71 21r00r00         [10] 2019 	ld	hl, #_ScoreTeam1
    00000B74 34               [11] 2020 	inc	(hl)
    00000B75                       2021 00107$:
                                   2022 ;E:\Dropbox\FAUSTO\SVILUPPI\MSX\CODE\C\MSXgl\projects\soccerlgMSX2/soccerlg_s15_b3.c:213: RestartType = RESTART_GOAL; // Segnala il goal per poter attivare l'esultanza
    00000B75 FD 21r00r00      [14] 2023 	ld	iy, #_RestartType
    00000B79 FD 36 00 05      [19] 2024 	ld	0 (iy), #0x05
    00000B7D                       2025 00109$:
                                   2026 ;E:\Dropbox\FAUSTO\SVILUPPI\MSX\CODE\C\MSXgl\projects\soccerlgMSX2/soccerlg_s15_b3.c:215: *wait_secs = 2; // Inizializza attesa post-tiro prima di cambiare giocatore
    00000B7D DD 6E FB         [19] 2027 	ld	l, -5 (ix)
    00000B80 DD 66 FC         [19] 2028 	ld	h, -4 (ix)
    00000B83 36 02            [10] 2029 	ld	(hl), #0x02
                                   2030 ;E:\Dropbox\FAUSTO\SVILUPPI\MSX\CODE\C\MSXgl\projects\soccerlgMSX2/soccerlg_s15_b3.c:216: *start_sec = Frms;
    00000B85 DD 4E 04         [19] 2031 	ld	c, 4 (ix)
    00000B88 DD 46 05         [19] 2032 	ld	b, 5 (ix)
    00000B8B 3Ar00r00         [13] 2033 	ld	a, (_Frms+0)
    00000B8E 02               [ 7] 2034 	ld	(bc), a
    00000B8F C3r47r1D         [10] 2035 	jp	00295$
    00000B92                       2036 00118$:
                                   2037 ;E:\Dropbox\FAUSTO\SVILUPPI\MSX\CODE\C\MSXgl\projects\soccerlgMSX2/soccerlg_s15_b3.c:218: Ball->lx = (u16)((i16)g_pass_start_x + (dx_total * progress) / g_pass_max_frames);
    00000B92 3Ar00r00         [13] 2038 	ld	a, (_g_pass_start_x+0)
    00000B95 DD 77 F8         [19] 2039 	ld	-8 (ix), a
    00000B98 DD 4E FF         [19] 2040 	ld	c, -1 (ix)
    00000B9B 06 00            [ 7] 2041 	ld	b, #0x00
    00000B9D C5               [11] 2042 	push	bc
    00000B9E 59               [ 4] 2043 	ld	e, c
    00000B9F 50               [ 4] 2044 	ld	d, b
    00000BA0 DD 6E F3         [19] 2045 	ld	l, -13 (ix)
                                   2046 ;	spillPairReg hl
                                   2047 ;	spillPairReg hl
    00000BA3 DD 66 F4         [19] 2048 	ld	h, -12 (ix)
                                   2049 ;	spillPairReg hl
                                   2050 ;	spillPairReg hl
    00000BA6 CDr00r00         [17] 2051 	call	__mulint
    00000BA9 EB               [ 4] 2052 	ex	de, hl
    00000BAA C1               [10] 2053 	pop	bc
    00000BAB 3Ar00r00         [13] 2054 	ld	a, (_g_pass_max_frames+0)
    00000BAE 5F               [ 4] 2055 	ld	e, a
    00000BAF 16 00            [ 7] 2056 	ld	d, #0x00
    00000BB1 C5               [11] 2057 	push	bc
    00000BB2 CDr00r00         [17] 2058 	call	__divsint
    00000BB5 C1               [10] 2059 	pop	bc
    00000BB6 7B               [ 4] 2060 	ld	a, e
    00000BB7 DD 86 F8         [19] 2061 	add	a, -8 (ix)
    00000BBA 32r42r01         [13] 2062 	ld	(#(_SwSprite + 322)),a
                                   2063 ;E:\Dropbox\FAUSTO\SVILUPPI\MSX\CODE\C\MSXgl\projects\soccerlgMSX2/soccerlg_s15_b3.c:219: Ball->ly = (u16)((i16)g_pass_start_y + (dy_total * progress) / g_pass_max_frames);
    00000BBD 2Ar00r00         [16] 2064 	ld	hl, (_g_pass_start_y)
    00000BC0 E5               [11] 2065 	push	hl
    00000BC1 59               [ 4] 2066 	ld	e, c
    00000BC2 50               [ 4] 2067 	ld	d, b
    00000BC3 DD 6E F9         [19] 2068 	ld	l, -7 (ix)
                                   2069 ;	spillPairReg hl
                                   2070 ;	spillPairReg hl
    00000BC6 DD 66 FA         [19] 2071 	ld	h, -6 (ix)
                                   2072 ;	spillPairReg hl
                                   2073 ;	spillPairReg hl
    00000BC9 CDr00r00         [17] 2074 	call	__mulint
    00000BCC 4B               [ 4] 2075 	ld	c, e
    00000BCD 42               [ 4] 2076 	ld	b, d
    00000BCE E1               [10] 2077 	pop	hl
    00000BCF 3Ar00r00         [13] 2078 	ld	a, (_g_pass_max_frames+0)
    00000BD2 5F               [ 4] 2079 	ld	e, a
    00000BD3 16 00            [ 7] 2080 	ld	d, #0x00
    00000BD5 E5               [11] 2081 	push	hl
    00000BD6 69               [ 4] 2082 	ld	l, c
                                   2083 ;	spillPairReg hl
                                   2084 ;	spillPairReg hl
    00000BD7 60               [ 4] 2085 	ld	h, b
                                   2086 ;	spillPairReg hl
                                   2087 ;	spillPairReg hl
    00000BD8 CDr00r00         [17] 2088 	call	__divsint
    00000BDB E1               [10] 2089 	pop	hl
    00000BDC 19               [11] 2090 	add	hl, de
    00000BDD EB               [ 4] 2091 	ex	de, hl
    00000BDE ED 53r46r01      [20] 2092 	ld	((_SwSprite + 326)), de
                                   2093 ;E:\Dropbox\FAUSTO\SVILUPPI\MSX\CODE\C\MSXgl\projects\soccerlgMSX2/soccerlg_s15_b3.c:220: Ball->count++;
    00000BE2 ED 4Br57r01      [20] 2094 	ld	bc, (#(_SwSprite + 343) + 0)
    00000BE6 03               [ 6] 2095 	inc	bc
    00000BE7 ED 43r57r01      [20] 2096 	ld	((_SwSprite + 343)), bc
                                   2097 ;E:\Dropbox\FAUSTO\SVILUPPI\MSX\CODE\C\MSXgl\projects\soccerlgMSX2/soccerlg_s15_b3.c:224: u8 half_frame = g_pass_max_frames >> 1;
    00000BEB 3Ar00r00         [13] 2098 	ld	a, (#_g_pass_max_frames + 0)
    00000BEE 4F               [ 4] 2099 	ld	c, a
    00000BEF CB 39            [ 8] 2100 	srl	c
                                   2101 ;E:\Dropbox\FAUSTO\SVILUPPI\MSX\CODE\C\MSXgl\projects\soccerlgMSX2/soccerlg_s15_b3.c:226: scale = (progress * g_pass_max_height) / half_frame;
    00000BF1 41               [ 4] 2102 	ld	b, c
    00000BF2 1E 00            [ 7] 2103 	ld	e, #0x00
                                   2104 ;E:\Dropbox\FAUSTO\SVILUPPI\MSX\CODE\C\MSXgl\projects\soccerlgMSX2/soccerlg_s15_b3.c:225: if (progress <= half_frame) {
    00000BF4 79               [ 4] 2105 	ld	a, c
    00000BF5 DD 96 FF         [19] 2106 	sub	a, -1 (ix)
    00000BF8 38 1F            [12] 2107 	jr	C, 00113$
                                   2108 ;E:\Dropbox\FAUSTO\SVILUPPI\MSX\CODE\C\MSXgl\projects\soccerlgMSX2/soccerlg_s15_b3.c:226: scale = (progress * g_pass_max_height) / half_frame;
    00000BFA D5               [11] 2109 	push	de
    00000BFB C5               [11] 2110 	push	bc
    00000BFC 3Ar00r00         [13] 2111 	ld	a, (#_g_pass_max_height + 0)
    00000BFF 5F               [ 4] 2112 	ld	e, a
    00000C00 DD 66 FF         [19] 2113 	ld	h, -1 (ix)
                                   2114 ;	spillPairReg hl
                                   2115 ;	spillPairReg hl
    00000C03 2E 00            [ 7] 2116 	ld	l, #0x00
    00000C05 55               [ 4] 2117 	ld	d, l
    00000C06 06 08            [ 7] 2118 	ld	b, #0x08
    00000C08                       2119 00985$:
    00000C08 29               [11] 2120 	add	hl, hl
    00000C09 30 01            [12] 2121 	jr	NC, 00986$
    00000C0B 19               [11] 2122 	add	hl, de
    00000C0C                       2123 00986$:
    00000C0C 10 FA            [13] 2124 	djnz	00985$
    00000C0E C1               [10] 2125 	pop	bc
    00000C0F D1               [10] 2126 	pop	de
    00000C10 53               [ 4] 2127 	ld	d, e
    00000C11 58               [ 4] 2128 	ld	e, b
    00000C12 CDr00r00         [17] 2129 	call	__divsint
    00000C15 43               [ 4] 2130 	ld	b, e
    00000C16 C3r44r0C         [10] 2131 	jp	00114$
    00000C19                       2132 00113$:
                                   2133 ;E:\Dropbox\FAUSTO\SVILUPPI\MSX\CODE\C\MSXgl\projects\soccerlgMSX2/soccerlg_s15_b3.c:228: u8 progress_down = progress - half_frame;
    00000C19 DD 7E FF         [19] 2134 	ld	a, -1 (ix)
    00000C1C 91               [ 4] 2135 	sub	a, c
    00000C1D 67               [ 4] 2136 	ld	h, a
                                   2137 ;	spillPairReg hl
                                   2138 ;	spillPairReg hl
                                   2139 ;E:\Dropbox\FAUSTO\SVILUPPI\MSX\CODE\C\MSXgl\projects\soccerlgMSX2/soccerlg_s15_b3.c:229: scale = g_pass_max_height - (progress_down * g_pass_max_height) / (g_pass_max_frames - half_frame);
    00000C1E D5               [11] 2140 	push	de
    00000C1F C5               [11] 2141 	push	bc
    00000C20 3Ar00r00         [13] 2142 	ld	a, (#_g_pass_max_height + 0)
    00000C23 5F               [ 4] 2143 	ld	e, a
    00000C24 2E 00            [ 7] 2144 	ld	l, #0x00
    00000C26 55               [ 4] 2145 	ld	d, l
    00000C27 06 08            [ 7] 2146 	ld	b, #0x08
    00000C29                       2147 00987$:
    00000C29 29               [11] 2148 	add	hl, hl
    00000C2A 30 01            [12] 2149 	jr	NC, 00988$
    00000C2C 19               [11] 2150 	add	hl, de
    00000C2D                       2151 00988$:
    00000C2D 10 FA            [13] 2152 	djnz	00987$
    00000C2F C1               [10] 2153 	pop	bc
    00000C30 D1               [10] 2154 	pop	de
    00000C31 3Ar00r00         [13] 2155 	ld	a, (_g_pass_max_frames+0)
    00000C34 16 00            [ 7] 2156 	ld	d, #0x00
    00000C36 90               [ 4] 2157 	sub	a, b
    00000C37 4F               [ 4] 2158 	ld	c, a
    00000C38 7A               [ 4] 2159 	ld	a, d
    00000C39 9B               [ 4] 2160 	sbc	a, e
    00000C3A 57               [ 4] 2161 	ld	d, a
    00000C3B 59               [ 4] 2162 	ld	e, c
    00000C3C CDr00r00         [17] 2163 	call	__divsint
    00000C3F 3Ar00r00         [13] 2164 	ld	a, (_g_pass_max_height+0)
    00000C42 93               [ 4] 2165 	sub	a, e
    00000C43 47               [ 4] 2166 	ld	b, a
    00000C44                       2167 00114$:
                                   2168 ;E:\Dropbox\FAUSTO\SVILUPPI\MSX\CODE\C\MSXgl\projects\soccerlgMSX2/soccerlg_s15_b3.c:231: if (scale > 7) scale = 7;
    00000C44 3E 07            [ 7] 2169 	ld	a, #0x07
    00000C46 90               [ 4] 2170 	sub	a, b
    00000C47 30 02            [12] 2171 	jr	NC, 00116$
    00000C49 06 07            [ 7] 2172 	ld	b, #0x07
    00000C4B                       2173 00116$:
                                   2174 ;E:\Dropbox\FAUSTO\SVILUPPI\MSX\CODE\C\MSXgl\projects\soccerlgMSX2/soccerlg_s15_b3.c:232: CallFnc_VOID_P1(SEG_DRAW, SetBallSprite, scale);
    00000C4B C5               [11] 2175 	push	bc
    00000C4C 33               [ 6] 2176 	inc	sp
    00000C4D 11r00r00         [10] 2177 	ld	de, #_SetBallSprite
    00000C50 3E 05            [ 7] 2178 	ld	a, #0x05
    00000C52 CDr00r00         [17] 2179 	call	_CallFnc_VOID_P1
    00000C55 C3r47r1D         [10] 2180 	jp	00295$
    00000C58                       2181 00170$:
                                   2182 ;E:\Dropbox\FAUSTO\SVILUPPI\MSX\CODE\C\MSXgl\projects\soccerlgMSX2/soccerlg_s15_b3.c:234: } else if(Ball->anim == 0) { // Attesa post-tiro
    00000C58 DD 7E FA         [19] 2183 	ld	a, -6 (ix)
    00000C5B DD B6 F9         [19] 2184 	or	a, -7 (ix)
    00000C5E C2r47r1D         [10] 2185 	jp	NZ, 00295$
                                   2186 ;E:\Dropbox\FAUSTO\SVILUPPI\MSX\CODE\C\MSXgl\projects\soccerlgMSX2/soccerlg_s15_b3.c:235: if (*start_sec < Frms) { 
    00000C61 DD 7E 04         [19] 2187 	ld	a, 4 (ix)
    00000C64 DD 77 F2         [19] 2188 	ld	-14 (ix), a
    00000C67 DD 7E 05         [19] 2189 	ld	a, 5 (ix)
    00000C6A DD 77 F3         [19] 2190 	ld	-13 (ix), a
    00000C6D DD 6E F2         [19] 2191 	ld	l, -14 (ix)
    00000C70 DD 66 F3         [19] 2192 	ld	h, -13 (ix)
    00000C73 4E               [ 7] 2193 	ld	c, (hl)
    00000C74 21r00r00         [10] 2194 	ld	hl, #_Frms
    00000C77 79               [ 4] 2195 	ld	a, c
    00000C78 96               [ 7] 2196 	sub	a, (hl)
    00000C79 30 12            [12] 2197 	jr	NC, 00123$
                                   2198 ;E:\Dropbox\FAUSTO\SVILUPPI\MSX\CODE\C\MSXgl\projects\soccerlgMSX2/soccerlg_s15_b3.c:236: if (*wait_secs > 0) (*wait_secs)--; 
    00000C7B DD 6E FB         [19] 2199 	ld	l, -5 (ix)
    00000C7E DD 66 FC         [19] 2200 	ld	h, -4 (ix)
    00000C81 7E               [ 7] 2201 	ld	a, (hl)
    00000C82 B7               [ 4] 2202 	or	a, a
    00000C83 28 08            [12] 2203 	jr	Z, 00123$
    00000C85 3D               [ 4] 2204 	dec	a
    00000C86 DD 6E FB         [19] 2205 	ld	l, -5 (ix)
    00000C89 DD 66 FC         [19] 2206 	ld	h, -4 (ix)
    00000C8C 77               [ 7] 2207 	ld	(hl), a
    00000C8D                       2208 00123$:
                                   2209 ;E:\Dropbox\FAUSTO\SVILUPPI\MSX\CODE\C\MSXgl\projects\soccerlgMSX2/soccerlg_s15_b3.c:238: *start_sec = Frms;
    00000C8D DD 6E F2         [19] 2210 	ld	l, -14 (ix)
    00000C90 DD 66 F3         [19] 2211 	ld	h, -13 (ix)
    00000C93 3Ar00r00         [13] 2212 	ld	a, (_Frms+0)
    00000C96 77               [ 7] 2213 	ld	(hl), a
                                   2214 ;E:\Dropbox\FAUSTO\SVILUPPI\MSX\CODE\C\MSXgl\projects\soccerlgMSX2/soccerlg_s15_b3.c:240: if (*wait_secs == 0) {
    00000C97 DD 6E FB         [19] 2215 	ld	l, -5 (ix)
    00000C9A DD 66 FC         [19] 2216 	ld	h, -4 (ix)
    00000C9D 7E               [ 7] 2217 	ld	a, (hl)
    00000C9E B7               [ 4] 2218 	or	a, a
    00000C9F C2r47r1D         [10] 2219 	jp	NZ, 00295$
                                   2220 ;E:\Dropbox\FAUSTO\SVILUPPI\MSX\CODE\C\MSXgl\projects\soccerlgMSX2/soccerlg_s15_b3.c:242: u8 shot_idx = g_penalty_shot_count[g_penalty_team];
    00000CA2 FD 21r00r00      [14] 2221 	ld	iy, #_g_penalty_shot_count
    00000CA6 ED 5Br00r00      [20] 2222 	ld	de, (_g_penalty_team)
    00000CAA 16 00            [ 7] 2223 	ld	d, #0x00
    00000CAC FD 19            [15] 2224 	add	iy, de
    00000CAE FD 5E 00         [19] 2225 	ld	e, 0 (iy)
                                   2226 ;E:\Dropbox\FAUSTO\SVILUPPI\MSX\CODE\C\MSXgl\projects\soccerlgMSX2/soccerlg_s15_b3.c:243: if (shot_idx < 5) {
    00000CB1 7B               [ 4] 2227 	ld	a, e
    00000CB2 D6 05            [ 7] 2228 	sub	a, #0x05
    00000CB4 D2r8Ar0D         [10] 2229 	jp	NC, 00128$
                                   2230 ;E:\Dropbox\FAUSTO\SVILUPPI\MSX\CODE\C\MSXgl\projects\soccerlgMSX2/soccerlg_s15_b3.c:244: u8 spr_idx = (g_penalty_team == TEAM_1) ? (27 + shot_idx) : (32 + shot_idx);
    00000CB7 4B               [ 4] 2231 	ld	c, e
    00000CB8 3Ar00r00         [13] 2232 	ld	a, (_g_penalty_team+0)
    00000CBB B7               [ 4] 2233 	or	a, a
    00000CBC 20 07            [12] 2234 	jr	NZ, 00301$
    00000CBE 79               [ 4] 2235 	ld	a, c
    00000CBF C6 1B            [ 7] 2236 	add	a, #0x1b
    00000CC1 4F               [ 4] 2237 	ld	c, a
    00000CC2 C3rC9r0C         [10] 2238 	jp	00302$
    00000CC5                       2239 00301$:
    00000CC5 79               [ 4] 2240 	ld	a, c
    00000CC6 C6 20            [ 7] 2241 	add	a, #0x20
    00000CC8 4F               [ 4] 2242 	ld	c, a
    00000CC9                       2243 00302$:
                                   2244 ;E:\Dropbox\FAUSTO\SVILUPPI\MSX\CODE\C\MSXgl\projects\soccerlgMSX2/soccerlg_s15_b3.c:245: bool scored = (RestartType == RESTART_GOAL);
    00000CC9 3Ar00r00         [13] 2245 	ld	a, (_RestartType+0)
    00000CCC D6 05            [ 7] 2246 	sub	a, #0x05
    00000CCE 3E 01            [ 7] 2247 	ld	a, #0x01
    00000CD0 28 01            [12] 2248 	jr	Z, 00990$
    00000CD2 AF               [ 4] 2249 	xor	a, a
    00000CD3                       2250 00990$:
    00000CD3 DD 77 F4         [19] 2251 	ld	-12 (ix), a
                                   2252 ;E:\Dropbox\FAUSTO\SVILUPPI\MSX\CODE\C\MSXgl\projects\soccerlgMSX2/soccerlg_s15_b3.c:247: SwSprite[spr_idx].lx = 32 + shot_idx * 12;
    00000CD6 06 00            [ 7] 2253 	ld	b, #0x00
    00000CD8 69               [ 4] 2254 	ld	l, c
    00000CD9 60               [ 4] 2255 	ld	h, b
    00000CDA 29               [11] 2256 	add	hl, hl
    00000CDB 29               [11] 2257 	add	hl, hl
    00000CDC 09               [11] 2258 	add	hl, bc
    00000CDD 29               [11] 2259 	add	hl, hl
    00000CDE 09               [11] 2260 	add	hl, bc
    00000CDF 29               [11] 2261 	add	hl, hl
    00000CE0 09               [11] 2262 	add	hl, bc
    00000CE1 01r00r00         [10] 2263 	ld	bc,#_SwSprite
    00000CE4 09               [11] 2264 	add	hl,bc
    00000CE5 DD 75 F5         [19] 2265 	ld	-11 (ix), l
    00000CE8 DD 74 F6         [19] 2266 	ld	-10 (ix), h
    00000CEB 7B               [ 4] 2267 	ld	a, e
    00000CEC 87               [ 4] 2268 	add	a, a
    00000CED 83               [ 4] 2269 	add	a, e
    00000CEE 87               [ 4] 2270 	add	a, a
    00000CEF 87               [ 4] 2271 	add	a, a
    00000CF0 DD 77 FF         [19] 2272 	ld	-1 (ix), a
                                   2273 ;E:\Dropbox\FAUSTO\SVILUPPI\MSX\CODE\C\MSXgl\projects\soccerlgMSX2/soccerlg_s15_b3.c:248: SwSprite[spr_idx].ly = 16; // Dietro la porta a Y=16
    00000CF3 DD 7E F5         [19] 2274 	ld	a, -11 (ix)
    00000CF6 C6 04            [ 7] 2275 	add	a, #0x04
    00000CF8 DD 77 F7         [19] 2276 	ld	-9 (ix), a
    00000CFB DD 7E F6         [19] 2277 	ld	a, -10 (ix)
    00000CFE CE 00            [ 7] 2278 	adc	a, #0x00
    00000D00 DD 77 F8         [19] 2279 	ld	-8 (ix), a
                                   2280 ;E:\Dropbox\FAUSTO\SVILUPPI\MSX\CODE\C\MSXgl\projects\soccerlgMSX2/soccerlg_s15_b3.c:249: SwSprite[spr_idx].frame = scored ? SPR_T1_O : SPR_T1_X;
    00000D03 DD 7E F5         [19] 2281 	ld	a, -11 (ix)
    00000D06 C6 0F            [ 7] 2282 	add	a, #0x0f
    00000D08 DD 77 F9         [19] 2283 	ld	-7 (ix), a
    00000D0B DD 7E F6         [19] 2284 	ld	a, -10 (ix)
    00000D0E CE 00            [ 7] 2285 	adc	a, #0x00
    00000D10 DD 77 FA         [19] 2286 	ld	-6 (ix), a
                                   2287 ;E:\Dropbox\FAUSTO\SVILUPPI\MSX\CODE\C\MSXgl\projects\soccerlgMSX2/soccerlg_s15_b3.c:246: if (g_penalty_team == TEAM_1) {
    00000D13 3Ar00r00         [13] 2288 	ld	a, (_g_penalty_team+0)
    00000D16 B7               [ 4] 2289 	or	a, a
    00000D17 20 42            [12] 2290 	jr	NZ, 00125$
                                   2291 ;E:\Dropbox\FAUSTO\SVILUPPI\MSX\CODE\C\MSXgl\projects\soccerlgMSX2/soccerlg_s15_b3.c:247: SwSprite[spr_idx].lx = 32 + shot_idx * 12;
    00000D19 DD 7E FF         [19] 2292 	ld	a, -1 (ix)
    00000D1C C6 20            [ 7] 2293 	add	a, #0x20
    00000D1E DD 6E F5         [19] 2294 	ld	l, -11 (ix)
    00000D21 DD 66 F6         [19] 2295 	ld	h, -10 (ix)
    00000D24 77               [ 7] 2296 	ld	(hl), a
                                   2297 ;E:\Dropbox\FAUSTO\SVILUPPI\MSX\CODE\C\MSXgl\projects\soccerlgMSX2/soccerlg_s15_b3.c:248: SwSprite[spr_idx].ly = 16; // Dietro la porta a Y=16
    00000D25 DD 6E F7         [19] 2298 	ld	l, -9 (ix)
    00000D28 DD 66 F8         [19] 2299 	ld	h, -8 (ix)
    00000D2B 36 10            [10] 2300 	ld	(hl), #0x10
    00000D2D 23               [ 6] 2301 	inc	hl
    00000D2E 36 00            [10] 2302 	ld	(hl), #0x00
                                   2303 ;E:\Dropbox\FAUSTO\SVILUPPI\MSX\CODE\C\MSXgl\projects\soccerlgMSX2/soccerlg_s15_b3.c:249: SwSprite[spr_idx].frame = scored ? SPR_T1_O : SPR_T1_X;
    00000D30 DD 7E F4         [19] 2304 	ld	a, -12 (ix)
    00000D33 B7               [ 4] 2305 	or	a, a
    00000D34 28 0B            [12] 2306 	jr	Z, 00303$
    00000D36 DD 36 F7 2F      [19] 2307 	ld	-9 (ix), #0x2f
    00000D3A DD 36 F8 00      [19] 2308 	ld	-8 (ix), #0
    00000D3E C3r49r0D         [10] 2309 	jp	00304$
    00000D41                       2310 00303$:
    00000D41 DD 36 F7 16      [19] 2311 	ld	-9 (ix), #0x16
    00000D45 DD 36 F8 00      [19] 2312 	ld	-8 (ix), #0
    00000D49                       2313 00304$:
    00000D49 DD 4E F7         [19] 2314 	ld	c, -9 (ix)
    00000D4C DD 46 F8         [19] 2315 	ld	b, -8 (ix)
    00000D4F DD 6E F9         [19] 2316 	ld	l, -7 (ix)
    00000D52 DD 66 FA         [19] 2317 	ld	h, -6 (ix)
    00000D55 71               [ 7] 2318 	ld	(hl), c
    00000D56 23               [ 6] 2319 	inc	hl
    00000D57 70               [ 7] 2320 	ld	(hl), b
    00000D58 C3r8Ar0D         [10] 2321 	jp	00128$
    00000D5B                       2322 00125$:
                                   2323 ;E:\Dropbox\FAUSTO\SVILUPPI\MSX\CODE\C\MSXgl\projects\soccerlgMSX2/soccerlg_s15_b3.c:251: SwSprite[spr_idx].lx = 168 + shot_idx * 12;
    00000D5B DD 7E FF         [19] 2324 	ld	a, -1 (ix)
    00000D5E C6 A8            [ 7] 2325 	add	a, #0xa8
    00000D60 DD 6E F5         [19] 2326 	ld	l, -11 (ix)
    00000D63 DD 66 F6         [19] 2327 	ld	h, -10 (ix)
    00000D66 77               [ 7] 2328 	ld	(hl), a
                                   2329 ;E:\Dropbox\FAUSTO\SVILUPPI\MSX\CODE\C\MSXgl\projects\soccerlgMSX2/soccerlg_s15_b3.c:252: SwSprite[spr_idx].ly = 16; // Dietro la porta a Y=16
    00000D67 DD 6E F7         [19] 2330 	ld	l, -9 (ix)
    00000D6A DD 66 F8         [19] 2331 	ld	h, -8 (ix)
    00000D6D 36 10            [10] 2332 	ld	(hl), #0x10
    00000D6F 23               [ 6] 2333 	inc	hl
    00000D70 36 00            [10] 2334 	ld	(hl), #0x00
                                   2335 ;E:\Dropbox\FAUSTO\SVILUPPI\MSX\CODE\C\MSXgl\projects\soccerlgMSX2/soccerlg_s15_b3.c:253: SwSprite[spr_idx].frame = scored ? SPR_T2_O : SPR_T2_X;
    00000D72 DD 7E F4         [19] 2336 	ld	a, -12 (ix)
    00000D75 B7               [ 4] 2337 	or	a, a
    00000D76 28 06            [12] 2338 	jr	Z, 00305$
    00000D78 01 9F 00         [10] 2339 	ld	bc, #0x009f
    00000D7B C3r81r0D         [10] 2340 	jp	00306$
    00000D7E                       2341 00305$:
    00000D7E 01 86 00         [10] 2342 	ld	bc, #0x0086
    00000D81                       2343 00306$:
    00000D81 DD 6E F9         [19] 2344 	ld	l, -7 (ix)
    00000D84 DD 66 FA         [19] 2345 	ld	h, -6 (ix)
    00000D87 71               [ 7] 2346 	ld	(hl), c
    00000D88 23               [ 6] 2347 	inc	hl
    00000D89 70               [ 7] 2348 	ld	(hl), b
    00000D8A                       2349 00128$:
                                   2350 ;E:\Dropbox\FAUSTO\SVILUPPI\MSX\CODE\C\MSXgl\projects\soccerlgMSX2/soccerlg_s15_b3.c:257: g_penalty_shot_count[g_penalty_team]++;
    00000D8A 3Er00            [ 7] 2351 	ld	a, #<(_g_penalty_shot_count)
    00000D8C 21r00r00         [10] 2352 	ld	hl, #_g_penalty_team
    00000D8F 86               [ 7] 2353 	add	a, (hl)
    00000D90 4F               [ 4] 2354 	ld	c, a
    00000D91 3Es00            [ 7] 2355 	ld	a, #>(_g_penalty_shot_count)
    00000D93 CE 00            [ 7] 2356 	adc	a, #0x00
    00000D95 47               [ 4] 2357 	ld	b, a
    00000D96 0A               [ 7] 2358 	ld	a, (bc)
    00000D97 3C               [ 4] 2359 	inc	a
    00000D98 02               [ 7] 2360 	ld	(bc), a
                                   2361 ;E:\Dropbox\FAUSTO\SVILUPPI\MSX\CODE\C\MSXgl\projects\soccerlgMSX2/soccerlg_s15_b3.c:260: bool match_over = FALSE;
    00000D99 0E 00            [ 7] 2362 	ld	c, #0x00
                                   2363 ;E:\Dropbox\FAUSTO\SVILUPPI\MSX\CODE\C\MSXgl\projects\soccerlgMSX2/soccerlg_s15_b3.c:261: if (g_penalty_shot_count[0] == g_penalty_shot_count[1] && g_penalty_shot_count[0] >= 5) {
    00000D9B 3Ar00r00         [13] 2364 	ld	a, (#_g_penalty_shot_count + 0)
    00000D9E DD 77 FF         [19] 2365 	ld	-1 (ix), a
    00000DA1 21r01r00         [10] 2366 	ld	hl, #_g_penalty_shot_count + 1
    00000DA4 7E               [ 7] 2367 	ld	a, (hl)
    00000DA5 DD 77 FA         [19] 2368 	ld	-6 (ix), a
    00000DA8 DD 7E FF         [19] 2369 	ld	a, -1 (ix)
    00000DAB DD 96 FA         [19] 2370 	sub	a, -6 (ix)
    00000DAE 20 44            [12] 2371 	jr	NZ, 00143$
    00000DB0 DD 7E FF         [19] 2372 	ld	a, -1 (ix)
    00000DB3 D6 05            [ 7] 2373 	sub	a, #0x05
    00000DB5 38 3D            [12] 2374 	jr	C, 00143$
                                   2375 ;E:\Dropbox\FAUSTO\SVILUPPI\MSX\CODE\C\MSXgl\projects\soccerlgMSX2/soccerlg_s15_b3.c:262: if (ScoreTeam1 != ScoreTeam2) {
    00000DB7 3Ar00r00         [13] 2376 	ld	a, (_ScoreTeam1+0)
    00000DBA FD 21r00r00      [14] 2377 	ld	iy, #_ScoreTeam2
    00000DBE FD 96 00         [19] 2378 	sub	a, 0 (iy)
    00000DC1 28 05            [12] 2379 	jr	Z, 00133$
                                   2380 ;E:\Dropbox\FAUSTO\SVILUPPI\MSX\CODE\C\MSXgl\projects\soccerlgMSX2/soccerlg_s15_b3.c:263: match_over = TRUE;
    00000DC3 0E 01            [ 7] 2381 	ld	c, #0x01
    00000DC5 C3r51r0E         [10] 2382 	jp	00144$
    00000DC8                       2383 00133$:
                                   2384 ;E:\Dropbox\FAUSTO\SVILUPPI\MSX\CODE\C\MSXgl\projects\soccerlgMSX2/soccerlg_s15_b3.c:264: } else if (g_penalty_shot_count[0] == 5) {
    00000DC8 DD 7E FF         [19] 2385 	ld	a, -1 (ix)
    00000DCB D6 05            [ 7] 2386 	sub	a, #0x05
    00000DCD C2r51r0E         [10] 2387 	jp	NZ,00144$
                                   2388 ;E:\Dropbox\FAUSTO\SVILUPPI\MSX\CODE\C\MSXgl\projects\soccerlgMSX2/soccerlg_s15_b3.c:266: for (u8 i = 27; i < 37; i++) SwSprite[i].ly = 1000;
    00000DD0 06 1B            [ 7] 2389 	ld	b, #0x1b
    00000DD2                       2390 00288$:
    00000DD2 78               [ 4] 2391 	ld	a, b
    00000DD3 D6 25            [ 7] 2392 	sub	a, #0x25
    00000DD5 30 7A            [12] 2393 	jr	NC, 00144$
    00000DD7 58               [ 4] 2394 	ld	e, b
    00000DD8 16 00            [ 7] 2395 	ld	d, #0x00
    00000DDA 6B               [ 4] 2396 	ld	l, e
    00000DDB 62               [ 4] 2397 	ld	h, d
    00000DDC 29               [11] 2398 	add	hl, hl
    00000DDD 29               [11] 2399 	add	hl, hl
    00000DDE 19               [11] 2400 	add	hl, de
    00000DDF 29               [11] 2401 	add	hl, hl
    00000DE0 19               [11] 2402 	add	hl, de
    00000DE1 29               [11] 2403 	add	hl, hl
    00000DE2 19               [11] 2404 	add	hl, de
    00000DE3 11r00r00         [10] 2405 	ld	de, #_SwSprite
    00000DE6 19               [11] 2406 	add	hl, de
    00000DE7 11 04 00         [10] 2407 	ld	de, #0x0004
    00000DEA 19               [11] 2408 	add	hl, de
    00000DEB 36 E8            [10] 2409 	ld	(hl), #0xe8
    00000DED 23               [ 6] 2410 	inc	hl
    00000DEE 36 03            [10] 2411 	ld	(hl), #0x03
    00000DF0 04               [ 4] 2412 	inc	b
    00000DF1 C3rD2r0D         [10] 2413 	jp	00288$
    00000DF4                       2414 00143$:
                                   2415 ;E:\Dropbox\FAUSTO\SVILUPPI\MSX\CODE\C\MSXgl\projects\soccerlgMSX2/soccerlg_s15_b3.c:268: } else if (g_penalty_shot_count[0] <= 5 && g_penalty_shot_count[1] <= 5) {
    00000DF4 3E 05            [ 7] 2416 	ld	a, #0x05
    00000DF6 DD 96 FF         [19] 2417 	sub	a, -1 (ix)
    00000DF9 38 56            [12] 2418 	jr	C, 00144$
    00000DFB 3E 05            [ 7] 2419 	ld	a, #0x05
    00000DFD DD 96 FA         [19] 2420 	sub	a, -6 (ix)
    00000E00 38 4F            [12] 2421 	jr	C, 00144$
                                   2422 ;E:\Dropbox\FAUSTO\SVILUPPI\MSX\CODE\C\MSXgl\projects\soccerlgMSX2/soccerlg_s15_b3.c:269: u8 rem1 = 5 - g_penalty_shot_count[0];
    00000E02 DD 46 FF         [19] 2423 	ld	b, -1 (ix)
    00000E05 3E 05            [ 7] 2424 	ld	a, #0x05
    00000E07 90               [ 4] 2425 	sub	a, b
    00000E08 DD 77 FF         [19] 2426 	ld	-1 (ix), a
                                   2427 ;E:\Dropbox\FAUSTO\SVILUPPI\MSX\CODE\C\MSXgl\projects\soccerlgMSX2/soccerlg_s15_b3.c:270: u8 rem2 = 5 - g_penalty_shot_count[1];
    00000E0B DD 46 FA         [19] 2428 	ld	b, -6 (ix)
    00000E0E 3E 05            [ 7] 2429 	ld	a, #0x05
    00000E10 90               [ 4] 2430 	sub	a, b
    00000E11 5F               [ 4] 2431 	ld	e, a
                                   2432 ;E:\Dropbox\FAUSTO\SVILUPPI\MSX\CODE\C\MSXgl\projects\soccerlgMSX2/soccerlg_s15_b3.c:271: if (ScoreTeam1 > ScoreTeam2 + rem2) match_over = TRUE;
    00000E12 3Ar00r00         [13] 2433 	ld	a, (_ScoreTeam2+0)
    00000E15 DD 77 F9         [19] 2434 	ld	-7 (ix), a
    00000E18 DD 36 FA 00      [19] 2435 	ld	-6 (ix), #0x00
    00000E1C 16 00            [ 7] 2436 	ld	d, #0x00
    00000E1E DD 6E F9         [19] 2437 	ld	l, -7 (ix)
    00000E21 DD 66 FA         [19] 2438 	ld	h, -6 (ix)
    00000E24 19               [11] 2439 	add	hl, de
    00000E25 3Ar00r00         [13] 2440 	ld	a, (_ScoreTeam1+0)
    00000E28 5F               [ 4] 2441 	ld	e, a
    00000E29 16 00            [ 7] 2442 	ld	d, #0x00
    00000E2B 7D               [ 4] 2443 	ld	a, l
    00000E2C 93               [ 4] 2444 	sub	a, e
    00000E2D 7C               [ 4] 2445 	ld	a, h
    00000E2E 9A               [ 4] 2446 	sbc	a, d
    00000E2F E2r34r0E         [10] 2447 	jp	PO, 00996$
    00000E32 EE 80            [ 7] 2448 	xor	a, #0x80
    00000E34                       2449 00996$:
    00000E34 F2r39r0E         [10] 2450 	jp	P, 00136$
    00000E37 0E 01            [ 7] 2451 	ld	c, #0x01
    00000E39                       2452 00136$:
                                   2453 ;E:\Dropbox\FAUSTO\SVILUPPI\MSX\CODE\C\MSXgl\projects\soccerlgMSX2/soccerlg_s15_b3.c:272: if (ScoreTeam2 > ScoreTeam1 + rem1) match_over = TRUE;
    00000E39 DD 6E FF         [19] 2454 	ld	l, -1 (ix)
                                   2455 ;	spillPairReg hl
                                   2456 ;	spillPairReg hl
    00000E3C 26 00            [ 7] 2457 	ld	h, #0x00
                                   2458 ;	spillPairReg hl
                                   2459 ;	spillPairReg hl
    00000E3E 19               [11] 2460 	add	hl, de
    00000E3F 7D               [ 4] 2461 	ld	a, l
    00000E40 DD 96 F9         [19] 2462 	sub	a, -7 (ix)
    00000E43 7C               [ 4] 2463 	ld	a, h
    00000E44 DD 9E FA         [19] 2464 	sbc	a, -6 (ix)
    00000E47 E2r4Cr0E         [10] 2465 	jp	PO, 00997$
    00000E4A EE 80            [ 7] 2466 	xor	a, #0x80
    00000E4C                       2467 00997$:
    00000E4C F2r51r0E         [10] 2468 	jp	P, 00144$
    00000E4F 0E 01            [ 7] 2469 	ld	c, #0x01
    00000E51                       2470 00144$:
                                   2471 ;E:\Dropbox\FAUSTO\SVILUPPI\MSX\CODE\C\MSXgl\projects\soccerlgMSX2/soccerlg_s15_b3.c:275: g_penalty_team = (g_penalty_team == TEAM_1) ? TEAM_2 : TEAM_1;
    00000E51 3Ar00r00         [13] 2472 	ld	a, (_g_penalty_team+0)
    00000E54 B7               [ 4] 2473 	or	a, a
    00000E55 20 07            [12] 2474 	jr	NZ, 00307$
    00000E57 3E 01            [ 7] 2475 	ld	a, #0x01
    00000E59 06 00            [ 7] 2476 	ld	b, #0x00
    00000E5B C3r60r0E         [10] 2477 	jp	00308$
    00000E5E                       2478 00307$:
    00000E5E AF               [ 4] 2479 	xor	a, a
    00000E5F 47               [ 4] 2480 	ld	b, a
    00000E60                       2481 00308$:
    00000E60 32r00r00         [13] 2482 	ld	(_g_penalty_team+0), a
                                   2483 ;E:\Dropbox\FAUSTO\SVILUPPI\MSX\CODE\C\MSXgl\projects\soccerlgMSX2/soccerlg_s15_b3.c:278: Ball->ly = 1000;
    00000E63 21 E8 03         [10] 2484 	ld	hl, #0x03e8
    00000E66 22r46r01         [16] 2485 	ld	((_SwSprite + 326)), hl
                                   2486 ;E:\Dropbox\FAUSTO\SVILUPPI\MSX\CODE\C\MSXgl\projects\soccerlgMSX2/soccerlg_s15_b3.c:280: if (match_over) {
    00000E69 79               [ 4] 2487 	ld	a, c
    00000E6A B7               [ 4] 2488 	or	a, a
    00000E6B 28 25            [12] 2489 	jr	Z, 00163$
                                   2490 ;E:\Dropbox\FAUSTO\SVILUPPI\MSX\CODE\C\MSXgl\projects\soccerlgMSX2/soccerlg_s15_b3.c:281: *game_state = 17; // Vittoria rigori
    00000E6D DD 6E FD         [19] 2491 	ld	l, -3 (ix)
    00000E70 DD 66 FE         [19] 2492 	ld	h, -2 (ix)
    00000E73 36 11            [10] 2493 	ld	(hl), #0x11
                                   2494 ;E:\Dropbox\FAUSTO\SVILUPPI\MSX\CODE\C\MSXgl\projects\soccerlgMSX2/soccerlg_s15_b3.c:282: *wait_secs = 6;
    00000E75 DD 6E FB         [19] 2495 	ld	l, -5 (ix)
    00000E78 DD 66 FC         [19] 2496 	ld	h, -4 (ix)
    00000E7B 36 06            [10] 2497 	ld	(hl), #0x06
                                   2498 ;E:\Dropbox\FAUSTO\SVILUPPI\MSX\CODE\C\MSXgl\projects\soccerlgMSX2/soccerlg_s15_b3.c:283: *start_sec = Frms;
    00000E7D DD 6E F2         [19] 2499 	ld	l, -14 (ix)
    00000E80 DD 66 F3         [19] 2500 	ld	h, -13 (ix)
    00000E83 3Ar00r00         [13] 2501 	ld	a, (_Frms+0)
    00000E86 77               [ 7] 2502 	ld	(hl), a
                                   2503 ;E:\Dropbox\FAUSTO\SVILUPPI\MSX\CODE\C\MSXgl\projects\soccerlgMSX2/soccerlg_s15_b3.c:284: g_is_penalty_shootout = FALSE; // Turn off to allow generic behavior
    00000E87 FD 21r00r00      [14] 2504 	ld	iy, #_g_is_penalty_shootout
    00000E8B FD 36 00 00      [19] 2505 	ld	0 (iy), #0x00
    00000E8F C3r47r1D         [10] 2506 	jp	00295$
    00000E92                       2507 00163$:
                                   2508 ;E:\Dropbox\FAUSTO\SVILUPPI\MSX\CODE\C\MSXgl\projects\soccerlgMSX2/soccerlg_s15_b3.c:287: u8 p_idx = g_penalty_shooter_idx;
    00000E92 3Ar00r00         [13] 2509 	ld	a, (_g_penalty_shooter_idx+0)
                                   2510 ;E:\Dropbox\FAUSTO\SVILUPPI\MSX\CODE\C\MSXgl\projects\soccerlgMSX2/soccerlg_s15_b3.c:288: u8 role = (p_idx < 7) ? p_idx : p_idx - 7;
    00000E95 DD 77 FA         [19] 2511 	ld	-6 (ix), a
    00000E98 D6 07            [ 7] 2512 	sub	a, #0x07
    00000E9A 3E 00            [ 7] 2513 	ld	a, #0x00
    00000E9C 17               [ 4] 2514 	rla
    00000E9D 47               [ 4] 2515 	ld	b, a
    00000E9E B7               [ 4] 2516 	or	a, a
    00000E9F 28 06            [12] 2517 	jr	Z, 00309$
    00000EA1 DD 56 FA         [19] 2518 	ld	d, -6 (ix)
    00000EA4 C3rADr0E         [10] 2519 	jp	00310$
    00000EA7                       2520 00309$:
    00000EA7 DD 7E FA         [19] 2521 	ld	a, -6 (ix)
    00000EAA C6 F9            [ 7] 2522 	add	a, #0xf9
    00000EAC 57               [ 4] 2523 	ld	d, a
    00000EAD                       2524 00310$:
    00000EAD DD 72 F9         [19] 2525 	ld	-7 (ix), d
                                   2526 ;E:\Dropbox\FAUSTO\SVILUPPI\MSX\CODE\C\MSXgl\projects\soccerlgMSX2/soccerlg_s15_b3.c:289: u8 t_cx = (p_idx < 7) ? 64 : 192;
    00000EB0 78               [ 4] 2527 	ld	a, b
    00000EB1 B7               [ 4] 2528 	or	a, a
    00000EB2 28 0B            [12] 2529 	jr	Z, 00311$
    00000EB4 DD 36 F7 40      [19] 2530 	ld	-9 (ix), #0x40
    00000EB8 DD 36 F8 00      [19] 2531 	ld	-8 (ix), #0
    00000EBC C3rC7r0E         [10] 2532 	jp	00312$
    00000EBF                       2533 00311$:
    00000EBF DD 36 F7 C0      [19] 2534 	ld	-9 (ix), #0xc0
    00000EC3 DD 36 F8 00      [19] 2535 	ld	-8 (ix), #0
    00000EC7                       2536 00312$:
    00000EC7 DD 7E F7         [19] 2537 	ld	a, -9 (ix)
    00000ECA DD 77 FF         [19] 2538 	ld	-1 (ix), a
                                   2539 ;E:\Dropbox\FAUSTO\SVILUPPI\MSX\CODE\C\MSXgl\projects\soccerlgMSX2/soccerlg_s15_b3.c:290: i8 off_x = 0; i8 off_y = 0;
    00000ECD DD 36 F5 00      [19] 2540 	ld	-11 (ix), #0x00
    00000ED1 DD 36 F6 00      [19] 2541 	ld	-10 (ix), #0x00
                                   2542 ;E:\Dropbox\FAUSTO\SVILUPPI\MSX\CODE\C\MSXgl\projects\soccerlgMSX2/soccerlg_s15_b3.c:291: switch(role) {
    00000ED5 3E 06            [ 7] 2543 	ld	a, #0x06
    00000ED7 DD 96 F9         [19] 2544 	sub	a, -7 (ix)
    00000EDA 38 6B            [12] 2545 	jr	C, 00153$
    00000EDC DD 4E F9         [19] 2546 	ld	c, -7 (ix)
    00000EDF 06 00            [ 7] 2547 	ld	b, #0x00
    00000EE1 21rE8r0E         [10] 2548 	ld	hl, #00998$
    00000EE4 09               [11] 2549 	add	hl, bc
    00000EE5 09               [11] 2550 	add	hl, bc
    00000EE6 09               [11] 2551 	add	hl, bc
    00000EE7 E9               [ 4] 2552 	jp	(hl)
    00000EE8                       2553 00998$:
    00000EE8 C3rFDr0E         [10] 2554 	jp	00146$
    00000EEB C3r08r0F         [10] 2555 	jp	00147$
    00000EEE C3r13r0F         [10] 2556 	jp	00148$
    00000EF1 C3r1Er0F         [10] 2557 	jp	00149$
    00000EF4 C3r29r0F         [10] 2558 	jp	00150$
    00000EF7 C3r34r0F         [10] 2559 	jp	00151$
    00000EFA C3r3Fr0F         [10] 2560 	jp	00152$
                                   2561 ;E:\Dropbox\FAUSTO\SVILUPPI\MSX\CODE\C\MSXgl\projects\soccerlgMSX2/soccerlg_s15_b3.c:292: case 0: off_x = -18; off_y = -18; break; case 1: off_x =   2; off_y = -18; break;
    00000EFD                       2562 00146$:
    00000EFD DD 36 F5 EE      [19] 2563 	ld	-11 (ix), #0xee
    00000F01 DD 36 F6 EE      [19] 2564 	ld	-10 (ix), #0xee
    00000F05 C3r47r0F         [10] 2565 	jp	00153$
    00000F08                       2566 00147$:
    00000F08 DD 36 F5 02      [19] 2567 	ld	-11 (ix), #0x02
    00000F0C DD 36 F6 EE      [19] 2568 	ld	-10 (ix), #0xee
    00000F10 C3r47r0F         [10] 2569 	jp	00153$
                                   2570 ;E:\Dropbox\FAUSTO\SVILUPPI\MSX\CODE\C\MSXgl\projects\soccerlgMSX2/soccerlg_s15_b3.c:293: case 2: off_x =  22; off_y = -18; break; case 3: off_x = -22; off_y =   2; break;
    00000F13                       2571 00148$:
    00000F13 DD 36 F5 16      [19] 2572 	ld	-11 (ix), #0x16
    00000F17 DD 36 F6 EE      [19] 2573 	ld	-10 (ix), #0xee
    00000F1B C3r47r0F         [10] 2574 	jp	00153$
    00000F1E                       2575 00149$:
    00000F1E DD 36 F5 EA      [19] 2576 	ld	-11 (ix), #0xea
    00000F22 DD 36 F6 02      [19] 2577 	ld	-10 (ix), #0x02
    00000F26 C3r47r0F         [10] 2578 	jp	00153$
                                   2579 ;E:\Dropbox\FAUSTO\SVILUPPI\MSX\CODE\C\MSXgl\projects\soccerlgMSX2/soccerlg_s15_b3.c:294: case 4: off_x =  -2; off_y =   2; break; case 5: off_x =  18; off_y =   2; break;
    00000F29                       2580 00150$:
    00000F29 DD 36 F5 FE      [19] 2581 	ld	-11 (ix), #0xfe
    00000F2D DD 36 F6 02      [19] 2582 	ld	-10 (ix), #0x02
    00000F31 C3r47r0F         [10] 2583 	jp	00153$
    00000F34                       2584 00151$:
    00000F34 DD 36 F5 12      [19] 2585 	ld	-11 (ix), #0x12
    00000F38 DD 36 F6 02      [19] 2586 	ld	-10 (ix), #0x02
    00000F3C C3r47r0F         [10] 2587 	jp	00153$
                                   2588 ;E:\Dropbox\FAUSTO\SVILUPPI\MSX\CODE\C\MSXgl\projects\soccerlgMSX2/soccerlg_s15_b3.c:295: case 6: off_x = -10; off_y =  22; break;
    00000F3F                       2589 00152$:
    00000F3F DD 36 F5 F6      [19] 2590 	ld	-11 (ix), #0xf6
    00000F43 DD 36 F6 16      [19] 2591 	ld	-10 (ix), #0x16
                                   2592 ;E:\Dropbox\FAUSTO\SVILUPPI\MSX\CODE\C\MSXgl\projects\soccerlgMSX2/soccerlg_s15_b3.c:296: }
    00000F47                       2593 00153$:
                                   2594 ;E:\Dropbox\FAUSTO\SVILUPPI\MSX\CODE\C\MSXgl\projects\soccerlgMSX2/soccerlg_s15_b3.c:297: SwSprite[p_idx].tx = (u8)(t_cx + off_x); SwSprite[p_idx].ty = (u16)(256 + off_y);
    00000F47 DD 4E FA         [19] 2595 	ld	c, -6 (ix)
    00000F4A 06 00            [ 7] 2596 	ld	b, #0x00
    00000F4C 69               [ 4] 2597 	ld	l, c
    00000F4D 60               [ 4] 2598 	ld	h, b
    00000F4E 29               [11] 2599 	add	hl, hl
    00000F4F 29               [11] 2600 	add	hl, hl
    00000F50 09               [11] 2601 	add	hl, bc
    00000F51 29               [11] 2602 	add	hl, hl
    00000F52 09               [11] 2603 	add	hl, bc
    00000F53 29               [11] 2604 	add	hl, hl
    00000F54 09               [11] 2605 	add	hl, bc
    00000F55 DD 75 F9         [19] 2606 	ld	-7 (ix), l
    00000F58 DD 74 FA         [19] 2607 	ld	-6 (ix), h
    00000F5B 3Er00            [ 7] 2608 	ld	a, #<(_SwSprite)
    00000F5D DD 86 F9         [19] 2609 	add	a, -7 (ix)
    00000F60 DD 77 F7         [19] 2610 	ld	-9 (ix), a
    00000F63 3Es00            [ 7] 2611 	ld	a, #>(_SwSprite)
    00000F65 DD 8E FA         [19] 2612 	adc	a, -6 (ix)
    00000F68 DD 77 F8         [19] 2613 	ld	-8 (ix), a
    00000F6B DD 7E F7         [19] 2614 	ld	a, -9 (ix)
    00000F6E C6 0C            [ 7] 2615 	add	a, #0x0c
    00000F70 DD 77 F9         [19] 2616 	ld	-7 (ix), a
    00000F73 DD 7E F8         [19] 2617 	ld	a, -8 (ix)
    00000F76 CE 00            [ 7] 2618 	adc	a, #0x00
    00000F78 DD 77 FA         [19] 2619 	ld	-6 (ix), a
    00000F7B DD 7E FF         [19] 2620 	ld	a, -1 (ix)
    00000F7E DD 86 F5         [19] 2621 	add	a, -11 (ix)
    00000F81 DD 77 FF         [19] 2622 	ld	-1 (ix), a
    00000F84 DD 6E F9         [19] 2623 	ld	l, -7 (ix)
    00000F87 DD 66 FA         [19] 2624 	ld	h, -6 (ix)
    00000F8A 77               [ 7] 2625 	ld	(hl), a
    00000F8B DD 7E F7         [19] 2626 	ld	a, -9 (ix)
    00000F8E C6 0D            [ 7] 2627 	add	a, #0x0d
    00000F90 DD 77 F9         [19] 2628 	ld	-7 (ix), a
    00000F93 DD 7E F8         [19] 2629 	ld	a, -8 (ix)
    00000F96 CE 00            [ 7] 2630 	adc	a, #0x00
    00000F98 DD 77 FA         [19] 2631 	ld	-6 (ix), a
    00000F9B DD 7E F6         [19] 2632 	ld	a, -10 (ix)
    00000F9E DD 77 F3         [19] 2633 	ld	-13 (ix), a
    00000FA1 07               [ 4] 2634 	rlca
    00000FA2 9F               [ 4] 2635 	sbc	a, a
    00000FA3 DD 77 F4         [19] 2636 	ld	-12 (ix), a
    00000FA6 DD 7E F3         [19] 2637 	ld	a, -13 (ix)
    00000FA9 DD 77 F7         [19] 2638 	ld	-9 (ix), a
    00000FAC DD 7E F4         [19] 2639 	ld	a, -12 (ix)
    00000FAF 3C               [ 4] 2640 	inc	a
    00000FB0 DD 77 F8         [19] 2641 	ld	-8 (ix), a
    00000FB3 DD 6E F9         [19] 2642 	ld	l, -7 (ix)
    00000FB6 DD 66 FA         [19] 2643 	ld	h, -6 (ix)
    00000FB9 DD 7E F7         [19] 2644 	ld	a, -9 (ix)
    00000FBC 77               [ 7] 2645 	ld	(hl), a
    00000FBD 23               [ 6] 2646 	inc	hl
    00000FBE DD 7E F8         [19] 2647 	ld	a, -8 (ix)
    00000FC1 77               [ 7] 2648 	ld	(hl), a
                                   2649 ;E:\Dropbox\FAUSTO\SVILUPPI\MSX\CODE\C\MSXgl\projects\soccerlgMSX2/soccerlg_s15_b3.c:299: p_idx = keeper_idx;
    00000FC2 DD 7E E6         [19] 2650 	ld	a, -26 (ix)
    00000FC5 DD 77 FA         [19] 2651 	ld	-6 (ix), a
                                   2652 ;E:\Dropbox\FAUSTO\SVILUPPI\MSX\CODE\C\MSXgl\projects\soccerlgMSX2/soccerlg_s15_b3.c:300: role = (p_idx < 7) ? p_idx : p_idx - 7;
    00000FC8 DD 7E E6         [19] 2653 	ld	a, -26 (ix)
    00000FCB D6 07            [ 7] 2654 	sub	a, #0x07
    00000FCD 30 09            [12] 2655 	jr	NC, 00313$
    00000FCF DD 7E E6         [19] 2656 	ld	a, -26 (ix)
    00000FD2 DD 77 FF         [19] 2657 	ld	-1 (ix), a
    00000FD5 C3rE3r0F         [10] 2658 	jp	00314$
    00000FD8                       2659 00313$:
    00000FD8 DD 7E E6         [19] 2660 	ld	a, -26 (ix)
    00000FDB DD 77 FF         [19] 2661 	ld	-1 (ix), a
    00000FDE C6 F9            [ 7] 2662 	add	a, #0xf9
    00000FE0 DD 77 FF         [19] 2663 	ld	-1 (ix), a
    00000FE3                       2664 00314$:
                                   2665 ;E:\Dropbox\FAUSTO\SVILUPPI\MSX\CODE\C\MSXgl\projects\soccerlgMSX2/soccerlg_s15_b3.c:301: t_cx = (p_idx < 7) ? 64 : 192;
    00000FE3 DD 7E FA         [19] 2666 	ld	a, -6 (ix)
    00000FE6 D6 07            [ 7] 2667 	sub	a, #0x07
    00000FE8 30 0B            [12] 2668 	jr	NC, 00315$
    00000FEA DD 36 F8 40      [19] 2669 	ld	-8 (ix), #0x40
    00000FEE DD 36 F9 00      [19] 2670 	ld	-7 (ix), #0
    00000FF2 C3rFDr0F         [10] 2671 	jp	00316$
    00000FF5                       2672 00315$:
    00000FF5 DD 36 F8 C0      [19] 2673 	ld	-8 (ix), #0xc0
    00000FF9 DD 36 F9 00      [19] 2674 	ld	-7 (ix), #0
    00000FFD                       2675 00316$:
    00000FFD DD 4E F8         [19] 2676 	ld	c, -8 (ix)
                                   2677 ;E:\Dropbox\FAUSTO\SVILUPPI\MSX\CODE\C\MSXgl\projects\soccerlgMSX2/soccerlg_s15_b3.c:302: switch(role) {
    00001000 3E 06            [ 7] 2678 	ld	a, #0x06
    00001002 DD 96 FF         [19] 2679 	sub	a, -1 (ix)
    00001005 38 63            [12] 2680 	jr	C, 00161$
    00001007 DD 5E FF         [19] 2681 	ld	e, -1 (ix)
    0000100A 16 00            [ 7] 2682 	ld	d, #0x00
    0000100C 21r12r10         [10] 2683 	ld	hl, #00999$
    0000100F 19               [11] 2684 	add	hl, de
    00001010 19               [11] 2685 	add	hl, de
                                   2686 ;E:\Dropbox\FAUSTO\SVILUPPI\MSX\CODE\C\MSXgl\projects\soccerlgMSX2/soccerlg_s15_b3.c:303: case 0: off_x = -18; off_y = -18; break; case 1: off_x =   2; off_y = -18; break;
    00001011 E9               [ 4] 2687 	jp	(hl)
    00001012                       2688 00999$:
    00001012 18 0C            [12] 2689 	jr	00154$
    00001014 18 15            [12] 2690 	jr	00155$
    00001016 18 1E            [12] 2691 	jr	00156$
    00001018 18 27            [12] 2692 	jr	00157$
    0000101A 18 30            [12] 2693 	jr	00158$
    0000101C 18 39            [12] 2694 	jr	00159$
    0000101E 18 42            [12] 2695 	jr	00160$
    00001020                       2696 00154$:
    00001020 DD 36 F5 EE      [19] 2697 	ld	-11 (ix), #0xee
    00001024 DD 36 F6 EE      [19] 2698 	ld	-10 (ix), #0xee
    00001028 C3r6Ar10         [10] 2699 	jp	00161$
    0000102B                       2700 00155$:
    0000102B DD 36 F5 02      [19] 2701 	ld	-11 (ix), #0x02
    0000102F DD 36 F6 EE      [19] 2702 	ld	-10 (ix), #0xee
    00001033 C3r6Ar10         [10] 2703 	jp	00161$
                                   2704 ;E:\Dropbox\FAUSTO\SVILUPPI\MSX\CODE\C\MSXgl\projects\soccerlgMSX2/soccerlg_s15_b3.c:304: case 2: off_x =  22; off_y = -18; break; case 3: off_x = -22; off_y =   2; break;
    00001036                       2705 00156$:
    00001036 DD 36 F5 16      [19] 2706 	ld	-11 (ix), #0x16
    0000103A DD 36 F6 EE      [19] 2707 	ld	-10 (ix), #0xee
    0000103E C3r6Ar10         [10] 2708 	jp	00161$
    00001041                       2709 00157$:
    00001041 DD 36 F5 EA      [19] 2710 	ld	-11 (ix), #0xea
    00001045 DD 36 F6 02      [19] 2711 	ld	-10 (ix), #0x02
    00001049 C3r6Ar10         [10] 2712 	jp	00161$
                                   2713 ;E:\Dropbox\FAUSTO\SVILUPPI\MSX\CODE\C\MSXgl\projects\soccerlgMSX2/soccerlg_s15_b3.c:305: case 4: off_x =  -2; off_y =   2; break; case 5: off_x =  18; off_y =   2; break;
    0000104C                       2714 00158$:
    0000104C DD 36 F5 FE      [19] 2715 	ld	-11 (ix), #0xfe
    00001050 DD 36 F6 02      [19] 2716 	ld	-10 (ix), #0x02
    00001054 C3r6Ar10         [10] 2717 	jp	00161$
    00001057                       2718 00159$:
    00001057 DD 36 F5 12      [19] 2719 	ld	-11 (ix), #0x12
    0000105B DD 36 F6 02      [19] 2720 	ld	-10 (ix), #0x02
    0000105F C3r6Ar10         [10] 2721 	jp	00161$
                                   2722 ;E:\Dropbox\FAUSTO\SVILUPPI\MSX\CODE\C\MSXgl\projects\soccerlgMSX2/soccerlg_s15_b3.c:306: case 6: off_x = -10; off_y =  22; break;
    00001062                       2723 00160$:
    00001062 DD 36 F5 F6      [19] 2724 	ld	-11 (ix), #0xf6
    00001066 DD 36 F6 16      [19] 2725 	ld	-10 (ix), #0x16
                                   2726 ;E:\Dropbox\FAUSTO\SVILUPPI\MSX\CODE\C\MSXgl\projects\soccerlgMSX2/soccerlg_s15_b3.c:307: }
    0000106A                       2727 00161$:
                                   2728 ;E:\Dropbox\FAUSTO\SVILUPPI\MSX\CODE\C\MSXgl\projects\soccerlgMSX2/soccerlg_s15_b3.c:308: SwSprite[p_idx].tx = (u8)(t_cx + off_x); SwSprite[p_idx].ty = (u16)(256 + off_y);
    0000106A DD 5E FA         [19] 2729 	ld	e, -6 (ix)
    0000106D 16 00            [ 7] 2730 	ld	d, #0x00
    0000106F 6B               [ 4] 2731 	ld	l, e
    00001070 62               [ 4] 2732 	ld	h, d
    00001071 29               [11] 2733 	add	hl, hl
    00001072 29               [11] 2734 	add	hl, hl
    00001073 19               [11] 2735 	add	hl, de
    00001074 29               [11] 2736 	add	hl, hl
    00001075 19               [11] 2737 	add	hl, de
    00001076 29               [11] 2738 	add	hl, hl
    00001077 19               [11] 2739 	add	hl, de
    00001078 EB               [ 4] 2740 	ex	de, hl
    00001079 21r00r00         [10] 2741 	ld	hl, #_SwSprite
    0000107C 19               [11] 2742 	add	hl, de
    0000107D EB               [ 4] 2743 	ex	de, hl
    0000107E 21 0C 00         [10] 2744 	ld	hl, #0x000c
    00001081 19               [11] 2745 	add	hl, de
    00001082 79               [ 4] 2746 	ld	a, c
    00001083 DD 86 F5         [19] 2747 	add	a, -11 (ix)
    00001086 77               [ 7] 2748 	ld	(hl), a
    00001087 21 0D 00         [10] 2749 	ld	hl, #0x000d
    0000108A 19               [11] 2750 	add	hl, de
    0000108B DD 7E F6         [19] 2751 	ld	a, -10 (ix)
    0000108E 4F               [ 4] 2752 	ld	c, a
    0000108F 07               [ 4] 2753 	rlca
    00001090 9F               [ 4] 2754 	sbc	a, a
    00001091 47               [ 4] 2755 	ld	b, a
    00001092 3C               [ 4] 2756 	inc	a
    00001093 71               [ 7] 2757 	ld	(hl), c
    00001094 23               [ 6] 2758 	inc	hl
    00001095 77               [ 7] 2759 	ld	(hl), a
                                   2760 ;E:\Dropbox\FAUSTO\SVILUPPI\MSX\CODE\C\MSXgl\projects\soccerlgMSX2/soccerlg_s15_b3.c:311: SwSprite[26].tx = (u8)(128 + 24); SwSprite[26].ty = (u16)(256 - 24);
    00001096 21r62r02         [10] 2761 	ld	hl, #(_SwSprite + 610)
    00001099 36 98            [10] 2762 	ld	(hl), #0x98
    0000109B 21 E8 00         [10] 2763 	ld	hl, #0x00e8
    0000109E 22r63r02         [16] 2764 	ld	((_SwSprite + 611)), hl
                                   2765 ;E:\Dropbox\FAUSTO\SVILUPPI\MSX\CODE\C\MSXgl\projects\soccerlgMSX2/soccerlg_s15_b3.c:313: *game_state = 16; // Prepara ritorno a centrocampo
    000010A1 DD 6E FD         [19] 2766 	ld	l, -3 (ix)
    000010A4 DD 66 FE         [19] 2767 	ld	h, -2 (ix)
    000010A7 36 10            [10] 2768 	ld	(hl), #0x10
    000010A9 C3r47r1D         [10] 2769 	jp	00295$
    000010AC                       2770 00282$:
                                   2771 ;E:\Dropbox\FAUSTO\SVILUPPI\MSX\CODE\C\MSXgl\projects\soccerlgMSX2/soccerlg_s15_b3.c:318: else if(*game_state == 16) { // STATO 16: Ritorno a centrocampo
    000010AC DD 7E FF         [19] 2772 	ld	a, -1 (ix)
    000010AF B7               [ 4] 2773 	or	a, a
    000010B0 CAr53r15         [10] 2774 	jp	Z, 00279$
                                   2775 ;E:\Dropbox\FAUSTO\SVILUPPI\MSX\CODE\C\MSXgl\projects\soccerlgMSX2/soccerlg_s15_b3.c:319: bool all_in_position = TRUE;
    000010B3 DD 36 E7 01      [19] 2776 	ld	-25 (ix), #0x01
                                   2777 ;E:\Dropbox\FAUSTO\SVILUPPI\MSX\CODE\C\MSXgl\projects\soccerlgMSX2/soccerlg_s15_b3.c:322: u16 cam_target = (SwSprite[keeper_idx].ly < 96) ? 0 : SwSprite[keeper_idx].ly - 96;
    000010B7 DD 4E E6         [19] 2778 	ld	c, -26 (ix)
    000010BA 06 00            [ 7] 2779 	ld	b, #0x00
    000010BC 69               [ 4] 2780 	ld	l, c
    000010BD 60               [ 4] 2781 	ld	h, b
    000010BE 29               [11] 2782 	add	hl, hl
    000010BF 29               [11] 2783 	add	hl, hl
    000010C0 09               [11] 2784 	add	hl, bc
    000010C1 29               [11] 2785 	add	hl, hl
    000010C2 09               [11] 2786 	add	hl, bc
    000010C3 29               [11] 2787 	add	hl, hl
    000010C4 09               [11] 2788 	add	hl, bc
    000010C5 11r00r00         [10] 2789 	ld	de, #_SwSprite
    000010C8 19               [11] 2790 	add	hl, de
    000010C9 11 04 00         [10] 2791 	ld	de, #0x0004
    000010CC 19               [11] 2792 	add	hl, de
    000010CD 4E               [ 7] 2793 	ld	c, (hl)
    000010CE 23               [ 6] 2794 	inc	hl
    000010CF 46               [ 7] 2795 	ld	b, (hl)
    000010D0 79               [ 4] 2796 	ld	a, c
    000010D1 D6 60            [ 7] 2797 	sub	a, #0x60
    000010D3 78               [ 4] 2798 	ld	a, b
    000010D4 DE 00            [ 7] 2799 	sbc	a, #0x00
    000010D6 30 06            [12] 2800 	jr	NC, 00317$
    000010D8 01 00 00         [10] 2801 	ld	bc, #0x0000
    000010DB C3rE6r10         [10] 2802 	jp	00318$
    000010DE                       2803 00317$:
    000010DE 79               [ 4] 2804 	ld	a, c
    000010DF C6 A0            [ 7] 2805 	add	a, #0xa0
    000010E1 4F               [ 4] 2806 	ld	c, a
    000010E2 78               [ 4] 2807 	ld	a, b
    000010E3 CE FF            [ 7] 2808 	adc	a, #0xff
    000010E5 47               [ 4] 2809 	ld	b, a
    000010E6                       2810 00318$:
                                   2811 ;E:\Dropbox\FAUSTO\SVILUPPI\MSX\CODE\C\MSXgl\projects\soccerlgMSX2/soccerlg_s15_b3.c:323: if (cam_target > 512 - 192) cam_target = 512 - 192; // clamp visivo
    000010E6 59               [ 4] 2812 	ld	e, c
    000010E7 50               [ 4] 2813 	ld	d, b
    000010E8 3E 40            [ 7] 2814 	ld	a, #0x40
    000010EA BB               [ 4] 2815 	cp	a, e
    000010EB 3E 01            [ 7] 2816 	ld	a, #0x01
    000010ED 9A               [ 4] 2817 	sbc	a, d
    000010EE 30 03            [12] 2818 	jr	NC, 00173$
    000010F0 01 40 01         [10] 2819 	ld	bc, #0x0140
    000010F3                       2820 00173$:
                                   2821 ;E:\Dropbox\FAUSTO\SVILUPPI\MSX\CODE\C\MSXgl\projects\soccerlgMSX2/soccerlg_s15_b3.c:324: if (Field.ly > cam_target + 3) { Field.dy = -4; Field.ly += Field.dy; all_in_position = FALSE; }
    000010F3 ED 5Br04r00      [20] 2822 	ld	de, (#(_Field + 4) + 0)
    000010F7 69               [ 4] 2823 	ld	l, c
                                   2824 ;	spillPairReg hl
                                   2825 ;	spillPairReg hl
    000010F8 60               [ 4] 2826 	ld	h, b
                                   2827 ;	spillPairReg hl
                                   2828 ;	spillPairReg hl
    000010F9 23               [ 6] 2829 	inc	hl
    000010FA 23               [ 6] 2830 	inc	hl
    000010FB 23               [ 6] 2831 	inc	hl
    000010FC DD 73 F9         [19] 2832 	ld	-7 (ix), e
    000010FF DD 72 FA         [19] 2833 	ld	-6 (ix), d
    00001102 7D               [ 4] 2834 	ld	a, l
    00001103 DD 96 F9         [19] 2835 	sub	a, -7 (ix)
    00001106 7C               [ 4] 2836 	ld	a, h
    00001107 DD 9E FA         [19] 2837 	sbc	a, -6 (ix)
    0000110A 30 1D            [12] 2838 	jr	NC, 00181$
    0000110C 21r12r00         [10] 2839 	ld	hl, #(_Field + 18)
    0000110F 36 FC            [10] 2840 	ld	(hl), #0xfc
    00001111 ED 4Br04r00      [20] 2841 	ld	bc, (#(_Field + 4) + 0)
    00001115 3Ar12r00         [13] 2842 	ld	a, (#(_Field + 18) + 0)
    00001118 6F               [ 4] 2843 	ld	l, a
                                   2844 ;	spillPairReg hl
                                   2845 ;	spillPairReg hl
    00001119 07               [ 4] 2846 	rlca
    0000111A 9F               [ 4] 2847 	sbc	a, a
    0000111B 67               [ 4] 2848 	ld	h, a
                                   2849 ;	spillPairReg hl
                                   2850 ;	spillPairReg hl
    0000111C 09               [11] 2851 	add	hl, bc
    0000111D EB               [ 4] 2852 	ex	de, hl
    0000111E ED 53r04r00      [20] 2853 	ld	((_Field + 4)), de
    00001122 DD 36 E7 00      [19] 2854 	ld	-25 (ix), #0x00
    00001126 C3r71r11         [10] 2855 	jp	00459$
    00001129                       2856 00181$:
                                   2857 ;E:\Dropbox\FAUSTO\SVILUPPI\MSX\CODE\C\MSXgl\projects\soccerlgMSX2/soccerlg_s15_b3.c:325: else if (Field.ly + 3 < cam_target) { Field.dy = 4; Field.ly += Field.dy; all_in_position = FALSE; }
    00001129 DD 6E F9         [19] 2858 	ld	l, -7 (ix)
                                   2859 ;	spillPairReg hl
                                   2860 ;	spillPairReg hl
    0000112C DD 66 FA         [19] 2861 	ld	h, -6 (ix)
                                   2862 ;	spillPairReg hl
                                   2863 ;	spillPairReg hl
    0000112F 23               [ 6] 2864 	inc	hl
    00001130 23               [ 6] 2865 	inc	hl
    00001131 23               [ 6] 2866 	inc	hl
    00001132 AF               [ 4] 2867 	xor	a, a
    00001133 ED 42            [15] 2868 	sbc	hl, bc
    00001135 30 1D            [12] 2869 	jr	NC, 00178$
    00001137 21r12r00         [10] 2870 	ld	hl, #(_Field + 18)
    0000113A 36 04            [10] 2871 	ld	(hl), #0x04
    0000113C ED 4Br04r00      [20] 2872 	ld	bc, (#(_Field + 4) + 0)
    00001140 3Ar12r00         [13] 2873 	ld	a, (#(_Field + 18) + 0)
    00001143 6F               [ 4] 2874 	ld	l, a
                                   2875 ;	spillPairReg hl
                                   2876 ;	spillPairReg hl
    00001144 07               [ 4] 2877 	rlca
    00001145 9F               [ 4] 2878 	sbc	a, a
    00001146 67               [ 4] 2879 	ld	h, a
                                   2880 ;	spillPairReg hl
                                   2881 ;	spillPairReg hl
    00001147 09               [11] 2882 	add	hl, bc
    00001148 EB               [ 4] 2883 	ex	de, hl
    00001149 ED 53r04r00      [20] 2884 	ld	((_Field + 4)), de
    0000114D DD 36 E7 00      [19] 2885 	ld	-25 (ix), #0x00
    00001151 C3r71r11         [10] 2886 	jp	00459$
    00001154                       2887 00178$:
                                   2888 ;E:\Dropbox\FAUSTO\SVILUPPI\MSX\CODE\C\MSXgl\projects\soccerlgMSX2/soccerlg_s15_b3.c:326: else if (Field.ly != cam_target) { Field.dy = (i8)(cam_target - Field.ly); Field.ly = cam_target; all_in_position = FALSE; }
    00001154 69               [ 4] 2889 	ld	l, c
    00001155 60               [ 4] 2890 	ld	h, b
    00001156 BF               [ 4] 2891 	cp	a, a
    00001157 ED 52            [15] 2892 	sbc	hl, de
    00001159 28 11            [12] 2893 	jr	Z, 00175$
    0000115B 79               [ 4] 2894 	ld	a, c
    0000115C 93               [ 4] 2895 	sub	a, e
    0000115D 21r12r00         [10] 2896 	ld	hl, #(_Field + 18)
    00001160 77               [ 7] 2897 	ld	(hl), a
    00001161 ED 43r04r00      [20] 2898 	ld	((_Field + 4)), bc
    00001165 DD 36 E7 00      [19] 2899 	ld	-25 (ix), #0x00
    00001169 C3r71r11         [10] 2900 	jp	00459$
    0000116C                       2901 00175$:
                                   2902 ;E:\Dropbox\FAUSTO\SVILUPPI\MSX\CODE\C\MSXgl\projects\soccerlgMSX2/soccerlg_s15_b3.c:327: else { Field.dy = 0; }
    0000116C 21r12r00         [10] 2903 	ld	hl, #(_Field + 18)
    0000116F 36 00            [10] 2904 	ld	(hl), #0x00
                                   2905 ;E:\Dropbox\FAUSTO\SVILUPPI\MSX\CODE\C\MSXgl\projects\soccerlgMSX2/soccerlg_s15_b3.c:329: for(u8 i=0; i<3; i++) {
    00001171                       2906 00459$:
    00001171 DD 36 FF 00      [19] 2907 	ld	-1 (ix), #0x00
    00001175                       2908 00291$:
    00001175 DD 7E FF         [19] 2909 	ld	a, -1 (ix)
    00001178 D6 03            [ 7] 2910 	sub	a, #0x03
    0000117A D2r39r15         [10] 2911 	jp	NC, 00213$
                                   2912 ;E:\Dropbox\FAUSTO\SVILUPPI\MSX\CODE\C\MSXgl\projects\soccerlgMSX2/soccerlg_s15_b3.c:330: u8 actor_idx = (i == 0) ? g_penalty_shooter_idx : ((i == 1) ? keeper_idx : 26);
    0000117D DD 7E FF         [19] 2913 	ld	a, -1 (ix)
    00001180 B7               [ 4] 2914 	or	a, a
    00001181 20 06            [12] 2915 	jr	NZ, 00319$
    00001183 3Ar00r00         [13] 2916 	ld	a, (_g_penalty_shooter_idx+0)
    00001186 C3r97r11         [10] 2917 	jp	00320$
    00001189                       2918 00319$:
    00001189 DD 7E FF         [19] 2919 	ld	a, -1 (ix)
    0000118C 3D               [ 4] 2920 	dec	a
    0000118D 20 06            [12] 2921 	jr	NZ, 00321$
    0000118F DD 7E E6         [19] 2922 	ld	a, -26 (ix)
    00001192 C3r97r11         [10] 2923 	jp	00322$
    00001195                       2924 00321$:
    00001195 3E 1A            [ 7] 2925 	ld	a, #0x1a
    00001197                       2926 00322$:
    00001197                       2927 00320$:
                                   2928 ;E:\Dropbox\FAUSTO\SVILUPPI\MSX\CODE\C\MSXgl\projects\soccerlgMSX2/soccerlg_s15_b3.c:331: struct ObjectInfo* p = &SwSprite[actor_idx];
    00001197 DD 77 E8         [19] 2929 	ld	-24 (ix), a
    0000119A 4F               [ 4] 2930 	ld	c, a
    0000119B 06 00            [ 7] 2931 	ld	b, #0x00
    0000119D 69               [ 4] 2932 	ld	l, c
    0000119E 60               [ 4] 2933 	ld	h, b
    0000119F 29               [11] 2934 	add	hl, hl
    000011A0 29               [11] 2935 	add	hl, hl
    000011A1 09               [11] 2936 	add	hl, bc
    000011A2 29               [11] 2937 	add	hl, hl
    000011A3 09               [11] 2938 	add	hl, bc
    000011A4 29               [11] 2939 	add	hl, hl
    000011A5 09               [11] 2940 	add	hl, bc
    000011A6 11r00r00         [10] 2941 	ld	de, #_SwSprite
    000011A9 19               [11] 2942 	add	hl, de
                                   2943 ;E:\Dropbox\FAUSTO\SVILUPPI\MSX\CODE\C\MSXgl\projects\soccerlgMSX2/soccerlg_s15_b3.c:332: if (p->lx != p->tx || p->ly != p->ty) {
    000011AA DD 75 E9         [19] 2944 	ld	-23 (ix), l
    000011AD DD 74 EA         [19] 2945 	ld	-22 (ix), h
    000011B0 7E               [ 7] 2946 	ld	a, (hl)
    000011B1 DD 77 F9         [19] 2947 	ld	-7 (ix), a
    000011B4 DD 4E E9         [19] 2948 	ld	c, -23 (ix)
    000011B7 DD 46 EA         [19] 2949 	ld	b, -22 (ix)
    000011BA 21 0C 00         [10] 2950 	ld	hl, #12
    000011BD 09               [11] 2951 	add	hl, bc
    000011BE 7E               [ 7] 2952 	ld	a, (hl)
    000011BF DD 77 FA         [19] 2953 	ld	-6 (ix), a
    000011C2 DD 7E E9         [19] 2954 	ld	a, -23 (ix)
    000011C5 C6 04            [ 7] 2955 	add	a, #0x04
    000011C7 DD 77 EB         [19] 2956 	ld	-21 (ix), a
    000011CA DD 7E EA         [19] 2957 	ld	a, -22 (ix)
    000011CD CE 00            [ 7] 2958 	adc	a, #0x00
    000011CF DD 77 EC         [19] 2959 	ld	-20 (ix), a
    000011D2 DD 7E E9         [19] 2960 	ld	a, -23 (ix)
    000011D5 C6 0D            [ 7] 2961 	add	a, #0x0d
    000011D7 DD 77 ED         [19] 2962 	ld	-19 (ix), a
    000011DA DD 7E EA         [19] 2963 	ld	a, -22 (ix)
    000011DD CE 00            [ 7] 2964 	adc	a, #0x00
    000011DF DD 77 EE         [19] 2965 	ld	-18 (ix), a
                                   2966 ;E:\Dropbox\FAUSTO\SVILUPPI\MSX\CODE\C\MSXgl\projects\soccerlgMSX2/soccerlg_s15_b3.c:335: if (p->tx > p->lx) p->dx = (i8)((p->tx - p->lx >= 2) ? 2 : 1); 
    000011E2 DD 7E E9         [19] 2967 	ld	a, -23 (ix)
    000011E5 C6 11            [ 7] 2968 	add	a, #0x11
    000011E7 DD 77 EF         [19] 2969 	ld	-17 (ix), a
    000011EA DD 7E EA         [19] 2970 	ld	a, -22 (ix)
    000011ED CE 00            [ 7] 2971 	adc	a, #0x00
    000011EF DD 77 F0         [19] 2972 	ld	-16 (ix), a
                                   2973 ;E:\Dropbox\FAUSTO\SVILUPPI\MSX\CODE\C\MSXgl\projects\soccerlgMSX2/soccerlg_s15_b3.c:339: if (p->ty > p->ly) p->dy = (i8)((p->ty - p->ly >= 2) ? 2 : 1); 
    000011F2 DD 7E E9         [19] 2974 	ld	a, -23 (ix)
    000011F5 C6 12            [ 7] 2975 	add	a, #0x12
    000011F7 DD 77 F1         [19] 2976 	ld	-15 (ix), a
    000011FA DD 7E EA         [19] 2977 	ld	a, -22 (ix)
    000011FD CE 00            [ 7] 2978 	adc	a, #0x00
    000011FF DD 77 F2         [19] 2979 	ld	-14 (ix), a
                                   2980 ;E:\Dropbox\FAUSTO\SVILUPPI\MSX\CODE\C\MSXgl\projects\soccerlgMSX2/soccerlg_s15_b3.c:349: p->frame = (actor_idx < 7) ? 
    00001202 DD 7E E9         [19] 2981 	ld	a, -23 (ix)
    00001205 C6 0F            [ 7] 2982 	add	a, #0x0f
    00001207 DD 77 F3         [19] 2983 	ld	-13 (ix), a
    0000120A DD 7E EA         [19] 2984 	ld	a, -22 (ix)
    0000120D CE 00            [ 7] 2985 	adc	a, #0x00
    0000120F DD 77 F4         [19] 2986 	ld	-12 (ix), a
                                   2987 ;E:\Dropbox\FAUSTO\SVILUPPI\MSX\CODE\C\MSXgl\projects\soccerlgMSX2/soccerlg_s15_b3.c:332: if (p->lx != p->tx || p->ly != p->ty) {
    00001212 DD 7E F9         [19] 2988 	ld	a, -7 (ix)
    00001215 DD 96 FA         [19] 2989 	sub	a, -6 (ix)
    00001218 20 19            [12] 2990 	jr	NZ, 00209$
    0000121A DD 6E EB         [19] 2991 	ld	l, -21 (ix)
    0000121D DD 66 EC         [19] 2992 	ld	h, -20 (ix)
    00001220 4E               [ 7] 2993 	ld	c, (hl)
    00001221 23               [ 6] 2994 	inc	hl
    00001222 46               [ 7] 2995 	ld	b, (hl)
    00001223 DD 6E ED         [19] 2996 	ld	l, -19 (ix)
    00001226 DD 66 EE         [19] 2997 	ld	h, -18 (ix)
    00001229 5E               [ 7] 2998 	ld	e, (hl)
    0000122A 23               [ 6] 2999 	inc	hl
    0000122B 66               [ 7] 3000 	ld	h, (hl)
                                   3001 ;	spillPairReg hl
    0000122C 6B               [ 4] 3002 	ld	l, e
    0000122D BF               [ 4] 3003 	cp	a, a
    0000122E ED 42            [15] 3004 	sbc	hl, bc
    00001230 CArD6r14         [10] 3005 	jp	Z,00210$
    00001233                       3006 00209$:
                                   3007 ;E:\Dropbox\FAUSTO\SVILUPPI\MSX\CODE\C\MSXgl\projects\soccerlgMSX2/soccerlg_s15_b3.c:333: all_in_position = FALSE;
    00001233 DD 36 E7 00      [19] 3008 	ld	-25 (ix), #0x00
                                   3009 ;E:\Dropbox\FAUSTO\SVILUPPI\MSX\CODE\C\MSXgl\projects\soccerlgMSX2/soccerlg_s15_b3.c:335: if (p->tx > p->lx) p->dx = (i8)((p->tx - p->lx >= 2) ? 2 : 1); 
    00001237 DD 7E F9         [19] 3010 	ld	a, -7 (ix)
    0000123A DD 96 FA         [19] 3011 	sub	a, -6 (ix)
    0000123D 30 48            [12] 3012 	jr	NC, 00187$
    0000123F DD 7E FA         [19] 3013 	ld	a, -6 (ix)
    00001242 DD 77 F7         [19] 3014 	ld	-9 (ix), a
    00001245 DD 36 F8 00      [19] 3015 	ld	-8 (ix), #0x00
    00001249 DD 7E F9         [19] 3016 	ld	a, -7 (ix)
    0000124C DD 77 F5         [19] 3017 	ld	-11 (ix), a
    0000124F DD 36 F6 00      [19] 3018 	ld	-10 (ix), #0x00
    00001253 DD 7E F7         [19] 3019 	ld	a, -9 (ix)
    00001256 DD 96 F5         [19] 3020 	sub	a, -11 (ix)
    00001259 DD 77 F9         [19] 3021 	ld	-7 (ix), a
    0000125C DD 7E F8         [19] 3022 	ld	a, -8 (ix)
    0000125F DD 9E F6         [19] 3023 	sbc	a, -10 (ix)
    00001262 DD 77 FA         [19] 3024 	ld	-6 (ix), a
    00001265 DD 7E F9         [19] 3025 	ld	a, -7 (ix)
    00001268 D6 02            [ 7] 3026 	sub	a, #0x02
    0000126A DD 7E FA         [19] 3027 	ld	a, -6 (ix)
    0000126D 17               [ 4] 3028 	rla
    0000126E 3F               [ 4] 3029 	ccf
    0000126F 1F               [ 4] 3030 	rra
    00001270 DE 80            [ 7] 3031 	sbc	a, #0x80
    00001272 38 06            [12] 3032 	jr	C, 00323$
    00001274 11 02 00         [10] 3033 	ld	de, #0x0002
    00001277 C3r7Dr12         [10] 3034 	jp	00324$
    0000127A                       3035 00323$:
    0000127A 11 01 00         [10] 3036 	ld	de, #0x0001
    0000127D                       3037 00324$:
    0000127D DD 6E EF         [19] 3038 	ld	l, -17 (ix)
    00001280 DD 66 F0         [19] 3039 	ld	h, -16 (ix)
    00001283 73               [ 7] 3040 	ld	(hl), e
    00001284 C3rDDr12         [10] 3041 	jp	00188$
    00001287                       3042 00187$:
                                   3043 ;E:\Dropbox\FAUSTO\SVILUPPI\MSX\CODE\C\MSXgl\projects\soccerlgMSX2/soccerlg_s15_b3.c:336: else if (p->tx < p->lx) p->dx = (i8)((p->lx - p->tx >= 2) ? -2 : -1); 
    00001287 DD 7E FA         [19] 3044 	ld	a, -6 (ix)
    0000128A DD 96 F9         [19] 3045 	sub	a, -7 (ix)
    0000128D 30 46            [12] 3046 	jr	NC, 00184$
    0000128F DD 7E F9         [19] 3047 	ld	a, -7 (ix)
    00001292 DD 77 F5         [19] 3048 	ld	-11 (ix), a
    00001295 DD 36 F6 00      [19] 3049 	ld	-10 (ix), #0x00
    00001299 DD 7E FA         [19] 3050 	ld	a, -6 (ix)
    0000129C DD 77 F7         [19] 3051 	ld	-9 (ix), a
    0000129F DD 36 F8 00      [19] 3052 	ld	-8 (ix), #0x00
    000012A3 DD 7E F5         [19] 3053 	ld	a, -11 (ix)
    000012A6 DD 96 F7         [19] 3054 	sub	a, -9 (ix)
    000012A9 DD 77 F9         [19] 3055 	ld	-7 (ix), a
    000012AC DD 7E F6         [19] 3056 	ld	a, -10 (ix)
    000012AF DD 9E F8         [19] 3057 	sbc	a, -8 (ix)
    000012B2 DD 77 FA         [19] 3058 	ld	-6 (ix), a
    000012B5 DD 7E F9         [19] 3059 	ld	a, -7 (ix)
    000012B8 D6 02            [ 7] 3060 	sub	a, #0x02
    000012BA DD 7E FA         [19] 3061 	ld	a, -6 (ix)
    000012BD 17               [ 4] 3062 	rla
    000012BE 3F               [ 4] 3063 	ccf
    000012BF 1F               [ 4] 3064 	rra
    000012C0 DE 80            [ 7] 3065 	sbc	a, #0x80
    000012C2 38 05            [12] 3066 	jr	C, 00325$
    000012C4 3E FE            [ 7] 3067 	ld	a, #0xfe
    000012C6 C3rCBr12         [10] 3068 	jp	00326$
    000012C9                       3069 00325$:
    000012C9 3E FF            [ 7] 3070 	ld	a, #0xff
    000012CB                       3071 00326$:
    000012CB DD 6E EF         [19] 3072 	ld	l, -17 (ix)
    000012CE DD 66 F0         [19] 3073 	ld	h, -16 (ix)
    000012D1 77               [ 7] 3074 	ld	(hl), a
    000012D2 C3rDDr12         [10] 3075 	jp	00188$
    000012D5                       3076 00184$:
                                   3077 ;E:\Dropbox\FAUSTO\SVILUPPI\MSX\CODE\C\MSXgl\projects\soccerlgMSX2/soccerlg_s15_b3.c:337: else p->dx = 0;
    000012D5 DD 6E EF         [19] 3078 	ld	l, -17 (ix)
    000012D8 DD 66 F0         [19] 3079 	ld	h, -16 (ix)
    000012DB 36 00            [10] 3080 	ld	(hl), #0x00
    000012DD                       3081 00188$:
                                   3082 ;E:\Dropbox\FAUSTO\SVILUPPI\MSX\CODE\C\MSXgl\projects\soccerlgMSX2/soccerlg_s15_b3.c:339: if (p->ty > p->ly) p->dy = (i8)((p->ty - p->ly >= 2) ? 2 : 1); 
    000012DD DD 6E ED         [19] 3083 	ld	l, -19 (ix)
    000012E0 DD 66 EE         [19] 3084 	ld	h, -18 (ix)
    000012E3 7E               [ 7] 3085 	ld	a, (hl)
    000012E4 DD 77 F9         [19] 3086 	ld	-7 (ix), a
    000012E7 23               [ 6] 3087 	inc	hl
    000012E8 7E               [ 7] 3088 	ld	a, (hl)
    000012E9 DD 77 FA         [19] 3089 	ld	-6 (ix), a
    000012EC DD 6E EB         [19] 3090 	ld	l, -21 (ix)
    000012EF DD 66 EC         [19] 3091 	ld	h, -20 (ix)
    000012F2 7E               [ 7] 3092 	ld	a, (hl)
    000012F3 DD 77 F5         [19] 3093 	ld	-11 (ix), a
    000012F6 23               [ 6] 3094 	inc	hl
    000012F7 7E               [ 7] 3095 	ld	a, (hl)
    000012F8 DD 77 F6         [19] 3096 	ld	-10 (ix), a
    000012FB DD 7E F5         [19] 3097 	ld	a, -11 (ix)
    000012FE DD 96 F9         [19] 3098 	sub	a, -7 (ix)
    00001301 DD 7E F6         [19] 3099 	ld	a, -10 (ix)
    00001304 DD 9E FA         [19] 3100 	sbc	a, -6 (ix)
    00001307 30 3D            [12] 3101 	jr	NC, 00193$
    00001309 DD 7E F9         [19] 3102 	ld	a, -7 (ix)
    0000130C DD 96 F5         [19] 3103 	sub	a, -11 (ix)
    0000130F DD 77 F7         [19] 3104 	ld	-9 (ix), a
    00001312 DD 7E FA         [19] 3105 	ld	a, -6 (ix)
    00001315 DD 9E F6         [19] 3106 	sbc	a, -10 (ix)
    00001318 DD 77 F8         [19] 3107 	ld	-8 (ix), a
    0000131B DD 7E F7         [19] 3108 	ld	a, -9 (ix)
    0000131E DD 77 F9         [19] 3109 	ld	-7 (ix), a
    00001321 DD 7E F8         [19] 3110 	ld	a, -8 (ix)
    00001324 DD 77 FA         [19] 3111 	ld	-6 (ix), a
    00001327 DD 7E F9         [19] 3112 	ld	a, -7 (ix)
    0000132A D6 02            [ 7] 3113 	sub	a, #0x02
    0000132C DD 7E FA         [19] 3114 	ld	a, -6 (ix)
    0000132F DE 00            [ 7] 3115 	sbc	a, #0x00
    00001331 38 06            [12] 3116 	jr	C, 00327$
    00001333 01 02 00         [10] 3117 	ld	bc, #0x0002
    00001336 C3r3Cr13         [10] 3118 	jp	00328$
    00001339                       3119 00327$:
    00001339 01 01 00         [10] 3120 	ld	bc, #0x0001
    0000133C                       3121 00328$:
    0000133C DD 6E F1         [19] 3122 	ld	l, -15 (ix)
    0000133F DD 66 F2         [19] 3123 	ld	h, -14 (ix)
    00001342 71               [ 7] 3124 	ld	(hl), c
    00001343 C3r83r13         [10] 3125 	jp	00194$
    00001346                       3126 00193$:
                                   3127 ;E:\Dropbox\FAUSTO\SVILUPPI\MSX\CODE\C\MSXgl\projects\soccerlgMSX2/soccerlg_s15_b3.c:340: else if (p->ty < p->ly) p->dy = (i8)((p->ly - p->ty >= 2) ? -2 : -1); 
    00001346 DD 7E F9         [19] 3128 	ld	a, -7 (ix)
    00001349 DD 96 F5         [19] 3129 	sub	a, -11 (ix)
    0000134C DD 7E FA         [19] 3130 	ld	a, -6 (ix)
    0000134F DD 9E F6         [19] 3131 	sbc	a, -10 (ix)
    00001352 30 27            [12] 3132 	jr	NC, 00190$
    00001354 DD 7E F5         [19] 3133 	ld	a, -11 (ix)
    00001357 DD 96 F9         [19] 3134 	sub	a, -7 (ix)
    0000135A 4F               [ 4] 3135 	ld	c, a
    0000135B DD 7E F6         [19] 3136 	ld	a, -10 (ix)
    0000135E DD 9E FA         [19] 3137 	sbc	a, -6 (ix)
    00001361 47               [ 4] 3138 	ld	b, a
    00001362 79               [ 4] 3139 	ld	a, c
    00001363 D6 02            [ 7] 3140 	sub	a, #0x02
    00001365 78               [ 4] 3141 	ld	a, b
    00001366 DE 00            [ 7] 3142 	sbc	a, #0x00
    00001368 38 05            [12] 3143 	jr	C, 00329$
    0000136A 3E FE            [ 7] 3144 	ld	a, #0xfe
    0000136C C3r71r13         [10] 3145 	jp	00330$
    0000136F                       3146 00329$:
    0000136F 3E FF            [ 7] 3147 	ld	a, #0xff
    00001371                       3148 00330$:
    00001371 DD 6E F1         [19] 3149 	ld	l, -15 (ix)
    00001374 DD 66 F2         [19] 3150 	ld	h, -14 (ix)
    00001377 77               [ 7] 3151 	ld	(hl), a
    00001378 C3r83r13         [10] 3152 	jp	00194$
    0000137B                       3153 00190$:
                                   3154 ;E:\Dropbox\FAUSTO\SVILUPPI\MSX\CODE\C\MSXgl\projects\soccerlgMSX2/soccerlg_s15_b3.c:341: else p->dy = 0;
    0000137B DD 6E F1         [19] 3155 	ld	l, -15 (ix)
    0000137E DD 66 F2         [19] 3156 	ld	h, -14 (ix)
    00001381 36 00            [10] 3157 	ld	(hl), #0x00
    00001383                       3158 00194$:
                                   3159 ;E:\Dropbox\FAUSTO\SVILUPPI\MSX\CODE\C\MSXgl\projects\soccerlgMSX2/soccerlg_s15_b3.c:343: p->lx += p->dx; p->ly += p->dy; p->anim++;
    00001383 DD 6E E9         [19] 3160 	ld	l, -23 (ix)
    00001386 DD 66 EA         [19] 3161 	ld	h, -22 (ix)
    00001389 4E               [ 7] 3162 	ld	c, (hl)
    0000138A DD 6E EF         [19] 3163 	ld	l, -17 (ix)
    0000138D DD 66 F0         [19] 3164 	ld	h, -16 (ix)
    00001390 7E               [ 7] 3165 	ld	a, (hl)
    00001391 81               [ 4] 3166 	add	a, c
    00001392 DD 6E E9         [19] 3167 	ld	l, -23 (ix)
    00001395 DD 66 EA         [19] 3168 	ld	h, -22 (ix)
    00001398 77               [ 7] 3169 	ld	(hl), a
    00001399 DD 6E EB         [19] 3170 	ld	l, -21 (ix)
    0000139C DD 66 EC         [19] 3171 	ld	h, -20 (ix)
    0000139F 4E               [ 7] 3172 	ld	c, (hl)
    000013A0 23               [ 6] 3173 	inc	hl
    000013A1 46               [ 7] 3174 	ld	b, (hl)
    000013A2 DD 6E F1         [19] 3175 	ld	l, -15 (ix)
    000013A5 DD 66 F2         [19] 3176 	ld	h, -14 (ix)
    000013A8 7E               [ 7] 3177 	ld	a, (hl)
    000013A9 6F               [ 4] 3178 	ld	l, a
                                   3179 ;	spillPairReg hl
                                   3180 ;	spillPairReg hl
    000013AA 07               [ 4] 3181 	rlca
    000013AB 9F               [ 4] 3182 	sbc	a, a
    000013AC 67               [ 4] 3183 	ld	h, a
                                   3184 ;	spillPairReg hl
                                   3185 ;	spillPairReg hl
    000013AD 09               [11] 3186 	add	hl, bc
    000013AE EB               [ 4] 3187 	ex	de, hl
    000013AF DD 6E EB         [19] 3188 	ld	l, -21 (ix)
    000013B2 DD 66 EC         [19] 3189 	ld	h, -20 (ix)
    000013B5 73               [ 7] 3190 	ld	(hl), e
    000013B6 23               [ 6] 3191 	inc	hl
    000013B7 72               [ 7] 3192 	ld	(hl), d
    000013B8 DD 6E E9         [19] 3193 	ld	l, -23 (ix)
    000013BB DD 66 EA         [19] 3194 	ld	h, -22 (ix)
    000013BE 11 13 00         [10] 3195 	ld	de, #0x0013
    000013C1 19               [11] 3196 	add	hl, de
    000013C2 5E               [ 7] 3197 	ld	e, (hl)
    000013C3 23               [ 6] 3198 	inc	hl
    000013C4 56               [ 7] 3199 	ld	d, (hl)
    000013C5 2B               [ 6] 3200 	dec	hl
    000013C6 13               [ 6] 3201 	inc	de
    000013C7 73               [ 7] 3202 	ld	(hl), e
    000013C8 23               [ 6] 3203 	inc	hl
    000013C9 72               [ 7] 3204 	ld	(hl), d
                                   3205 ;E:\Dropbox\FAUSTO\SVILUPPI\MSX\CODE\C\MSXgl\projects\soccerlgMSX2/soccerlg_s15_b3.c:344: const u8 walk_seq[4] = {0, 1, 2, 1};
    000013CA DD 36 DE 00      [19] 3206 	ld	-34 (ix), #0x00
    000013CE DD 36 DF 01      [19] 3207 	ld	-33 (ix), #0x01
    000013D2 DD 36 E0 02      [19] 3208 	ld	-32 (ix), #0x02
    000013D6 DD 36 E1 01      [19] 3209 	ld	-31 (ix), #0x01
                                   3210 ;E:\Dropbox\FAUSTO\SVILUPPI\MSX\CODE\C\MSXgl\projects\soccerlgMSX2/soccerlg_s15_b3.c:245: bool scored = (RestartType == RESTART_GOAL);
    000013DA 3Ar00r00         [13] 3211 	ld	a, (_RestartType+0)
    000013DD D6 05            [ 7] 3212 	sub	a, #0x05
    000013DF 3E 01            [ 7] 3213 	ld	a, #0x01
    000013E1 28 01            [12] 3214 	jr	Z, 01007$
    000013E3 AF               [ 4] 3215 	xor	a, a
    000013E4                       3216 01007$:
    000013E4 4F               [ 4] 3217 	ld	c, a
                                   3218 ;E:\Dropbox\FAUSTO\SVILUPPI\MSX\CODE\C\MSXgl\projects\soccerlgMSX2/soccerlg_s15_b3.c:348: u8 step = walk_seq[(p->anim / 3) % 4];
    000013E5 C5               [11] 3219 	push	bc
    000013E6 EB               [ 4] 3220 	ex	de, hl
    000013E7 11 03 00         [10] 3221 	ld	de, #0x0003
    000013EA CDr00r00         [17] 3222 	call	__divuint
    000013ED C1               [10] 3223 	pop	bc
    000013EE 7B               [ 4] 3224 	ld	a, e
    000013EF E6 03            [ 7] 3225 	and	a, #0x03
    000013F1 5F               [ 4] 3226 	ld	e, a
    000013F2 16 00            [ 7] 3227 	ld	d, #0x00
    000013F4 21 02 00         [10] 3228 	ld	hl, #2
    000013F7 39               [11] 3229 	add	hl, sp
    000013F8 19               [11] 3230 	add	hl, de
    000013F9 46               [ 7] 3231 	ld	b, (hl)
                                   3232 ;E:\Dropbox\FAUSTO\SVILUPPI\MSX\CODE\C\MSXgl\projects\soccerlgMSX2/soccerlg_s15_b3.c:347: if (RestartType == RESTART_GOAL && actor_idx == g_penalty_shooter_idx) {
    000013FA 79               [ 4] 3233 	ld	a, c
    000013FB B7               [ 4] 3234 	or	a, a
    000013FC CAr7Er14         [10] 3235 	jp	Z, 00200$
    000013FF DD 7E E8         [19] 3236 	ld	a, -24 (ix)
    00001402 FD 21r00r00      [14] 3237 	ld	iy, #_g_penalty_shooter_idx
    00001406 FD 96 00         [19] 3238 	sub	a, 0 (iy)
    00001409 20 73            [12] 3239 	jr	NZ, 00200$
                                   3240 ;E:\Dropbox\FAUSTO\SVILUPPI\MSX\CODE\C\MSXgl\projects\soccerlgMSX2/soccerlg_s15_b3.c:348: u8 step = walk_seq[(p->anim / 3) % 4];
    0000140B DD 70 FA         [19] 3241 	ld	-6 (ix), b
                                   3242 ;E:\Dropbox\FAUSTO\SVILUPPI\MSX\CODE\C\MSXgl\projects\soccerlgMSX2/soccerlg_s15_b3.c:349: p->frame = (actor_idx < 7) ? 
    0000140E DD 7E E8         [19] 3243 	ld	a, -24 (ix)
    00001411 D6 07            [ 7] 3244 	sub	a, #0x07
    00001413 30 2D            [12] 3245 	jr	NC, 00331$
                                   3246 ;E:\Dropbox\FAUSTO\SVILUPPI\MSX\CODE\C\MSXgl\projects\soccerlgMSX2/soccerlg_s15_b3.c:350: ((step == 0) ? SPR_T1_PLAYER_HAPPY_TO_SOUTH_1 : ((step == 1) ? SPR_T1_PLAYER_HAPPY_TO_SOUTH_2 : SPR_T1_PLAYER_HAPPY_TO_SOUTH_3)) :
    00001415 DD 7E FA         [19] 3247 	ld	a, -6 (ix)
    00001418 B7               [ 4] 3248 	or	a, a
    00001419 20 0B            [12] 3249 	jr	NZ, 00333$
    0000141B DD 36 F9 2E      [19] 3250 	ld	-7 (ix), #0x2e
    0000141F DD 36 FA 00      [19] 3251 	ld	-6 (ix), #0
    00001423 C3r6Cr14         [10] 3252 	jp	00332$
    00001426                       3253 00333$:
    00001426 DD 7E FA         [19] 3254 	ld	a, -6 (ix)
    00001429 3D               [ 4] 3255 	dec	a
    0000142A 20 0B            [12] 3256 	jr	NZ, 00335$
    0000142C DD 36 F9 2D      [19] 3257 	ld	-7 (ix), #0x2d
    00001430 DD 36 FA 00      [19] 3258 	ld	-6 (ix), #0
    00001434 C3r6Cr14         [10] 3259 	jp	00332$
    00001437                       3260 00335$:
    00001437 DD 36 F9 2C      [19] 3261 	ld	-7 (ix), #0x2c
    0000143B DD 36 FA 00      [19] 3262 	ld	-6 (ix), #0
    0000143F C3r6Cr14         [10] 3263 	jp	00332$
    00001442                       3264 00331$:
                                   3265 ;E:\Dropbox\FAUSTO\SVILUPPI\MSX\CODE\C\MSXgl\projects\soccerlgMSX2/soccerlg_s15_b3.c:351: ((step == 0) ? SPR_T2_PLAYER_HAPPY_TO_SOUTH_1 : ((step == 1) ? SPR_T2_PLAYER_HAPPY_TO_SOUTH_2 : SPR_T2_PLAYER_HAPPY_TO_SOUTH_3));
    00001442 DD 7E FA         [19] 3266 	ld	a, -6 (ix)
    00001445 B7               [ 4] 3267 	or	a, a
    00001446 20 0B            [12] 3268 	jr	NZ, 00337$
    00001448 DD 36 F9 9C      [19] 3269 	ld	-7 (ix), #0x9c
    0000144C DD 36 FA 00      [19] 3270 	ld	-6 (ix), #0
    00001450 C3r6Cr14         [10] 3271 	jp	00338$
    00001453                       3272 00337$:
    00001453 DD 7E FA         [19] 3273 	ld	a, -6 (ix)
    00001456 3D               [ 4] 3274 	dec	a
    00001457 20 0B            [12] 3275 	jr	NZ, 00339$
    00001459 DD 36 F9 9D      [19] 3276 	ld	-7 (ix), #0x9d
    0000145D DD 36 FA 00      [19] 3277 	ld	-6 (ix), #0
    00001461 C3r6Cr14         [10] 3278 	jp	00340$
    00001464                       3279 00339$:
    00001464 DD 36 F9 9E      [19] 3280 	ld	-7 (ix), #0x9e
    00001468 DD 36 FA 00      [19] 3281 	ld	-6 (ix), #0
    0000146C                       3282 00340$:
    0000146C                       3283 00338$:
    0000146C                       3284 00332$:
    0000146C DD 4E F9         [19] 3285 	ld	c, -7 (ix)
    0000146F DD 46 FA         [19] 3286 	ld	b, -6 (ix)
    00001472 DD 6E F3         [19] 3287 	ld	l, -13 (ix)
    00001475 DD 66 F4         [19] 3288 	ld	h, -12 (ix)
    00001478 71               [ 7] 3289 	ld	(hl), c
    00001479 23               [ 6] 3290 	inc	hl
    0000147A 70               [ 7] 3291 	ld	(hl), b
    0000147B C3r33r15         [10] 3292 	jp	00292$
    0000147E                       3293 00200$:
                                   3294 ;E:\Dropbox\FAUSTO\SVILUPPI\MSX\CODE\C\MSXgl\projects\soccerlgMSX2/soccerlg_s15_b3.c:352: } else if (RestartType != RESTART_GOAL && actor_idx == keeper_idx) {
    0000147E CB 41            [ 8] 3295 	bit	0, c
    00001480 20 29            [12] 3296 	jr	NZ, 00196$
    00001482 DD 7E E8         [19] 3297 	ld	a, -24 (ix)
    00001485 DD 96 E6         [19] 3298 	sub	a, -26 (ix)
    00001488 20 21            [12] 3299 	jr	NZ, 00196$
                                   3300 ;E:\Dropbox\FAUSTO\SVILUPPI\MSX\CODE\C\MSXgl\projects\soccerlgMSX2/soccerlg_s15_b3.c:353: u8 step = walk_seq[(p->anim / 3) % 4];
                                   3301 ;E:\Dropbox\FAUSTO\SVILUPPI\MSX\CODE\C\MSXgl\projects\soccerlgMSX2/soccerlg_s15_b3.c:354: p->frame = (step == 0) ? SPR_GK_PLAYER_HAPPY_1 : ((step == 1) ? SPR_GK_PLAYER_HAPPY_2 : SPR_GK_PLAYER_HAPPY_3);
    0000148A 78               [ 4] 3302 	ld	a, b
    0000148B B7               [ 4] 3303 	or	a, a
    0000148C 20 06            [12] 3304 	jr	NZ, 00341$
    0000148E 01 FD 00         [10] 3305 	ld	bc, #0x00fd
    00001491 C3r9Fr14         [10] 3306 	jp	00342$
    00001494                       3307 00341$:
    00001494 10 06            [13] 3308 	djnz	00343$
    00001496 01 FE 00         [10] 3309 	ld	bc, #0x00fe
    00001499 C3r9Fr14         [10] 3310 	jp	00344$
    0000149C                       3311 00343$:
    0000149C 01 FF 00         [10] 3312 	ld	bc, #0x00ff
    0000149F                       3313 00344$:
    0000149F                       3314 00342$:
    0000149F DD 6E F3         [19] 3315 	ld	l, -13 (ix)
    000014A2 DD 66 F4         [19] 3316 	ld	h, -12 (ix)
    000014A5 71               [ 7] 3317 	ld	(hl), c
    000014A6 23               [ 6] 3318 	inc	hl
    000014A7 70               [ 7] 3319 	ld	(hl), b
    000014A8 C3r33r15         [10] 3320 	jp	00292$
    000014AB                       3321 00196$:
                                   3322 ;E:\Dropbox\FAUSTO\SVILUPPI\MSX\CODE\C\MSXgl\projects\soccerlgMSX2/soccerlg_s15_b3.c:357: p->frame = CallFnc_U16_P4(SEG_GAMESTATE_9, GetPlayerAnimFrame, actor_idx, p->dx, p->dy, walk_seq[(p->anim / 3) % 4]); 
    000014AB DD 6E F1         [19] 3323 	ld	l, -15 (ix)
    000014AE DD 66 F2         [19] 3324 	ld	h, -14 (ix)
    000014B1 56               [ 7] 3325 	ld	d, (hl)
    000014B2 DD 6E EF         [19] 3326 	ld	l, -17 (ix)
    000014B5 DD 66 F0         [19] 3327 	ld	h, -16 (ix)
    000014B8 7E               [ 7] 3328 	ld	a, (hl)
    000014B9 4A               [ 4] 3329 	ld	c, d
    000014BA C5               [11] 3330 	push	bc
    000014BB F5               [11] 3331 	push	af
    000014BC 33               [ 6] 3332 	inc	sp
    000014BD DD 7E E8         [19] 3333 	ld	a, -24 (ix)
    000014C0 F5               [11] 3334 	push	af
    000014C1 33               [ 6] 3335 	inc	sp
    000014C2 11r00r00         [10] 3336 	ld	de, #_GetPlayerAnimFrame
    000014C5 3E 13            [ 7] 3337 	ld	a, #0x13
    000014C7 CDr00r00         [17] 3338 	call	_CallFnc_U16_P4
    000014CA DD 6E F3         [19] 3339 	ld	l, -13 (ix)
    000014CD DD 66 F4         [19] 3340 	ld	h, -12 (ix)
    000014D0 73               [ 7] 3341 	ld	(hl), e
    000014D1 23               [ 6] 3342 	inc	hl
    000014D2 72               [ 7] 3343 	ld	(hl), d
    000014D3 C3r33r15         [10] 3344 	jp	00292$
    000014D6                       3345 00210$:
                                   3346 ;E:\Dropbox\FAUSTO\SVILUPPI\MSX\CODE\C\MSXgl\projects\soccerlgMSX2/soccerlg_s15_b3.c:360: p->dx = 0; p->dy = 0;
    000014D6 DD 6E EF         [19] 3347 	ld	l, -17 (ix)
    000014D9 DD 66 F0         [19] 3348 	ld	h, -16 (ix)
    000014DC 36 00            [10] 3349 	ld	(hl), #0x00
    000014DE DD 6E F1         [19] 3350 	ld	l, -15 (ix)
    000014E1 DD 66 F2         [19] 3351 	ld	h, -14 (ix)
                                   3352 ;E:\Dropbox\FAUSTO\SVILUPPI\MSX\CODE\C\MSXgl\projects\soccerlgMSX2/soccerlg_s15_b3.c:361: i8 look_dx = 0, look_dy = 1;
    000014E4 36 00            [10] 3353 	ld	(hl), #0x00
    000014E6 4E               [ 7] 3354 	ld	c, (hl)
                                   3355 ;E:\Dropbox\FAUSTO\SVILUPPI\MSX\CODE\C\MSXgl\projects\soccerlgMSX2/soccerlg_s15_b3.c:362: if (actor_idx == 26) { look_dy = 1; }
    000014E7 DD 7E E8         [19] 3356 	ld	a, -24 (ix)
    000014EA D6 1A            [ 7] 3357 	sub	a, #0x1a
    000014EC 20 05            [12] 3358 	jr	NZ, 00204$
    000014EE 06 01            [ 7] 3359 	ld	b, #0x01
    000014F0 C3r13r15         [10] 3360 	jp	00205$
    000014F3                       3361 00204$:
                                   3362 ;E:\Dropbox\FAUSTO\SVILUPPI\MSX\CODE\C\MSXgl\projects\soccerlgMSX2/soccerlg_s15_b3.c:364: look_dx = (i8)((actor_idx % 3) - 1);
    000014F3 DD 6E E8         [19] 3363 	ld	l, -24 (ix)
                                   3364 ;	spillPairReg hl
                                   3365 ;	spillPairReg hl
    000014F6 26 00            [ 7] 3366 	ld	h, #0x00
                                   3367 ;	spillPairReg hl
                                   3368 ;	spillPairReg hl
    000014F8 E5               [11] 3369 	push	hl
    000014F9 11 03 00         [10] 3370 	ld	de, #0x0003
    000014FC CDr00r00         [17] 3371 	call	__modsint
    000014FF 4B               [ 4] 3372 	ld	c, e
    00001500 E1               [10] 3373 	pop	hl
    00001501 0D               [ 4] 3374 	dec	c
                                   3375 ;E:\Dropbox\FAUSTO\SVILUPPI\MSX\CODE\C\MSXgl\projects\soccerlgMSX2/soccerlg_s15_b3.c:365: look_dy = (i8)(((actor_idx / 3) % 3) - 1);
    00001502 C5               [11] 3376 	push	bc
    00001503 11 03 00         [10] 3377 	ld	de, #0x0003
    00001506 CDr00r00         [17] 3378 	call	__divsint
    00001509 EB               [ 4] 3379 	ex	de, hl
    0000150A 11 03 00         [10] 3380 	ld	de, #0x0003
    0000150D CDr00r00         [17] 3381 	call	__modsint
    00001510 C1               [10] 3382 	pop	bc
    00001511 43               [ 4] 3383 	ld	b, e
    00001512 05               [ 4] 3384 	dec	b
    00001513                       3385 00205$:
                                   3386 ;E:\Dropbox\FAUSTO\SVILUPPI\MSX\CODE\C\MSXgl\projects\soccerlgMSX2/soccerlg_s15_b3.c:367: if (look_dx == 0 && look_dy == 0) look_dy = 1;
    00001513 79               [ 4] 3387 	ld	a, c
    00001514 B7               [ 4] 3388 	or	a,a
    00001515 20 05            [12] 3389 	jr	NZ, 00207$
    00001517 B0               [ 4] 3390 	or	a,b
    00001518 20 02            [12] 3391 	jr	NZ, 00207$
    0000151A 06 01            [ 7] 3392 	ld	b, #0x01
    0000151C                       3393 00207$:
                                   3394 ;E:\Dropbox\FAUSTO\SVILUPPI\MSX\CODE\C\MSXgl\projects\soccerlgMSX2/soccerlg_s15_b3.c:369: p->frame = CallFnc_U16_P3(SEG_GAMESTATE_9, GetPlayerIdleFrame, actor_idx, look_dx, look_dy);
    0000151C C5               [11] 3395 	push	bc
    0000151D DD 7E E8         [19] 3396 	ld	a, -24 (ix)
    00001520 F5               [11] 3397 	push	af
    00001521 33               [ 6] 3398 	inc	sp
    00001522 11r00r00         [10] 3399 	ld	de, #_GetPlayerIdleFrame
    00001525 3E 13            [ 7] 3400 	ld	a, #0x13
    00001527 CDr00r00         [17] 3401 	call	_CallFnc_U16_P3
    0000152A DD 6E F3         [19] 3402 	ld	l, -13 (ix)
    0000152D DD 66 F4         [19] 3403 	ld	h, -12 (ix)
    00001530 73               [ 7] 3404 	ld	(hl), e
    00001531 23               [ 6] 3405 	inc	hl
    00001532 72               [ 7] 3406 	ld	(hl), d
    00001533                       3407 00292$:
                                   3408 ;E:\Dropbox\FAUSTO\SVILUPPI\MSX\CODE\C\MSXgl\projects\soccerlgMSX2/soccerlg_s15_b3.c:329: for(u8 i=0; i<3; i++) {
    00001533 DD 34 FF         [23] 3409 	inc	-1 (ix)
    00001536 C3r75r11         [10] 3410 	jp	00291$
    00001539                       3411 00213$:
                                   3412 ;E:\Dropbox\FAUSTO\SVILUPPI\MSX\CODE\C\MSXgl\projects\soccerlgMSX2/soccerlg_s15_b3.c:373: if (all_in_position) {
    00001539 DD 7E E7         [19] 3413 	ld	a, -25 (ix)
    0000153C B7               [ 4] 3414 	or	a, a
    0000153D CAr47r1D         [10] 3415 	jp	Z, 00295$
                                   3416 ;E:\Dropbox\FAUSTO\SVILUPPI\MSX\CODE\C\MSXgl\projects\soccerlgMSX2/soccerlg_s15_b3.c:374: *game_state = 12; // Inizia il prossimo rigore
    00001540 DD 6E FD         [19] 3417 	ld	l, -3 (ix)
    00001543 DD 66 FE         [19] 3418 	ld	h, -2 (ix)
    00001546 36 0C            [10] 3419 	ld	(hl), #0x0c
                                   3420 ;E:\Dropbox\FAUSTO\SVILUPPI\MSX\CODE\C\MSXgl\projects\soccerlgMSX2/soccerlg_s15_b3.c:375: RestartType = 0;  // Azzera il flag di esito per il prossimo
    00001548 FD 21r00r00      [14] 3421 	ld	iy, #_RestartType
    0000154C FD 36 00 00      [19] 3422 	ld	0 (iy), #0x00
    00001550 C3r47r1D         [10] 3423 	jp	00295$
    00001553                       3424 00279$:
                                   3425 ;E:\Dropbox\FAUSTO\SVILUPPI\MSX\CODE\C\MSXgl\projects\soccerlgMSX2/soccerlg_s15_b3.c:378: else if (*game_state == 17) { // STATO 17: Vittoria Rigori e Uscita Sconfitti
    00001553 DD 7E FA         [19] 3426 	ld	a, -6 (ix)
    00001556 D6 11            [ 7] 3427 	sub	a, #0x11
    00001558 C2r47r1D         [10] 3428 	jp	NZ,00295$
                                   3429 ;E:\Dropbox\FAUSTO\SVILUPPI\MSX\CODE\C\MSXgl\projects\soccerlgMSX2/soccerlg_s15_b3.c:379: T1_Carrier = T2_Carrier = T1_Receiver = T2_Receiver = 0xFF; // Nessun focus durante i festeggiamenti
    0000155B 21r00r00         [10] 3430 	ld	hl, #_T2_Receiver
    0000155E 36 FF            [10] 3431 	ld	(hl), #0xff
    00001560 21r00r00         [10] 3432 	ld	hl, #_T1_Receiver
    00001563 36 FF            [10] 3433 	ld	(hl), #0xff
    00001565 21r00r00         [10] 3434 	ld	hl, #_T2_Carrier
    00001568 36 FF            [10] 3435 	ld	(hl), #0xff
    0000156A 21r00r00         [10] 3436 	ld	hl, #_T1_Carrier
    0000156D 36 FF            [10] 3437 	ld	(hl), #0xff
                                   3438 ;E:\Dropbox\FAUSTO\SVILUPPI\MSX\CODE\C\MSXgl\projects\soccerlgMSX2/soccerlg_s15_b3.c:380: u8 winning_team = (ScoreTeam1 > ScoreTeam2) ? TEAM_1 : TEAM_2;
    0000156F 3Ar00r00         [13] 3439 	ld	a, (#_ScoreTeam2)
    00001572 FD 21r00r00      [14] 3440 	ld	iy, #_ScoreTeam1
    00001576 FD 96 00         [19] 3441 	sub	a, 0 (iy)
    00001579 30 06            [12] 3442 	jr	NC, 00345$
    0000157B 01 00 00         [10] 3443 	ld	bc, #0x0000
    0000157E C3r84r15         [10] 3444 	jp	00346$
    00001581                       3445 00345$:
    00001581 01 01 00         [10] 3446 	ld	bc, #0x0001
    00001584                       3447 00346$:
                                   3448 ;E:\Dropbox\FAUSTO\SVILUPPI\MSX\CODE\C\MSXgl\projects\soccerlgMSX2/soccerlg_s15_b3.c:381: u8 losing_team = (winning_team == TEAM_1) ? TEAM_2 : TEAM_1;
    00001584 DD 71 E6         [19] 3449 	ld	-26 (ix), c
    00001587 79               [ 4] 3450 	ld	a, c
    00001588 B7               [ 4] 3451 	or	a, a
    00001589 20 06            [12] 3452 	jr	NZ, 00347$
    0000158B 11 01 00         [10] 3453 	ld	de, #0x0001
    0000158E C3r94r15         [10] 3454 	jp	00348$
    00001591                       3455 00347$:
    00001591 11 00 00         [10] 3456 	ld	de, #0x0000
    00001594                       3457 00348$:
    00001594 DD 73 E7         [19] 3458 	ld	-25 (ix), e
                                   3459 ;E:\Dropbox\FAUSTO\SVILUPPI\MSX\CODE\C\MSXgl\projects\soccerlgMSX2/soccerlg_s15_b3.c:382: bool losers_offscreen = TRUE;
    00001597 DD 36 E8 01      [19] 3460 	ld	-24 (ix), #0x01
                                   3461 ;E:\Dropbox\FAUSTO\SVILUPPI\MSX\CODE\C\MSXgl\projects\soccerlgMSX2/soccerlg_s15_b3.c:386: if (Field.ly > cam_target + 3) { Field.dy = -4; Field.ly += Field.dy; }
    0000159B ED 4Br04r00      [20] 3462 	ld	bc, (#(_Field + 4) + 0)
    0000159F 59               [ 4] 3463 	ld	e, c
    000015A0 50               [ 4] 3464 	ld	d, b
    000015A1 3E 03            [ 7] 3465 	ld	a, #0x03
    000015A3 BB               [ 4] 3466 	cp	a, e
    000015A4 3E 00            [ 7] 3467 	ld	a, #0x00
    000015A6 9A               [ 4] 3468 	sbc	a, d
    000015A7 30 19            [12] 3469 	jr	NC, 00223$
    000015A9 21r12r00         [10] 3470 	ld	hl, #(_Field + 18)
    000015AC 36 FC            [10] 3471 	ld	(hl), #0xfc
    000015AE ED 4Br04r00      [20] 3472 	ld	bc, (#(_Field + 4) + 0)
    000015B2 3Ar12r00         [13] 3473 	ld	a, (#(_Field + 18) + 0)
    000015B5 6F               [ 4] 3474 	ld	l, a
                                   3475 ;	spillPairReg hl
                                   3476 ;	spillPairReg hl
    000015B6 07               [ 4] 3477 	rlca
    000015B7 9F               [ 4] 3478 	sbc	a, a
    000015B8 67               [ 4] 3479 	ld	h, a
                                   3480 ;	spillPairReg hl
                                   3481 ;	spillPairReg hl
    000015B9 09               [11] 3482 	add	hl, bc
    000015BA EB               [ 4] 3483 	ex	de, hl
    000015BB ED 53r04r00      [20] 3484 	ld	((_Field + 4)), de
    000015BF C3rF9r15         [10] 3485 	jp	00500$
    000015C2                       3486 00223$:
                                   3487 ;E:\Dropbox\FAUSTO\SVILUPPI\MSX\CODE\C\MSXgl\projects\soccerlgMSX2/soccerlg_s15_b3.c:387: else if (Field.ly + 3 < cam_target) { Field.dy = 4; Field.ly += Field.dy; }
    000015C2 13               [ 6] 3488 	inc	de
    000015C3 13               [ 6] 3489 	inc	de
    000015C4 13               [ 6] 3490 	inc	de
    000015C5 BF               [ 4] 3491 	cp	a, a
    000015C6 30 19            [12] 3492 	jr	NC, 00220$
    000015C8 21r12r00         [10] 3493 	ld	hl, #(_Field + 18)
    000015CB 36 04            [10] 3494 	ld	(hl), #0x04
    000015CD ED 4Br04r00      [20] 3495 	ld	bc, (#(_Field + 4) + 0)
    000015D1 3Ar12r00         [13] 3496 	ld	a, (#(_Field + 18) + 0)
    000015D4 6F               [ 4] 3497 	ld	l, a
                                   3498 ;	spillPairReg hl
                                   3499 ;	spillPairReg hl
    000015D5 07               [ 4] 3500 	rlca
    000015D6 9F               [ 4] 3501 	sbc	a, a
    000015D7 67               [ 4] 3502 	ld	h, a
                                   3503 ;	spillPairReg hl
                                   3504 ;	spillPairReg hl
    000015D8 09               [11] 3505 	add	hl, bc
    000015D9 EB               [ 4] 3506 	ex	de, hl
    000015DA ED 53r04r00      [20] 3507 	ld	((_Field + 4)), de
    000015DE C3rF9r15         [10] 3508 	jp	00500$
    000015E1                       3509 00220$:
                                   3510 ;E:\Dropbox\FAUSTO\SVILUPPI\MSX\CODE\C\MSXgl\projects\soccerlgMSX2/soccerlg_s15_b3.c:388: else if (Field.ly != cam_target) { Field.dy = (i8)(cam_target - Field.ly); Field.ly = cam_target; }
    000015E1 79               [ 4] 3511 	ld	a, c
    000015E2 B7               [ 4] 3512 	or	a, a
    000015E3 B0               [ 4] 3513 	or	a, b
    000015E4 28 0E            [12] 3514 	jr	Z, 00217$
    000015E6 AF               [ 4] 3515 	xor	a, a
    000015E7 91               [ 4] 3516 	sub	a, c
    000015E8 32r12r00         [13] 3517 	ld	(#(_Field + 18)),a
    000015EB 21 00 00         [10] 3518 	ld	hl, #0x0000
    000015EE 22r04r00         [16] 3519 	ld	((_Field + 4)), hl
    000015F1 C3rF9r15         [10] 3520 	jp	00500$
    000015F4                       3521 00217$:
                                   3522 ;E:\Dropbox\FAUSTO\SVILUPPI\MSX\CODE\C\MSXgl\projects\soccerlgMSX2/soccerlg_s15_b3.c:389: else { Field.dy = 0; }
    000015F4 21r12r00         [10] 3523 	ld	hl, #(_Field + 18)
    000015F7 36 00            [10] 3524 	ld	(hl), #0x00
                                   3525 ;E:\Dropbox\FAUSTO\SVILUPPI\MSX\CODE\C\MSXgl\projects\soccerlgMSX2/soccerlg_s15_b3.c:391: for (u8 i = 0; i <= 26; i++) {
    000015F9                       3526 00500$:
    000015F9 DD 36 FF 00      [19] 3527 	ld	-1 (ix), #0x00
    000015FD                       3528 00294$:
    000015FD 3E 1A            [ 7] 3529 	ld	a, #0x1a
    000015FF DD 96 FF         [19] 3530 	sub	a, -1 (ix)
    00001602 DArFBr1C         [10] 3531 	jp	C, 00267$
                                   3532 ;E:\Dropbox\FAUSTO\SVILUPPI\MSX\CODE\C\MSXgl\projects\soccerlgMSX2/soccerlg_s15_b3.c:392: if (i >= 14 && i < 26) continue; // Salta Palla e UI
    00001605 DD 7E FF         [19] 3533 	ld	a, -1 (ix)
    00001608 D6 0E            [ 7] 3534 	sub	a, #0x0e
    0000160A 3E 00            [ 7] 3535 	ld	a, #0x00
    0000160C 17               [ 4] 3536 	rla
    0000160D DD 77 F8         [19] 3537 	ld	-8 (ix), a
    00001610 DD CB F8 46      [20] 3538 	bit	0, -8 (ix)
    00001614 20 08            [12] 3539 	jr	NZ, 00226$
    00001616 DD 7E FF         [19] 3540 	ld	a, -1 (ix)
    00001619 D6 1A            [ 7] 3541 	sub	a, #0x1a
    0000161B DArF5r1C         [10] 3542 	jp	C, 00266$
    0000161E                       3543 00226$:
                                   3544 ;E:\Dropbox\FAUSTO\SVILUPPI\MSX\CODE\C\MSXgl\projects\soccerlgMSX2/soccerlg_s15_b3.c:394: struct ObjectInfo* p = &SwSprite[i];
    0000161E DD 4E FF         [19] 3545 	ld	c, -1 (ix)
    00001621 06 00            [ 7] 3546 	ld	b, #0x00
    00001623 69               [ 4] 3547 	ld	l, c
    00001624 60               [ 4] 3548 	ld	h, b
    00001625 29               [11] 3549 	add	hl, hl
    00001626 29               [11] 3550 	add	hl, hl
    00001627 09               [11] 3551 	add	hl, bc
    00001628 29               [11] 3552 	add	hl, hl
    00001629 09               [11] 3553 	add	hl, bc
    0000162A 29               [11] 3554 	add	hl, hl
    0000162B 09               [11] 3555 	add	hl, bc
    0000162C DD 75 F6         [19] 3556 	ld	-10 (ix), l
    0000162F DD 74 F7         [19] 3557 	ld	-9 (ix), h
    00001632 3Er00            [ 7] 3558 	ld	a, #<(_SwSprite)
    00001634 DD 86 F6         [19] 3559 	add	a, -10 (ix)
    00001637 DD 77 F9         [19] 3560 	ld	-7 (ix), a
    0000163A 3Es00            [ 7] 3561 	ld	a, #>(_SwSprite)
    0000163C DD 8E F7         [19] 3562 	adc	a, -9 (ix)
    0000163F DD 77 FA         [19] 3563 	ld	-6 (ix), a
    00001642 DD 7E F9         [19] 3564 	ld	a, -7 (ix)
    00001645 DD 77 E9         [19] 3565 	ld	-23 (ix), a
    00001648 DD 7E FA         [19] 3566 	ld	a, -6 (ix)
    0000164B DD 77 EA         [19] 3567 	ld	-22 (ix), a
                                   3568 ;E:\Dropbox\FAUSTO\SVILUPPI\MSX\CODE\C\MSXgl\projects\soccerlgMSX2/soccerlg_s15_b3.c:395: u8 team = (i < 7) ? TEAM_1 : ((i < 14) ? TEAM_2 : 0xFF);
    0000164E DD 7E FF         [19] 3569 	ld	a, -1 (ix)
    00001651 D6 07            [ 7] 3570 	sub	a, #0x07
    00001653 30 06            [12] 3571 	jr	NC, 00349$
    00001655 11 00 00         [10] 3572 	ld	de, #0x0000
    00001658 C3r6Ar16         [10] 3573 	jp	00350$
    0000165B                       3574 00349$:
    0000165B DD 7E F8         [19] 3575 	ld	a, -8 (ix)
    0000165E B7               [ 4] 3576 	or	a, a
    0000165F 28 06            [12] 3577 	jr	Z, 00351$
    00001661 11 01 00         [10] 3578 	ld	de, #0x0001
    00001664 C3r6Ar16         [10] 3579 	jp	00352$
    00001667                       3580 00351$:
    00001667 11 FF 00         [10] 3581 	ld	de, #0x00ff
    0000166A                       3582 00352$:
    0000166A                       3583 00350$:
    0000166A DD 73 EB         [19] 3584 	ld	-21 (ix), e
                                   3585 ;E:\Dropbox\FAUSTO\SVILUPPI\MSX\CODE\C\MSXgl\projects\soccerlgMSX2/soccerlg_s15_b3.c:397: if (team == losing_team || i == 26) {
    0000166D DD 7E E7         [19] 3586 	ld	a, -25 (ix)
    00001670 DD 96 EB         [19] 3587 	sub	a, -21 (ix)
    00001673 28 08            [12] 3588 	jr	Z, 00262$
    00001675 DD 7E FF         [19] 3589 	ld	a, -1 (ix)
    00001678 D6 1A            [ 7] 3590 	sub	a, #0x1a
    0000167A C2r95r18         [10] 3591 	jp	NZ,00263$
    0000167D                       3592 00262$:
                                   3593 ;E:\Dropbox\FAUSTO\SVILUPPI\MSX\CODE\C\MSXgl\projects\soccerlgMSX2/soccerlg_s15_b3.c:399: if (p->ly < 512) { 
    0000167D DD 7E E9         [19] 3594 	ld	a, -23 (ix)
    00001680 C6 04            [ 7] 3595 	add	a, #0x04
    00001682 DD 77 ED         [19] 3596 	ld	-19 (ix), a
    00001685 DD 7E EA         [19] 3597 	ld	a, -22 (ix)
    00001688 CE 00            [ 7] 3598 	adc	a, #0x00
    0000168A DD 77 EE         [19] 3599 	ld	-18 (ix), a
    0000168D DD 6E ED         [19] 3600 	ld	l, -19 (ix)
    00001690 DD 66 EE         [19] 3601 	ld	h, -18 (ix)
    00001693 7E               [ 7] 3602 	ld	a, (hl)
    00001694 DD 77 F9         [19] 3603 	ld	-7 (ix), a
    00001697 23               [ 6] 3604 	inc	hl
    00001698 7E               [ 7] 3605 	ld	a, (hl)
    00001699 DD 77 FA         [19] 3606 	ld	-6 (ix), a
    0000169C D6 02            [ 7] 3607 	sub	a, #0x02
    0000169E D2r87r18         [10] 3608 	jp	NC, 00234$
                                   3609 ;E:\Dropbox\FAUSTO\SVILUPPI\MSX\CODE\C\MSXgl\projects\soccerlgMSX2/soccerlg_s15_b3.c:400: p->dy = 3; p->dx = 0;
    000016A1 DD 7E E9         [19] 3610 	ld	a, -23 (ix)
    000016A4 C6 12            [ 7] 3611 	add	a, #0x12
    000016A6 DD 77 EF         [19] 3612 	ld	-17 (ix), a
    000016A9 DD 7E EA         [19] 3613 	ld	a, -22 (ix)
    000016AC CE 00            [ 7] 3614 	adc	a, #0x00
    000016AE DD 77 F0         [19] 3615 	ld	-16 (ix), a
    000016B1 DD 6E EF         [19] 3616 	ld	l, -17 (ix)
    000016B4 DD 66 F0         [19] 3617 	ld	h, -16 (ix)
    000016B7 36 03            [10] 3618 	ld	(hl), #0x03
    000016B9 DD 7E E9         [19] 3619 	ld	a, -23 (ix)
    000016BC C6 11            [ 7] 3620 	add	a, #0x11
    000016BE DD 77 F1         [19] 3621 	ld	-15 (ix), a
    000016C1 DD 7E EA         [19] 3622 	ld	a, -22 (ix)
    000016C4 CE 00            [ 7] 3623 	adc	a, #0x00
    000016C6 DD 77 F2         [19] 3624 	ld	-14 (ix), a
    000016C9 DD 6E F1         [19] 3625 	ld	l, -15 (ix)
    000016CC DD 66 F2         [19] 3626 	ld	h, -14 (ix)
    000016CF 36 00            [10] 3627 	ld	(hl), #0x00
                                   3628 ;E:\Dropbox\FAUSTO\SVILUPPI\MSX\CODE\C\MSXgl\projects\soccerlgMSX2/soccerlg_s15_b3.c:401: p->ly = (p->ly + p->dy); 
    000016D1 DD 6E ED         [19] 3629 	ld	l, -19 (ix)
    000016D4 DD 66 EE         [19] 3630 	ld	h, -18 (ix)
    000016D7 7E               [ 7] 3631 	ld	a, (hl)
    000016D8 DD 77 F7         [19] 3632 	ld	-9 (ix), a
    000016DB 23               [ 6] 3633 	inc	hl
    000016DC 7E               [ 7] 3634 	ld	a, (hl)
    000016DD DD 77 F8         [19] 3635 	ld	-8 (ix), a
    000016E0 DD 6E EF         [19] 3636 	ld	l, -17 (ix)
    000016E3 DD 66 F0         [19] 3637 	ld	h, -16 (ix)
    000016E6 7E               [ 7] 3638 	ld	a, (hl)
    000016E7 DD 77 FA         [19] 3639 	ld	-6 (ix), a
    000016EA DD 77 F9         [19] 3640 	ld	-7 (ix), a
    000016ED 07               [ 4] 3641 	rlca
    000016EE 9F               [ 4] 3642 	sbc	a, a
    000016EF DD 77 FA         [19] 3643 	ld	-6 (ix), a
    000016F2 DD 7E F7         [19] 3644 	ld	a, -9 (ix)
    000016F5 DD 77 F5         [19] 3645 	ld	-11 (ix), a
    000016F8 DD 7E F8         [19] 3646 	ld	a, -8 (ix)
    000016FB DD 77 F6         [19] 3647 	ld	-10 (ix), a
    000016FE DD 7E F9         [19] 3648 	ld	a, -7 (ix)
    00001701 DD 77 F7         [19] 3649 	ld	-9 (ix), a
    00001704 DD 7E FA         [19] 3650 	ld	a, -6 (ix)
    00001707 DD 77 F8         [19] 3651 	ld	-8 (ix), a
    0000170A DD 7E F5         [19] 3652 	ld	a, -11 (ix)
    0000170D DD 86 F7         [19] 3653 	add	a, -9 (ix)
    00001710 DD 77 F9         [19] 3654 	ld	-7 (ix), a
    00001713 DD 7E F6         [19] 3655 	ld	a, -10 (ix)
    00001716 DD 8E F8         [19] 3656 	adc	a, -8 (ix)
    00001719 DD 77 FA         [19] 3657 	ld	-6 (ix), a
    0000171C DD 7E F9         [19] 3658 	ld	a, -7 (ix)
    0000171F DD 77 F7         [19] 3659 	ld	-9 (ix), a
    00001722 DD 7E FA         [19] 3660 	ld	a, -6 (ix)
    00001725 DD 77 F8         [19] 3661 	ld	-8 (ix), a
    00001728 DD 6E ED         [19] 3662 	ld	l, -19 (ix)
    0000172B DD 66 EE         [19] 3663 	ld	h, -18 (ix)
    0000172E DD 7E F7         [19] 3664 	ld	a, -9 (ix)
    00001731 77               [ 7] 3665 	ld	(hl), a
    00001732 23               [ 6] 3666 	inc	hl
    00001733 DD 7E F8         [19] 3667 	ld	a, -8 (ix)
    00001736 77               [ 7] 3668 	ld	(hl), a
                                   3669 ;E:\Dropbox\FAUSTO\SVILUPPI\MSX\CODE\C\MSXgl\projects\soccerlgMSX2/soccerlg_s15_b3.c:402: if (!OnScreen(p->ly) || p->ly > 511) {
    00001737 DD 6E ED         [19] 3670 	ld	l, -19 (ix)
    0000173A DD 66 EE         [19] 3671 	ld	h, -18 (ix)
    0000173D 7E               [ 7] 3672 	ld	a, (hl)
    0000173E DD 77 F9         [19] 3673 	ld	-7 (ix), a
    00001741 23               [ 6] 3674 	inc	hl
    00001742 7E               [ 7] 3675 	ld	a, (hl)
    00001743 DD 77 FA         [19] 3676 	ld	-6 (ix), a
    00001746 DD 7E F8         [19] 3677 	ld	a, -8 (ix)
    00001749 D6 02            [ 7] 3678 	sub	a, #0x02
    0000174B 30 6C            [12] 3679 	jr	NC, 00228$
    0000174D DD 7E F9         [19] 3680 	ld	a, -7 (ix)
    00001750 DD 77 F3         [19] 3681 	ld	-13 (ix), a
    00001753 DD 7E FA         [19] 3682 	ld	a, -6 (ix)
    00001756 DD 77 F4         [19] 3683 	ld	-12 (ix), a
    00001759 DD 7E F3         [19] 3684 	ld	a, -13 (ix)
    0000175C C6 0F            [ 7] 3685 	add	a, #0x0f
    0000175E DD 77 F9         [19] 3686 	ld	-7 (ix), a
    00001761 DD 7E F4         [19] 3687 	ld	a, -12 (ix)
    00001764 CE 02            [ 7] 3688 	adc	a, #0x02
    00001766 DD 77 FA         [19] 3689 	ld	-6 (ix), a
    00001769 21r04r00         [10] 3690 	ld	hl, #(_Field + 4)
    0000176C 7E               [ 7] 3691 	ld	a, (hl)
    0000176D DD 77 F5         [19] 3692 	ld	-11 (ix), a
    00001770 23               [ 6] 3693 	inc	hl
    00001771 7E               [ 7] 3694 	ld	a, (hl)
    00001772 DD 77 F6         [19] 3695 	ld	-10 (ix), a
    00001775 DD 7E F9         [19] 3696 	ld	a, -7 (ix)
    00001778 DD 77 F7         [19] 3697 	ld	-9 (ix), a
    0000177B DD 7E FA         [19] 3698 	ld	a, -6 (ix)
    0000177E DD 77 F8         [19] 3699 	ld	-8 (ix), a
    00001781 DD 7E F7         [19] 3700 	ld	a, -9 (ix)
    00001784 DD 96 F5         [19] 3701 	sub	a, -11 (ix)
    00001787 DD 77 F9         [19] 3702 	ld	-7 (ix), a
    0000178A DD 7E F8         [19] 3703 	ld	a, -8 (ix)
    0000178D DD 9E F6         [19] 3704 	sbc	a, -10 (ix)
    00001790 DD 77 FA         [19] 3705 	ld	-6 (ix), a
    00001793 DD 7E F9         [19] 3706 	ld	a, -7 (ix)
    00001796 DD 77 F7         [19] 3707 	ld	-9 (ix), a
    00001799 DD 7E FA         [19] 3708 	ld	a, -6 (ix)
    0000179C E6 01            [ 7] 3709 	and	a, #0x01
    0000179E DD 77 F8         [19] 3710 	ld	-8 (ix), a
    000017A1 DD 7E F7         [19] 3711 	ld	a, -9 (ix)
    000017A4 D6 CF            [ 7] 3712 	sub	a, #0xcf
    000017A6 DD 7E F8         [19] 3713 	ld	a, -8 (ix)
    000017A9 DE 00            [ 7] 3714 	sbc	a, #0x00
    000017AB 30 0C            [12] 3715 	jr	NC, 00228$
    000017AD 3E FF            [ 7] 3716 	ld	a, #0xff
    000017AF DD BE F3         [19] 3717 	cp	a, -13 (ix)
    000017B2 3E 01            [ 7] 3718 	ld	a, #0x01
    000017B4 DD 9E F4         [19] 3719 	sbc	a, -12 (ix)
    000017B7 30 0E            [12] 3720 	jr	NC, 00229$
    000017B9                       3721 00228$:
                                   3722 ;E:\Dropbox\FAUSTO\SVILUPPI\MSX\CODE\C\MSXgl\projects\soccerlgMSX2/soccerlg_s15_b3.c:403: p->ly = 1000; // Nascondi definitivamente appena escono dallo schermo
    000017B9 DD 6E ED         [19] 3723 	ld	l, -19 (ix)
    000017BC DD 66 EE         [19] 3724 	ld	h, -18 (ix)
    000017BF 36 E8            [10] 3725 	ld	(hl), #0xe8
    000017C1 23               [ 6] 3726 	inc	hl
    000017C2 36 03            [10] 3727 	ld	(hl), #0x03
    000017C4 C3rF5r1C         [10] 3728 	jp	00266$
    000017C7                       3729 00229$:
                                   3730 ;E:\Dropbox\FAUSTO\SVILUPPI\MSX\CODE\C\MSXgl\projects\soccerlgMSX2/soccerlg_s15_b3.c:405: losers_offscreen = FALSE;
    000017C7 DD 36 E8 00      [19] 3731 	ld	-24 (ix), #0x00
                                   3732 ;E:\Dropbox\FAUSTO\SVILUPPI\MSX\CODE\C\MSXgl\projects\soccerlgMSX2/soccerlg_s15_b3.c:406: p->anim++;
    000017CB DD 7E E9         [19] 3733 	ld	a, -23 (ix)
    000017CE C6 13            [ 7] 3734 	add	a, #0x13
    000017D0 DD 77 F5         [19] 3735 	ld	-11 (ix), a
    000017D3 DD 7E EA         [19] 3736 	ld	a, -22 (ix)
    000017D6 CE 00            [ 7] 3737 	adc	a, #0x00
    000017D8 DD 77 F6         [19] 3738 	ld	-10 (ix), a
    000017DB DD 6E F5         [19] 3739 	ld	l, -11 (ix)
    000017DE DD 66 F6         [19] 3740 	ld	h, -10 (ix)
    000017E1 7E               [ 7] 3741 	ld	a, (hl)
    000017E2 DD 77 F7         [19] 3742 	ld	-9 (ix), a
    000017E5 23               [ 6] 3743 	inc	hl
    000017E6 7E               [ 7] 3744 	ld	a, (hl)
    000017E7 DD 77 F8         [19] 3745 	ld	-8 (ix), a
    000017EA DD 7E F7         [19] 3746 	ld	a, -9 (ix)
    000017ED C6 01            [ 7] 3747 	add	a, #0x01
    000017EF DD 77 F9         [19] 3748 	ld	-7 (ix), a
    000017F2 DD 7E F8         [19] 3749 	ld	a, -8 (ix)
    000017F5 CE 00            [ 7] 3750 	adc	a, #0x00
    000017F7 DD 77 FA         [19] 3751 	ld	-6 (ix), a
    000017FA DD 6E F5         [19] 3752 	ld	l, -11 (ix)
    000017FD DD 66 F6         [19] 3753 	ld	h, -10 (ix)
    00001800 DD 7E F9         [19] 3754 	ld	a, -7 (ix)
    00001803 77               [ 7] 3755 	ld	(hl), a
    00001804 23               [ 6] 3756 	inc	hl
    00001805 DD 7E FA         [19] 3757 	ld	a, -6 (ix)
    00001808 77               [ 7] 3758 	ld	(hl), a
                                   3759 ;E:\Dropbox\FAUSTO\SVILUPPI\MSX\CODE\C\MSXgl\projects\soccerlgMSX2/soccerlg_s15_b3.c:407: const u8 walk_seq[4] = {0, 1, 2, 1};
    00001809 DD 36 E2 00      [19] 3760 	ld	-30 (ix), #0x00
    0000180D DD 36 E3 01      [19] 3761 	ld	-29 (ix), #0x01
    00001811 DD 36 E4 02      [19] 3762 	ld	-28 (ix), #0x02
    00001815 DD 36 E5 01      [19] 3763 	ld	-27 (ix), #0x01
                                   3764 ;E:\Dropbox\FAUSTO\SVILUPPI\MSX\CODE\C\MSXgl\projects\soccerlgMSX2/soccerlg_s15_b3.c:408: p->frame = CallFnc_U16_P4(SEG_GAMESTATE_9, GetPlayerAnimFrame, i, p->dx, p->dy, walk_seq[(p->anim / 3) % 4]);
    00001819 DD 7E E9         [19] 3765 	ld	a, -23 (ix)
    0000181C C6 0F            [ 7] 3766 	add	a, #0x0f
    0000181E DD 77 F7         [19] 3767 	ld	-9 (ix), a
    00001821 DD 7E EA         [19] 3768 	ld	a, -22 (ix)
    00001824 CE 00            [ 7] 3769 	adc	a, #0x00
    00001826 DD 77 F8         [19] 3770 	ld	-8 (ix), a
    00001829 11 03 00         [10] 3771 	ld	de, #0x0003
    0000182C DD 6E F9         [19] 3772 	ld	l, -7 (ix)
                                   3773 ;	spillPairReg hl
                                   3774 ;	spillPairReg hl
    0000182F DD 66 FA         [19] 3775 	ld	h, -6 (ix)
                                   3776 ;	spillPairReg hl
                                   3777 ;	spillPairReg hl
    00001832 CDr00r00         [17] 3778 	call	__divuint
    00001835 DD 73 F9         [19] 3779 	ld	-7 (ix), e
    00001838 DD 72 FA         [19] 3780 	ld	-6 (ix), d
    0000183B DD 7E F9         [19] 3781 	ld	a, -7 (ix)
    0000183E E6 03            [ 7] 3782 	and	a, #0x03
    00001840 DD 77 F5         [19] 3783 	ld	-11 (ix), a
    00001843 DD 36 F6 00      [19] 3784 	ld	-10 (ix), #0x00
    00001847 5F               [ 4] 3785 	ld	e, a
    00001848 16 00            [ 7] 3786 	ld	d, #0x00
    0000184A 21 06 00         [10] 3787 	ld	hl, #6
    0000184D 39               [11] 3788 	add	hl, sp
    0000184E 19               [11] 3789 	add	hl, de
    0000184F DD 75 F9         [19] 3790 	ld	-7 (ix), l
    00001852 DD 74 FA         [19] 3791 	ld	-6 (ix), h
    00001855 7E               [ 7] 3792 	ld	a, (hl)
    00001856 DD 77 FA         [19] 3793 	ld	-6 (ix), a
    00001859 DD 6E EF         [19] 3794 	ld	l, -17 (ix)
    0000185C DD 66 F0         [19] 3795 	ld	h, -16 (ix)
    0000185F 46               [ 7] 3796 	ld	b, (hl)
    00001860 DD 6E F1         [19] 3797 	ld	l, -15 (ix)
    00001863 DD 66 F2         [19] 3798 	ld	h, -14 (ix)
    00001866 7E               [ 7] 3799 	ld	a, (hl)
    00001867 DD 66 FA         [19] 3800 	ld	h, -6 (ix)
                                   3801 ;	spillPairReg hl
                                   3802 ;	spillPairReg hl
    0000186A 68               [ 4] 3803 	ld	l, b
    0000186B E5               [11] 3804 	push	hl
    0000186C F5               [11] 3805 	push	af
    0000186D 33               [ 6] 3806 	inc	sp
    0000186E DD 7E FF         [19] 3807 	ld	a, -1 (ix)
    00001871 F5               [11] 3808 	push	af
    00001872 33               [ 6] 3809 	inc	sp
    00001873 11r00r00         [10] 3810 	ld	de, #_GetPlayerAnimFrame
    00001876 3E 13            [ 7] 3811 	ld	a, #0x13
    00001878 CDr00r00         [17] 3812 	call	_CallFnc_U16_P4
    0000187B DD 6E F7         [19] 3813 	ld	l, -9 (ix)
    0000187E DD 66 F8         [19] 3814 	ld	h, -8 (ix)
    00001881 73               [ 7] 3815 	ld	(hl), e
    00001882 23               [ 6] 3816 	inc	hl
    00001883 72               [ 7] 3817 	ld	(hl), d
    00001884 C3rF5r1C         [10] 3818 	jp	00266$
    00001887                       3819 00234$:
                                   3820 ;E:\Dropbox\FAUSTO\SVILUPPI\MSX\CODE\C\MSXgl\projects\soccerlgMSX2/soccerlg_s15_b3.c:411: p->ly = 1000;
    00001887 DD 6E ED         [19] 3821 	ld	l, -19 (ix)
    0000188A DD 66 EE         [19] 3822 	ld	h, -18 (ix)
    0000188D 36 E8            [10] 3823 	ld	(hl), #0xe8
    0000188F 23               [ 6] 3824 	inc	hl
    00001890 36 03            [10] 3825 	ld	(hl), #0x03
    00001892 C3rF5r1C         [10] 3826 	jp	00266$
    00001895                       3827 00263$:
                                   3828 ;E:\Dropbox\FAUSTO\SVILUPPI\MSX\CODE\C\MSXgl\projects\soccerlgMSX2/soccerlg_s15_b3.c:413: } else if (team == winning_team) {
    00001895 DD 7E EB         [19] 3829 	ld	a, -21 (ix)
    00001898 DD 96 E6         [19] 3830 	sub	a, -26 (ix)
    0000189B C2rF5r1C         [10] 3831 	jp	NZ,00266$
                                   3832 ;E:\Dropbox\FAUSTO\SVILUPPI\MSX\CODE\C\MSXgl\projects\soccerlgMSX2/soccerlg_s15_b3.c:418: u16 t_x = center_x - 80 + ((i * 31 + Frms * 2) % 160);
    0000189E DD 7E FF         [19] 3833 	ld	a, -1 (ix)
    000018A1 DD 77 EC         [19] 3834 	ld	-20 (ix), a
    000018A4 DD 36 ED 00      [19] 3835 	ld	-19 (ix), #0x00
    000018A8 4F               [ 4] 3836 	ld	c, a
    000018A9 06 00            [ 7] 3837 	ld	b, #0x00
    000018AB 69               [ 4] 3838 	ld	l, c
    000018AC 60               [ 4] 3839 	ld	h, b
    000018AD 29               [11] 3840 	add	hl, hl
    000018AE 09               [11] 3841 	add	hl, bc
    000018AF 29               [11] 3842 	add	hl, hl
    000018B0 09               [11] 3843 	add	hl, bc
    000018B1 29               [11] 3844 	add	hl, hl
    000018B2 09               [11] 3845 	add	hl, bc
    000018B3 29               [11] 3846 	add	hl, hl
    000018B4 09               [11] 3847 	add	hl, bc
    000018B5 DD 75 F3         [19] 3848 	ld	-13 (ix), l
    000018B8 DD 74 F4         [19] 3849 	ld	-12 (ix), h
    000018BB 3Ar00r00         [13] 3850 	ld	a, (_Frms+0)
    000018BE DD 77 F9         [19] 3851 	ld	-7 (ix), a
    000018C1 DD 36 FA 00      [19] 3852 	ld	-6 (ix), #0x00
    000018C5 DD 7E F9         [19] 3853 	ld	a, -7 (ix)
    000018C8 DD 77 F5         [19] 3854 	ld	-11 (ix), a
    000018CB DD 7E FA         [19] 3855 	ld	a, -6 (ix)
    000018CE DD 77 F6         [19] 3856 	ld	-10 (ix), a
    000018D1 DD CB F5 26      [23] 3857 	sla	-11 (ix)
    000018D5 DD CB F6 16      [23] 3858 	rl	-10 (ix)
    000018D9 DD 7E F3         [19] 3859 	ld	a, -13 (ix)
    000018DC DD 86 F5         [19] 3860 	add	a, -11 (ix)
    000018DF DD 77 F7         [19] 3861 	ld	-9 (ix), a
    000018E2 DD 7E F4         [19] 3862 	ld	a, -12 (ix)
    000018E5 DD 8E F6         [19] 3863 	adc	a, -10 (ix)
    000018E8 DD 77 F8         [19] 3864 	ld	-8 (ix), a
    000018EB 11 A0 00         [10] 3865 	ld	de, #0x00a0
    000018EE DD 6E F7         [19] 3866 	ld	l, -9 (ix)
                                   3867 ;	spillPairReg hl
                                   3868 ;	spillPairReg hl
    000018F1 DD 66 F8         [19] 3869 	ld	h, -8 (ix)
                                   3870 ;	spillPairReg hl
                                   3871 ;	spillPairReg hl
    000018F4 CDr00r00         [17] 3872 	call	__modsint
    000018F7 DD 73 F7         [19] 3873 	ld	-9 (ix), e
    000018FA DD 72 F8         [19] 3874 	ld	-8 (ix), d
    000018FD DD 7E F7         [19] 3875 	ld	a, -9 (ix)
    00001900 DD 77 F5         [19] 3876 	ld	-11 (ix), a
    00001903 DD 7E F8         [19] 3877 	ld	a, -8 (ix)
    00001906 DD 77 F6         [19] 3878 	ld	-10 (ix), a
    00001909 DD 7E F5         [19] 3879 	ld	a, -11 (ix)
    0000190C C6 28            [ 7] 3880 	add	a, #0x28
    0000190E DD 77 F7         [19] 3881 	ld	-9 (ix), a
    00001911 DD 7E F6         [19] 3882 	ld	a, -10 (ix)
    00001914 CE 00            [ 7] 3883 	adc	a, #0x00
    00001916 DD 77 F8         [19] 3884 	ld	-8 (ix), a
    00001919 DD 7E F7         [19] 3885 	ld	a, -9 (ix)
    0000191C DD 77 EE         [19] 3886 	ld	-18 (ix), a
    0000191F DD 7E F8         [19] 3887 	ld	a, -8 (ix)
    00001922 DD 77 EF         [19] 3888 	ld	-17 (ix), a
                                   3889 ;E:\Dropbox\FAUSTO\SVILUPPI\MSX\CODE\C\MSXgl\projects\soccerlgMSX2/soccerlg_s15_b3.c:419: u16 t_y = center_y - 50 + ((i * 47 + Frms) % 100);
    00001925 DD 4E EC         [19] 3890 	ld	c, -20 (ix)
    00001928 DD 46 ED         [19] 3891 	ld	b, -19 (ix)
    0000192B 69               [ 4] 3892 	ld	l, c
    0000192C 60               [ 4] 3893 	ld	h, b
    0000192D 29               [11] 3894 	add	hl, hl
    0000192E 29               [11] 3895 	add	hl, hl
    0000192F 09               [11] 3896 	add	hl, bc
    00001930 29               [11] 3897 	add	hl, hl
    00001931 09               [11] 3898 	add	hl, bc
    00001932 29               [11] 3899 	add	hl, hl
    00001933 09               [11] 3900 	add	hl, bc
    00001934 29               [11] 3901 	add	hl, hl
    00001935 09               [11] 3902 	add	hl, bc
    00001936 DD 75 F7         [19] 3903 	ld	-9 (ix), l
    00001939 DD 74 F8         [19] 3904 	ld	-8 (ix), h
    0000193C DD 7E F9         [19] 3905 	ld	a, -7 (ix)
    0000193F DD 86 F7         [19] 3906 	add	a, -9 (ix)
    00001942 6F               [ 4] 3907 	ld	l, a
                                   3908 ;	spillPairReg hl
                                   3909 ;	spillPairReg hl
    00001943 DD 7E FA         [19] 3910 	ld	a, -6 (ix)
    00001946 DD 8E F8         [19] 3911 	adc	a, -8 (ix)
    00001949 67               [ 4] 3912 	ld	h, a
                                   3913 ;	spillPairReg hl
                                   3914 ;	spillPairReg hl
    0000194A 11 64 00         [10] 3915 	ld	de, #0x0064
    0000194D CDr00r00         [17] 3916 	call	__modsint
    00001950 DD 73 F9         [19] 3917 	ld	-7 (ix), e
    00001953 DD 72 FA         [19] 3918 	ld	-6 (ix), d
    00001956 DD 7E F9         [19] 3919 	ld	a, -7 (ix)
    00001959 DD 77 F7         [19] 3920 	ld	-9 (ix), a
    0000195C DD 7E FA         [19] 3921 	ld	a, -6 (ix)
    0000195F DD 77 F8         [19] 3922 	ld	-8 (ix), a
    00001962 DD 7E F7         [19] 3923 	ld	a, -9 (ix)
    00001965 C6 18            [ 7] 3924 	add	a, #0x18
    00001967 DD 77 F9         [19] 3925 	ld	-7 (ix), a
    0000196A DD 7E F8         [19] 3926 	ld	a, -8 (ix)
    0000196D CE 00            [ 7] 3927 	adc	a, #0x00
    0000196F DD 77 FA         [19] 3928 	ld	-6 (ix), a
    00001972 DD 7E F9         [19] 3929 	ld	a, -7 (ix)
    00001975 DD 77 F0         [19] 3930 	ld	-16 (ix), a
    00001978 DD 7E FA         [19] 3931 	ld	a, -6 (ix)
    0000197B DD 77 F1         [19] 3932 	ld	-15 (ix), a
                                   3933 ;E:\Dropbox\FAUSTO\SVILUPPI\MSX\CODE\C\MSXgl\projects\soccerlgMSX2/soccerlg_s15_b3.c:421: u16 dist_x = (p->lx > t_x) ? (p->lx - t_x) : (t_x - p->lx);
    0000197E DD 6E E9         [19] 3934 	ld	l, -23 (ix)
    00001981 DD 66 EA         [19] 3935 	ld	h, -22 (ix)
    00001984 7E               [ 7] 3936 	ld	a, (hl)
    00001985 DD 77 FA         [19] 3937 	ld	-6 (ix), a
    00001988 DD 77 F2         [19] 3938 	ld	-14 (ix), a
    0000198B DD 36 F3 00      [19] 3939 	ld	-13 (ix), #0x00
    0000198F DD 7E FA         [19] 3940 	ld	a, -6 (ix)
    00001992 DD 77 F9         [19] 3941 	ld	-7 (ix), a
    00001995 DD 36 FA 00      [19] 3942 	ld	-6 (ix), #0x00
    00001999 DD 7E EE         [19] 3943 	ld	a, -18 (ix)
    0000199C DD 96 F2         [19] 3944 	sub	a, -14 (ix)
    0000199F DD 7E EF         [19] 3945 	ld	a, -17 (ix)
    000019A2 DD 9E F3         [19] 3946 	sbc	a, -13 (ix)
    000019A5 3E 00            [ 7] 3947 	ld	a, #0x00
    000019A7 17               [ 4] 3948 	rla
    000019A8 DD 77 F4         [19] 3949 	ld	-12 (ix), a
    000019AB B7               [ 4] 3950 	or	a, a
    000019AC 28 21            [12] 3951 	jr	Z, 00353$
    000019AE DD 7E F9         [19] 3952 	ld	a, -7 (ix)
    000019B1 DD 77 F6         [19] 3953 	ld	-10 (ix), a
    000019B4 DD 7E FA         [19] 3954 	ld	a, -6 (ix)
    000019B7 DD 77 F7         [19] 3955 	ld	-9 (ix), a
    000019BA DD 7E F6         [19] 3956 	ld	a, -10 (ix)
    000019BD DD 96 EE         [19] 3957 	sub	a, -18 (ix)
    000019C0 DD 77 F9         [19] 3958 	ld	-7 (ix), a
    000019C3 DD 7E F7         [19] 3959 	ld	a, -9 (ix)
    000019C6 DD 9E EF         [19] 3960 	sbc	a, -17 (ix)
    000019C9 DD 77 FA         [19] 3961 	ld	-6 (ix), a
    000019CC C3rF9r19         [10] 3962 	jp	00354$
    000019CF                       3963 00353$:
    000019CF DD 7E EE         [19] 3964 	ld	a, -18 (ix)
    000019D2 DD 77 F5         [19] 3965 	ld	-11 (ix), a
    000019D5 DD 7E EF         [19] 3966 	ld	a, -17 (ix)
    000019D8 DD 77 F6         [19] 3967 	ld	-10 (ix), a
    000019DB DD 7E F9         [19] 3968 	ld	a, -7 (ix)
    000019DE DD 77 F7         [19] 3969 	ld	-9 (ix), a
    000019E1 DD 7E FA         [19] 3970 	ld	a, -6 (ix)
    000019E4 DD 77 F8         [19] 3971 	ld	-8 (ix), a
    000019E7 DD 7E F5         [19] 3972 	ld	a, -11 (ix)
    000019EA DD 96 F7         [19] 3973 	sub	a, -9 (ix)
    000019ED DD 77 F9         [19] 3974 	ld	-7 (ix), a
    000019F0 DD 7E F6         [19] 3975 	ld	a, -10 (ix)
    000019F3 DD 9E F8         [19] 3976 	sbc	a, -8 (ix)
    000019F6 DD 77 FA         [19] 3977 	ld	-6 (ix), a
    000019F9                       3978 00354$:
                                   3979 ;E:\Dropbox\FAUSTO\SVILUPPI\MSX\CODE\C\MSXgl\projects\soccerlgMSX2/soccerlg_s15_b3.c:422: u16 dist_y = (p->ly > t_y) ? (p->ly - t_y) : (t_y - p->ly);
    000019F9 DD 7E E9         [19] 3980 	ld	a, -23 (ix)
    000019FC C6 04            [ 7] 3981 	add	a, #0x04
    000019FE DD 77 F5         [19] 3982 	ld	-11 (ix), a
    00001A01 DD 7E EA         [19] 3983 	ld	a, -22 (ix)
    00001A04 CE 00            [ 7] 3984 	adc	a, #0x00
    00001A06 DD 77 F6         [19] 3985 	ld	-10 (ix), a
    00001A09 DD 6E F5         [19] 3986 	ld	l, -11 (ix)
    00001A0C DD 66 F6         [19] 3987 	ld	h, -10 (ix)
    00001A0F 7E               [ 7] 3988 	ld	a, (hl)
    00001A10 DD 77 DC         [19] 3989 	ld	-36 (ix), a
    00001A13 23               [ 6] 3990 	inc	hl
    00001A14 7E               [ 7] 3991 	ld	a, (hl)
    00001A15 DD 77 DD         [19] 3992 	ld	-35 (ix), a
    00001A18 DD 7E F0         [19] 3993 	ld	a, -16 (ix)
    00001A1B DD 96 DC         [19] 3994 	sub	a, -36 (ix)
    00001A1E DD 7E F1         [19] 3995 	ld	a, -15 (ix)
    00001A21 DD 9E DD         [19] 3996 	sbc	a, -35 (ix)
    00001A24 30 15            [12] 3997 	jr	NC, 00355$
    00001A26 DD 7E DC         [19] 3998 	ld	a, -36 (ix)
    00001A29 DD 96 F0         [19] 3999 	sub	a, -16 (ix)
    00001A2C DD 77 F7         [19] 4000 	ld	-9 (ix), a
    00001A2F DD 7E DD         [19] 4001 	ld	a, -35 (ix)
    00001A32 DD 9E F1         [19] 4002 	sbc	a, -15 (ix)
    00001A35 DD 77 F8         [19] 4003 	ld	-8 (ix), a
    00001A38 C3r4Dr1A         [10] 4004 	jp	00356$
    00001A3B                       4005 00355$:
    00001A3B DD 7E F0         [19] 4006 	ld	a, -16 (ix)
    00001A3E DD 96 DC         [19] 4007 	sub	a, -36 (ix)
    00001A41 DD 77 F7         [19] 4008 	ld	-9 (ix), a
    00001A44 DD 7E F1         [19] 4009 	ld	a, -15 (ix)
    00001A47 DD 9E DD         [19] 4010 	sbc	a, -35 (ix)
    00001A4A DD 77 F8         [19] 4011 	ld	-8 (ix), a
    00001A4D                       4012 00356$:
                                   4013 ;E:\Dropbox\FAUSTO\SVILUPPI\MSX\CODE\C\MSXgl\projects\soccerlgMSX2/soccerlg_s15_b3.c:424: u8 speed = (dist_x > 20 || dist_y > 20) ? 2 : 1;
    00001A4D 3E 14            [ 7] 4014 	ld	a, #0x14
    00001A4F DD BE F9         [19] 4015 	cp	a, -7 (ix)
    00001A52 3E 00            [ 7] 4016 	ld	a, #0x00
    00001A54 DD 9E FA         [19] 4017 	sbc	a, -6 (ix)
    00001A57 38 18            [12] 4018 	jr	C, 00360$
    00001A59 DD 7E F7         [19] 4019 	ld	a, -9 (ix)
    00001A5C DD 77 F9         [19] 4020 	ld	-7 (ix), a
    00001A5F DD 7E F8         [19] 4021 	ld	a, -8 (ix)
    00001A62 DD 77 FA         [19] 4022 	ld	-6 (ix), a
    00001A65 3E 14            [ 7] 4023 	ld	a, #0x14
    00001A67 DD BE F9         [19] 4024 	cp	a, -7 (ix)
    00001A6A 3E 00            [ 7] 4025 	ld	a, #0x00
    00001A6C DD 9E FA         [19] 4026 	sbc	a, -6 (ix)
    00001A6F 30 06            [12] 4027 	jr	NC, 00357$
    00001A71                       4028 00360$:
    00001A71 01 02 00         [10] 4029 	ld	bc, #0x0002
    00001A74 C3r7Ar1A         [10] 4030 	jp	00358$
    00001A77                       4031 00357$:
    00001A77 01 01 00         [10] 4032 	ld	bc, #0x0001
    00001A7A                       4033 00358$:
    00001A7A DD 71 FA         [19] 4034 	ld	-6 (ix), c
                                   4035 ;E:\Dropbox\FAUSTO\SVILUPPI\MSX\CODE\C\MSXgl\projects\soccerlgMSX2/soccerlg_s15_b3.c:400: p->dy = 3; p->dx = 0;
    00001A7D DD 7E E9         [19] 4036 	ld	a, -23 (ix)
    00001A80 C6 11            [ 7] 4037 	add	a, #0x11
    00001A82 4F               [ 4] 4038 	ld	c, a
    00001A83 DD 7E EA         [19] 4039 	ld	a, -22 (ix)
    00001A86 CE 00            [ 7] 4040 	adc	a, #0x00
    00001A88 47               [ 4] 4041 	ld	b, a
                                   4042 ;E:\Dropbox\FAUSTO\SVILUPPI\MSX\CODE\C\MSXgl\projects\soccerlgMSX2/soccerlg_s15_b3.c:425: if (p->lx < t_x) p->dx = speed; else if (p->lx > t_x) p->dx = -speed; else p->dx = 0;
    00001A89 DD 7E F2         [19] 4043 	ld	a, -14 (ix)
    00001A8C DD 96 EE         [19] 4044 	sub	a, -18 (ix)
    00001A8F DD 7E F3         [19] 4045 	ld	a, -13 (ix)
    00001A92 DD 9E EF         [19] 4046 	sbc	a, -17 (ix)
    00001A95 30 07            [12] 4047 	jr	NC, 00240$
    00001A97 DD 7E FA         [19] 4048 	ld	a, -6 (ix)
    00001A9A 02               [ 7] 4049 	ld	(bc), a
    00001A9B C3rAEr1A         [10] 4050 	jp	00241$
    00001A9E                       4051 00240$:
    00001A9E DD 7E F4         [19] 4052 	ld	a, -12 (ix)
    00001AA1 B7               [ 4] 4053 	or	a, a
    00001AA2 28 08            [12] 4054 	jr	Z, 00237$
    00001AA4 AF               [ 4] 4055 	xor	a, a
    00001AA5 DD 96 FA         [19] 4056 	sub	a, -6 (ix)
    00001AA8 02               [ 7] 4057 	ld	(bc), a
    00001AA9 C3rAEr1A         [10] 4058 	jp	00241$
    00001AAC                       4059 00237$:
    00001AAC AF               [ 4] 4060 	xor	a, a
    00001AAD 02               [ 7] 4061 	ld	(bc), a
    00001AAE                       4062 00241$:
                                   4063 ;E:\Dropbox\FAUSTO\SVILUPPI\MSX\CODE\C\MSXgl\projects\soccerlgMSX2/soccerlg_s15_b3.c:426: if (p->ly < t_y) p->dy = speed; else if (p->ly > t_y) p->dy = -speed; else p->dy = 0;
    00001AAE DD 6E F5         [19] 4064 	ld	l, -11 (ix)
    00001AB1 DD 66 F6         [19] 4065 	ld	h, -10 (ix)
    00001AB4 7E               [ 7] 4066 	ld	a, (hl)
    00001AB5 DD 77 F8         [19] 4067 	ld	-8 (ix), a
    00001AB8 23               [ 6] 4068 	inc	hl
    00001AB9 7E               [ 7] 4069 	ld	a, (hl)
    00001ABA DD 77 F9         [19] 4070 	ld	-7 (ix), a
                                   4071 ;E:\Dropbox\FAUSTO\SVILUPPI\MSX\CODE\C\MSXgl\projects\soccerlgMSX2/soccerlg_s15_b3.c:400: p->dy = 3; p->dx = 0;
    00001ABD DD 7E E9         [19] 4072 	ld	a, -23 (ix)
    00001AC0 C6 12            [ 7] 4073 	add	a, #0x12
    00001AC2 5F               [ 4] 4074 	ld	e, a
    00001AC3 DD 7E EA         [19] 4075 	ld	a, -22 (ix)
    00001AC6 CE 00            [ 7] 4076 	adc	a, #0x00
    00001AC8 57               [ 4] 4077 	ld	d, a
                                   4078 ;E:\Dropbox\FAUSTO\SVILUPPI\MSX\CODE\C\MSXgl\projects\soccerlgMSX2/soccerlg_s15_b3.c:426: if (p->ly < t_y) p->dy = speed; else if (p->ly > t_y) p->dy = -speed; else p->dy = 0;
    00001AC9 DD 7E F8         [19] 4079 	ld	a, -8 (ix)
    00001ACC DD 96 F0         [19] 4080 	sub	a, -16 (ix)
    00001ACF DD 7E F9         [19] 4081 	ld	a, -7 (ix)
    00001AD2 DD 9E F1         [19] 4082 	sbc	a, -15 (ix)
    00001AD5 30 07            [12] 4083 	jr	NC, 00246$
    00001AD7 DD 7E FA         [19] 4084 	ld	a, -6 (ix)
    00001ADA 12               [ 7] 4085 	ld	(de), a
    00001ADB C3rF6r1A         [10] 4086 	jp	00247$
    00001ADE                       4087 00246$:
    00001ADE DD 7E F0         [19] 4088 	ld	a, -16 (ix)
    00001AE1 DD 96 F8         [19] 4089 	sub	a, -8 (ix)
    00001AE4 DD 7E F1         [19] 4090 	ld	a, -15 (ix)
    00001AE7 DD 9E F9         [19] 4091 	sbc	a, -7 (ix)
    00001AEA 30 08            [12] 4092 	jr	NC, 00243$
    00001AEC AF               [ 4] 4093 	xor	a, a
    00001AED DD 96 FA         [19] 4094 	sub	a, -6 (ix)
    00001AF0 12               [ 7] 4095 	ld	(de), a
    00001AF1 C3rF6r1A         [10] 4096 	jp	00247$
    00001AF4                       4097 00243$:
    00001AF4 AF               [ 4] 4098 	xor	a, a
    00001AF5 12               [ 7] 4099 	ld	(de), a
    00001AF6                       4100 00247$:
                                   4101 ;E:\Dropbox\FAUSTO\SVILUPPI\MSX\CODE\C\MSXgl\projects\soccerlgMSX2/soccerlg_s15_b3.c:428: p->lx += p->dx; p->ly += p->dy; p->anim++;
    00001AF6 DD 6E E9         [19] 4102 	ld	l, -23 (ix)
    00001AF9 DD 66 EA         [19] 4103 	ld	h, -22 (ix)
    00001AFC 6E               [ 7] 4104 	ld	l, (hl)
                                   4105 ;	spillPairReg hl
    00001AFD 0A               [ 7] 4106 	ld	a, (bc)
    00001AFE 85               [ 4] 4107 	add	a, l
    00001AFF DD 6E E9         [19] 4108 	ld	l, -23 (ix)
    00001B02 DD 66 EA         [19] 4109 	ld	h, -22 (ix)
    00001B05 77               [ 7] 4110 	ld	(hl), a
    00001B06 DD 6E F5         [19] 4111 	ld	l, -11 (ix)
    00001B09 DD 66 F6         [19] 4112 	ld	h, -10 (ix)
    00001B0C 4E               [ 7] 4113 	ld	c, (hl)
    00001B0D 23               [ 6] 4114 	inc	hl
    00001B0E 46               [ 7] 4115 	ld	b, (hl)
    00001B0F 1A               [ 7] 4116 	ld	a, (de)
    00001B10 6F               [ 4] 4117 	ld	l, a
                                   4118 ;	spillPairReg hl
                                   4119 ;	spillPairReg hl
    00001B11 07               [ 4] 4120 	rlca
    00001B12 9F               [ 4] 4121 	sbc	a, a
    00001B13 67               [ 4] 4122 	ld	h, a
                                   4123 ;	spillPairReg hl
                                   4124 ;	spillPairReg hl
    00001B14 09               [11] 4125 	add	hl, bc
    00001B15 EB               [ 4] 4126 	ex	de, hl
    00001B16 DD 6E F5         [19] 4127 	ld	l, -11 (ix)
    00001B19 DD 66 F6         [19] 4128 	ld	h, -10 (ix)
    00001B1C 73               [ 7] 4129 	ld	(hl), e
    00001B1D 23               [ 6] 4130 	inc	hl
    00001B1E 72               [ 7] 4131 	ld	(hl), d
    00001B1F DD 7E E9         [19] 4132 	ld	a, -23 (ix)
    00001B22 C6 13            [ 7] 4133 	add	a, #0x13
    00001B24 DD 77 F9         [19] 4134 	ld	-7 (ix), a
    00001B27 DD 7E EA         [19] 4135 	ld	a, -22 (ix)
    00001B2A CE 00            [ 7] 4136 	adc	a, #0x00
    00001B2C DD 77 FA         [19] 4137 	ld	-6 (ix), a
    00001B2F DD 6E F9         [19] 4138 	ld	l, -7 (ix)
    00001B32 DD 66 FA         [19] 4139 	ld	h, -6 (ix)
    00001B35 5E               [ 7] 4140 	ld	e, (hl)
    00001B36 23               [ 6] 4141 	inc	hl
    00001B37 56               [ 7] 4142 	ld	d, (hl)
    00001B38 13               [ 6] 4143 	inc	de
    00001B39 DD 6E F9         [19] 4144 	ld	l, -7 (ix)
    00001B3C DD 66 FA         [19] 4145 	ld	h, -6 (ix)
    00001B3F 73               [ 7] 4146 	ld	(hl), e
    00001B40 23               [ 6] 4147 	inc	hl
    00001B41 72               [ 7] 4148 	ld	(hl), d
                                   4149 ;E:\Dropbox\FAUSTO\SVILUPPI\MSX\CODE\C\MSXgl\projects\soccerlgMSX2/soccerlg_s15_b3.c:430: u8 step = (p->anim / 3) % 4;
    00001B42 EB               [ 4] 4150 	ex	de, hl
    00001B43 11 03 00         [10] 4151 	ld	de, #0x0003
    00001B46 CDr00r00         [17] 4152 	call	__divuint
    00001B49 7B               [ 4] 4153 	ld	a, e
    00001B4A E6 03            [ 7] 4154 	and	a, #0x03
                                   4155 ;E:\Dropbox\FAUSTO\SVILUPPI\MSX\CODE\C\MSXgl\projects\soccerlgMSX2/soccerlg_s15_b3.c:431: if (step == 3) step = 1;
    00001B4C DD 77 F8         [19] 4156 	ld	-8 (ix), a
    00001B4F D6 03            [ 7] 4157 	sub	a, #0x03
    00001B51 20 04            [12] 4158 	jr	NZ, 00249$
    00001B53 DD 36 F8 01      [19] 4159 	ld	-8 (ix), #0x01
    00001B57                       4160 00249$:
                                   4161 ;E:\Dropbox\FAUSTO\SVILUPPI\MSX\CODE\C\MSXgl\projects\soccerlgMSX2/soccerlg_s15_b3.c:434: if ((p->anim % 8) < 4) p->ly -= 1; else p->ly += 1; 
    00001B57 DD 6E F9         [19] 4162 	ld	l, -7 (ix)
    00001B5A DD 66 FA         [19] 4163 	ld	h, -6 (ix)
    00001B5D 7E               [ 7] 4164 	ld	a, (hl)
    00001B5E E6 07            [ 7] 4165 	and	a, #0x07
    00001B60 4F               [ 4] 4166 	ld	c, a
    00001B61 06 00            [ 7] 4167 	ld	b, #0x00
                                   4168 ;E:\Dropbox\FAUSTO\SVILUPPI\MSX\CODE\C\MSXgl\projects\soccerlgMSX2/soccerlg_s15_b3.c:422: u16 dist_y = (p->ly > t_y) ? (p->ly - t_y) : (t_y - p->ly);
    00001B63 DD 6E F5         [19] 4169 	ld	l, -11 (ix)
    00001B66 DD 66 F6         [19] 4170 	ld	h, -10 (ix)
    00001B69 5E               [ 7] 4171 	ld	e, (hl)
    00001B6A 23               [ 6] 4172 	inc	hl
    00001B6B 7E               [ 7] 4173 	ld	a, (hl)
                                   4174 ;E:\Dropbox\FAUSTO\SVILUPPI\MSX\CODE\C\MSXgl\projects\soccerlgMSX2/soccerlg_s15_b3.c:434: if ((p->anim % 8) < 4) p->ly -= 1; else p->ly += 1; 
    00001B6C DD 73 F3         [19] 4175 	ld	-13 (ix), e
    00001B6F DD 77 F4         [19] 4176 	ld	-12 (ix), a
    00001B72 79               [ 4] 4177 	ld	a, c
    00001B73 D6 04            [ 7] 4178 	sub	a, #0x04
    00001B75 78               [ 4] 4179 	ld	a, b
    00001B76 DE 00            [ 7] 4180 	sbc	a, #0x00
    00001B78 30 22            [12] 4181 	jr	NC, 00251$
    00001B7A DD 7E F3         [19] 4182 	ld	a, -13 (ix)
    00001B7D C6 FF            [ 7] 4183 	add	a, #0xff
    00001B7F DD 77 F9         [19] 4184 	ld	-7 (ix), a
    00001B82 DD 7E F4         [19] 4185 	ld	a, -12 (ix)
    00001B85 CE FF            [ 7] 4186 	adc	a, #0xff
    00001B87 DD 77 FA         [19] 4187 	ld	-6 (ix), a
    00001B8A DD 6E F5         [19] 4188 	ld	l, -11 (ix)
    00001B8D DD 66 F6         [19] 4189 	ld	h, -10 (ix)
    00001B90 DD 7E F9         [19] 4190 	ld	a, -7 (ix)
    00001B93 77               [ 7] 4191 	ld	(hl), a
    00001B94 23               [ 6] 4192 	inc	hl
    00001B95 DD 7E FA         [19] 4193 	ld	a, -6 (ix)
    00001B98 77               [ 7] 4194 	ld	(hl), a
    00001B99 C3rBBr1B         [10] 4195 	jp	00252$
    00001B9C                       4196 00251$:
    00001B9C DD 7E F3         [19] 4197 	ld	a, -13 (ix)
    00001B9F C6 01            [ 7] 4198 	add	a, #0x01
    00001BA1 DD 77 F9         [19] 4199 	ld	-7 (ix), a
    00001BA4 DD 7E F4         [19] 4200 	ld	a, -12 (ix)
    00001BA7 CE 00            [ 7] 4201 	adc	a, #0x00
    00001BA9 DD 77 FA         [19] 4202 	ld	-6 (ix), a
    00001BAC DD 6E F5         [19] 4203 	ld	l, -11 (ix)
    00001BAF DD 66 F6         [19] 4204 	ld	h, -10 (ix)
    00001BB2 DD 7E F9         [19] 4205 	ld	a, -7 (ix)
    00001BB5 77               [ 7] 4206 	ld	(hl), a
    00001BB6 23               [ 6] 4207 	inc	hl
    00001BB7 DD 7E FA         [19] 4208 	ld	a, -6 (ix)
    00001BBA 77               [ 7] 4209 	ld	(hl), a
    00001BBB                       4210 00252$:
                                   4211 ;E:\Dropbox\FAUSTO\SVILUPPI\MSX\CODE\C\MSXgl\projects\soccerlgMSX2/soccerlg_s15_b3.c:408: p->frame = CallFnc_U16_P4(SEG_GAMESTATE_9, GetPlayerAnimFrame, i, p->dx, p->dy, walk_seq[(p->anim / 3) % 4]);
    00001BBB DD 7E E9         [19] 4212 	ld	a, -23 (ix)
    00001BBE C6 0F            [ 7] 4213 	add	a, #0x0f
    00001BC0 DD 77 F9         [19] 4214 	ld	-7 (ix), a
    00001BC3 DD 7E EA         [19] 4215 	ld	a, -22 (ix)
    00001BC6 CE 00            [ 7] 4216 	adc	a, #0x00
    00001BC8 DD 77 FA         [19] 4217 	ld	-6 (ix), a
                                   4218 ;E:\Dropbox\FAUSTO\SVILUPPI\MSX\CODE\C\MSXgl\projects\soccerlgMSX2/soccerlg_s15_b3.c:436: if (i == 0 || i == 7) {
    00001BCB DD 7E FF         [19] 4219 	ld	a, -1 (ix)
    00001BCE B7               [ 4] 4220 	or	a, a
    00001BCF 28 07            [12] 4221 	jr	Z, 00256$
    00001BD1 DD 7E FF         [19] 4222 	ld	a, -1 (ix)
    00001BD4 D6 07            [ 7] 4223 	sub	a, #0x07
    00001BD6 20 3C            [12] 4224 	jr	NZ, 00257$
    00001BD8                       4225 00256$:
                                   4226 ;E:\Dropbox\FAUSTO\SVILUPPI\MSX\CODE\C\MSXgl\projects\soccerlgMSX2/soccerlg_s15_b3.c:437: p->frame = (step == 0) ? SPR_GK_PLAYER_HAPPY_1 : ((step == 1) ? SPR_GK_PLAYER_HAPPY_2 : SPR_GK_PLAYER_HAPPY_3);
    00001BD8 DD 7E F8         [19] 4227 	ld	a, -8 (ix)
    00001BDB B7               [ 4] 4228 	or	a, a
    00001BDC 20 0B            [12] 4229 	jr	NZ, 00362$
    00001BDE DD 36 F7 FD      [19] 4230 	ld	-9 (ix), #0xfd
    00001BE2 DD 36 F8 00      [19] 4231 	ld	-8 (ix), #0
    00001BE6 C3r02r1C         [10] 4232 	jp	00363$
    00001BE9                       4233 00362$:
    00001BE9 DD 7E F8         [19] 4234 	ld	a, -8 (ix)
    00001BEC 3D               [ 4] 4235 	dec	a
    00001BED 20 0B            [12] 4236 	jr	NZ, 00364$
    00001BEF DD 36 F7 FE      [19] 4237 	ld	-9 (ix), #0xfe
    00001BF3 DD 36 F8 00      [19] 4238 	ld	-8 (ix), #0
    00001BF7 C3r02r1C         [10] 4239 	jp	00365$
    00001BFA                       4240 00364$:
    00001BFA DD 36 F7 FF      [19] 4241 	ld	-9 (ix), #0xff
    00001BFE DD 36 F8 00      [19] 4242 	ld	-8 (ix), #0
    00001C02                       4243 00365$:
    00001C02                       4244 00363$:
    00001C02 DD 4E F7         [19] 4245 	ld	c, -9 (ix)
    00001C05 DD 46 F8         [19] 4246 	ld	b, -8 (ix)
    00001C08 DD 6E F9         [19] 4247 	ld	l, -7 (ix)
    00001C0B DD 66 FA         [19] 4248 	ld	h, -6 (ix)
    00001C0E 71               [ 7] 4249 	ld	(hl), c
    00001C0F 23               [ 6] 4250 	inc	hl
    00001C10 70               [ 7] 4251 	ld	(hl), b
    00001C11 C3rF5r1C         [10] 4252 	jp	00266$
    00001C14                       4253 00257$:
                                   4254 ;E:\Dropbox\FAUSTO\SVILUPPI\MSX\CODE\C\MSXgl\projects\soccerlgMSX2/soccerlg_s15_b3.c:439: if (i % 2 == 0) {
    00001C14 DD CB EC 46      [20] 4255 	bit	0, -20 (ix)
    00001C18 20 6F            [12] 4256 	jr	NZ, 00254$
                                   4257 ;E:\Dropbox\FAUSTO\SVILUPPI\MSX\CODE\C\MSXgl\projects\soccerlgMSX2/soccerlg_s15_b3.c:440: p->frame = (team == TEAM_1) ? 
    00001C1A DD 7E EB         [19] 4258 	ld	a, -21 (ix)
    00001C1D B7               [ 4] 4259 	or	a, a
    00001C1E 20 2D            [12] 4260 	jr	NZ, 00366$
                                   4261 ;E:\Dropbox\FAUSTO\SVILUPPI\MSX\CODE\C\MSXgl\projects\soccerlgMSX2/soccerlg_s15_b3.c:441: ((step == 0) ? SPR_T1_PLAYER_HAPPY_TO_NORTH_1 : ((step == 1) ? SPR_T1_PLAYER_HAPPY_TO_NORTH_2 : SPR_T1_PLAYER_HAPPY_TO_NORTH_3)) :
    00001C20 DD 7E F8         [19] 4262 	ld	a, -8 (ix)
    00001C23 B7               [ 4] 4263 	or	a, a
    00001C24 20 0B            [12] 4264 	jr	NZ, 00368$
    00001C26 DD 36 F7 5C      [19] 4265 	ld	-9 (ix), #0x5c
    00001C2A DD 36 F8 00      [19] 4266 	ld	-8 (ix), #0
    00001C2E C3r77r1C         [10] 4267 	jp	00367$
    00001C31                       4268 00368$:
    00001C31 DD 7E F8         [19] 4269 	ld	a, -8 (ix)
    00001C34 3D               [ 4] 4270 	dec	a
    00001C35 20 0B            [12] 4271 	jr	NZ, 00370$
    00001C37 DD 36 F7 5D      [19] 4272 	ld	-9 (ix), #0x5d
    00001C3B DD 36 F8 00      [19] 4273 	ld	-8 (ix), #0
    00001C3F C3r77r1C         [10] 4274 	jp	00367$
    00001C42                       4275 00370$:
    00001C42 DD 36 F7 5E      [19] 4276 	ld	-9 (ix), #0x5e
    00001C46 DD 36 F8 00      [19] 4277 	ld	-8 (ix), #0
    00001C4A C3r77r1C         [10] 4278 	jp	00367$
    00001C4D                       4279 00366$:
                                   4280 ;E:\Dropbox\FAUSTO\SVILUPPI\MSX\CODE\C\MSXgl\projects\soccerlgMSX2/soccerlg_s15_b3.c:442: ((step == 0) ? SPR_T2_PLAYER_HAPPY_TO_NORTH_1 : ((step == 1) ? SPR_T2_PLAYER_HAPPY_TO_NORTH_2 : SPR_T2_PLAYER_HAPPY_TO_NORTH_3));
    00001C4D DD 7E F8         [19] 4281 	ld	a, -8 (ix)
    00001C50 B7               [ 4] 4282 	or	a, a
    00001C51 20 0B            [12] 4283 	jr	NZ, 00372$
    00001C53 DD 36 F7 CC      [19] 4284 	ld	-9 (ix), #0xcc
    00001C57 DD 36 F8 00      [19] 4285 	ld	-8 (ix), #0
    00001C5B C3r77r1C         [10] 4286 	jp	00373$
    00001C5E                       4287 00372$:
    00001C5E DD 7E F8         [19] 4288 	ld	a, -8 (ix)
    00001C61 3D               [ 4] 4289 	dec	a
    00001C62 20 0B            [12] 4290 	jr	NZ, 00374$
    00001C64 DD 36 F7 CD      [19] 4291 	ld	-9 (ix), #0xcd
    00001C68 DD 36 F8 00      [19] 4292 	ld	-8 (ix), #0
    00001C6C C3r77r1C         [10] 4293 	jp	00375$
    00001C6F                       4294 00374$:
    00001C6F DD 36 F7 CE      [19] 4295 	ld	-9 (ix), #0xce
    00001C73 DD 36 F8 00      [19] 4296 	ld	-8 (ix), #0
    00001C77                       4297 00375$:
    00001C77                       4298 00373$:
    00001C77                       4299 00367$:
    00001C77 DD 6E F9         [19] 4300 	ld	l, -7 (ix)
    00001C7A DD 66 FA         [19] 4301 	ld	h, -6 (ix)
    00001C7D DD 7E F7         [19] 4302 	ld	a, -9 (ix)
    00001C80 77               [ 7] 4303 	ld	(hl), a
    00001C81 23               [ 6] 4304 	inc	hl
    00001C82 DD 7E F8         [19] 4305 	ld	a, -8 (ix)
    00001C85 77               [ 7] 4306 	ld	(hl), a
    00001C86 C3rF5r1C         [10] 4307 	jp	00266$
    00001C89                       4308 00254$:
                                   4309 ;E:\Dropbox\FAUSTO\SVILUPPI\MSX\CODE\C\MSXgl\projects\soccerlgMSX2/soccerlg_s15_b3.c:444: p->frame = (team == TEAM_1) ? 
    00001C89 DD 7E EB         [19] 4310 	ld	a, -21 (ix)
    00001C8C B7               [ 4] 4311 	or	a, a
    00001C8D 20 2D            [12] 4312 	jr	NZ, 00376$
                                   4313 ;E:\Dropbox\FAUSTO\SVILUPPI\MSX\CODE\C\MSXgl\projects\soccerlgMSX2/soccerlg_s15_b3.c:445: ((step == 0) ? SPR_T1_PLAYER_HAPPY_TO_SOUTH_1 : ((step == 1) ? SPR_T1_PLAYER_HAPPY_TO_SOUTH_2 : SPR_T1_PLAYER_HAPPY_TO_SOUTH_3)) :
    00001C8F DD 7E F8         [19] 4314 	ld	a, -8 (ix)
    00001C92 B7               [ 4] 4315 	or	a, a
    00001C93 20 0B            [12] 4316 	jr	NZ, 00378$
    00001C95 DD 36 F7 2E      [19] 4317 	ld	-9 (ix), #0x2e
    00001C99 DD 36 F8 00      [19] 4318 	ld	-8 (ix), #0
    00001C9D C3rE6r1C         [10] 4319 	jp	00377$
    00001CA0                       4320 00378$:
    00001CA0 DD 7E F8         [19] 4321 	ld	a, -8 (ix)
    00001CA3 3D               [ 4] 4322 	dec	a
    00001CA4 20 0B            [12] 4323 	jr	NZ, 00380$
    00001CA6 DD 36 F7 2D      [19] 4324 	ld	-9 (ix), #0x2d
    00001CAA DD 36 F8 00      [19] 4325 	ld	-8 (ix), #0
    00001CAE C3rE6r1C         [10] 4326 	jp	00377$
    00001CB1                       4327 00380$:
    00001CB1 DD 36 F7 2C      [19] 4328 	ld	-9 (ix), #0x2c
    00001CB5 DD 36 F8 00      [19] 4329 	ld	-8 (ix), #0
    00001CB9 C3rE6r1C         [10] 4330 	jp	00377$
    00001CBC                       4331 00376$:
                                   4332 ;E:\Dropbox\FAUSTO\SVILUPPI\MSX\CODE\C\MSXgl\projects\soccerlgMSX2/soccerlg_s15_b3.c:446: ((step == 0) ? SPR_T2_PLAYER_HAPPY_TO_SOUTH_1 : ((step == 1) ? SPR_T2_PLAYER_HAPPY_TO_SOUTH_2 : SPR_T2_PLAYER_HAPPY_TO_SOUTH_3));
    00001CBC DD 7E F8         [19] 4333 	ld	a, -8 (ix)
    00001CBF B7               [ 4] 4334 	or	a, a
    00001CC0 20 0B            [12] 4335 	jr	NZ, 00382$
    00001CC2 DD 36 F7 9C      [19] 4336 	ld	-9 (ix), #0x9c
    00001CC6 DD 36 F8 00      [19] 4337 	ld	-8 (ix), #0
    00001CCA C3rE6r1C         [10] 4338 	jp	00383$
    00001CCD                       4339 00382$:
    00001CCD DD 7E F8         [19] 4340 	ld	a, -8 (ix)
    00001CD0 3D               [ 4] 4341 	dec	a
    00001CD1 20 0B            [12] 4342 	jr	NZ, 00384$
    00001CD3 DD 36 F7 9D      [19] 4343 	ld	-9 (ix), #0x9d
    00001CD7 DD 36 F8 00      [19] 4344 	ld	-8 (ix), #0
    00001CDB C3rE6r1C         [10] 4345 	jp	00385$
    00001CDE                       4346 00384$:
    00001CDE DD 36 F7 9E      [19] 4347 	ld	-9 (ix), #0x9e
    00001CE2 DD 36 F8 00      [19] 4348 	ld	-8 (ix), #0
    00001CE6                       4349 00385$:
    00001CE6                       4350 00383$:
    00001CE6                       4351 00377$:
    00001CE6 DD 6E F9         [19] 4352 	ld	l, -7 (ix)
    00001CE9 DD 66 FA         [19] 4353 	ld	h, -6 (ix)
    00001CEC DD 7E F7         [19] 4354 	ld	a, -9 (ix)
    00001CEF 77               [ 7] 4355 	ld	(hl), a
    00001CF0 23               [ 6] 4356 	inc	hl
    00001CF1 DD 7E F8         [19] 4357 	ld	a, -8 (ix)
    00001CF4 77               [ 7] 4358 	ld	(hl), a
    00001CF5                       4359 00266$:
                                   4360 ;E:\Dropbox\FAUSTO\SVILUPPI\MSX\CODE\C\MSXgl\projects\soccerlgMSX2/soccerlg_s15_b3.c:391: for (u8 i = 0; i <= 26; i++) {
    00001CF5 DD 34 FF         [23] 4361 	inc	-1 (ix)
    00001CF8 C3rFDr15         [10] 4362 	jp	00294$
    00001CFB                       4363 00267$:
                                   4364 ;E:\Dropbox\FAUSTO\SVILUPPI\MSX\CODE\C\MSXgl\projects\soccerlgMSX2/soccerlg_s15_b3.c:452: if (losers_offscreen) {
    00001CFB DD 7E E8         [19] 4365 	ld	a, -24 (ix)
    00001CFE B7               [ 4] 4366 	or	a, a
    00001CFF 28 34            [12] 4367 	jr	Z, 00274$
                                   4368 ;E:\Dropbox\FAUSTO\SVILUPPI\MSX\CODE\C\MSXgl\projects\soccerlgMSX2/soccerlg_s15_b3.c:453: if (*wait_secs > 0) {
    00001D01 DD 6E FB         [19] 4369 	ld	l, -5 (ix)
    00001D04 DD 66 FC         [19] 4370 	ld	h, -4 (ix)
    00001D07 4E               [ 7] 4371 	ld	c, (hl)
    00001D08 79               [ 4] 4372 	ld	a, c
    00001D09 B7               [ 4] 4373 	or	a, a
    00001D0A 28 1E            [12] 4374 	jr	Z, 00271$
                                   4375 ;E:\Dropbox\FAUSTO\SVILUPPI\MSX\CODE\C\MSXgl\projects\soccerlgMSX2/soccerlg_s15_b3.c:454: if (*start_sec < Frms) { 
    00001D0C DD 5E 04         [19] 4376 	ld	e, 4 (ix)
    00001D0F DD 56 05         [19] 4377 	ld	d, 5 (ix)
    00001D12 1A               [ 7] 4378 	ld	a, (de)
    00001D13 47               [ 4] 4379 	ld	b, a
    00001D14 21r00r00         [10] 4380 	ld	hl, #_Frms
    00001D17 78               [ 4] 4381 	ld	a, b
    00001D18 96               [ 7] 4382 	sub	a, (hl)
    00001D19 30 08            [12] 4383 	jr	NC, 00269$
                                   4384 ;E:\Dropbox\FAUSTO\SVILUPPI\MSX\CODE\C\MSXgl\projects\soccerlgMSX2/soccerlg_s15_b3.c:455: (*wait_secs)--; 
    00001D1B 0D               [ 4] 4385 	dec	c
    00001D1C DD 6E FB         [19] 4386 	ld	l, -5 (ix)
    00001D1F DD 66 FC         [19] 4387 	ld	h, -4 (ix)
    00001D22 71               [ 7] 4388 	ld	(hl), c
    00001D23                       4389 00269$:
                                   4390 ;E:\Dropbox\FAUSTO\SVILUPPI\MSX\CODE\C\MSXgl\projects\soccerlgMSX2/soccerlg_s15_b3.c:457: *start_sec = Frms;
    00001D23 3Ar00r00         [13] 4391 	ld	a, (_Frms+0)
    00001D26 12               [ 7] 4392 	ld	(de), a
    00001D27 C3r47r1D         [10] 4393 	jp	00295$
    00001D2A                       4394 00271$:
                                   4395 ;E:\Dropbox\FAUSTO\SVILUPPI\MSX\CODE\C\MSXgl\projects\soccerlgMSX2/soccerlg_s15_b3.c:459: *game_state = 255;
    00001D2A DD 6E FD         [19] 4396 	ld	l, -3 (ix)
    00001D2D DD 66 FE         [19] 4397 	ld	h, -2 (ix)
    00001D30 36 FF            [10] 4398 	ld	(hl), #0xff
    00001D32 C3r47r1D         [10] 4399 	jp	00295$
    00001D35                       4400 00274$:
                                   4401 ;E:\Dropbox\FAUSTO\SVILUPPI\MSX\CODE\C\MSXgl\projects\soccerlgMSX2/soccerlg_s15_b3.c:462: *wait_secs = 6; // Resetta il timer a 6 finché non sono usciti tutti gli sconfitti
    00001D35 DD 6E FB         [19] 4402 	ld	l, -5 (ix)
    00001D38 DD 66 FC         [19] 4403 	ld	h, -4 (ix)
    00001D3B 36 06            [10] 4404 	ld	(hl), #0x06
                                   4405 ;E:\Dropbox\FAUSTO\SVILUPPI\MSX\CODE\C\MSXgl\projects\soccerlgMSX2/soccerlg_s15_b3.c:463: *start_sec = Frms;
    00001D3D DD 4E 04         [19] 4406 	ld	c, 4 (ix)
    00001D40 DD 46 05         [19] 4407 	ld	b, 5 (ix)
    00001D43 3Ar00r00         [13] 4408 	ld	a, (_Frms+0)
    00001D46 02               [ 7] 4409 	ld	(bc), a
    00001D47                       4410 00295$:
                                   4411 ;E:\Dropbox\FAUSTO\SVILUPPI\MSX\CODE\C\MSXgl\projects\soccerlgMSX2/soccerlg_s15_b3.c:467: }
    00001D47 DD F9            [10] 4412 	ld	sp, ix
    00001D49 DD E1            [14] 4413 	pop	ix
    00001D4B E1               [10] 4414 	pop	hl
    00001D4C F1               [10] 4415 	pop	af
    00001D4D F1               [10] 4416 	pop	af
    00001D4E E9               [ 4] 4417 	jp	(hl)
                                   4418 	.area _SEG15
                                   4419 	.area _INITIALIZER
                                   4420 	.area _CABS (ABS)
