                                      1 ;--------------------------------------------------------
                                      2 ; File Created by SDCC : free open source ANSI-C Compiler
                                      3 ; Version 4.2.0 #13081 (MINGW64)
                                      4 ;--------------------------------------------------------
                                      5 	.module soccerlg_s16_b3
                                      6 	.optsdcc -mz80
                                      7 	
                                      8 ;--------------------------------------------------------
                                      9 ; Public variables in this module
                                     10 ;--------------------------------------------------------
                                     11 	.globl _GetPlayerIdleFrame
                                     12 	.globl _GetPlayerAnimFrame
                                     13 	.globl _EventPenaltyWhistle
                                     14 	.globl _CallFnc_U16_P4
                                     15 	.globl _CallFnc_U16_P3
                                     16 	.globl _CallFnc_VOID
                                     17 	.globl _PlaySCCEvent
                                     18 	.globl _g_SLTSL
                                     19 	.globl _g_GRPACY
                                     20 	.globl _g_GRPACX
                                     21 	.globl _g_LOGOPR
                                     22 	.globl _g_CMASK
                                     23 	.globl _g_CLOC
                                     24 	.globl _g_FNKSTR
                                     25 	.globl _g_ATRBYT
                                     26 	.globl _g_BDRCLR
                                     27 	.globl _g_BAKCLR
                                     28 	.globl _g_FORCLR
                                     29 	.globl _g_CSRX
                                     30 	.globl _g_CSRY
                                     31 	.globl _g_CLIKSW
                                     32 	.globl _g_MLTPAT
                                     33 	.globl _g_MLTATR
                                     34 	.globl _g_MLTCGP
                                     35 	.globl _g_MLTCOL
                                     36 	.globl _g_MLTNAM
                                     37 	.globl _g_GRPPAT
                                     38 	.globl _g_GRPATR
                                     39 	.globl _g_GRPCGP
                                     40 	.globl _g_GRPCOL
                                     41 	.globl _g_GRPNAM
                                     42 	.globl _g_T32PAT
                                     43 	.globl _g_T32ATR
                                     44 	.globl _g_T32CGP
                                     45 	.globl _g_T32COL
                                     46 	.globl _g_T32NAM
                                     47 	.globl _g_TXTPAT
                                     48 	.globl _g_TXTATR
                                     49 	.globl _g_TXTCGP
                                     50 	.globl _g_TXTCOL
                                     51 	.globl _g_TXTNAM
                                     52 	.globl _g_CLMLST
                                     53 	.globl _g_CRTCNT
                                     54 	.globl _g_LINLEN
                                     55 	.globl _g_LINL32
                                     56 	.globl _g_LINL40
                                     57 	.globl _g_BDOS
                                     58 	.globl _g_MASTER
                                     59 	.globl _g_RAMAD3
                                     60 	.globl _g_RAMAD2
                                     61 	.globl _g_RAMAD1
                                     62 	.globl _g_RAMAD0
                                     63 	.globl _g_BREAKV
                                     64 	.globl _g_DISKVE
                                     65 	.globl _g_KANJTABLE
                                     66 	.globl _g_STRSRC
                                     67 	.globl _g_SUBRID
                                     68 	.globl _g_CHAR_16
                                     69 	.globl _g_MSXMID
                                     70 	.globl _g_MSXVER
                                     71 	.globl _g_ROMVersion
                                     72 	.globl _g_BASRVN
                                     73 	.globl _g_VDP_DW
                                     74 	.globl _g_VDP_DR
                                     75 	.globl _g_CGTABL
                                     76 	.globl _g_SVFFFD
                                     77 	.globl _g_RG27SAV
                                     78 	.globl _g_RG26SAV
                                     79 	.globl _g_RG25SAV
                                     80 	.globl _g_SVFFF8
                                     81 	.globl _g_MINROM
                                     82 	.globl _g_RG23SAV
                                     83 	.globl _g_RG22SAV
                                     84 	.globl _g_RG21SAV
                                     85 	.globl _g_RG20SAV
                                     86 	.globl _g_RG19SAV
                                     87 	.globl _g_RG18SAV
                                     88 	.globl _g_RG17SAV
                                     89 	.globl _g_RG16SAV
                                     90 	.globl _g_RG15SAV
                                     91 	.globl _g_RG14SAV
                                     92 	.globl _g_RG13SAV
                                     93 	.globl _g_RG12SAV
                                     94 	.globl _g_RG11SAV
                                     95 	.globl _g_RG10SAV
                                     96 	.globl _g_RG09SAV
                                     97 	.globl _g_RG08SAV
                                     98 	.globl _g_PROCNM
                                     99 	.globl _g_SLTWRK
                                    100 	.globl _g_SLTATR
                                    101 	.globl _g_SLTTBL
                                    102 	.globl _g_EXPTBL
                                    103 	.globl _g_MNROM
                                    104 	.globl _g_DRWANG
                                    105 	.globl _g_DRWSCL
                                    106 	.globl _g_DRWFLG
                                    107 	.globl _g_GYPOS
                                    108 	.globl _g_GXPOS
                                    109 	.globl _g_BRDATR
                                    110 	.globl _g_CASPRV
                                    111 	.globl _g_OLDSCR
                                    112 	.globl _g_SCRMOD
                                    113 	.globl _g_FLBMEM
                                    114 	.globl _g_KANAMD
                                    115 	.globl _g_KANAST
                                    116 	.globl _g_CAPST
                                    117 	.globl _g_CSTYLE
                                    118 	.globl _g_CSRSW
                                    119 	.globl _g_INSFLG
                                    120 	.globl _g_ESCCNT
                                    121 	.globl _g_GRPHED
                                    122 	.globl _g_WINWID
                                    123 	.globl _g_LOWLIM
                                    124 	.globl _g_INTCNT
                                    125 	.globl _g_INTVAL
                                    126 	.globl _g_JIFFY
                                    127 	.globl _g_PADX
                                    128 	.globl _g_PADY
                                    129 	.globl _g_INTFLG
                                    130 	.globl _g_RTYCNT
                                    131 	.globl _g_TRPTBL
                                    132 	.globl _g_HIMEM
                                    133 	.globl _g_BOTTOM
                                    134 	.globl _g_PATWRK
                                    135 	.globl _g_LINWRK
                                    136 	.globl _g_KEYBUF
                                    137 	.globl _g_NEWKEY
                                    138 	.globl _g_OLDKEY
                                    139 	.globl _g_CLIKFL
                                    140 	.globl _g_ONGSBF
                                    141 	.globl _g_FNKFLG
                                    142 	.globl _g_FNKSWI
                                    143 	.globl _g_CODSAV
                                    144 	.globl _g_FSTPOS
                                    145 	.globl _g_LINTTB
                                    146 	.globl _g_BASROM
                                    147 	.globl _g_ENSTOP
                                    148 	.globl _g_VCBC
                                    149 	.globl _g_VCBB
                                    150 	.globl _g_VCBA
                                    151 	.globl _g_PLYCNT
                                    152 	.globl _g_MUSICF
                                    153 	.globl _g_QUEUEN
                                    154 	.globl _g_MCLPTR
                                    155 	.globl _g_MCLLEN
                                    156 	.globl _g_SAVVOL
                                    157 	.globl _g_VOICEN
                                    158 	.globl _g_SAVSP
                                    159 	.globl _g_PRSCNT
                                    160 	.globl _g_LSTMOD
                                    161 	.globl _g_LSTCOM
                                    162 	.globl _g_COMMSK
                                    163 	.globl _g_ESTBLS
                                    164 	.globl _g_FLAGS
                                    165 	.globl _g_ERRORS
                                    166 	.globl _g_DATCNT
                                    167 	.globl _g_DEVNUM
                                    168 	.globl _g_OLDINT
                                    169 	.globl _g_OLDSTT
                                    170 	.globl _g_MEXBIh
                                    171 	.globl _g_RSIQLN
                                    172 	.globl _g_RSFCB
                                    173 	.globl _g_TOCNT
                                    174 	.globl _g_RSTMP
                                    175 	.globl _g_YSAVE
                                    176 	.globl _g_XSAVE
                                    177 	.globl _g_NORUSE
                                    178 	.globl _g_MODE
                                    179 	.globl _g_ROMA
                                    180 	.globl _g_CHRCNT
                                    181 	.globl _g_EXBRSA
                                    182 	.globl _g_AVCSAV
                                    183 	.globl _g_ACPAGE
                                    184 	.globl _g_DPPAGE
                                    185 	.globl _g_RS2IQ
                                    186 	.globl _g_VOICCQ
                                    187 	.globl _g_VOICBQ
                                    188 	.globl _g_VOICAQ
                                    189 	.globl _g_QUEBAK
                                    190 	.globl _g_QUETAB
                                    191 	.globl _g_ASPCT2
                                    192 	.globl _g_ASPCT1
                                    193 	.globl _g_HEADER
                                    194 	.globl _g_HIGH
                                    195 	.globl _g_LOW
                                    196 	.globl _g_CS240
                                    197 	.globl _g_CS120
                                    198 	.globl _g_GETPNT
                                    199 	.globl _g_PUTPNT
                                    200 	.globl _g_REPCNT
                                    201 	.globl _g_SCNCNT
                                    202 	.globl _g_FRCNEW
                                    203 	.globl _g_QUEUES
                                    204 	.globl _g_MINUPD
                                    205 	.globl _g_MAXUPD
                                    206 	.globl _g_TRGFLG
                                    207 	.globl _g_STATFL
                                    208 	.globl _g_RG7SAV
                                    209 	.globl _g_RG6SAV
                                    210 	.globl _g_RG5SAV
                                    211 	.globl _g_RG4SAV
                                    212 	.globl _g_RG3SAV
                                    213 	.globl _g_RG2SAV
                                    214 	.globl _g_RG1SAV
                                    215 	.globl _g_RG0SAV
                                    216 	.globl _g_CNSDFG
                                    217 	.globl _g_USRTAB
                                    218 	.globl _g_CLPRIM
                                    219 	.globl _g_WRPRIM
                                    220 	.globl _g_RDPRIM
                                    221 	.globl _UpdateGameState_Penalties
                                    222 ;--------------------------------------------------------
                                    223 ; special function registers
                                    224 ;--------------------------------------------------------
                         000000A8   225 _g_PortPrimarySlot	=	0x00a8
                         000000A9   226 _g_PortReadKeyboard	=	0x00a9
                         000000AA   227 _g_PortAccessKeyboard	=	0x00aa
                         000000AB   228 _g_PortControl	=	0x00ab
                         00000098   229 _g_VDP_DataPort	=	0x0098
                         00000099   230 _g_VDP_RegPort	=	0x0099
                         00000099   231 _g_VDP_AddrPort	=	0x0099
                         00000099   232 _g_VDP_StatPort	=	0x0099
                         0000009A   233 _g_VDP_PalPort	=	0x009a
                         0000009B   234 _g_VDP_IRegPort	=	0x009b
                         000000A0   235 _g_PSG_RegPort	=	0x00a0
                         000000A1   236 _g_PSG_DataPort	=	0x00a1
                         000000A2   237 _g_PSG_StatPort	=	0x00a2
                         00000010   238 _g_PSG_Ext_RegPort	=	0x0010
                         00000011   239 _g_PSG_Ext_DataPort	=	0x0011
                         00000012   240 _g_PSG_Ext_StatPort	=	0x0012
                         0000007C   241 _g_MSXMusic_IndexPort	=	0x007c
                         0000007D   242 _g_MSXMusic_DataPort	=	0x007d
                         000000C0   243 _g_MSXAudio_IndexPort	=	0x00c0
                         000000C1   244 _g_MSXAudio_DataPort	=	0x00c1
                         000000C2   245 _g_MSXAudio_IndexPort2	=	0x00c2
                         000000C3   246 _g_MSXAudio_DataPort2	=	0x00c3
                         000000B4   247 _g_RTC_AddrPort	=	0x00b4
                         000000B5   248 _g_RTC_DataPort	=	0x00b5
                                    249 ;--------------------------------------------------------
                                    250 ; ram data
                                    251 ;--------------------------------------------------------
                                    252 	.area _DATA
                         0000F3AE   253 _g_LINL40	=	0xf3ae
                         0000F3AF   254 _g_LINL32	=	0xf3af
                         0000F3B0   255 _g_LINLEN	=	0xf3b0
                         0000F3B1   256 _g_CRTCNT	=	0xf3b1
                         0000F3B2   257 _g_CLMLST	=	0xf3b2
                         0000F3B3   258 _g_TXTNAM	=	0xf3b3
                         0000F3B5   259 _g_TXTCOL	=	0xf3b5
                         0000F3B7   260 _g_TXTCGP	=	0xf3b7
                         0000F3B9   261 _g_TXTATR	=	0xf3b9
                         0000F3BB   262 _g_TXTPAT	=	0xf3bb
                         0000F3BD   263 _g_T32NAM	=	0xf3bd
                         0000F3BF   264 _g_T32COL	=	0xf3bf
                         0000F3C1   265 _g_T32CGP	=	0xf3c1
                         0000F3C3   266 _g_T32ATR	=	0xf3c3
                         0000F3C5   267 _g_T32PAT	=	0xf3c5
                         0000F3C7   268 _g_GRPNAM	=	0xf3c7
                         0000F3C9   269 _g_GRPCOL	=	0xf3c9
                         0000F3CB   270 _g_GRPCGP	=	0xf3cb
                         0000F3CD   271 _g_GRPATR	=	0xf3cd
                         0000F3CF   272 _g_GRPPAT	=	0xf3cf
                         0000F3D1   273 _g_MLTNAM	=	0xf3d1
                         0000F3D3   274 _g_MLTCOL	=	0xf3d3
                         0000F3D5   275 _g_MLTCGP	=	0xf3d5
                         0000F3D7   276 _g_MLTATR	=	0xf3d7
                         0000F3D9   277 _g_MLTPAT	=	0xf3d9
                         0000F3DB   278 _g_CLIKSW	=	0xf3db
                         0000F3DC   279 _g_CSRY	=	0xf3dc
                         0000F3DD   280 _g_CSRX	=	0xf3dd
                         0000F3E9   281 _g_FORCLR	=	0xf3e9
                         0000F3EA   282 _g_BAKCLR	=	0xf3ea
                         0000F3EB   283 _g_BDRCLR	=	0xf3eb
                         0000F3F2   284 _g_ATRBYT	=	0xf3f2
                         0000F87F   285 _g_FNKSTR	=	0xf87f
                         0000F92A   286 _g_CLOC	=	0xf92a
                         0000F92C   287 _g_CMASK	=	0xf92c
                         0000FB02   288 _g_LOGOPR	=	0xfb02
                         0000FCB7   289 _g_GRPACX	=	0xfcb7
                         0000FCB9   290 _g_GRPACY	=	0xfcb9
                         0000FFFF   291 _g_SLTSL	=	0xffff
                                    292 ;--------------------------------------------------------
                                    293 ; ram data
                                    294 ;--------------------------------------------------------
                                    295 	.area _INITIALIZED
                                    296 ;--------------------------------------------------------
                                    297 ; absolute external ram data
                                    298 ;--------------------------------------------------------
                                    299 	.area _DABS (ABS)
                                    300 ;--------------------------------------------------------
                                    301 ; global & static initialisations
                                    302 ;--------------------------------------------------------
                                    303 	.area _HOME
                                    304 	.area _GSINIT
                                    305 	.area _GSFINAL
                                    306 	.area _GSINIT
                                    307 ;--------------------------------------------------------
                                    308 ; Home
                                    309 ;--------------------------------------------------------
                                    310 	.area _HOME
                                    311 	.area _HOME
                                    312 ;--------------------------------------------------------
                                    313 ; code
                                    314 ;--------------------------------------------------------
                                    315 	.area _SEG16
                                    316 ;E:\Dropbox\FAUSTO\SVILUPPI\MSX\CODE\C\MSXgl\projects\soccerlgMSX2/soccerlg_s16_b3.c:12: void UpdateGameState_Penalties(u8* game_state, u8* wait_secs, u8* start_sec, u16 target_ly)
                                    317 ;	---------------------------------
                                    318 ; Function UpdateGameState_Penalties
                                    319 ; ---------------------------------
    00000000                        320 _UpdateGameState_Penalties::
    00000000 DD E5            [15]  321 	push	ix
    00000002 DD 21 00 00      [14]  322 	ld	ix,#0
    00000006 DD 39            [15]  323 	add	ix,sp
    00000008 FD 21 E0 FF      [14]  324 	ld	iy, #-32
    0000000C FD 39            [15]  325 	add	iy, sp
    0000000E FD F9            [10]  326 	ld	sp, iy
    00000010 DD 75 FD         [19]  327 	ld	-3 (ix), l
    00000013 DD 74 FE         [19]  328 	ld	-2 (ix), h
    00000016 DD 73 FB         [19]  329 	ld	-5 (ix), e
    00000019 DD 72 FC         [19]  330 	ld	-4 (ix), d
                                    331 ;E:\Dropbox\FAUSTO\SVILUPPI\MSX\CODE\C\MSXgl\projects\soccerlgMSX2/soccerlg_s16_b3.c:16: if (*game_state >= 12 && *game_state <= 14) { // --- RIGORI ---		
    0000001C DD 6E FD         [19]  332 	ld	l, -3 (ix)
    0000001F DD 66 FE         [19]  333 	ld	h, -2 (ix)
    00000022 7E               [ 7]  334 	ld	a, (hl)
    00000023 DD 77 FF         [19]  335 	ld	-1 (ix), a
    00000026 D6 0C            [ 7]  336 	sub	a, #0x0c
    00000028 DArACr0C         [10]  337 	jp	C, 00228$
    0000002B 3E 0E            [ 7]  338 	ld	a, #0x0e
    0000002D DD 96 FF         [19]  339 	sub	a, -1 (ix)
    00000030 DArACr0C         [10]  340 	jp	C, 00228$
                                    341 ;E:\Dropbox\FAUSTO\SVILUPPI\MSX\CODE\C\MSXgl\projects\soccerlgMSX2/soccerlg_s16_b3.c:17: struct ObjectInfo* Ball = &SwSprite[14];
                                    342 ;E:\Dropbox\FAUSTO\SVILUPPI\MSX\CODE\C\MSXgl\projects\soccerlgMSX2/soccerlg_s16_b3.c:20: SwSprite[38].lx = PENALTY_DISH_X; SwSprite[38].frame = SPR_BIG_PENALTY_DISH;
    00000033 21r6Ar03         [10]  343 	ld	hl, #(_SwSprite + 874)
    00000036 36 78            [10]  344 	ld	(hl), #0x78
    00000038 21 6D 00         [10]  345 	ld	hl, #0x006d
    0000003B 22r79r03         [16]  346 	ld	((_SwSprite + 889)), hl
                                    347 ;E:\Dropbox\FAUSTO\SVILUPPI\MSX\CODE\C\MSXgl\projects\soccerlgMSX2/soccerlg_s16_b3.c:21: SwSprite[38].ly = (Ball->lx == PENALTY_DISH_X && Ball->ly == PENALTY_NORTH_Y) ? 1000 : PENALTY_NORTH_Y;
    0000003E 3Ar42r01         [13]  348 	ld	a, (#(_SwSprite + 322) + 0)
    00000041 D6 78            [ 7]  349 	sub	a, #0x78
    00000043 20 1C            [12]  350 	jr	NZ, 00230$
    00000045 21r46r01         [10]  351 	ld	hl, #(_SwSprite + 322) + 4
    00000048 7E               [ 7]  352 	ld	a, (hl)
    00000049 DD 77 F9         [19]  353 	ld	-7 (ix), a
    0000004C 23               [ 6]  354 	inc	hl
    0000004D 7E               [ 7]  355 	ld	a, (hl)
    0000004E DD 77 FA         [19]  356 	ld	-6 (ix), a
    00000051 DD 7E F9         [19]  357 	ld	a, -7 (ix)
    00000054 D6 4A            [ 7]  358 	sub	a, #0x4a
    00000056 DD B6 FA         [19]  359 	or	a, -6 (ix)
    00000059 20 06            [12]  360 	jr	NZ, 00230$
    0000005B 01 E8 03         [10]  361 	ld	bc, #0x03e8
    0000005E C3r64r00         [10]  362 	jp	00231$
    00000061                        363 00230$:
    00000061 01 4A 00         [10]  364 	ld	bc, #0x004a
    00000064                        365 00231$:
    00000064 ED 43r6Er03      [20]  366 	ld	((_SwSprite + 878)), bc
                                    367 ;E:\Dropbox\FAUSTO\SVILUPPI\MSX\CODE\C\MSXgl\projects\soccerlgMSX2/soccerlg_s16_b3.c:22: u8 keeper_idx = (g_penalty_team == TEAM_1) ? 7 : 0; // Il portiere che deve parare
    00000068 3Ar00r00         [13]  368 	ld	a, (_g_penalty_team+0)
    0000006B B7               [ 4]  369 	or	a, a
    0000006C 20 06            [12]  370 	jr	NZ, 00235$
    0000006E 01 07 00         [10]  371 	ld	bc, #0x0007
    00000071 C3r77r00         [10]  372 	jp	00236$
    00000074                        373 00235$:
    00000074 01 00 00         [10]  374 	ld	bc, #0x0000
    00000077                        375 00236$:
    00000077 DD 71 E4         [19]  376 	ld	-28 (ix), c
                                    377 ;E:\Dropbox\FAUSTO\SVILUPPI\MSX\CODE\C\MSXgl\projects\soccerlgMSX2/soccerlg_s16_b3.c:24: if(*game_state == 12) { // STATO 12: Setup del prossimo rigore
    0000007A DD 6E FD         [19]  378 	ld	l, -3 (ix)
    0000007D DD 66 FE         [19]  379 	ld	h, -2 (ix)
    00000080 7E               [ 7]  380 	ld	a, (hl)
    00000081 DD 77 FF         [19]  381 	ld	-1 (ix), a
    00000084 D6 0C            [ 7]  382 	sub	a, #0x0c
    00000086 C2rBCr01         [10]  383 	jp	NZ,00218$
                                    384 ;E:\Dropbox\FAUSTO\SVILUPPI\MSX\CODE\C\MSXgl\projects\soccerlgMSX2/soccerlg_s16_b3.c:25: g_is_penalty_shootout = TRUE; // Attiva la modalità rigori
    00000089 21r00r00         [10]  385 	ld	hl, #_g_is_penalty_shootout
    0000008C 36 01            [10]  386 	ld	(hl), #0x01
                                    387 ;E:\Dropbox\FAUSTO\SVILUPPI\MSX\CODE\C\MSXgl\projects\soccerlgMSX2/soccerlg_s16_b3.c:28: u8 shooter_role = 1 + (g_penalty_shot_count[g_penalty_team] % 6);
    0000008E 3Ar00r00         [13]  388 	ld	a, (_g_penalty_team+0)
    00000091 C6r00            [ 7]  389 	add	a, #<(_g_penalty_shot_count)
    00000093 DD 77 F9         [19]  390 	ld	-7 (ix), a
    00000096 3E 00            [ 7]  391 	ld	a, #0x00
    00000098 CEs00            [ 7]  392 	adc	a, #>(_g_penalty_shot_count)
    0000009A DD 77 FA         [19]  393 	ld	-6 (ix), a
    0000009D DD 6E F9         [19]  394 	ld	l, -7 (ix)
    000000A0 DD 66 FA         [19]  395 	ld	h, -6 (ix)
    000000A3 7E               [ 7]  396 	ld	a, (hl)
    000000A4 DD 77 FF         [19]  397 	ld	-1 (ix), a
    000000A7 DD 77 F9         [19]  398 	ld	-7 (ix), a
    000000AA DD 36 FA 00      [19]  399 	ld	-6 (ix), #0x00
    000000AE 11 06 00         [10]  400 	ld	de, #0x0006
    000000B1 DD 6E F9         [19]  401 	ld	l, -7 (ix)
                                    402 ;	spillPairReg hl
                                    403 ;	spillPairReg hl
    000000B4 DD 66 FA         [19]  404 	ld	h, -6 (ix)
                                    405 ;	spillPairReg hl
                                    406 ;	spillPairReg hl
    000000B7 CDr00r00         [17]  407 	call	__modsint
    000000BA DD 73 F9         [19]  408 	ld	-7 (ix), e
    000000BD DD 72 FA         [19]  409 	ld	-6 (ix), d
    000000C0 DD 7E F9         [19]  410 	ld	a, -7 (ix)
    000000C3 DD 77 FF         [19]  411 	ld	-1 (ix), a
    000000C6 4F               [ 4]  412 	ld	c, a
    000000C7 0C               [ 4]  413 	inc	c
                                    414 ;E:\Dropbox\FAUSTO\SVILUPPI\MSX\CODE\C\MSXgl\projects\soccerlgMSX2/soccerlg_s16_b3.c:29: g_penalty_shooter_idx = (g_penalty_team == TEAM_1) ? shooter_role : shooter_role + 7;
    000000C8 3Ar00r00         [13]  415 	ld	a, (_g_penalty_team+0)
    000000CB B7               [ 4]  416 	or	a, a
    000000CC 20 04            [12]  417 	jr	NZ, 00237$
    000000CE 79               [ 4]  418 	ld	a, c
    000000CF C3rD5r00         [10]  419 	jp	00238$
    000000D2                        420 00237$:
    000000D2 79               [ 4]  421 	ld	a, c
    000000D3 C6 07            [ 7]  422 	add	a, #0x07
    000000D5                        423 00238$:
    000000D5 32r00r00         [13]  424 	ld	(_g_penalty_shooter_idx+0), a
                                    425 ;E:\Dropbox\FAUSTO\SVILUPPI\MSX\CODE\C\MSXgl\projects\soccerlgMSX2/soccerlg_s16_b3.c:32: Ball->lx = PENALTY_DISH_X; Ball->ty = PENALTY_NORTH_Y; Ball->tx = PENALTY_DISH_X; Ball->ly = PENALTY_NORTH_Y;
    000000D8 21r42r01         [10]  426 	ld	hl, #(_SwSprite + 322)
    000000DB 36 78            [10]  427 	ld	(hl), #0x78
    000000DD 21 4A 00         [10]  428 	ld	hl, #0x004a
    000000E0 22r4Fr01         [16]  429 	ld	((_SwSprite + 335)), hl
    000000E3 21r4Er01         [10]  430 	ld	hl, #(_SwSprite + 334)
    000000E6 36 78            [10]  431 	ld	(hl), #0x78
    000000E8 21 4A 00         [10]  432 	ld	hl, #0x004a
    000000EB 22r46r01         [16]  433 	ld	((_SwSprite + 326)), hl
                                    434 ;E:\Dropbox\FAUSTO\SVILUPPI\MSX\CODE\C\MSXgl\projects\soccerlgMSX2/soccerlg_s16_b3.c:33: Ball->anim = 0; Ball->frame = SPR_BALL_SIZE_1;
    000000EE 6C               [ 4]  435 	ld	l, h
    000000EF 22r55r01         [16]  436 	ld	((_SwSprite + 341)), hl
    000000F2 2E 60            [ 7]  437 	ld	l, #0x60
    000000F4 22r51r01         [16]  438 	ld	((_SwSprite + 337)), hl
                                    439 ;E:\Dropbox\FAUSTO\SVILUPPI\MSX\CODE\C\MSXgl\projects\soccerlgMSX2/soccerlg_s16_b3.c:36: SwSprite[g_penalty_shooter_idx].tx = PENALTY_DISH_X;  // Tiratore dietro la palla
    000000F7 ED 4Br00r00      [20]  440 	ld	bc, (_g_penalty_shooter_idx)
    000000FB 06 00            [ 7]  441 	ld	b, #0x00
    000000FD 69               [ 4]  442 	ld	l, c
    000000FE 60               [ 4]  443 	ld	h, b
    000000FF 29               [11]  444 	add	hl, hl
    00000100 29               [11]  445 	add	hl, hl
    00000101 09               [11]  446 	add	hl, bc
    00000102 29               [11]  447 	add	hl, hl
    00000103 09               [11]  448 	add	hl, bc
    00000104 29               [11]  449 	add	hl, hl
    00000105 09               [11]  450 	add	hl, bc
    00000106 11r00r00         [10]  451 	ld	de, #_SwSprite
    00000109 19               [11]  452 	add	hl, de
    0000010A 01 0C 00         [10]  453 	ld	bc, #0x000c
    0000010D 09               [11]  454 	add	hl, bc
    0000010E 36 78            [10]  455 	ld	(hl), #0x78
                                    456 ;E:\Dropbox\FAUSTO\SVILUPPI\MSX\CODE\C\MSXgl\projects\soccerlgMSX2/soccerlg_s16_b3.c:37: SwSprite[g_penalty_shooter_idx].ty = PENALTY_NORTH_Y + 16; // 16px dietro il dischetto
    00000110 ED 4Br00r00      [20]  457 	ld	bc, (_g_penalty_shooter_idx)
    00000114 06 00            [ 7]  458 	ld	b, #0x00
    00000116 69               [ 4]  459 	ld	l, c
    00000117 60               [ 4]  460 	ld	h, b
    00000118 29               [11]  461 	add	hl, hl
    00000119 29               [11]  462 	add	hl, hl
    0000011A 09               [11]  463 	add	hl, bc
    0000011B 29               [11]  464 	add	hl, hl
    0000011C 09               [11]  465 	add	hl, bc
    0000011D 29               [11]  466 	add	hl, hl
    0000011E 09               [11]  467 	add	hl, bc
    0000011F 11r00r00         [10]  468 	ld	de, #_SwSprite
    00000122 19               [11]  469 	add	hl, de
    00000123 01 0D 00         [10]  470 	ld	bc, #0x000d
    00000126 09               [11]  471 	add	hl, bc
    00000127 36 5A            [10]  472 	ld	(hl), #0x5a
    00000129 23               [ 6]  473 	inc	hl
    0000012A 36 00            [10]  474 	ld	(hl), #0x00
                                    475 ;E:\Dropbox\FAUSTO\SVILUPPI\MSX\CODE\C\MSXgl\projects\soccerlgMSX2/soccerlg_s16_b3.c:38: SwSprite[keeper_idx].tx = 120;                // Portiere al centro della porta
    0000012C DD 4E E4         [19]  476 	ld	c, -28 (ix)
    0000012F 06 00            [ 7]  477 	ld	b, #0x00
    00000131 69               [ 4]  478 	ld	l, c
    00000132 60               [ 4]  479 	ld	h, b
    00000133 29               [11]  480 	add	hl, hl
    00000134 29               [11]  481 	add	hl, hl
    00000135 09               [11]  482 	add	hl, bc
    00000136 29               [11]  483 	add	hl, hl
    00000137 09               [11]  484 	add	hl, bc
    00000138 29               [11]  485 	add	hl, hl
    00000139 09               [11]  486 	add	hl, bc
    0000013A EB               [ 4]  487 	ex	de, hl
    0000013B 21r00r00         [10]  488 	ld	hl, #_SwSprite
    0000013E 19               [11]  489 	add	hl, de
    0000013F EB               [ 4]  490 	ex	de, hl
    00000140 21 0C 00         [10]  491 	ld	hl, #0x000c
    00000143 19               [11]  492 	add	hl, de
    00000144 36 78            [10]  493 	ld	(hl), #0x78
                                    494 ;E:\Dropbox\FAUSTO\SVILUPPI\MSX\CODE\C\MSXgl\projects\soccerlgMSX2/soccerlg_s16_b3.c:39: SwSprite[keeper_idx].ty = 32;
    00000146 21 0D 00         [10]  495 	ld	hl, #0x000d
    00000149 19               [11]  496 	add	hl, de
    0000014A 36 20            [10]  497 	ld	(hl), #0x20
    0000014C 23               [ 6]  498 	inc	hl
    0000014D 36 00            [10]  499 	ld	(hl), #0x00
                                    500 ;E:\Dropbox\FAUSTO\SVILUPPI\MSX\CODE\C\MSXgl\projects\soccerlgMSX2/soccerlg_s16_b3.c:40: SwSprite[26].tx = 62;                         // Arbitro a lato dell'area
    0000014F 21r62r02         [10]  501 	ld	hl, #(_SwSprite + 610)
    00000152 36 3E            [10]  502 	ld	(hl), #0x3e
                                    503 ;E:\Dropbox\FAUSTO\SVILUPPI\MSX\CODE\C\MSXgl\projects\soccerlgMSX2/soccerlg_s16_b3.c:41: SwSprite[26].ty = 56;
    00000154 21 38 00         [10]  504 	ld	hl, #0x0038
    00000157 22r63r02         [16]  505 	ld	((_SwSprite + 611)), hl
                                    506 ;E:\Dropbox\FAUSTO\SVILUPPI\MSX\CODE\C\MSXgl\projects\soccerlgMSX2/soccerlg_s16_b3.c:44: for(u8 i=0; i<=26; i++) {
    0000015A 06 00            [ 7]  507 	ld	b, #0x00
    0000015C                        508 00224$:
    0000015C 3E 1A            [ 7]  509 	ld	a, #0x1a
    0000015E 90               [ 4]  510 	sub	a, b
    0000015F 38 50            [12]  511 	jr	C, 00108$
                                    512 ;E:\Dropbox\FAUSTO\SVILUPPI\MSX\CODE\C\MSXgl\projects\soccerlgMSX2/soccerlg_s16_b3.c:45: if(i == g_penalty_shooter_idx || i == keeper_idx || i == 26 || (i>=14 && i<26)) continue;
    00000161 3Ar00r00         [13]  513 	ld	a, (_g_penalty_shooter_idx+0)
    00000164 90               [ 4]  514 	sub	a, b
    00000165 28 46            [12]  515 	jr	Z, 00107$
    00000167 DD 7E E4         [19]  516 	ld	a, -28 (ix)
    0000016A 90               [ 4]  517 	sub	a, b
    0000016B 28 40            [12]  518 	jr	Z, 00107$
    0000016D 78               [ 4]  519 	ld	a,b
    0000016E FE 1A            [ 7]  520 	cp	a,#0x1a
    00000170 28 3B            [12]  521 	jr	Z, 00107$
    00000172 FE 0E            [ 7]  522 	cp	a,#0x0e
    00000174 38 04            [12]  523 	jr	C, 00102$
    00000176 D6 1A            [ 7]  524 	sub	a, #0x1a
    00000178 38 33            [12]  525 	jr	C, 00107$
    0000017A                        526 00102$:
                                    527 ;E:\Dropbox\FAUSTO\SVILUPPI\MSX\CODE\C\MSXgl\projects\soccerlgMSX2/soccerlg_s16_b3.c:46: SwSprite[i].lx = SwSprite[i].tx;
    0000017A 58               [ 4]  528 	ld	e, b
    0000017B 16 00            [ 7]  529 	ld	d, #0x00
    0000017D 6B               [ 4]  530 	ld	l, e
    0000017E 62               [ 4]  531 	ld	h, d
    0000017F 29               [11]  532 	add	hl, hl
    00000180 29               [11]  533 	add	hl, hl
    00000181 19               [11]  534 	add	hl, de
    00000182 29               [11]  535 	add	hl, hl
    00000183 19               [11]  536 	add	hl, de
    00000184 29               [11]  537 	add	hl, hl
    00000185 19               [11]  538 	add	hl, de
    00000186 EB               [ 4]  539 	ex	de, hl
    00000187 21r00r00         [10]  540 	ld	hl, #_SwSprite
    0000018A 19               [11]  541 	add	hl, de
    0000018B EB               [ 4]  542 	ex	de, hl
    0000018C D5               [11]  543 	push	de
    0000018D FD E1            [14]  544 	pop	iy
    0000018F FD 7E 0C         [19]  545 	ld	a, 12 (iy)
    00000192 12               [ 7]  546 	ld	(de), a
                                    547 ;E:\Dropbox\FAUSTO\SVILUPPI\MSX\CODE\C\MSXgl\projects\soccerlgMSX2/soccerlg_s16_b3.c:47: SwSprite[i].ly = SwSprite[i].ty;
    00000193 21 04 00         [10]  548 	ld	hl, #0x0004
    00000196 19               [11]  549 	add	hl, de
    00000197 DD 75 F9         [19]  550 	ld	-7 (ix), l
    0000019A DD 74 FA         [19]  551 	ld	-6 (ix), h
    0000019D 21 0D 00         [10]  552 	ld	hl, #13
    000001A0 19               [11]  553 	add	hl, de
    000001A1 4E               [ 7]  554 	ld	c, (hl)
    000001A2 23               [ 6]  555 	inc	hl
    000001A3 5E               [ 7]  556 	ld	e, (hl)
    000001A4 DD 6E F9         [19]  557 	ld	l, -7 (ix)
    000001A7 DD 66 FA         [19]  558 	ld	h, -6 (ix)
    000001AA 71               [ 7]  559 	ld	(hl), c
    000001AB 23               [ 6]  560 	inc	hl
    000001AC 73               [ 7]  561 	ld	(hl), e
    000001AD                        562 00107$:
                                    563 ;E:\Dropbox\FAUSTO\SVILUPPI\MSX\CODE\C\MSXgl\projects\soccerlgMSX2/soccerlg_s16_b3.c:44: for(u8 i=0; i<=26; i++) {
    000001AD 04               [ 4]  564 	inc	b
    000001AE C3r5Cr01         [10]  565 	jp	00224$
    000001B1                        566 00108$:
                                    567 ;E:\Dropbox\FAUSTO\SVILUPPI\MSX\CODE\C\MSXgl\projects\soccerlgMSX2/soccerlg_s16_b3.c:50: *game_state = 13; // Passa alla fase di avvicinamento
    000001B1 DD 6E FD         [19]  568 	ld	l, -3 (ix)
    000001B4 DD 66 FE         [19]  569 	ld	h, -2 (ix)
    000001B7 36 0D            [10]  570 	ld	(hl), #0x0d
    000001B9 C3rACr0C         [10]  571 	jp	00219$
    000001BC                        572 00218$:
                                    573 ;E:\Dropbox\FAUSTO\SVILUPPI\MSX\CODE\C\MSXgl\projects\soccerlgMSX2/soccerlg_s16_b3.c:52: else if(*game_state == 13) { // STATO 13: Avvicinamento al dischetto
    000001BC DD 7E FF         [19]  574 	ld	a, -1 (ix)
    000001BF D6 0D            [ 7]  575 	sub	a, #0x0d
    000001C1 C2rE2r07         [10]  576 	jp	NZ,00215$
                                    577 ;E:\Dropbox\FAUSTO\SVILUPPI\MSX\CODE\C\MSXgl\projects\soccerlgMSX2/soccerlg_s16_b3.c:53: bool all_in_position = TRUE;
    000001C4 DD 36 E5 01      [19]  578 	ld	-27 (ix), #0x01
                                    579 ;E:\Dropbox\FAUSTO\SVILUPPI\MSX\CODE\C\MSXgl\projects\soccerlgMSX2/soccerlg_s16_b3.c:56: u16 cam_target = (SwSprite[keeper_idx].ly < 96) ? 0 : SwSprite[keeper_idx].ly - 96;
    000001C8 DD 4E E4         [19]  580 	ld	c, -28 (ix)
    000001CB 06 00            [ 7]  581 	ld	b, #0x00
    000001CD 69               [ 4]  582 	ld	l, c
    000001CE 60               [ 4]  583 	ld	h, b
    000001CF 29               [11]  584 	add	hl, hl
    000001D0 29               [11]  585 	add	hl, hl
    000001D1 09               [11]  586 	add	hl, bc
    000001D2 29               [11]  587 	add	hl, hl
    000001D3 09               [11]  588 	add	hl, bc
    000001D4 29               [11]  589 	add	hl, hl
    000001D5 09               [11]  590 	add	hl, bc
    000001D6 DD 75 F9         [19]  591 	ld	-7 (ix), l
    000001D9 DD 74 FA         [19]  592 	ld	-6 (ix), h
    000001DC 3Er00            [ 7]  593 	ld	a, #<(_SwSprite)
    000001DE DD 86 F9         [19]  594 	add	a, -7 (ix)
    000001E1 DD 77 E6         [19]  595 	ld	-26 (ix), a
    000001E4 3Es00            [ 7]  596 	ld	a, #>(_SwSprite)
    000001E6 DD 8E FA         [19]  597 	adc	a, -6 (ix)
    000001E9 DD 77 E7         [19]  598 	ld	-25 (ix), a
    000001EC DD 7E E6         [19]  599 	ld	a, -26 (ix)
    000001EF DD 77 F9         [19]  600 	ld	-7 (ix), a
    000001F2 DD 7E E7         [19]  601 	ld	a, -25 (ix)
    000001F5 DD 77 FA         [19]  602 	ld	-6 (ix), a
    000001F8 DD 6E F9         [19]  603 	ld	l, -7 (ix)
    000001FB DD 66 FA         [19]  604 	ld	h, -6 (ix)
    000001FE 11 04 00         [10]  605 	ld	de, #0x0004
    00000201 19               [11]  606 	add	hl, de
    00000202 7E               [ 7]  607 	ld	a, (hl)
    00000203 DD 77 F9         [19]  608 	ld	-7 (ix), a
    00000206 23               [ 6]  609 	inc	hl
    00000207 7E               [ 7]  610 	ld	a, (hl)
    00000208 DD 77 FA         [19]  611 	ld	-6 (ix), a
    0000020B DD 7E F9         [19]  612 	ld	a, -7 (ix)
    0000020E DD 77 F7         [19]  613 	ld	-9 (ix), a
    00000211 DD 7E FA         [19]  614 	ld	a, -6 (ix)
    00000214 DD 77 F8         [19]  615 	ld	-8 (ix), a
    00000217 DD 7E F7         [19]  616 	ld	a, -9 (ix)
    0000021A D6 60            [ 7]  617 	sub	a, #0x60
    0000021C DD 7E F8         [19]  618 	ld	a, -8 (ix)
    0000021F DE 00            [ 7]  619 	sbc	a, #0x00
    00000221 30 0A            [12]  620 	jr	NC, 00239$
    00000223 AF               [ 4]  621 	xor	a, a
    00000224 DD 77 F9         [19]  622 	ld	-7 (ix), a
    00000227 DD 77 FA         [19]  623 	ld	-6 (ix), a
    0000022A C3r3Dr02         [10]  624 	jp	00240$
    0000022D                        625 00239$:
    0000022D DD 7E F7         [19]  626 	ld	a, -9 (ix)
    00000230 C6 A0            [ 7]  627 	add	a, #0xa0
    00000232 DD 77 F9         [19]  628 	ld	-7 (ix), a
    00000235 DD 7E F8         [19]  629 	ld	a, -8 (ix)
    00000238 CE FF            [ 7]  630 	adc	a, #0xff
    0000023A DD 77 FA         [19]  631 	ld	-6 (ix), a
    0000023D                        632 00240$:
    0000023D DD 7E F9         [19]  633 	ld	a, -7 (ix)
    00000240 DD 77 F5         [19]  634 	ld	-11 (ix), a
    00000243 DD 7E FA         [19]  635 	ld	a, -6 (ix)
    00000246 DD 77 F6         [19]  636 	ld	-10 (ix), a
                                    637 ;E:\Dropbox\FAUSTO\SVILUPPI\MSX\CODE\C\MSXgl\projects\soccerlgMSX2/soccerlg_s16_b3.c:57: if (Field.ly > cam_target + 3) { Field.dy = -4; Field.ly += Field.dy; all_in_position = FALSE; }
    00000249 21r04r00         [10]  638 	ld	hl, #(_Field + 4)
    0000024C 7E               [ 7]  639 	ld	a, (hl)
    0000024D DD 77 F7         [19]  640 	ld	-9 (ix), a
    00000250 23               [ 6]  641 	inc	hl
    00000251 7E               [ 7]  642 	ld	a, (hl)
    00000252 DD 77 F8         [19]  643 	ld	-8 (ix), a
    00000255 DD 7E F5         [19]  644 	ld	a, -11 (ix)
    00000258 DD 77 F3         [19]  645 	ld	-13 (ix), a
    0000025B DD 7E F6         [19]  646 	ld	a, -10 (ix)
    0000025E DD 77 F4         [19]  647 	ld	-12 (ix), a
    00000261 DD 7E F3         [19]  648 	ld	a, -13 (ix)
    00000264 C6 03            [ 7]  649 	add	a, #0x03
    00000266 DD 77 F9         [19]  650 	ld	-7 (ix), a
    00000269 DD 7E F4         [19]  651 	ld	a, -12 (ix)
    0000026C CE 00            [ 7]  652 	adc	a, #0x00
    0000026E DD 77 FA         [19]  653 	ld	-6 (ix), a
    00000271 DD 7E F7         [19]  654 	ld	a, -9 (ix)
    00000274 DD 77 F3         [19]  655 	ld	-13 (ix), a
    00000277 DD 7E F8         [19]  656 	ld	a, -8 (ix)
    0000027A DD 77 F4         [19]  657 	ld	-12 (ix), a
    0000027D DD 7E F9         [19]  658 	ld	a, -7 (ix)
    00000280 DD 96 F3         [19]  659 	sub	a, -13 (ix)
    00000283 DD 7E FA         [19]  660 	ld	a, -6 (ix)
    00000286 DD 9E F4         [19]  661 	sbc	a, -12 (ix)
    00000289 30 5C            [12]  662 	jr	NC, 00116$
    0000028B 21r12r00         [10]  663 	ld	hl, #(_Field + 18)
    0000028E 36 FC            [10]  664 	ld	(hl), #0xfc
    00000290 21r04r00         [10]  665 	ld	hl, #(_Field + 4)
    00000293 7E               [ 7]  666 	ld	a, (hl)
    00000294 DD 77 F7         [19]  667 	ld	-9 (ix), a
    00000297 23               [ 6]  668 	inc	hl
    00000298 7E               [ 7]  669 	ld	a, (hl)
    00000299 DD 77 F8         [19]  670 	ld	-8 (ix), a
    0000029C 3Ar12r00         [13]  671 	ld	a, (#(_Field + 18) + 0)
    0000029F DD 77 FF         [19]  672 	ld	-1 (ix), a
    000002A2 DD 77 F9         [19]  673 	ld	-7 (ix), a
    000002A5 07               [ 4]  674 	rlca
    000002A6 9F               [ 4]  675 	sbc	a, a
    000002A7 DD 77 FA         [19]  676 	ld	-6 (ix), a
    000002AA DD 7E F7         [19]  677 	ld	a, -9 (ix)
    000002AD DD 77 F5         [19]  678 	ld	-11 (ix), a
    000002B0 DD 7E F8         [19]  679 	ld	a, -8 (ix)
    000002B3 DD 77 F6         [19]  680 	ld	-10 (ix), a
    000002B6 DD 7E F9         [19]  681 	ld	a, -7 (ix)
    000002B9 DD 77 F7         [19]  682 	ld	-9 (ix), a
    000002BC DD 7E FA         [19]  683 	ld	a, -6 (ix)
    000002BF DD 77 F8         [19]  684 	ld	-8 (ix), a
    000002C2 DD 7E F5         [19]  685 	ld	a, -11 (ix)
    000002C5 DD 86 F7         [19]  686 	add	a, -9 (ix)
    000002C8 DD 77 F9         [19]  687 	ld	-7 (ix), a
    000002CB DD 7E F6         [19]  688 	ld	a, -10 (ix)
    000002CE DD 8E F8         [19]  689 	adc	a, -8 (ix)
    000002D1 DD 77 FA         [19]  690 	ld	-6 (ix), a
    000002D4 21r04r00         [10]  691 	ld	hl, #(_Field + 4)
    000002D7 DD 7E F9         [19]  692 	ld	a, -7 (ix)
    000002DA 77               [ 7]  693 	ld	(hl), a
    000002DB 23               [ 6]  694 	inc	hl
    000002DC DD 7E FA         [19]  695 	ld	a, -6 (ix)
    000002DF 77               [ 7]  696 	ld	(hl), a
    000002E0 DD 36 E5 00      [19]  697 	ld	-27 (ix), #0x00
    000002E4 C3r93r03         [10]  698 	jp	00317$
    000002E7                        699 00116$:
                                    700 ;E:\Dropbox\FAUSTO\SVILUPPI\MSX\CODE\C\MSXgl\projects\soccerlgMSX2/soccerlg_s16_b3.c:58: else if (Field.ly + 3 < cam_target) { Field.dy = 4; Field.ly += Field.dy; all_in_position = FALSE; }
    000002E7 DD 7E F3         [19]  701 	ld	a, -13 (ix)
    000002EA C6 03            [ 7]  702 	add	a, #0x03
    000002EC DD 77 F9         [19]  703 	ld	-7 (ix), a
    000002EF DD 7E F4         [19]  704 	ld	a, -12 (ix)
    000002F2 CE 00            [ 7]  705 	adc	a, #0x00
    000002F4 DD 77 FA         [19]  706 	ld	-6 (ix), a
    000002F7 DD 7E F9         [19]  707 	ld	a, -7 (ix)
    000002FA DD 96 F5         [19]  708 	sub	a, -11 (ix)
    000002FD DD 7E FA         [19]  709 	ld	a, -6 (ix)
    00000300 DD 9E F6         [19]  710 	sbc	a, -10 (ix)
    00000303 30 5C            [12]  711 	jr	NC, 00113$
    00000305 21r12r00         [10]  712 	ld	hl, #(_Field + 18)
    00000308 36 04            [10]  713 	ld	(hl), #0x04
    0000030A 21r04r00         [10]  714 	ld	hl, #(_Field + 4)
    0000030D 7E               [ 7]  715 	ld	a, (hl)
    0000030E DD 77 F7         [19]  716 	ld	-9 (ix), a
    00000311 23               [ 6]  717 	inc	hl
    00000312 7E               [ 7]  718 	ld	a, (hl)
    00000313 DD 77 F8         [19]  719 	ld	-8 (ix), a
    00000316 3Ar12r00         [13]  720 	ld	a, (#(_Field + 18) + 0)
    00000319 DD 77 FF         [19]  721 	ld	-1 (ix), a
    0000031C DD 77 F9         [19]  722 	ld	-7 (ix), a
    0000031F 07               [ 4]  723 	rlca
    00000320 9F               [ 4]  724 	sbc	a, a
    00000321 DD 77 FA         [19]  725 	ld	-6 (ix), a
    00000324 DD 7E F7         [19]  726 	ld	a, -9 (ix)
    00000327 DD 77 F5         [19]  727 	ld	-11 (ix), a
    0000032A DD 7E F8         [19]  728 	ld	a, -8 (ix)
    0000032D DD 77 F6         [19]  729 	ld	-10 (ix), a
    00000330 DD 7E F9         [19]  730 	ld	a, -7 (ix)
    00000333 DD 77 F7         [19]  731 	ld	-9 (ix), a
    00000336 DD 7E FA         [19]  732 	ld	a, -6 (ix)
    00000339 DD 77 F8         [19]  733 	ld	-8 (ix), a
    0000033C DD 7E F5         [19]  734 	ld	a, -11 (ix)
    0000033F DD 86 F7         [19]  735 	add	a, -9 (ix)
    00000342 DD 77 F9         [19]  736 	ld	-7 (ix), a
    00000345 DD 7E F6         [19]  737 	ld	a, -10 (ix)
    00000348 DD 8E F8         [19]  738 	adc	a, -8 (ix)
    0000034B DD 77 FA         [19]  739 	ld	-6 (ix), a
    0000034E 21r04r00         [10]  740 	ld	hl, #(_Field + 4)
    00000351 DD 7E F9         [19]  741 	ld	a, -7 (ix)
    00000354 77               [ 7]  742 	ld	(hl), a
    00000355 23               [ 6]  743 	inc	hl
    00000356 DD 7E FA         [19]  744 	ld	a, -6 (ix)
    00000359 77               [ 7]  745 	ld	(hl), a
    0000035A DD 36 E5 00      [19]  746 	ld	-27 (ix), #0x00
    0000035E C3r93r03         [10]  747 	jp	00317$
    00000361                        748 00113$:
                                    749 ;E:\Dropbox\FAUSTO\SVILUPPI\MSX\CODE\C\MSXgl\projects\soccerlgMSX2/soccerlg_s16_b3.c:59: else if (Field.ly != cam_target) { Field.dy = (i8)(cam_target - Field.ly); Field.ly = cam_target; all_in_position = FALSE; }
    00000361 DD 7E F7         [19]  750 	ld	a, -9 (ix)
    00000364 DD 96 F5         [19]  751 	sub	a, -11 (ix)
    00000367 20 08            [12]  752 	jr	NZ, 00678$
    00000369 DD 7E F8         [19]  753 	ld	a, -8 (ix)
    0000036C DD 96 F6         [19]  754 	sub	a, -10 (ix)
    0000036F 28 1D            [12]  755 	jr	Z, 00110$
    00000371                        756 00678$:
    00000371 DD 7E F5         [19]  757 	ld	a, -11 (ix)
    00000374 DD 4E F7         [19]  758 	ld	c, -9 (ix)
    00000377 91               [ 4]  759 	sub	a, c
    00000378 32r12r00         [13]  760 	ld	(#(_Field + 18)),a
    0000037B 21r04r00         [10]  761 	ld	hl, #(_Field + 4)
    0000037E DD 7E F5         [19]  762 	ld	a, -11 (ix)
    00000381 77               [ 7]  763 	ld	(hl), a
    00000382 23               [ 6]  764 	inc	hl
    00000383 DD 7E F6         [19]  765 	ld	a, -10 (ix)
    00000386 77               [ 7]  766 	ld	(hl), a
    00000387 DD 36 E5 00      [19]  767 	ld	-27 (ix), #0x00
    0000038B C3r93r03         [10]  768 	jp	00317$
    0000038E                        769 00110$:
                                    770 ;E:\Dropbox\FAUSTO\SVILUPPI\MSX\CODE\C\MSXgl\projects\soccerlgMSX2/soccerlg_s16_b3.c:60: else { Field.dy = 0; }
    0000038E 21r12r00         [10]  771 	ld	hl, #(_Field + 18)
    00000391 36 00            [10]  772 	ld	(hl), #0x00
                                    773 ;E:\Dropbox\FAUSTO\SVILUPPI\MSX\CODE\C\MSXgl\projects\soccerlgMSX2/soccerlg_s16_b3.c:62: for(u8 i=0; i<3; i++) {
    00000393                        774 00317$:
    00000393 DD 36 FF 00      [19]  775 	ld	-1 (ix), #0x00
    00000397                        776 00226$:
    00000397 DD 7E FF         [19]  777 	ld	a, -1 (ix)
    0000039A D6 03            [ 7]  778 	sub	a, #0x03
    0000039C D2r91r07         [10]  779 	jp	NC, 00143$
                                    780 ;E:\Dropbox\FAUSTO\SVILUPPI\MSX\CODE\C\MSXgl\projects\soccerlgMSX2/soccerlg_s16_b3.c:63: u8 actor_idx = (i == 0) ? g_penalty_shooter_idx : ((i == 1) ? keeper_idx : 26);
    0000039F DD 7E FF         [19]  781 	ld	a, -1 (ix)
    000003A2 B7               [ 4]  782 	or	a, a
    000003A3 20 0D            [12]  783 	jr	NZ, 00241$
    000003A5 3Ar00r00         [13]  784 	ld	a, (_g_penalty_shooter_idx+0)
    000003A8 DD 77 F9         [19]  785 	ld	-7 (ix), a
    000003AB DD 36 FA 00      [19]  786 	ld	-6 (ix), #0x00
    000003AF C3rCDr03         [10]  787 	jp	00242$
    000003B2                        788 00241$:
    000003B2 DD 7E FF         [19]  789 	ld	a, -1 (ix)
    000003B5 3D               [ 4]  790 	dec	a
    000003B6 20 0D            [12]  791 	jr	NZ, 00243$
    000003B8 DD 7E E4         [19]  792 	ld	a, -28 (ix)
    000003BB DD 77 F9         [19]  793 	ld	-7 (ix), a
    000003BE DD 36 FA 00      [19]  794 	ld	-6 (ix), #0x00
    000003C2 C3rCDr03         [10]  795 	jp	00244$
    000003C5                        796 00243$:
    000003C5 DD 36 F9 1A      [19]  797 	ld	-7 (ix), #0x1a
    000003C9 DD 36 FA 00      [19]  798 	ld	-6 (ix), #0
    000003CD                        799 00244$:
    000003CD                        800 00242$:
    000003CD DD 7E F9         [19]  801 	ld	a, -7 (ix)
                                    802 ;E:\Dropbox\FAUSTO\SVILUPPI\MSX\CODE\C\MSXgl\projects\soccerlgMSX2/soccerlg_s16_b3.c:64: struct ObjectInfo* p = &SwSprite[actor_idx];
    000003D0 DD 77 E8         [19]  803 	ld	-24 (ix), a
    000003D3 4F               [ 4]  804 	ld	c, a
    000003D4 06 00            [ 7]  805 	ld	b, #0x00
    000003D6 69               [ 4]  806 	ld	l, c
    000003D7 60               [ 4]  807 	ld	h, b
    000003D8 29               [11]  808 	add	hl, hl
    000003D9 29               [11]  809 	add	hl, hl
    000003DA 09               [11]  810 	add	hl, bc
    000003DB 29               [11]  811 	add	hl, hl
    000003DC 09               [11]  812 	add	hl, bc
    000003DD 29               [11]  813 	add	hl, hl
    000003DE 09               [11]  814 	add	hl, bc
    000003DF DD 75 F7         [19]  815 	ld	-9 (ix), l
    000003E2 DD 74 F8         [19]  816 	ld	-8 (ix), h
    000003E5 3Er00            [ 7]  817 	ld	a, #<(_SwSprite)
    000003E7 DD 86 F7         [19]  818 	add	a, -9 (ix)
    000003EA DD 77 F9         [19]  819 	ld	-7 (ix), a
    000003ED 3Es00            [ 7]  820 	ld	a, #>(_SwSprite)
    000003EF DD 8E F8         [19]  821 	adc	a, -8 (ix)
    000003F2 DD 77 FA         [19]  822 	ld	-6 (ix), a
    000003F5 DD 7E F9         [19]  823 	ld	a, -7 (ix)
    000003F8 DD 77 E9         [19]  824 	ld	-23 (ix), a
    000003FB DD 7E FA         [19]  825 	ld	a, -6 (ix)
    000003FE DD 77 EA         [19]  826 	ld	-22 (ix), a
                                    827 ;E:\Dropbox\FAUSTO\SVILUPPI\MSX\CODE\C\MSXgl\projects\soccerlgMSX2/soccerlg_s16_b3.c:67: u8 final_tx = (actor_idx == 26) ? 62 : 120; 
    00000401 DD 7E E8         [19]  828 	ld	a, -24 (ix)
    00000404 D6 1A            [ 7]  829 	sub	a, #0x1a
    00000406 20 06            [12]  830 	jr	NZ, 00245$
    00000408 01 3E 00         [10]  831 	ld	bc, #0x003e
    0000040B C3r11r04         [10]  832 	jp	00246$
    0000040E                        833 00245$:
    0000040E 01 78 00         [10]  834 	ld	bc, #0x0078
    00000411                        835 00246$:
    00000411 DD 71 FA         [19]  836 	ld	-6 (ix), c
                                    837 ;E:\Dropbox\FAUSTO\SVILUPPI\MSX\CODE\C\MSXgl\projects\soccerlgMSX2/soccerlg_s16_b3.c:69: if (actor_idx == g_penalty_shooter_idx && p->ly > p->ty + 4) current_tx = 96;
    00000414 DD 7E E9         [19]  838 	ld	a, -23 (ix)
    00000417 C6 04            [ 7]  839 	add	a, #0x04
    00000419 DD 77 EB         [19]  840 	ld	-21 (ix), a
    0000041C DD 7E EA         [19]  841 	ld	a, -22 (ix)
    0000041F CE 00            [ 7]  842 	adc	a, #0x00
    00000421 DD 77 EC         [19]  843 	ld	-20 (ix), a
    00000424 DD 7E E9         [19]  844 	ld	a, -23 (ix)
    00000427 C6 0D            [ 7]  845 	add	a, #0x0d
    00000429 DD 77 ED         [19]  846 	ld	-19 (ix), a
    0000042C DD 7E EA         [19]  847 	ld	a, -22 (ix)
    0000042F CE 00            [ 7]  848 	adc	a, #0x00
    00000431 DD 77 EE         [19]  849 	ld	-18 (ix), a
    00000434 DD 7E E8         [19]  850 	ld	a, -24 (ix)
    00000437 21r00r00         [10]  851 	ld	hl, #_g_penalty_shooter_idx
    0000043A 96               [ 7]  852 	sub	a, (hl)
    0000043B 20 4C            [12]  853 	jr	NZ, 00119$
    0000043D DD 6E EB         [19]  854 	ld	l, -21 (ix)
    00000440 DD 66 EC         [19]  855 	ld	h, -20 (ix)
    00000443 7E               [ 7]  856 	ld	a, (hl)
    00000444 DD 77 F8         [19]  857 	ld	-8 (ix), a
    00000447 23               [ 6]  858 	inc	hl
    00000448 7E               [ 7]  859 	ld	a, (hl)
    00000449 DD 77 F9         [19]  860 	ld	-7 (ix), a
    0000044C DD 6E ED         [19]  861 	ld	l, -19 (ix)
    0000044F DD 66 EE         [19]  862 	ld	h, -18 (ix)
    00000452 7E               [ 7]  863 	ld	a, (hl)
    00000453 DD 77 F6         [19]  864 	ld	-10 (ix), a
    00000456 23               [ 6]  865 	inc	hl
    00000457 7E               [ 7]  866 	ld	a, (hl)
    00000458 DD 77 F7         [19]  867 	ld	-9 (ix), a
    0000045B DD 7E F6         [19]  868 	ld	a, -10 (ix)
    0000045E DD 77 F4         [19]  869 	ld	-12 (ix), a
    00000461 DD 7E F7         [19]  870 	ld	a, -9 (ix)
    00000464 DD 77 F5         [19]  871 	ld	-11 (ix), a
    00000467 DD 7E F4         [19]  872 	ld	a, -12 (ix)
    0000046A C6 04            [ 7]  873 	add	a, #0x04
    0000046C DD 77 F6         [19]  874 	ld	-10 (ix), a
    0000046F DD 7E F5         [19]  875 	ld	a, -11 (ix)
    00000472 CE 00            [ 7]  876 	adc	a, #0x00
    00000474 DD 77 F7         [19]  877 	ld	-9 (ix), a
    00000477 DD 7E F6         [19]  878 	ld	a, -10 (ix)
    0000047A DD 96 F8         [19]  879 	sub	a, -8 (ix)
    0000047D DD 7E F7         [19]  880 	ld	a, -9 (ix)
    00000480 DD 9E F9         [19]  881 	sbc	a, -7 (ix)
    00000483 30 04            [12]  882 	jr	NC, 00119$
    00000485 DD 36 FA 60      [19]  883 	ld	-6 (ix), #0x60
    00000489                        884 00119$:
                                    885 ;E:\Dropbox\FAUSTO\SVILUPPI\MSX\CODE\C\MSXgl\projects\soccerlgMSX2/soccerlg_s16_b3.c:70: if (actor_idx == keeper_idx && p->ly > p->ty + 4) current_tx = 144;
    00000489 DD 7E E8         [19]  886 	ld	a, -24 (ix)
    0000048C DD 96 E4         [19]  887 	sub	a, -28 (ix)
    0000048F 3E 01            [ 7]  888 	ld	a, #0x01
    00000491 28 01            [12]  889 	jr	Z, 00686$
    00000493 AF               [ 4]  890 	xor	a, a
    00000494                        891 00686$:
    00000494 DD 77 F8         [19]  892 	ld	-8 (ix), a
    00000497 B7               [ 4]  893 	or	a, a
    00000498 28 4C            [12]  894 	jr	Z, 00122$
    0000049A DD 6E EB         [19]  895 	ld	l, -21 (ix)
    0000049D DD 66 EC         [19]  896 	ld	h, -20 (ix)
    000004A0 7E               [ 7]  897 	ld	a, (hl)
    000004A1 DD 77 F6         [19]  898 	ld	-10 (ix), a
    000004A4 23               [ 6]  899 	inc	hl
    000004A5 7E               [ 7]  900 	ld	a, (hl)
    000004A6 DD 77 F7         [19]  901 	ld	-9 (ix), a
    000004A9 DD 6E ED         [19]  902 	ld	l, -19 (ix)
    000004AC DD 66 EE         [19]  903 	ld	h, -18 (ix)
    000004AF 7E               [ 7]  904 	ld	a, (hl)
    000004B0 DD 77 F4         [19]  905 	ld	-12 (ix), a
    000004B3 23               [ 6]  906 	inc	hl
    000004B4 7E               [ 7]  907 	ld	a, (hl)
    000004B5 DD 77 F5         [19]  908 	ld	-11 (ix), a
    000004B8 DD 7E F4         [19]  909 	ld	a, -12 (ix)
    000004BB DD 77 F2         [19]  910 	ld	-14 (ix), a
    000004BE DD 7E F5         [19]  911 	ld	a, -11 (ix)
    000004C1 DD 77 F3         [19]  912 	ld	-13 (ix), a
    000004C4 DD 7E F2         [19]  913 	ld	a, -14 (ix)
    000004C7 C6 04            [ 7]  914 	add	a, #0x04
    000004C9 DD 77 F4         [19]  915 	ld	-12 (ix), a
    000004CC DD 7E F3         [19]  916 	ld	a, -13 (ix)
    000004CF CE 00            [ 7]  917 	adc	a, #0x00
    000004D1 DD 77 F5         [19]  918 	ld	-11 (ix), a
    000004D4 DD 7E F4         [19]  919 	ld	a, -12 (ix)
    000004D7 DD 96 F6         [19]  920 	sub	a, -10 (ix)
    000004DA DD 7E F5         [19]  921 	ld	a, -11 (ix)
    000004DD DD 9E F7         [19]  922 	sbc	a, -9 (ix)
    000004E0 30 04            [12]  923 	jr	NC, 00122$
    000004E2 DD 36 FA 90      [19]  924 	ld	-6 (ix), #0x90
    000004E6                        925 00122$:
                                    926 ;E:\Dropbox\FAUSTO\SVILUPPI\MSX\CODE\C\MSXgl\projects\soccerlgMSX2/soccerlg_s16_b3.c:72: if (p->lx != current_tx || p->ly != p->ty) {
    000004E6 DD 6E E9         [19]  927 	ld	l, -23 (ix)
    000004E9 DD 66 EA         [19]  928 	ld	h, -22 (ix)
    000004EC 7E               [ 7]  929 	ld	a, (hl)
    000004ED DD 77 F9         [19]  930 	ld	-7 (ix), a
                                    931 ;E:\Dropbox\FAUSTO\SVILUPPI\MSX\CODE\C\MSXgl\projects\soccerlgMSX2/soccerlg_s16_b3.c:75: if (current_tx > p->lx) p->dx = (i8)((current_tx - p->lx >= 2) ? 2 : 1); 
    000004F0 DD 7E E9         [19]  932 	ld	a, -23 (ix)
    000004F3 C6 11            [ 7]  933 	add	a, #0x11
    000004F5 DD 77 EF         [19]  934 	ld	-17 (ix), a
    000004F8 DD 7E EA         [19]  935 	ld	a, -22 (ix)
    000004FB CE 00            [ 7]  936 	adc	a, #0x00
    000004FD DD 77 F0         [19]  937 	ld	-16 (ix), a
                                    938 ;E:\Dropbox\FAUSTO\SVILUPPI\MSX\CODE\C\MSXgl\projects\soccerlgMSX2/soccerlg_s16_b3.c:79: if (p->ty > p->ly) p->dy = (i8)((p->ty - p->ly >= 2) ? 2 : 1); 
    00000500 DD 7E E9         [19]  939 	ld	a, -23 (ix)
    00000503 C6 12            [ 7]  940 	add	a, #0x12
    00000505 DD 77 F1         [19]  941 	ld	-15 (ix), a
    00000508 DD 7E EA         [19]  942 	ld	a, -22 (ix)
    0000050B CE 00            [ 7]  943 	adc	a, #0x00
    0000050D DD 77 F2         [19]  944 	ld	-14 (ix), a
                                    945 ;E:\Dropbox\FAUSTO\SVILUPPI\MSX\CODE\C\MSXgl\projects\soccerlgMSX2/soccerlg_s16_b3.c:85: p->frame = CallFnc_U16_P4(SEG_GAMESTATE_9, GetPlayerAnimFrame, actor_idx, p->dx, p->dy, walk_seq[(p->anim / 3) % 4]); 
    00000510 DD 7E E9         [19]  946 	ld	a, -23 (ix)
    00000513 C6 0F            [ 7]  947 	add	a, #0x0f
    00000515 DD 77 F3         [19]  948 	ld	-13 (ix), a
    00000518 DD 7E EA         [19]  949 	ld	a, -22 (ix)
    0000051B CE 00            [ 7]  950 	adc	a, #0x00
    0000051D DD 77 F4         [19]  951 	ld	-12 (ix), a
                                    952 ;E:\Dropbox\FAUSTO\SVILUPPI\MSX\CODE\C\MSXgl\projects\soccerlgMSX2/soccerlg_s16_b3.c:72: if (p->lx != current_tx || p->ly != p->ty) {
    00000520 DD 7E FA         [19]  953 	ld	a, -6 (ix)
    00000523 DD 96 F9         [19]  954 	sub	a, -7 (ix)
    00000526 20 19            [12]  955 	jr	NZ, 00139$
    00000528 DD 6E EB         [19]  956 	ld	l, -21 (ix)
    0000052B DD 66 EC         [19]  957 	ld	h, -20 (ix)
    0000052E 4E               [ 7]  958 	ld	c, (hl)
    0000052F 23               [ 6]  959 	inc	hl
    00000530 46               [ 7]  960 	ld	b, (hl)
    00000531 DD 6E ED         [19]  961 	ld	l, -19 (ix)
    00000534 DD 66 EE         [19]  962 	ld	h, -18 (ix)
    00000537 5E               [ 7]  963 	ld	e, (hl)
    00000538 23               [ 6]  964 	inc	hl
    00000539 66               [ 7]  965 	ld	h, (hl)
                                    966 ;	spillPairReg hl
    0000053A 6B               [ 4]  967 	ld	l, e
    0000053B BF               [ 4]  968 	cp	a, a
    0000053C ED 42            [15]  969 	sbc	hl, bc
    0000053E CAr26r07         [10]  970 	jp	Z,00140$
    00000541                        971 00139$:
                                    972 ;E:\Dropbox\FAUSTO\SVILUPPI\MSX\CODE\C\MSXgl\projects\soccerlgMSX2/soccerlg_s16_b3.c:73: all_in_position = FALSE;
    00000541 DD 36 E5 00      [19]  973 	ld	-27 (ix), #0x00
                                    974 ;E:\Dropbox\FAUSTO\SVILUPPI\MSX\CODE\C\MSXgl\projects\soccerlgMSX2/soccerlg_s16_b3.c:75: if (current_tx > p->lx) p->dx = (i8)((current_tx - p->lx >= 2) ? 2 : 1); 
    00000545 DD 7E F9         [19]  975 	ld	a, -7 (ix)
    00000548 DD 96 FA         [19]  976 	sub	a, -6 (ix)
    0000054B 30 48            [12]  977 	jr	NC, 00128$
    0000054D DD 7E FA         [19]  978 	ld	a, -6 (ix)
    00000550 DD 77 F7         [19]  979 	ld	-9 (ix), a
    00000553 DD 36 F8 00      [19]  980 	ld	-8 (ix), #0x00
    00000557 DD 7E F9         [19]  981 	ld	a, -7 (ix)
    0000055A DD 77 F5         [19]  982 	ld	-11 (ix), a
    0000055D DD 36 F6 00      [19]  983 	ld	-10 (ix), #0x00
    00000561 DD 7E F7         [19]  984 	ld	a, -9 (ix)
    00000564 DD 96 F5         [19]  985 	sub	a, -11 (ix)
    00000567 DD 77 F9         [19]  986 	ld	-7 (ix), a
    0000056A DD 7E F8         [19]  987 	ld	a, -8 (ix)
    0000056D DD 9E F6         [19]  988 	sbc	a, -10 (ix)
    00000570 DD 77 FA         [19]  989 	ld	-6 (ix), a
    00000573 DD 7E F9         [19]  990 	ld	a, -7 (ix)
    00000576 D6 02            [ 7]  991 	sub	a, #0x02
    00000578 DD 7E FA         [19]  992 	ld	a, -6 (ix)
    0000057B 17               [ 4]  993 	rla
    0000057C 3F               [ 4]  994 	ccf
    0000057D 1F               [ 4]  995 	rra
    0000057E DE 80            [ 7]  996 	sbc	a, #0x80
    00000580 38 06            [12]  997 	jr	C, 00247$
    00000582 11 02 00         [10]  998 	ld	de, #0x0002
    00000585 C3r8Br05         [10]  999 	jp	00248$
    00000588                       1000 00247$:
    00000588 11 01 00         [10] 1001 	ld	de, #0x0001
    0000058B                       1002 00248$:
    0000058B DD 6E EF         [19] 1003 	ld	l, -17 (ix)
    0000058E DD 66 F0         [19] 1004 	ld	h, -16 (ix)
    00000591 73               [ 7] 1005 	ld	(hl), e
    00000592 C3rEBr05         [10] 1006 	jp	00129$
    00000595                       1007 00128$:
                                   1008 ;E:\Dropbox\FAUSTO\SVILUPPI\MSX\CODE\C\MSXgl\projects\soccerlgMSX2/soccerlg_s16_b3.c:76: else if (current_tx < p->lx) p->dx = (i8)((p->lx - current_tx >= 2) ? -2 : -1); 
    00000595 DD 7E FA         [19] 1009 	ld	a, -6 (ix)
    00000598 DD 96 F9         [19] 1010 	sub	a, -7 (ix)
    0000059B 30 46            [12] 1011 	jr	NC, 00125$
    0000059D DD 7E F9         [19] 1012 	ld	a, -7 (ix)
    000005A0 DD 77 F5         [19] 1013 	ld	-11 (ix), a
    000005A3 DD 36 F6 00      [19] 1014 	ld	-10 (ix), #0x00
    000005A7 DD 7E FA         [19] 1015 	ld	a, -6 (ix)
    000005AA DD 77 F7         [19] 1016 	ld	-9 (ix), a
    000005AD DD 36 F8 00      [19] 1017 	ld	-8 (ix), #0x00
    000005B1 DD 7E F5         [19] 1018 	ld	a, -11 (ix)
    000005B4 DD 96 F7         [19] 1019 	sub	a, -9 (ix)
    000005B7 DD 77 F9         [19] 1020 	ld	-7 (ix), a
    000005BA DD 7E F6         [19] 1021 	ld	a, -10 (ix)
    000005BD DD 9E F8         [19] 1022 	sbc	a, -8 (ix)
    000005C0 DD 77 FA         [19] 1023 	ld	-6 (ix), a
    000005C3 DD 7E F9         [19] 1024 	ld	a, -7 (ix)
    000005C6 D6 02            [ 7] 1025 	sub	a, #0x02
    000005C8 DD 7E FA         [19] 1026 	ld	a, -6 (ix)
    000005CB 17               [ 4] 1027 	rla
    000005CC 3F               [ 4] 1028 	ccf
    000005CD 1F               [ 4] 1029 	rra
    000005CE DE 80            [ 7] 1030 	sbc	a, #0x80
    000005D0 38 05            [12] 1031 	jr	C, 00249$
    000005D2 3E FE            [ 7] 1032 	ld	a, #0xfe
    000005D4 C3rD9r05         [10] 1033 	jp	00250$
    000005D7                       1034 00249$:
    000005D7 3E FF            [ 7] 1035 	ld	a, #0xff
    000005D9                       1036 00250$:
    000005D9 DD 6E EF         [19] 1037 	ld	l, -17 (ix)
    000005DC DD 66 F0         [19] 1038 	ld	h, -16 (ix)
    000005DF 77               [ 7] 1039 	ld	(hl), a
    000005E0 C3rEBr05         [10] 1040 	jp	00129$
    000005E3                       1041 00125$:
                                   1042 ;E:\Dropbox\FAUSTO\SVILUPPI\MSX\CODE\C\MSXgl\projects\soccerlgMSX2/soccerlg_s16_b3.c:77: else p->dx = 0;
    000005E3 DD 6E EF         [19] 1043 	ld	l, -17 (ix)
    000005E6 DD 66 F0         [19] 1044 	ld	h, -16 (ix)
    000005E9 36 00            [10] 1045 	ld	(hl), #0x00
    000005EB                       1046 00129$:
                                   1047 ;E:\Dropbox\FAUSTO\SVILUPPI\MSX\CODE\C\MSXgl\projects\soccerlgMSX2/soccerlg_s16_b3.c:79: if (p->ty > p->ly) p->dy = (i8)((p->ty - p->ly >= 2) ? 2 : 1); 
    000005EB DD 6E ED         [19] 1048 	ld	l, -19 (ix)
    000005EE DD 66 EE         [19] 1049 	ld	h, -18 (ix)
    000005F1 7E               [ 7] 1050 	ld	a, (hl)
    000005F2 DD 77 F9         [19] 1051 	ld	-7 (ix), a
    000005F5 23               [ 6] 1052 	inc	hl
    000005F6 7E               [ 7] 1053 	ld	a, (hl)
    000005F7 DD 77 FA         [19] 1054 	ld	-6 (ix), a
    000005FA DD 6E EB         [19] 1055 	ld	l, -21 (ix)
    000005FD DD 66 EC         [19] 1056 	ld	h, -20 (ix)
    00000600 7E               [ 7] 1057 	ld	a, (hl)
    00000601 DD 77 F5         [19] 1058 	ld	-11 (ix), a
    00000604 23               [ 6] 1059 	inc	hl
    00000605 7E               [ 7] 1060 	ld	a, (hl)
    00000606 DD 77 F6         [19] 1061 	ld	-10 (ix), a
    00000609 DD 7E F5         [19] 1062 	ld	a, -11 (ix)
    0000060C DD 96 F9         [19] 1063 	sub	a, -7 (ix)
    0000060F DD 7E F6         [19] 1064 	ld	a, -10 (ix)
    00000612 DD 9E FA         [19] 1065 	sbc	a, -6 (ix)
    00000615 30 3D            [12] 1066 	jr	NC, 00134$
    00000617 DD 7E F9         [19] 1067 	ld	a, -7 (ix)
    0000061A DD 96 F5         [19] 1068 	sub	a, -11 (ix)
    0000061D DD 77 F7         [19] 1069 	ld	-9 (ix), a
    00000620 DD 7E FA         [19] 1070 	ld	a, -6 (ix)
    00000623 DD 9E F6         [19] 1071 	sbc	a, -10 (ix)
    00000626 DD 77 F8         [19] 1072 	ld	-8 (ix), a
    00000629 DD 7E F7         [19] 1073 	ld	a, -9 (ix)
    0000062C DD 77 F9         [19] 1074 	ld	-7 (ix), a
    0000062F DD 7E F8         [19] 1075 	ld	a, -8 (ix)
    00000632 DD 77 FA         [19] 1076 	ld	-6 (ix), a
    00000635 DD 7E F9         [19] 1077 	ld	a, -7 (ix)
    00000638 D6 02            [ 7] 1078 	sub	a, #0x02
    0000063A DD 7E FA         [19] 1079 	ld	a, -6 (ix)
    0000063D DE 00            [ 7] 1080 	sbc	a, #0x00
    0000063F 38 06            [12] 1081 	jr	C, 00251$
    00000641 11 02 00         [10] 1082 	ld	de, #0x0002
    00000644 C3r4Ar06         [10] 1083 	jp	00252$
    00000647                       1084 00251$:
    00000647 11 01 00         [10] 1085 	ld	de, #0x0001
    0000064A                       1086 00252$:
    0000064A DD 6E F1         [19] 1087 	ld	l, -15 (ix)
    0000064D DD 66 F2         [19] 1088 	ld	h, -14 (ix)
    00000650 73               [ 7] 1089 	ld	(hl), e
    00000651 C3r91r06         [10] 1090 	jp	00135$
    00000654                       1091 00134$:
                                   1092 ;E:\Dropbox\FAUSTO\SVILUPPI\MSX\CODE\C\MSXgl\projects\soccerlgMSX2/soccerlg_s16_b3.c:80: else if (p->ty < p->ly) p->dy = (i8)((p->ly - p->ty >= 2) ? -2 : -1); 
    00000654 DD 7E F9         [19] 1093 	ld	a, -7 (ix)
    00000657 DD 96 F5         [19] 1094 	sub	a, -11 (ix)
    0000065A DD 7E FA         [19] 1095 	ld	a, -6 (ix)
    0000065D DD 9E F6         [19] 1096 	sbc	a, -10 (ix)
    00000660 30 27            [12] 1097 	jr	NC, 00131$
    00000662 DD 7E F5         [19] 1098 	ld	a, -11 (ix)
    00000665 DD 96 F9         [19] 1099 	sub	a, -7 (ix)
    00000668 4F               [ 4] 1100 	ld	c, a
    00000669 DD 7E F6         [19] 1101 	ld	a, -10 (ix)
    0000066C DD 9E FA         [19] 1102 	sbc	a, -6 (ix)
    0000066F 47               [ 4] 1103 	ld	b, a
                                   1104 ;	spillPairReg hl
                                   1105 ;	spillPairReg hl
    00000670 79               [ 4] 1106 	ld	a, c
    00000671 D6 02            [ 7] 1107 	sub	a, #0x02
    00000673 78               [ 4] 1108 	ld	a, b
    00000674 DE 00            [ 7] 1109 	sbc	a, #0x00
    00000676 38 05            [12] 1110 	jr	C, 00253$
    00000678 3E FE            [ 7] 1111 	ld	a, #0xfe
    0000067A C3r7Fr06         [10] 1112 	jp	00254$
    0000067D                       1113 00253$:
    0000067D 3E FF            [ 7] 1114 	ld	a, #0xff
    0000067F                       1115 00254$:
    0000067F DD 6E F1         [19] 1116 	ld	l, -15 (ix)
    00000682 DD 66 F2         [19] 1117 	ld	h, -14 (ix)
    00000685 77               [ 7] 1118 	ld	(hl), a
    00000686 C3r91r06         [10] 1119 	jp	00135$
    00000689                       1120 00131$:
                                   1121 ;E:\Dropbox\FAUSTO\SVILUPPI\MSX\CODE\C\MSXgl\projects\soccerlgMSX2/soccerlg_s16_b3.c:81: else p->dy = 0;
    00000689 DD 6E F1         [19] 1122 	ld	l, -15 (ix)
    0000068C DD 66 F2         [19] 1123 	ld	h, -14 (ix)
    0000068F 36 00            [10] 1124 	ld	(hl), #0x00
    00000691                       1125 00135$:
                                   1126 ;E:\Dropbox\FAUSTO\SVILUPPI\MSX\CODE\C\MSXgl\projects\soccerlgMSX2/soccerlg_s16_b3.c:83: p->lx += p->dx; p->ly += p->dy; p->anim++;
    00000691 DD 6E E9         [19] 1127 	ld	l, -23 (ix)
    00000694 DD 66 EA         [19] 1128 	ld	h, -22 (ix)
    00000697 7E               [ 7] 1129 	ld	a, (hl)
    00000698 DD 6E EF         [19] 1130 	ld	l, -17 (ix)
    0000069B DD 66 F0         [19] 1131 	ld	h, -16 (ix)
    0000069E 4E               [ 7] 1132 	ld	c, (hl)
    0000069F 81               [ 4] 1133 	add	a, c
    000006A0 DD 6E E9         [19] 1134 	ld	l, -23 (ix)
    000006A3 DD 66 EA         [19] 1135 	ld	h, -22 (ix)
    000006A6 77               [ 7] 1136 	ld	(hl), a
    000006A7 DD 6E EB         [19] 1137 	ld	l, -21 (ix)
    000006AA DD 66 EC         [19] 1138 	ld	h, -20 (ix)
    000006AD 4E               [ 7] 1139 	ld	c, (hl)
    000006AE 23               [ 6] 1140 	inc	hl
    000006AF 46               [ 7] 1141 	ld	b, (hl)
    000006B0 DD 6E F1         [19] 1142 	ld	l, -15 (ix)
    000006B3 DD 66 F2         [19] 1143 	ld	h, -14 (ix)
    000006B6 7E               [ 7] 1144 	ld	a, (hl)
    000006B7 6F               [ 4] 1145 	ld	l, a
                                   1146 ;	spillPairReg hl
                                   1147 ;	spillPairReg hl
    000006B8 07               [ 4] 1148 	rlca
    000006B9 9F               [ 4] 1149 	sbc	a, a
    000006BA 67               [ 4] 1150 	ld	h, a
                                   1151 ;	spillPairReg hl
                                   1152 ;	spillPairReg hl
    000006BB 09               [11] 1153 	add	hl, bc
    000006BC EB               [ 4] 1154 	ex	de, hl
    000006BD DD 6E EB         [19] 1155 	ld	l, -21 (ix)
    000006C0 DD 66 EC         [19] 1156 	ld	h, -20 (ix)
    000006C3 73               [ 7] 1157 	ld	(hl), e
    000006C4 23               [ 6] 1158 	inc	hl
    000006C5 72               [ 7] 1159 	ld	(hl), d
    000006C6 DD 6E E9         [19] 1160 	ld	l, -23 (ix)
    000006C9 DD 66 EA         [19] 1161 	ld	h, -22 (ix)
    000006CC 11 13 00         [10] 1162 	ld	de, #0x0013
    000006CF 19               [11] 1163 	add	hl, de
    000006D0 5E               [ 7] 1164 	ld	e, (hl)
    000006D1 23               [ 6] 1165 	inc	hl
    000006D2 56               [ 7] 1166 	ld	d, (hl)
    000006D3 2B               [ 6] 1167 	dec	hl
    000006D4 13               [ 6] 1168 	inc	de
    000006D5 73               [ 7] 1169 	ld	(hl), e
    000006D6 23               [ 6] 1170 	inc	hl
    000006D7 72               [ 7] 1171 	ld	(hl), d
                                   1172 ;E:\Dropbox\FAUSTO\SVILUPPI\MSX\CODE\C\MSXgl\projects\soccerlgMSX2/soccerlg_s16_b3.c:84: const u8 walk_seq[4] = {0, 1, 2, 1};
    000006D8 DD 36 E0 00      [19] 1173 	ld	-32 (ix), #0x00
    000006DC DD 36 E1 01      [19] 1174 	ld	-31 (ix), #0x01
    000006E0 DD 36 E2 02      [19] 1175 	ld	-30 (ix), #0x02
    000006E4 DD 36 E3 01      [19] 1176 	ld	-29 (ix), #0x01
                                   1177 ;E:\Dropbox\FAUSTO\SVILUPPI\MSX\CODE\C\MSXgl\projects\soccerlgMSX2/soccerlg_s16_b3.c:85: p->frame = CallFnc_U16_P4(SEG_GAMESTATE_9, GetPlayerAnimFrame, actor_idx, p->dx, p->dy, walk_seq[(p->anim / 3) % 4]); 
    000006E8 EB               [ 4] 1178 	ex	de, hl
    000006E9 11 03 00         [10] 1179 	ld	de, #0x0003
    000006EC CDr00r00         [17] 1180 	call	__divuint
    000006EF 7B               [ 4] 1181 	ld	a, e
    000006F0 E6 03            [ 7] 1182 	and	a, #0x03
    000006F2 4F               [ 4] 1183 	ld	c, a
    000006F3 06 00            [ 7] 1184 	ld	b, #0x00
    000006F5 21 00 00         [10] 1185 	ld	hl, #0
    000006F8 39               [11] 1186 	add	hl, sp
    000006F9 09               [11] 1187 	add	hl, bc
    000006FA 7E               [ 7] 1188 	ld	a, (hl)
    000006FB DD 6E F1         [19] 1189 	ld	l, -15 (ix)
    000006FE DD 66 F2         [19] 1190 	ld	h, -14 (ix)
    00000701 46               [ 7] 1191 	ld	b, (hl)
    00000702 DD 6E EF         [19] 1192 	ld	l, -17 (ix)
    00000705 DD 66 F0         [19] 1193 	ld	h, -16 (ix)
    00000708 56               [ 7] 1194 	ld	d, (hl)
    00000709 F5               [11] 1195 	push	af
    0000070A 33               [ 6] 1196 	inc	sp
    0000070B 4A               [ 4] 1197 	ld	c, d
    0000070C C5               [11] 1198 	push	bc
    0000070D DD 7E E8         [19] 1199 	ld	a, -24 (ix)
    00000710 F5               [11] 1200 	push	af
    00000711 33               [ 6] 1201 	inc	sp
    00000712 11r00r00         [10] 1202 	ld	de, #_GetPlayerAnimFrame
    00000715 3E 13            [ 7] 1203 	ld	a, #0x13
    00000717 CDr00r00         [17] 1204 	call	_CallFnc_U16_P4
    0000071A DD 6E F3         [19] 1205 	ld	l, -13 (ix)
    0000071D DD 66 F4         [19] 1206 	ld	h, -12 (ix)
    00000720 73               [ 7] 1207 	ld	(hl), e
    00000721 23               [ 6] 1208 	inc	hl
    00000722 72               [ 7] 1209 	ld	(hl), d
    00000723 C3r8Br07         [10] 1210 	jp	00227$
    00000726                       1211 00140$:
                                   1212 ;E:\Dropbox\FAUSTO\SVILUPPI\MSX\CODE\C\MSXgl\projects\soccerlgMSX2/soccerlg_s16_b3.c:87: p->dx = 0; p->dy = 0;
    00000726 DD 6E EF         [19] 1213 	ld	l, -17 (ix)
    00000729 DD 66 F0         [19] 1214 	ld	h, -16 (ix)
    0000072C 36 00            [10] 1215 	ld	(hl), #0x00
    0000072E DD 6E F1         [19] 1216 	ld	l, -15 (ix)
    00000731 DD 66 F2         [19] 1217 	ld	h, -14 (ix)
    00000734 36 00            [10] 1218 	ld	(hl), #0x00
                                   1219 ;E:\Dropbox\FAUSTO\SVILUPPI\MSX\CODE\C\MSXgl\projects\soccerlgMSX2/soccerlg_s16_b3.c:88: if (actor_idx == keeper_idx) {
    00000736 DD 7E F8         [19] 1220 	ld	a, -8 (ix)
    00000739 B7               [ 4] 1221 	or	a, a
    0000073A 28 32            [12] 1222 	jr	Z, 00137$
                                   1223 ;E:\Dropbox\FAUSTO\SVILUPPI\MSX\CODE\C\MSXgl\projects\soccerlgMSX2/soccerlg_s16_b3.c:89: p->anim++;
    0000073C DD 6E E9         [19] 1224 	ld	l, -23 (ix)
    0000073F DD 66 EA         [19] 1225 	ld	h, -22 (ix)
    00000742 11 13 00         [10] 1226 	ld	de, #0x0013
    00000745 19               [11] 1227 	add	hl, de
    00000746 5E               [ 7] 1228 	ld	e, (hl)
    00000747 23               [ 6] 1229 	inc	hl
    00000748 56               [ 7] 1230 	ld	d, (hl)
    00000749 2B               [ 6] 1231 	dec	hl
    0000074A 13               [ 6] 1232 	inc	de
    0000074B 73               [ 7] 1233 	ld	(hl), e
    0000074C 23               [ 6] 1234 	inc	hl
    0000074D 72               [ 7] 1235 	ld	(hl), d
                                   1236 ;E:\Dropbox\FAUSTO\SVILUPPI\MSX\CODE\C\MSXgl\projects\soccerlgMSX2/soccerlg_s16_b3.c:90: p->frame = ((p->anim / 15) % 2 == 0) ? SPR_GK_PLAYER_SOUTH_1 : SPR_GK_PLAYER_SOUTH_2;
    0000074E EB               [ 4] 1237 	ex	de, hl
    0000074F 11 0F 00         [10] 1238 	ld	de, #0x000f
    00000752 CDr00r00         [17] 1239 	call	__divuint
    00000755 CB 43            [ 8] 1240 	bit	0, e
    00000757 20 06            [12] 1241 	jr	NZ, 00255$
    00000759 01 F3 00         [10] 1242 	ld	bc, #0x00f3
    0000075C C3r62r07         [10] 1243 	jp	00256$
    0000075F                       1244 00255$:
    0000075F 01 F4 00         [10] 1245 	ld	bc, #0x00f4
    00000762                       1246 00256$:
    00000762 DD 6E F3         [19] 1247 	ld	l, -13 (ix)
    00000765 DD 66 F4         [19] 1248 	ld	h, -12 (ix)
    00000768 71               [ 7] 1249 	ld	(hl), c
    00000769 23               [ 6] 1250 	inc	hl
    0000076A 70               [ 7] 1251 	ld	(hl), b
    0000076B C3r8Br07         [10] 1252 	jp	00227$
    0000076E                       1253 00137$:
                                   1254 ;E:\Dropbox\FAUSTO\SVILUPPI\MSX\CODE\C\MSXgl\projects\soccerlgMSX2/soccerlg_s16_b3.c:92: p->frame = CallFnc_U16_P3(SEG_GAMESTATE_9, GetPlayerIdleFrame, actor_idx, 0, (i8)-1);
    0000076E 3E FF            [ 7] 1255 	ld	a, #0xff
    00000770 F5               [11] 1256 	push	af
    00000771 33               [ 6] 1257 	inc	sp
    00000772 AF               [ 4] 1258 	xor	a, a
    00000773 F5               [11] 1259 	push	af
    00000774 33               [ 6] 1260 	inc	sp
    00000775 DD 7E E8         [19] 1261 	ld	a, -24 (ix)
    00000778 F5               [11] 1262 	push	af
    00000779 33               [ 6] 1263 	inc	sp
    0000077A 11r00r00         [10] 1264 	ld	de, #_GetPlayerIdleFrame
    0000077D 3E 13            [ 7] 1265 	ld	a, #0x13
    0000077F CDr00r00         [17] 1266 	call	_CallFnc_U16_P3
    00000782 DD 6E F3         [19] 1267 	ld	l, -13 (ix)
    00000785 DD 66 F4         [19] 1268 	ld	h, -12 (ix)
    00000788 73               [ 7] 1269 	ld	(hl), e
    00000789 23               [ 6] 1270 	inc	hl
    0000078A 72               [ 7] 1271 	ld	(hl), d
    0000078B                       1272 00227$:
                                   1273 ;E:\Dropbox\FAUSTO\SVILUPPI\MSX\CODE\C\MSXgl\projects\soccerlgMSX2/soccerlg_s16_b3.c:62: for(u8 i=0; i<3; i++) {
    0000078B DD 34 FF         [23] 1274 	inc	-1 (ix)
    0000078E C3r97r03         [10] 1275 	jp	00226$
    00000791                       1276 00143$:
                                   1277 ;E:\Dropbox\FAUSTO\SVILUPPI\MSX\CODE\C\MSXgl\projects\soccerlgMSX2/soccerlg_s16_b3.c:97: if (all_in_position) {
    00000791 DD 7E E5         [19] 1278 	ld	a, -27 (ix)
    00000794 B7               [ 4] 1279 	or	a, a
    00000795 CArACr0C         [10] 1280 	jp	Z, 00219$
                                   1281 ;E:\Dropbox\FAUSTO\SVILUPPI\MSX\CODE\C\MSXgl\projects\soccerlgMSX2/soccerlg_s16_b3.c:98: CallFnc_VOID(SEG_EVENTS, EventPenaltyWhistle);
    00000798 11r00r00         [10] 1282 	ld	de, #_EventPenaltyWhistle
    0000079B 3E 08            [ 7] 1283 	ld	a, #0x08
    0000079D CDr00r00         [17] 1284 	call	_CallFnc_VOID
                                   1285 ;E:\Dropbox\FAUSTO\SVILUPPI\MSX\CODE\C\MSXgl\projects\soccerlgMSX2/soccerlg_s16_b3.c:99: *wait_secs = 5; *start_sec = Frms;
    000007A0 DD 6E FB         [19] 1286 	ld	l, -5 (ix)
    000007A3 DD 66 FC         [19] 1287 	ld	h, -4 (ix)
    000007A6 36 05            [10] 1288 	ld	(hl), #0x05
    000007A8 DD 4E 04         [19] 1289 	ld	c, 4 (ix)
    000007AB DD 46 05         [19] 1290 	ld	b, 5 (ix)
    000007AE 3Ar00r00         [13] 1291 	ld	a, (_Frms+0)
    000007B1 02               [ 7] 1292 	ld	(bc), a
                                   1293 ;E:\Dropbox\FAUSTO\SVILUPPI\MSX\CODE\C\MSXgl\projects\soccerlgMSX2/soccerlg_s16_b3.c:100: SwSprite[keeper_idx].dx = 1; // Default fermo al centro per il portiere
    000007B2 DD 6E E6         [19] 1294 	ld	l, -26 (ix)
    000007B5 DD 66 E7         [19] 1295 	ld	h, -25 (ix)
    000007B8 11 11 00         [10] 1296 	ld	de, #0x0011
    000007BB 19               [11] 1297 	add	hl, de
    000007BC 36 01            [10] 1298 	ld	(hl), #0x01
                                   1299 ;E:\Dropbox\FAUSTO\SVILUPPI\MSX\CODE\C\MSXgl\projects\soccerlgMSX2/soccerlg_s16_b3.c:101: SwSprite[g_penalty_shooter_idx].dx = 1; // Default dritto per il tiratore
    000007BE ED 4Br00r00      [20] 1300 	ld	bc, (_g_penalty_shooter_idx)
    000007C2 06 00            [ 7] 1301 	ld	b, #0x00
    000007C4 69               [ 4] 1302 	ld	l, c
    000007C5 60               [ 4] 1303 	ld	h, b
    000007C6 29               [11] 1304 	add	hl, hl
    000007C7 29               [11] 1305 	add	hl, hl
    000007C8 09               [11] 1306 	add	hl, bc
    000007C9 29               [11] 1307 	add	hl, hl
    000007CA 09               [11] 1308 	add	hl, bc
    000007CB 29               [11] 1309 	add	hl, hl
    000007CC 09               [11] 1310 	add	hl, bc
    000007CD 11r00r00         [10] 1311 	ld	de, #_SwSprite
    000007D0 19               [11] 1312 	add	hl, de
    000007D1 01 11 00         [10] 1313 	ld	bc, #0x0011
    000007D4 09               [11] 1314 	add	hl, bc
    000007D5 36 01            [10] 1315 	ld	(hl), #0x01
                                   1316 ;E:\Dropbox\FAUSTO\SVILUPPI\MSX\CODE\C\MSXgl\projects\soccerlgMSX2/soccerlg_s16_b3.c:102: *game_state = 14;
    000007D7 DD 6E FD         [19] 1317 	ld	l, -3 (ix)
    000007DA DD 66 FE         [19] 1318 	ld	h, -2 (ix)
    000007DD 36 0E            [10] 1319 	ld	(hl), #0x0e
    000007DF C3rACr0C         [10] 1320 	jp	00219$
    000007E2                       1321 00215$:
                                   1322 ;E:\Dropbox\FAUSTO\SVILUPPI\MSX\CODE\C\MSXgl\projects\soccerlgMSX2/soccerlg_s16_b3.c:105: else if(*game_state == 14) { // STATO 14: Mira e Tiro
    000007E2 DD 7E FF         [19] 1323 	ld	a, -1 (ix)
    000007E5 D6 0E            [ 7] 1324 	sub	a, #0x0e
    000007E7 C2rACr0C         [10] 1325 	jp	NZ,00219$
                                   1326 ;E:\Dropbox\FAUSTO\SVILUPPI\MSX\CODE\C\MSXgl\projects\soccerlgMSX2/soccerlg_s16_b3.c:106: struct ObjectInfo* Keeper = &SwSprite[keeper_idx];
    000007EA DD 4E E4         [19] 1327 	ld	c, -28 (ix)
    000007ED 06 00            [ 7] 1328 	ld	b, #0x00
    000007EF 69               [ 4] 1329 	ld	l, c
    000007F0 60               [ 4] 1330 	ld	h, b
    000007F1 29               [11] 1331 	add	hl, hl
    000007F2 29               [11] 1332 	add	hl, hl
    000007F3 09               [11] 1333 	add	hl, bc
    000007F4 29               [11] 1334 	add	hl, hl
    000007F5 09               [11] 1335 	add	hl, bc
    000007F6 29               [11] 1336 	add	hl, hl
    000007F7 09               [11] 1337 	add	hl, bc
    000007F8 11r00r00         [10] 1338 	ld	de, #_SwSprite
    000007FB 19               [11] 1339 	add	hl, de
    000007FC DD 75 F0         [19] 1340 	ld	-16 (ix), l
    000007FF DD 74 F1         [19] 1341 	ld	-15 (ix), h
                                   1342 ;E:\Dropbox\FAUSTO\SVILUPPI\MSX\CODE\C\MSXgl\projects\soccerlgMSX2/soccerlg_s16_b3.c:107: u8 keeper_team_idx = (keeper_idx == 0) ? 0 : 1;
    00000802 DD 7E E4         [19] 1343 	ld	a, -28 (ix)
    00000805 B7               [ 4] 1344 	or	a, a
    00000806 20 06            [12] 1345 	jr	NZ, 00257$
    00000808 01 00 00         [10] 1346 	ld	bc, #0x0000
    0000080B C3r11r08         [10] 1347 	jp	00258$
    0000080E                       1348 00257$:
    0000080E 01 01 00         [10] 1349 	ld	bc, #0x0001
    00000811                       1350 00258$:
                                   1351 ;E:\Dropbox\FAUSTO\SVILUPPI\MSX\CODE\C\MSXgl\projects\soccerlgMSX2/soccerlg_s16_b3.c:108: bool is_keeper_human = (keeper_team_idx == TEAM_2) || (keeper_team_idx == TEAM_1 && GameMode == GAMEMODE_P1_VS_P2);
    00000811 DD 71 F2         [19] 1352 	ld	-14 (ix), c
    00000814 79               [ 4] 1353 	ld	a, c
    00000815 3D               [ 4] 1354 	dec	a
    00000816 28 10            [12] 1355 	jr	Z, 00260$
    00000818 DD 7E F2         [19] 1356 	ld	a, -14 (ix)
    0000081B B7               [ 4] 1357 	or	a, a
    0000081C 20 06            [12] 1358 	jr	NZ, 00259$
    0000081E 3Ar00r00         [13] 1359 	ld	a, (_GameMode+0)
    00000821 3D               [ 4] 1360 	dec	a
    00000822 28 04            [12] 1361 	jr	Z, 00260$
    00000824                       1362 00259$:
    00000824 AF               [ 4] 1363 	xor	a, a
    00000825 C3r2Ar08         [10] 1364 	jp	00261$
    00000828                       1365 00260$:
    00000828 3E 01            [ 7] 1366 	ld	a, #0x01
    0000082A                       1367 00261$:
    0000082A DD 77 F3         [19] 1368 	ld	-13 (ix), a
                                   1369 ;E:\Dropbox\FAUSTO\SVILUPPI\MSX\CODE\C\MSXgl\projects\soccerlgMSX2/soccerlg_s16_b3.c:109: bool is_shooter_human = (g_penalty_team == TEAM_2) || (g_penalty_team == TEAM_1 && GameMode == GAMEMODE_P1_VS_P2);
    0000082D 3Ar00r00         [13] 1370 	ld	a, (_g_penalty_team+0)
    00000830 3D               [ 4] 1371 	dec	a
    00000831 28 10            [12] 1372 	jr	Z, 00266$
    00000833 3Ar00r00         [13] 1373 	ld	a, (_g_penalty_team+0)
    00000836 B7               [ 4] 1374 	or	a, a
    00000837 20 06            [12] 1375 	jr	NZ, 00265$
    00000839 3Ar00r00         [13] 1376 	ld	a, (_GameMode+0)
    0000083C 3D               [ 4] 1377 	dec	a
    0000083D 28 04            [12] 1378 	jr	Z, 00266$
    0000083F                       1379 00265$:
    0000083F AF               [ 4] 1380 	xor	a, a
    00000840 C3r45r08         [10] 1381 	jp	00267$
    00000843                       1382 00266$:
    00000843 3E 01            [ 7] 1383 	ld	a, #0x01
    00000845                       1384 00267$:
    00000845 DD 77 F4         [19] 1385 	ld	-12 (ix), a
                                   1386 ;E:\Dropbox\FAUSTO\SVILUPPI\MSX\CODE\C\MSXgl\projects\soccerlgMSX2/soccerlg_s16_b3.c:110: bool do_shot = FALSE;
    00000848 DD 36 F5 00      [19] 1387 	ld	-11 (ix), #0x00
                                   1388 ;E:\Dropbox\FAUSTO\SVILUPPI\MSX\CODE\C\MSXgl\projects\soccerlgMSX2/soccerlg_s16_b3.c:111: u8 shot_dir = 1; // 0=sx, 1=centro, 2=dx
    0000084C DD 36 F6 01      [19] 1389 	ld	-10 (ix), #0x01
                                   1390 ;E:\Dropbox\FAUSTO\SVILUPPI\MSX\CODE\C\MSXgl\projects\soccerlgMSX2/soccerlg_s16_b3.c:114: SwSprite[25].ly = 1000;
    00000850 21 E8 03         [10] 1391 	ld	hl, #0x03e8
    00000853 22r43r02         [16] 1392 	ld	((_SwSprite + 579)), hl
                                   1393 ;E:\Dropbox\FAUSTO\SVILUPPI\MSX\CODE\C\MSXgl\projects\soccerlgMSX2/soccerlg_s16_b3.c:117: if(is_keeper_human) {
    00000856 DD 7E F3         [19] 1394 	ld	a, -13 (ix)
    00000859 B7               [ 4] 1395 	or	a, a
    0000085A 28 3E            [12] 1396 	jr	Z, 00157$
                                   1397 ;E:\Dropbox\FAUSTO\SVILUPPI\MSX\CODE\C\MSXgl\projects\soccerlgMSX2/soccerlg_s16_b3.c:118: u8 k_dir = g_player_input[keeper_team_idx].direction;
    0000085C 01r00r00         [10] 1398 	ld	bc, #_g_player_input+0
    0000085F DD 5E F2         [19] 1399 	ld	e, -14 (ix)
    00000862 16 00            [ 7] 1400 	ld	d, #0x00
    00000864 6B               [ 4] 1401 	ld	l, e
    00000865 62               [ 4] 1402 	ld	h, d
    00000866 29               [11] 1403 	add	hl, hl
    00000867 19               [11] 1404 	add	hl, de
    00000868 09               [11] 1405 	add	hl, bc
    00000869 4E               [ 7] 1406 	ld	c, (hl)
                                   1407 ;E:\Dropbox\FAUSTO\SVILUPPI\MSX\CODE\C\MSXgl\projects\soccerlgMSX2/soccerlg_s16_b3.c:119: if(k_dir == DIRECTION_LEFT || k_dir == DIRECTION_UP_LEFT || k_dir == DIRECTION_DOWN_LEFT) Keeper->dx = 0; // Sinistra del tiratore (Ovest)
    0000086A DD 6E F0         [19] 1408 	ld	l, -16 (ix)
    0000086D DD 66 F1         [19] 1409 	ld	h, -15 (ix)
    00000870 11 11 00         [10] 1410 	ld	de, #0x0011
    00000873 19               [11] 1411 	add	hl, de
    00000874 79               [ 4] 1412 	ld	a,c
    00000875 FE 07            [ 7] 1413 	cp	a,#0x07
    00000877 28 08            [12] 1414 	jr	Z, 00151$
    00000879 FE 08            [ 7] 1415 	cp	a,#0x08
    0000087B 28 04            [12] 1416 	jr	Z, 00151$
    0000087D D6 06            [ 7] 1417 	sub	a, #0x06
    0000087F 20 05            [12] 1418 	jr	NZ, 00152$
    00000881                       1419 00151$:
    00000881 36 00            [10] 1420 	ld	(hl), #0x00
    00000883 C3r9Ar08         [10] 1421 	jp	00157$
    00000886                       1422 00152$:
                                   1423 ;E:\Dropbox\FAUSTO\SVILUPPI\MSX\CODE\C\MSXgl\projects\soccerlgMSX2/soccerlg_s16_b3.c:120: else if (k_dir == DIRECTION_RIGHT || k_dir == DIRECTION_UP_RIGHT || k_dir == DIRECTION_DOWN_RIGHT) Keeper->dx = 2; // Destra del tiratore (Est)
    00000886 79               [ 4] 1424 	ld	a,c
    00000887 FE 03            [ 7] 1425 	cp	a,#0x03
    00000889 28 08            [12] 1426 	jr	Z, 00146$
    0000088B FE 02            [ 7] 1427 	cp	a,#0x02
    0000088D 28 04            [12] 1428 	jr	Z, 00146$
    0000088F D6 04            [ 7] 1429 	sub	a, #0x04
    00000891 20 05            [12] 1430 	jr	NZ, 00147$
    00000893                       1431 00146$:
    00000893 36 02            [10] 1432 	ld	(hl), #0x02
    00000895 C3r9Ar08         [10] 1433 	jp	00157$
    00000898                       1434 00147$:
                                   1435 ;E:\Dropbox\FAUSTO\SVILUPPI\MSX\CODE\C\MSXgl\projects\soccerlgMSX2/soccerlg_s16_b3.c:121: else Keeper->dx = 1; // Nessuna direzione = Fermo al centro
    00000898 36 01            [10] 1436 	ld	(hl), #0x01
    0000089A                       1437 00157$:
                                   1438 ;E:\Dropbox\FAUSTO\SVILUPPI\MSX\CODE\C\MSXgl\projects\soccerlgMSX2/soccerlg_s16_b3.c:125: struct ObjectInfo* Shooter = &SwSprite[g_penalty_shooter_idx];
    0000089A ED 4Br00r00      [20] 1439 	ld	bc, (_g_penalty_shooter_idx)
    0000089E 06 00            [ 7] 1440 	ld	b, #0x00
    000008A0 69               [ 4] 1441 	ld	l, c
    000008A1 60               [ 4] 1442 	ld	h, b
    000008A2 29               [11] 1443 	add	hl, hl
    000008A3 29               [11] 1444 	add	hl, hl
    000008A4 09               [11] 1445 	add	hl, bc
    000008A5 29               [11] 1446 	add	hl, hl
    000008A6 09               [11] 1447 	add	hl, bc
    000008A7 29               [11] 1448 	add	hl, hl
    000008A8 09               [11] 1449 	add	hl, bc
    000008A9 11r00r00         [10] 1450 	ld	de, #_SwSprite
    000008AC 19               [11] 1451 	add	hl, de
    000008AD DD 75 F7         [19] 1452 	ld	-9 (ix), l
    000008B0 DD 74 F8         [19] 1453 	ld	-8 (ix), h
                                   1454 ;E:\Dropbox\FAUSTO\SVILUPPI\MSX\CODE\C\MSXgl\projects\soccerlgMSX2/soccerlg_s16_b3.c:126: if(is_shooter_human) {
    000008B3 DD 7E F4         [19] 1455 	ld	a, -12 (ix)
    000008B6 B7               [ 4] 1456 	or	a, a
    000008B7 CAr7Er09         [10] 1457 	jp	Z, 00175$
                                   1458 ;E:\Dropbox\FAUSTO\SVILUPPI\MSX\CODE\C\MSXgl\projects\soccerlgMSX2/soccerlg_s16_b3.c:127: u8 dir = g_player_input[g_penalty_team].direction;
    000008BA ED 4Br00r00      [20] 1459 	ld	bc, (_g_penalty_team)
    000008BE 06 00            [ 7] 1460 	ld	b, #0x00
    000008C0 69               [ 4] 1461 	ld	l, c
    000008C1 60               [ 4] 1462 	ld	h, b
    000008C2 29               [11] 1463 	add	hl, hl
    000008C3 09               [11] 1464 	add	hl, bc
    000008C4 DD 75 EE         [19] 1465 	ld	-18 (ix), l
    000008C7 DD 74 EF         [19] 1466 	ld	-17 (ix), h
    000008CA 3Er00            [ 7] 1467 	ld	a, #<(_g_player_input)
    000008CC DD 86 EE         [19] 1468 	add	a, -18 (ix)
    000008CF DD 77 F9         [19] 1469 	ld	-7 (ix), a
    000008D2 3Es00            [ 7] 1470 	ld	a, #>(_g_player_input)
    000008D4 DD 8E EF         [19] 1471 	adc	a, -17 (ix)
    000008D7 DD 77 FA         [19] 1472 	ld	-6 (ix), a
    000008DA DD 6E F9         [19] 1473 	ld	l, -7 (ix)
    000008DD DD 66 FA         [19] 1474 	ld	h, -6 (ix)
    000008E0 7E               [ 7] 1475 	ld	a, (hl)
    000008E1 DD 77 FF         [19] 1476 	ld	-1 (ix), a
                                   1477 ;E:\Dropbox\FAUSTO\SVILUPPI\MSX\CODE\C\MSXgl\projects\soccerlgMSX2/soccerlg_s16_b3.c:128: if(dir == DIRECTION_LEFT || dir == DIRECTION_UP_LEFT || dir == DIRECTION_DOWN_LEFT) Shooter->dx = 0; // Sinistra
    000008E4 DD 7E F7         [19] 1478 	ld	a, -9 (ix)
    000008E7 C6 11            [ 7] 1479 	add	a, #0x11
    000008E9 DD 77 F9         [19] 1480 	ld	-7 (ix), a
    000008EC DD 7E F8         [19] 1481 	ld	a, -8 (ix)
    000008EF CE 00            [ 7] 1482 	adc	a, #0x00
    000008F1 DD 77 FA         [19] 1483 	ld	-6 (ix), a
    000008F4 DD 7E FF         [19] 1484 	ld	a, -1 (ix)
    000008F7 D6 07            [ 7] 1485 	sub	a, #0x07
    000008F9 28 0E            [12] 1486 	jr	Z, 00165$
    000008FB DD 7E FF         [19] 1487 	ld	a, -1 (ix)
    000008FE D6 08            [ 7] 1488 	sub	a, #0x08
    00000900 28 07            [12] 1489 	jr	Z, 00165$
    00000902 DD 7E FF         [19] 1490 	ld	a, -1 (ix)
    00000905 D6 06            [ 7] 1491 	sub	a, #0x06
    00000907 20 0B            [12] 1492 	jr	NZ, 00166$
    00000909                       1493 00165$:
    00000909 DD 6E F9         [19] 1494 	ld	l, -7 (ix)
    0000090C DD 66 FA         [19] 1495 	ld	h, -6 (ix)
    0000090F 36 00            [10] 1496 	ld	(hl), #0x00
    00000911 C3r42r09         [10] 1497 	jp	00167$
    00000914                       1498 00166$:
                                   1499 ;E:\Dropbox\FAUSTO\SVILUPPI\MSX\CODE\C\MSXgl\projects\soccerlgMSX2/soccerlg_s16_b3.c:129: else if(dir == DIRECTION_RIGHT || dir == DIRECTION_UP_RIGHT || dir == DIRECTION_DOWN_RIGHT) Shooter->dx = 2; // Destra
    00000914 DD 7E FF         [19] 1500 	ld	a, -1 (ix)
    00000917 D6 03            [ 7] 1501 	sub	a, #0x03
    00000919 28 0E            [12] 1502 	jr	Z, 00160$
    0000091B DD 7E FF         [19] 1503 	ld	a, -1 (ix)
    0000091E D6 02            [ 7] 1504 	sub	a, #0x02
    00000920 28 07            [12] 1505 	jr	Z, 00160$
    00000922 DD 7E FF         [19] 1506 	ld	a, -1 (ix)
    00000925 D6 04            [ 7] 1507 	sub	a, #0x04
    00000927 20 0B            [12] 1508 	jr	NZ, 00161$
    00000929                       1509 00160$:
    00000929 DD 6E F9         [19] 1510 	ld	l, -7 (ix)
    0000092C DD 66 FA         [19] 1511 	ld	h, -6 (ix)
    0000092F 36 02            [10] 1512 	ld	(hl), #0x02
    00000931 C3r42r09         [10] 1513 	jp	00167$
    00000934                       1514 00161$:
                                   1515 ;E:\Dropbox\FAUSTO\SVILUPPI\MSX\CODE\C\MSXgl\projects\soccerlgMSX2/soccerlg_s16_b3.c:130: else if(dir != DIRECTION_NONE) Shooter->dx = 1; // Premendo Su o Giù si reimposta il tiro dritto
    00000934 DD 7E FF         [19] 1516 	ld	a, -1 (ix)
    00000937 B7               [ 4] 1517 	or	a, a
    00000938 28 08            [12] 1518 	jr	Z, 00167$
    0000093A DD 6E F9         [19] 1519 	ld	l, -7 (ix)
    0000093D DD 66 FA         [19] 1520 	ld	h, -6 (ix)
    00000940 36 01            [10] 1521 	ld	(hl), #0x01
    00000942                       1522 00167$:
                                   1523 ;E:\Dropbox\FAUSTO\SVILUPPI\MSX\CODE\C\MSXgl\projects\soccerlgMSX2/soccerlg_s16_b3.c:133: shot_dir = Shooter->dx;
    00000942 DD 6E F9         [19] 1524 	ld	l, -7 (ix)
    00000945 DD 66 FA         [19] 1525 	ld	h, -6 (ix)
    00000948 7E               [ 7] 1526 	ld	a, (hl)
    00000949 DD 77 F6         [19] 1527 	ld	-10 (ix), a
                                   1528 ;E:\Dropbox\FAUSTO\SVILUPPI\MSX\CODE\C\MSXgl\projects\soccerlgMSX2/soccerlg_s16_b3.c:135: if(g_player_input[g_penalty_team].trigger_pressed) do_shot = TRUE; // Impedisce tiri accidentali
    0000094C ED 4Br00r00      [20] 1529 	ld	bc, (_g_penalty_team)
    00000950 06 00            [ 7] 1530 	ld	b, #0x00
    00000952 69               [ 4] 1531 	ld	l, c
    00000953 60               [ 4] 1532 	ld	h, b
    00000954 29               [11] 1533 	add	hl, hl
    00000955 09               [11] 1534 	add	hl, bc
    00000956 DD 75 EE         [19] 1535 	ld	-18 (ix), l
    00000959 DD 74 EF         [19] 1536 	ld	-17 (ix), h
    0000095C 3Er00            [ 7] 1537 	ld	a, #<(_g_player_input)
    0000095E DD 86 EE         [19] 1538 	add	a, -18 (ix)
    00000961 DD 77 F9         [19] 1539 	ld	-7 (ix), a
    00000964 3Es00            [ 7] 1540 	ld	a, #>(_g_player_input)
    00000966 DD 8E EF         [19] 1541 	adc	a, -17 (ix)
    00000969 DD 77 FA         [19] 1542 	ld	-6 (ix), a
    0000096C DD 6E F9         [19] 1543 	ld	l, -7 (ix)
    0000096F DD 66 FA         [19] 1544 	ld	h, -6 (ix)
    00000972 23               [ 6] 1545 	inc	hl
    00000973 7E               [ 7] 1546 	ld	a, (hl)
    00000974 B7               [ 4] 1547 	or	a, a
    00000975 28 51            [12] 1548 	jr	Z, 00176$
    00000977 DD 36 F5 01      [19] 1549 	ld	-11 (ix), #0x01
    0000097B C3rC8r09         [10] 1550 	jp	00176$
    0000097E                       1551 00175$:
                                   1552 ;E:\Dropbox\FAUSTO\SVILUPPI\MSX\CODE\C\MSXgl\projects\soccerlgMSX2/soccerlg_s16_b3.c:138: u8 target_wait = 2 + (Frms % 3); // random tra 2, 3 o 4 (pari a 3s, 2s, 1s di attesa)
    0000097E 3Ar00r00         [13] 1553 	ld	a, (_Frms+0)
    00000981 DD 77 F9         [19] 1554 	ld	-7 (ix), a
    00000984 DD 36 FA 00      [19] 1555 	ld	-6 (ix), #0x00
    00000988 11 03 00         [10] 1556 	ld	de, #0x0003
    0000098B DD 6E F9         [19] 1557 	ld	l, -7 (ix)
                                   1558 ;	spillPairReg hl
                                   1559 ;	spillPairReg hl
    0000098E DD 66 FA         [19] 1560 	ld	h, -6 (ix)
                                   1561 ;	spillPairReg hl
                                   1562 ;	spillPairReg hl
    00000991 CDr00r00         [17] 1563 	call	__modsint
    00000994 DD 73 EE         [19] 1564 	ld	-18 (ix), e
    00000997 DD 72 EF         [19] 1565 	ld	-17 (ix), d
    0000099A DD 7E EE         [19] 1566 	ld	a, -18 (ix)
    0000099D DD 77 FF         [19] 1567 	ld	-1 (ix), a
    000009A0 DD 34 FF         [23] 1568 	inc	-1 (ix)
    000009A3 DD 34 FF         [23] 1569 	inc	-1 (ix)
                                   1570 ;E:\Dropbox\FAUSTO\SVILUPPI\MSX\CODE\C\MSXgl\projects\soccerlgMSX2/soccerlg_s16_b3.c:139: if(*wait_secs <= target_wait) {
    000009A6 DD 6E FB         [19] 1571 	ld	l, -5 (ix)
    000009A9 DD 66 FC         [19] 1572 	ld	h, -4 (ix)
    000009AC DD 7E FF         [19] 1573 	ld	a,-1 (ix)
    000009AF 96               [ 7] 1574 	sub	a,(hl)
    000009B0 38 16            [12] 1575 	jr	C, 00176$
                                   1576 ;E:\Dropbox\FAUSTO\SVILUPPI\MSX\CODE\C\MSXgl\projects\soccerlgMSX2/soccerlg_s16_b3.c:140: do_shot = TRUE;
    000009B2 DD 36 F5 01      [19] 1577 	ld	-11 (ix), #0x01
                                   1578 ;E:\Dropbox\FAUSTO\SVILUPPI\MSX\CODE\C\MSXgl\projects\soccerlgMSX2/soccerlg_s16_b3.c:141: shot_dir = ((Frms % 2) == 0) ? 0 : 2; // CPU sceglie a caso tra sx e dx
    000009B6 DD CB F9 46      [20] 1579 	bit	0, -7 (ix)
    000009BA 20 06            [12] 1580 	jr	NZ, 00271$
    000009BC 11 00 00         [10] 1581 	ld	de, #0x0000
    000009BF C3rC5r09         [10] 1582 	jp	00272$
    000009C2                       1583 00271$:
    000009C2 11 02 00         [10] 1584 	ld	de, #0x0002
    000009C5                       1585 00272$:
    000009C5 DD 73 F6         [19] 1586 	ld	-10 (ix), e
    000009C8                       1587 00176$:
                                   1588 ;E:\Dropbox\FAUSTO\SVILUPPI\MSX\CODE\C\MSXgl\projects\soccerlgMSX2/soccerlg_s16_b3.c:145: if (*start_sec < Frms) { if (*wait_secs > 0) (*wait_secs)--; }
    000009C8 DD 5E 04         [19] 1589 	ld	e, 4 (ix)
    000009CB DD 56 05         [19] 1590 	ld	d, 5 (ix)
    000009CE 1A               [ 7] 1591 	ld	a, (de)
    000009CF 4F               [ 4] 1592 	ld	c, a
    000009D0 21r00r00         [10] 1593 	ld	hl, #_Frms
    000009D3 79               [ 4] 1594 	ld	a, c
    000009D4 96               [ 7] 1595 	sub	a, (hl)
    000009D5 30 12            [12] 1596 	jr	NC, 00180$
    000009D7 DD 6E FB         [19] 1597 	ld	l, -5 (ix)
    000009DA DD 66 FC         [19] 1598 	ld	h, -4 (ix)
    000009DD 7E               [ 7] 1599 	ld	a, (hl)
    000009DE B7               [ 4] 1600 	or	a, a
    000009DF 28 08            [12] 1601 	jr	Z, 00180$
    000009E1 3D               [ 4] 1602 	dec	a
    000009E2 DD 6E FB         [19] 1603 	ld	l, -5 (ix)
    000009E5 DD 66 FC         [19] 1604 	ld	h, -4 (ix)
    000009E8 77               [ 7] 1605 	ld	(hl), a
    000009E9                       1606 00180$:
                                   1607 ;E:\Dropbox\FAUSTO\SVILUPPI\MSX\CODE\C\MSXgl\projects\soccerlgMSX2/soccerlg_s16_b3.c:146: *start_sec = Frms;
    000009E9 3Ar00r00         [13] 1608 	ld	a, (_Frms+0)
    000009EC 12               [ 7] 1609 	ld	(de), a
                                   1610 ;E:\Dropbox\FAUSTO\SVILUPPI\MSX\CODE\C\MSXgl\projects\soccerlgMSX2/soccerlg_s16_b3.c:149: if (*wait_secs == 0) {
    000009ED DD 6E FB         [19] 1611 	ld	l, -5 (ix)
    000009F0 DD 66 FC         [19] 1612 	ld	h, -4 (ix)
    000009F3 7E               [ 7] 1613 	ld	a, (hl)
    000009F4 B7               [ 4] 1614 	or	a, a
    000009F5 20 18            [12] 1615 	jr	NZ, 00184$
                                   1616 ;E:\Dropbox\FAUSTO\SVILUPPI\MSX\CODE\C\MSXgl\projects\soccerlgMSX2/soccerlg_s16_b3.c:150: do_shot = TRUE;
    000009F7 DD 36 F5 01      [19] 1617 	ld	-11 (ix), #0x01
                                   1618 ;E:\Dropbox\FAUSTO\SVILUPPI\MSX\CODE\C\MSXgl\projects\soccerlgMSX2/soccerlg_s16_b3.c:151: if (is_shooter_human) shot_dir = Shooter->dx;
    000009FB DD 7E F4         [19] 1619 	ld	a, -12 (ix)
    000009FE B7               [ 4] 1620 	or	a, a
    000009FF 28 0E            [12] 1621 	jr	Z, 00184$
    00000A01 DD 4E F7         [19] 1622 	ld	c, -9 (ix)
    00000A04 DD 46 F8         [19] 1623 	ld	b, -8 (ix)
    00000A07 21 11 00         [10] 1624 	ld	hl, #17
    00000A0A 09               [11] 1625 	add	hl, bc
    00000A0B 7E               [ 7] 1626 	ld	a, (hl)
    00000A0C DD 77 F6         [19] 1627 	ld	-10 (ix), a
    00000A0F                       1628 00184$:
                                   1629 ;E:\Dropbox\FAUSTO\SVILUPPI\MSX\CODE\C\MSXgl\projects\soccerlgMSX2/soccerlg_s16_b3.c:155: if (!do_shot) {
    00000A0F DD 7E F5         [19] 1630 	ld	a, -11 (ix)
    00000A12 B7               [ 4] 1631 	or	a, a
    00000A13 20 4F            [12] 1632 	jr	NZ, 00186$
                                   1633 ;E:\Dropbox\FAUSTO\SVILUPPI\MSX\CODE\C\MSXgl\projects\soccerlgMSX2/soccerlg_s16_b3.c:156: Keeper->anim++;
    00000A15 DD 6E F0         [19] 1634 	ld	l, -16 (ix)
    00000A18 DD 66 F1         [19] 1635 	ld	h, -15 (ix)
    00000A1B 11 13 00         [10] 1636 	ld	de, #0x0013
    00000A1E 19               [11] 1637 	add	hl, de
    00000A1F 5E               [ 7] 1638 	ld	e, (hl)
    00000A20 23               [ 6] 1639 	inc	hl
    00000A21 56               [ 7] 1640 	ld	d, (hl)
    00000A22 2B               [ 6] 1641 	dec	hl
    00000A23 13               [ 6] 1642 	inc	de
    00000A24 73               [ 7] 1643 	ld	(hl), e
    00000A25 23               [ 6] 1644 	inc	hl
    00000A26 72               [ 7] 1645 	ld	(hl), d
                                   1646 ;E:\Dropbox\FAUSTO\SVILUPPI\MSX\CODE\C\MSXgl\projects\soccerlgMSX2/soccerlg_s16_b3.c:157: Keeper->frame = ((Keeper->anim / 15) % 2 == 0) ? SPR_GK_PLAYER_SOUTH_1 : SPR_GK_PLAYER_SOUTH_2;
    00000A27 DD 7E F0         [19] 1647 	ld	a, -16 (ix)
    00000A2A C6 0F            [ 7] 1648 	add	a, #0x0f
    00000A2C DD 77 EE         [19] 1649 	ld	-18 (ix), a
    00000A2F DD 7E F1         [19] 1650 	ld	a, -15 (ix)
    00000A32 CE 00            [ 7] 1651 	adc	a, #0x00
    00000A34 DD 77 EF         [19] 1652 	ld	-17 (ix), a
    00000A37 EB               [ 4] 1653 	ex	de, hl
    00000A38 11 0F 00         [10] 1654 	ld	de, #0x000f
    00000A3B CDr00r00         [17] 1655 	call	__divuint
    00000A3E CB 43            [ 8] 1656 	bit	0, e
    00000A40 20 0B            [12] 1657 	jr	NZ, 00273$
    00000A42 DD 36 F9 F3      [19] 1658 	ld	-7 (ix), #0xf3
    00000A46 DD 36 FA 00      [19] 1659 	ld	-6 (ix), #0
    00000A4A C3r55r0A         [10] 1660 	jp	00274$
    00000A4D                       1661 00273$:
    00000A4D DD 36 F9 F4      [19] 1662 	ld	-7 (ix), #0xf4
    00000A51 DD 36 FA 00      [19] 1663 	ld	-6 (ix), #0
    00000A55                       1664 00274$:
    00000A55 DD 4E F9         [19] 1665 	ld	c, -7 (ix)
    00000A58 DD 46 FA         [19] 1666 	ld	b, -6 (ix)
    00000A5B DD 6E EE         [19] 1667 	ld	l, -18 (ix)
    00000A5E DD 66 EF         [19] 1668 	ld	h, -17 (ix)
    00000A61 71               [ 7] 1669 	ld	(hl), c
    00000A62 23               [ 6] 1670 	inc	hl
    00000A63 70               [ 7] 1671 	ld	(hl), b
    00000A64                       1672 00186$:
                                   1673 ;E:\Dropbox\FAUSTO\SVILUPPI\MSX\CODE\C\MSXgl\projects\soccerlgMSX2/soccerlg_s16_b3.c:160: if(do_shot) {
    00000A64 DD 7E F5         [19] 1674 	ld	a, -11 (ix)
    00000A67 B7               [ 4] 1675 	or	a, a
    00000A68 CArACr0C         [10] 1676 	jp	Z, 00219$
                                   1677 ;E:\Dropbox\FAUSTO\SVILUPPI\MSX\CODE\C\MSXgl\projects\soccerlgMSX2/soccerlg_s16_b3.c:161: *wait_secs = 0; // Prepara il timer per lo stato 15
    00000A6B DD 6E FB         [19] 1678 	ld	l, -5 (ix)
    00000A6E DD 66 FC         [19] 1679 	ld	h, -4 (ix)
    00000A71 36 00            [10] 1680 	ld	(hl), #0x00
                                   1681 ;E:\Dropbox\FAUSTO\SVILUPPI\MSX\CODE\C\MSXgl\projects\soccerlgMSX2/soccerlg_s16_b3.c:163: u8 target_x_pos[] = {92, 120, 140};
    00000A73 DD 36 E1 5C      [19] 1682 	ld	-31 (ix), #0x5c
    00000A77 DD 36 E2 78      [19] 1683 	ld	-30 (ix), #0x78
    00000A7B DD 36 E3 8C      [19] 1684 	ld	-29 (ix), #0x8c
                                   1685 ;E:\Dropbox\FAUSTO\SVILUPPI\MSX\CODE\C\MSXgl\projects\soccerlgMSX2/soccerlg_s16_b3.c:164: g_pass_start_x = Ball->lx; g_pass_start_y = Ball->ly;
    00000A7F 3Ar42r01         [13] 1686 	ld	a, (#(_SwSprite + 322) + 0)
    00000A82 DD 77 FF         [19] 1687 	ld	-1 (ix), a
    00000A85 32r00r00         [13] 1688 	ld	(_g_pass_start_x+0), a
    00000A88 21r01r00         [10] 1689 	ld	hl, #_g_pass_start_x + 1
    00000A8B 36 00            [10] 1690 	ld	(hl), #0x00
    00000A8D 21r46r01         [10] 1691 	ld	hl, #(_SwSprite + 322) + 4
    00000A90 7E               [ 7] 1692 	ld	a, (hl)
    00000A91 23               [ 6] 1693 	inc	hl
    00000A92 32r00r00         [13] 1694 	ld	(_g_pass_start_y+0), a
    00000A95 7E               [ 7] 1695 	ld	a, (hl)
    00000A96 32r01r00         [13] 1696 	ld	(_g_pass_start_y+1), a
                                   1697 ;E:\Dropbox\FAUSTO\SVILUPPI\MSX\CODE\C\MSXgl\projects\soccerlgMSX2/soccerlg_s16_b3.c:165: g_pass_target_x = target_x_pos[shot_dir]; g_pass_target_y = 16;
    00000A99 DD 5E F6         [19] 1698 	ld	e, -10 (ix)
    00000A9C 16 00            [ 7] 1699 	ld	d, #0x00
    00000A9E 21 01 00         [10] 1700 	ld	hl, #1
    00000AA1 39               [11] 1701 	add	hl, sp
    00000AA2 19               [11] 1702 	add	hl, de
    00000AA3 DD 75 F9         [19] 1703 	ld	-7 (ix), l
    00000AA6 DD 74 FA         [19] 1704 	ld	-6 (ix), h
    00000AA9 7E               [ 7] 1705 	ld	a, (hl)
    00000AAA DD 77 FF         [19] 1706 	ld	-1 (ix), a
    00000AAD 32r00r00         [13] 1707 	ld	(_g_pass_target_x+0), a
    00000AB0 21r01r00         [10] 1708 	ld	hl, #_g_pass_target_x + 1
    00000AB3 36 00            [10] 1709 	ld	(hl), #0x00
    00000AB5 21 10 00         [10] 1710 	ld	hl, #0x0010
    00000AB8 22r00r00         [16] 1711 	ld	(_g_pass_target_y), hl
                                   1712 ;E:\Dropbox\FAUSTO\SVILUPPI\MSX\CODE\C\MSXgl\projects\soccerlgMSX2/soccerlg_s16_b3.c:166: g_pass_max_frames = 15; g_pass_max_height = 1; // Tiro basso e veloce (dimensione 1)
    00000ABB 3E 0F            [ 7] 1713 	ld	a, #0x0f
    00000ABD 32r00r00         [13] 1714 	ld	(#_g_pass_max_frames), a
    00000AC0 3E 01            [ 7] 1715 	ld	a, #0x01
    00000AC2 32r00r00         [13] 1716 	ld	(#_g_pass_max_height), a
                                   1717 ;E:\Dropbox\FAUSTO\SVILUPPI\MSX\CODE\C\MSXgl\projects\soccerlgMSX2/soccerlg_s16_b3.c:167: g_pass_receiver = 0xFF;
    00000AC5 3E FF            [ 7] 1718 	ld	a, #0xff
    00000AC7 32r00r00         [13] 1719 	ld	(#_g_pass_receiver), a
                                   1720 ;E:\Dropbox\FAUSTO\SVILUPPI\MSX\CODE\C\MSXgl\projects\soccerlgMSX2/soccerlg_s16_b3.c:168: Ball->anim = 5; Ball->count = 1;
    00000ACA 2E 05            [ 7] 1721 	ld	l, #0x05
    00000ACC 22r55r01         [16] 1722 	ld	((_SwSprite + 341)), hl
    00000ACF 2E 01            [ 7] 1723 	ld	l, #0x01
    00000AD1 22r57r01         [16] 1724 	ld	((_SwSprite + 343)), hl
                                   1725 ;E:\Dropbox\FAUSTO\SVILUPPI\MSX\CODE\C\MSXgl\projects\soccerlgMSX2/soccerlg_s16_b3.c:171: Shooter->frame = CallFnc_U16_P3(SEG_GAMESTATE_9, GetPlayerIdleFrame, g_penalty_shooter_idx, 0, (i8)-1);
    00000AD4 DD 7E F7         [19] 1726 	ld	a, -9 (ix)
    00000AD7 C6 0F            [ 7] 1727 	add	a, #0x0f
    00000AD9 DD 77 F9         [19] 1728 	ld	-7 (ix), a
    00000ADC DD 7E F8         [19] 1729 	ld	a, -8 (ix)
    00000ADF CE 00            [ 7] 1730 	adc	a, #0x00
    00000AE1 DD 77 FA         [19] 1731 	ld	-6 (ix), a
    00000AE4 3E FF            [ 7] 1732 	ld	a, #0xff
    00000AE6 F5               [11] 1733 	push	af
    00000AE7 33               [ 6] 1734 	inc	sp
    00000AE8 AF               [ 4] 1735 	xor	a, a
    00000AE9 F5               [11] 1736 	push	af
    00000AEA 33               [ 6] 1737 	inc	sp
    00000AEB 3Ar00r00         [13] 1738 	ld	a, (_g_penalty_shooter_idx+0)
    00000AEE F5               [11] 1739 	push	af
    00000AEF 33               [ 6] 1740 	inc	sp
    00000AF0 11r00r00         [10] 1741 	ld	de, #_GetPlayerIdleFrame
    00000AF3 3E 13            [ 7] 1742 	ld	a, #0x13
    00000AF5 CDr00r00         [17] 1743 	call	_CallFnc_U16_P3
    00000AF8 DD 73 F7         [19] 1744 	ld	-9 (ix), e
    00000AFB DD 72 F8         [19] 1745 	ld	-8 (ix), d
    00000AFE DD 6E F9         [19] 1746 	ld	l, -7 (ix)
    00000B01 DD 66 FA         [19] 1747 	ld	h, -6 (ix)
    00000B04 DD 7E F7         [19] 1748 	ld	a, -9 (ix)
    00000B07 77               [ 7] 1749 	ld	(hl), a
    00000B08 23               [ 6] 1750 	inc	hl
    00000B09 DD 7E F8         [19] 1751 	ld	a, -8 (ix)
    00000B0C 77               [ 7] 1752 	ld	(hl), a
                                   1753 ;E:\Dropbox\FAUSTO\SVILUPPI\MSX\CODE\C\MSXgl\projects\soccerlgMSX2/soccerlg_s16_b3.c:175: if(is_keeper_human) {
    00000B0D DD 7E F3         [19] 1754 	ld	a, -13 (ix)
    00000B10 B7               [ 4] 1755 	or	a, a
    00000B11 28 11            [12] 1756 	jr	Z, 00197$
                                   1757 ;E:\Dropbox\FAUSTO\SVILUPPI\MSX\CODE\C\MSXgl\projects\soccerlgMSX2/soccerlg_s16_b3.c:176: dive_dir = Keeper->dx; // Usa la direzione corrente
    00000B13 DD 4E F0         [19] 1758 	ld	c, -16 (ix)
    00000B16 DD 46 F1         [19] 1759 	ld	b, -15 (ix)
    00000B19 21 11 00         [10] 1760 	ld	hl, #17
    00000B1C 09               [11] 1761 	add	hl, bc
    00000B1D 7E               [ 7] 1762 	ld	a, (hl)
    00000B1E DD 77 FF         [19] 1763 	ld	-1 (ix), a
    00000B21 C3r06r0C         [10] 1764 	jp	00198$
    00000B24                       1765 00197$:
                                   1766 ;E:\Dropbox\FAUSTO\SVILUPPI\MSX\CODE\C\MSXgl\projects\soccerlgMSX2/soccerlg_s16_b3.c:179: u8 skill_chance = g_ActiveStats[keeper_team_idx].gk_penalty_skill * 12; // Es: Stat 5 = 60%
    00000B24 DD 4E F2         [19] 1767 	ld	c, -14 (ix)
    00000B27 06 00            [ 7] 1768 	ld	b, #0x00
    00000B29 69               [ 4] 1769 	ld	l, c
    00000B2A 60               [ 4] 1770 	ld	h, b
    00000B2B 29               [11] 1771 	add	hl, hl
    00000B2C 09               [11] 1772 	add	hl, bc
    00000B2D 29               [11] 1773 	add	hl, hl
    00000B2E 09               [11] 1774 	add	hl, bc
    00000B2F DD 75 F7         [19] 1775 	ld	-9 (ix), l
    00000B32 DD 74 F8         [19] 1776 	ld	-8 (ix), h
    00000B35 3Er00            [ 7] 1777 	ld	a, #<(_g_ActiveStats)
    00000B37 DD 86 F7         [19] 1778 	add	a, -9 (ix)
    00000B3A DD 77 F9         [19] 1779 	ld	-7 (ix), a
    00000B3D 3Es00            [ 7] 1780 	ld	a, #>(_g_ActiveStats)
    00000B3F DD 8E F8         [19] 1781 	adc	a, -8 (ix)
    00000B42 DD 77 FA         [19] 1782 	ld	-6 (ix), a
    00000B45 DD 6E F9         [19] 1783 	ld	l, -7 (ix)
    00000B48 DD 66 FA         [19] 1784 	ld	h, -6 (ix)
    00000B4B 11 06 00         [10] 1785 	ld	de, #0x0006
    00000B4E 19               [11] 1786 	add	hl, de
    00000B4F 7E               [ 7] 1787 	ld	a, (hl)
    00000B50 DD 77 FF         [19] 1788 	ld	-1 (ix), a
    00000B53 4F               [ 4] 1789 	ld	c, a
    00000B54 87               [ 4] 1790 	add	a, a
    00000B55 81               [ 4] 1791 	add	a, c
    00000B56 87               [ 4] 1792 	add	a, a
    00000B57 87               [ 4] 1793 	add	a, a
    00000B58 DD 77 FF         [19] 1794 	ld	-1 (ix), a
                                   1795 ;E:\Dropbox\FAUSTO\SVILUPPI\MSX\CODE\C\MSXgl\projects\soccerlgMSX2/soccerlg_s16_b3.c:180: if ((Frms % 100) < skill_chance) {
    00000B5B 3Ar00r00         [13] 1796 	ld	a, (_Frms+0)
    00000B5E DD 77 F4         [19] 1797 	ld	-12 (ix), a
    00000B61 DD 36 F5 00      [19] 1798 	ld	-11 (ix), #0x00
    00000B65 11 64 00         [10] 1799 	ld	de, #0x0064
    00000B68 DD 6E F4         [19] 1800 	ld	l, -12 (ix)
                                   1801 ;	spillPairReg hl
                                   1802 ;	spillPairReg hl
    00000B6B DD 66 F5         [19] 1803 	ld	h, -11 (ix)
                                   1804 ;	spillPairReg hl
                                   1805 ;	spillPairReg hl
    00000B6E CDr00r00         [17] 1806 	call	__modsint
    00000B71 DD 73 F7         [19] 1807 	ld	-9 (ix), e
    00000B74 DD 72 F8         [19] 1808 	ld	-8 (ix), d
    00000B77 DD 7E FF         [19] 1809 	ld	a, -1 (ix)
    00000B7A DD 77 F9         [19] 1810 	ld	-7 (ix), a
    00000B7D DD 36 FA 00      [19] 1811 	ld	-6 (ix), #0x00
    00000B81 DD 7E F7         [19] 1812 	ld	a, -9 (ix)
    00000B84 DD 96 F9         [19] 1813 	sub	a, -7 (ix)
    00000B87 DD 7E F8         [19] 1814 	ld	a, -8 (ix)
    00000B8A DD 9E FA         [19] 1815 	sbc	a, -6 (ix)
    00000B8D E2r92r0B         [10] 1816 	jp	PO, 00718$
    00000B90 EE 80            [ 7] 1817 	xor	a, #0x80
    00000B92                       1818 00718$:
    00000B92 F2r9Er0B         [10] 1819 	jp	P, 00194$
                                   1820 ;E:\Dropbox\FAUSTO\SVILUPPI\MSX\CODE\C\MSXgl\projects\soccerlgMSX2/soccerlg_s16_b3.c:181: dive_dir = shot_dir; // Il portiere intuisce la direzione corretta!
    00000B95 DD 7E F6         [19] 1821 	ld	a, -10 (ix)
    00000B98 DD 77 FF         [19] 1822 	ld	-1 (ix), a
    00000B9B C3r06r0C         [10] 1823 	jp	00198$
    00000B9E                       1824 00194$:
                                   1825 ;E:\Dropbox\FAUSTO\SVILUPPI\MSX\CODE\C\MSXgl\projects\soccerlgMSX2/soccerlg_s16_b3.c:184: if (shot_dir == 0) dive_dir = ((Frms % 2) == 0) ? 1 : 2;
    00000B9E DD 7E F4         [19] 1826 	ld	a, -12 (ix)
    00000BA1 E6 01            [ 7] 1827 	and	a, #0x01
    00000BA3 DD 77 F9         [19] 1828 	ld	-7 (ix), a
    00000BA6 DD 36 FA 00      [19] 1829 	ld	-6 (ix), #0x00
    00000BAA DD 7E F6         [19] 1830 	ld	a, -10 (ix)
    00000BAD B7               [ 4] 1831 	or	a, a
    00000BAE 20 24            [12] 1832 	jr	NZ, 00191$
    00000BB0 DD 7E FA         [19] 1833 	ld	a, -6 (ix)
    00000BB3 DD B6 F9         [19] 1834 	or	a, -7 (ix)
    00000BB6 20 0B            [12] 1835 	jr	NZ, 00275$
    00000BB8 DD 36 F9 01      [19] 1836 	ld	-7 (ix), #0x01
    00000BBC DD 36 FA 00      [19] 1837 	ld	-6 (ix), #0
    00000BC0 C3rCBr0B         [10] 1838 	jp	00276$
    00000BC3                       1839 00275$:
    00000BC3 DD 36 F9 02      [19] 1840 	ld	-7 (ix), #0x02
    00000BC7 DD 36 FA 00      [19] 1841 	ld	-6 (ix), #0
    00000BCB                       1842 00276$:
    00000BCB DD 7E F9         [19] 1843 	ld	a, -7 (ix)
    00000BCE DD 77 FF         [19] 1844 	ld	-1 (ix), a
    00000BD1 C3r06r0C         [10] 1845 	jp	00198$
    00000BD4                       1846 00191$:
                                   1847 ;E:\Dropbox\FAUSTO\SVILUPPI\MSX\CODE\C\MSXgl\projects\soccerlgMSX2/soccerlg_s16_b3.c:185: else if (shot_dir == 2) dive_dir = ((Frms % 2) == 0) ? 0 : 1;
    00000BD4 DD 7E F6         [19] 1848 	ld	a, -10 (ix)
    00000BD7 D6 02            [ 7] 1849 	sub	a, #0x02
    00000BD9 20 17            [12] 1850 	jr	NZ, 00188$
    00000BDB DD 7E FA         [19] 1851 	ld	a, -6 (ix)
    00000BDE DD B6 F9         [19] 1852 	or	a, -7 (ix)
    00000BE1 20 06            [12] 1853 	jr	NZ, 00277$
    00000BE3 01 00 00         [10] 1854 	ld	bc, #0x0000
    00000BE6 C3rECr0B         [10] 1855 	jp	00278$
    00000BE9                       1856 00277$:
    00000BE9 01 01 00         [10] 1857 	ld	bc, #0x0001
    00000BEC                       1858 00278$:
    00000BEC DD 71 FF         [19] 1859 	ld	-1 (ix), c
    00000BEF C3r06r0C         [10] 1860 	jp	00198$
    00000BF2                       1861 00188$:
                                   1862 ;E:\Dropbox\FAUSTO\SVILUPPI\MSX\CODE\C\MSXgl\projects\soccerlgMSX2/soccerlg_s16_b3.c:186: else dive_dir = ((Frms % 2) == 0) ? 0 : 2;
    00000BF2 DD 7E FA         [19] 1863 	ld	a, -6 (ix)
    00000BF5 DD B6 F9         [19] 1864 	or	a, -7 (ix)
    00000BF8 20 06            [12] 1865 	jr	NZ, 00279$
    00000BFA 01 00 00         [10] 1866 	ld	bc, #0x0000
    00000BFD C3r03r0C         [10] 1867 	jp	00280$
    00000C00                       1868 00279$:
    00000C00 01 02 00         [10] 1869 	ld	bc, #0x0002
    00000C03                       1870 00280$:
    00000C03 DD 71 FF         [19] 1871 	ld	-1 (ix), c
    00000C06                       1872 00198$:
                                   1873 ;E:\Dropbox\FAUSTO\SVILUPPI\MSX\CODE\C\MSXgl\projects\soccerlgMSX2/soccerlg_s16_b3.c:157: Keeper->frame = ((Keeper->anim / 15) % 2 == 0) ? SPR_GK_PLAYER_SOUTH_1 : SPR_GK_PLAYER_SOUTH_2;
    00000C06 DD 7E F0         [19] 1874 	ld	a, -16 (ix)
    00000C09 C6 0F            [ 7] 1875 	add	a, #0x0f
    00000C0B DD 77 F9         [19] 1876 	ld	-7 (ix), a
    00000C0E DD 7E F1         [19] 1877 	ld	a, -15 (ix)
    00000C11 CE 00            [ 7] 1878 	adc	a, #0x00
    00000C13 DD 77 FA         [19] 1879 	ld	-6 (ix), a
                                   1880 ;E:\Dropbox\FAUSTO\SVILUPPI\MSX\CODE\C\MSXgl\projects\soccerlgMSX2/soccerlg_s16_b3.c:191: if(dive_dir == 0) { // Tuffo a Sinistra (X=92)
    00000C16 DD 7E FF         [19] 1881 	ld	a, -1 (ix)
    00000C19 B7               [ 4] 1882 	or	a, a
    00000C1A 20 16            [12] 1883 	jr	NZ, 00203$
                                   1884 ;E:\Dropbox\FAUSTO\SVILUPPI\MSX\CODE\C\MSXgl\projects\soccerlgMSX2/soccerlg_s16_b3.c:192: Keeper->frame = SPR_GK_PLAYER_DOWN_WEST_NORTH; // Ovest = Tuffo a Sinistra
    00000C1C DD 6E F9         [19] 1885 	ld	l, -7 (ix)
    00000C1F DD 66 FA         [19] 1886 	ld	h, -6 (ix)
    00000C22 36 EF            [10] 1887 	ld	(hl), #0xef
    00000C24 23               [ 6] 1888 	inc	hl
    00000C25 36 00            [10] 1889 	ld	(hl), #0x00
                                   1890 ;E:\Dropbox\FAUSTO\SVILUPPI\MSX\CODE\C\MSXgl\projects\soccerlgMSX2/soccerlg_s16_b3.c:193: Keeper->lx = 100; // Sposta il body a 100, mani della maglietta a 92
    00000C27 DD 6E F0         [19] 1891 	ld	l, -16 (ix)
    00000C2A DD 66 F1         [19] 1892 	ld	h, -15 (ix)
    00000C2D 36 64            [10] 1893 	ld	(hl), #0x64
    00000C2F C3r74r0C         [10] 1894 	jp	00204$
    00000C32                       1895 00203$:
                                   1896 ;E:\Dropbox\FAUSTO\SVILUPPI\MSX\CODE\C\MSXgl\projects\soccerlgMSX2/soccerlg_s16_b3.c:195: else if(dive_dir == 2) { // Tuffo a Destra (X=140)
    00000C32 DD 7E FF         [19] 1897 	ld	a, -1 (ix)
    00000C35 D6 02            [ 7] 1898 	sub	a, #0x02
    00000C37 20 16            [12] 1899 	jr	NZ, 00200$
                                   1900 ;E:\Dropbox\FAUSTO\SVILUPPI\MSX\CODE\C\MSXgl\projects\soccerlgMSX2/soccerlg_s16_b3.c:196: Keeper->frame = SPR_GK_PLAYER_DOWN_EAST_NORTH; // Est = Tuffo a Destra
    00000C39 DD 6E F9         [19] 1901 	ld	l, -7 (ix)
    00000C3C DD 66 FA         [19] 1902 	ld	h, -6 (ix)
    00000C3F 36 EE            [10] 1903 	ld	(hl), #0xee
    00000C41 23               [ 6] 1904 	inc	hl
    00000C42 36 00            [10] 1905 	ld	(hl), #0x00
                                   1906 ;E:\Dropbox\FAUSTO\SVILUPPI\MSX\CODE\C\MSXgl\projects\soccerlgMSX2/soccerlg_s16_b3.c:197: Keeper->lx = 132; // Sposta il body a 132, mani della maglietta a 140
    00000C44 DD 6E F0         [19] 1907 	ld	l, -16 (ix)
    00000C47 DD 66 F1         [19] 1908 	ld	h, -15 (ix)
    00000C4A 36 84            [10] 1909 	ld	(hl), #0x84
    00000C4C C3r74r0C         [10] 1910 	jp	00204$
    00000C4F                       1911 00200$:
                                   1912 ;E:\Dropbox\FAUSTO\SVILUPPI\MSX\CODE\C\MSXgl\projects\soccerlgMSX2/soccerlg_s16_b3.c:200: Keeper->frame = CallFnc_U16_P3(SEG_GAMESTATE_9, GetPlayerIdleFrame, keeper_idx, 0, 1); // Posa in attesa centrale
    00000C4F 3E 01            [ 7] 1913 	ld	a, #0x01
    00000C51 F5               [11] 1914 	push	af
    00000C52 33               [ 6] 1915 	inc	sp
    00000C53 AF               [ 4] 1916 	xor	a, a
    00000C54 F5               [11] 1917 	push	af
    00000C55 33               [ 6] 1918 	inc	sp
    00000C56 DD 7E E4         [19] 1919 	ld	a, -28 (ix)
    00000C59 F5               [11] 1920 	push	af
    00000C5A 33               [ 6] 1921 	inc	sp
    00000C5B 11r00r00         [10] 1922 	ld	de, #_GetPlayerIdleFrame
    00000C5E 3E 13            [ 7] 1923 	ld	a, #0x13
    00000C60 CDr00r00         [17] 1924 	call	_CallFnc_U16_P3
    00000C63 DD 6E F9         [19] 1925 	ld	l, -7 (ix)
    00000C66 DD 66 FA         [19] 1926 	ld	h, -6 (ix)
    00000C69 73               [ 7] 1927 	ld	(hl), e
    00000C6A 23               [ 6] 1928 	inc	hl
    00000C6B 72               [ 7] 1929 	ld	(hl), d
                                   1930 ;E:\Dropbox\FAUSTO\SVILUPPI\MSX\CODE\C\MSXgl\projects\soccerlgMSX2/soccerlg_s16_b3.c:201: Keeper->lx = 120;
    00000C6C DD 6E F0         [19] 1931 	ld	l, -16 (ix)
    00000C6F DD 66 F1         [19] 1932 	ld	h, -15 (ix)
    00000C72 36 78            [10] 1933 	ld	(hl), #0x78
    00000C74                       1934 00204$:
                                   1935 ;E:\Dropbox\FAUSTO\SVILUPPI\MSX\CODE\C\MSXgl\projects\soccerlgMSX2/soccerlg_s16_b3.c:205: if(dive_dir == shot_dir) {
    00000C74 DD 7E F6         [19] 1936 	ld	a, -10 (ix)
    00000C77 DD 96 FF         [19] 1937 	sub	a, -1 (ix)
    00000C7A 20 1A            [12] 1938 	jr	NZ, 00209$
                                   1939 ;E:\Dropbox\FAUSTO\SVILUPPI\MSX\CODE\C\MSXgl\projects\soccerlgMSX2/soccerlg_s16_b3.c:206: g_pass_max_frames = 10; // Tiro smorzato
    00000C7C 21r00r00         [10] 1940 	ld	hl, #_g_pass_max_frames
    00000C7F 36 0A            [10] 1941 	ld	(hl), #0x0a
                                   1942 ;E:\Dropbox\FAUSTO\SVILUPPI\MSX\CODE\C\MSXgl\projects\soccerlgMSX2/soccerlg_s16_b3.c:207: if (shot_dir == 1) {
    00000C81 DD 7E F6         [19] 1943 	ld	a, -10 (ix)
    00000C84 3D               [ 4] 1944 	dec	a
    00000C85 20 09            [12] 1945 	jr	NZ, 00206$
                                   1946 ;E:\Dropbox\FAUSTO\SVILUPPI\MSX\CODE\C\MSXgl\projects\soccerlgMSX2/soccerlg_s16_b3.c:208: g_pass_target_y = 40;   // Fermiamo la palla prima per farla fermare sul petto
    00000C87 21 28 00         [10] 1947 	ld	hl, #0x0028
    00000C8A 22r00r00         [16] 1948 	ld	(_g_pass_target_y), hl
    00000C8D C3r96r0C         [10] 1949 	jp	00209$
    00000C90                       1950 00206$:
                                   1951 ;E:\Dropbox\FAUSTO\SVILUPPI\MSX\CODE\C\MSXgl\projects\soccerlgMSX2/soccerlg_s16_b3.c:210: g_pass_target_y = 32;   // Tuffo laterale, manteniamo 32
    00000C90 21 20 00         [10] 1952 	ld	hl, #0x0020
    00000C93 22r00r00         [16] 1953 	ld	(_g_pass_target_y), hl
    00000C96                       1954 00209$:
                                   1955 ;E:\Dropbox\FAUSTO\SVILUPPI\MSX\CODE\C\MSXgl\projects\soccerlgMSX2/soccerlg_s16_b3.c:214: PlaySCCEvent(DANGER_KICK_BIN_SEG, DANGER_KICK_BIN_SIZE);
    00000C96 21 01 00         [10] 1956 	ld	hl, #0x0001
    00000C99 E5               [11] 1957 	push	hl
    00000C9A 21 80 2E         [10] 1958 	ld	hl, #0x2e80
    00000C9D E5               [11] 1959 	push	hl
    00000C9E 21 9A 01         [10] 1960 	ld	hl, #0x019a
    00000CA1 CDr00r00         [17] 1961 	call	_PlaySCCEvent
                                   1962 ;E:\Dropbox\FAUSTO\SVILUPPI\MSX\CODE\C\MSXgl\projects\soccerlgMSX2/soccerlg_s16_b3.c:216: *game_state = 15;
    00000CA4 DD 6E FD         [19] 1963 	ld	l, -3 (ix)
    00000CA7 DD 66 FE         [19] 1964 	ld	h, -2 (ix)
    00000CAA 36 0F            [10] 1965 	ld	(hl), #0x0f
    00000CAC                       1966 00219$:
                                   1967 ;E:\Dropbox\FAUSTO\SVILUPPI\MSX\CODE\C\MSXgl\projects\soccerlgMSX2/soccerlg_s16_b3.c:219: return;
    00000CAC                       1968 00228$:
                                   1969 ;E:\Dropbox\FAUSTO\SVILUPPI\MSX\CODE\C\MSXgl\projects\soccerlgMSX2/soccerlg_s16_b3.c:221: }
    00000CAC DD F9            [10] 1970 	ld	sp, ix
    00000CAE DD E1            [14] 1971 	pop	ix
    00000CB0 E1               [10] 1972 	pop	hl
    00000CB1 F1               [10] 1973 	pop	af
    00000CB2 F1               [10] 1974 	pop	af
    00000CB3 E9               [ 4] 1975 	jp	(hl)
                         0000F380  1976 _g_RDPRIM	=	0xf380
                         0000F385  1977 _g_WRPRIM	=	0xf385
                         0000F38C  1978 _g_CLPRIM	=	0xf38c
                         0000F39A  1979 _g_USRTAB	=	0xf39a
                         0000F3DE  1980 _g_CNSDFG	=	0xf3de
                         0000F3DF  1981 _g_RG0SAV	=	0xf3df
                         0000F3E0  1982 _g_RG1SAV	=	0xf3e0
                         0000F3E1  1983 _g_RG2SAV	=	0xf3e1
                         0000F3E2  1984 _g_RG3SAV	=	0xf3e2
                         0000F3E3  1985 _g_RG4SAV	=	0xf3e3
                         0000F3E4  1986 _g_RG5SAV	=	0xf3e4
                         0000F3E5  1987 _g_RG6SAV	=	0xf3e5
                         0000F3E6  1988 _g_RG7SAV	=	0xf3e6
                         0000F3E7  1989 _g_STATFL	=	0xf3e7
                         0000F3E8  1990 _g_TRGFLG	=	0xf3e8
                         0000F3EC  1991 _g_MAXUPD	=	0xf3ec
                         0000F3EF  1992 _g_MINUPD	=	0xf3ef
                         0000F3F3  1993 _g_QUEUES	=	0xf3f3
                         0000F3F5  1994 _g_FRCNEW	=	0xf3f5
                         0000F3F6  1995 _g_SCNCNT	=	0xf3f6
                         0000F3F7  1996 _g_REPCNT	=	0xf3f7
                         0000F3F8  1997 _g_PUTPNT	=	0xf3f8
                         0000F3FA  1998 _g_GETPNT	=	0xf3fa
                         0000F3FC  1999 _g_CS120	=	0xf3fc
                         0000F401  2000 _g_CS240	=	0xf401
                         0000F406  2001 _g_LOW	=	0xf406
                         0000F408  2002 _g_HIGH	=	0xf408
                         0000F40A  2003 _g_HEADER	=	0xf40a
                         0000F40B  2004 _g_ASPCT1	=	0xf40b
                         0000F40D  2005 _g_ASPCT2	=	0xf40d
                         0000F959  2006 _g_QUETAB	=	0xf959
                         0000F971  2007 _g_QUEBAK	=	0xf971
                         0000F975  2008 _g_VOICAQ	=	0xf975
                         0000F9F5  2009 _g_VOICBQ	=	0xf9f5
                         0000FA75  2010 _g_VOICCQ	=	0xfa75
                         0000FAF5  2011 _g_RS2IQ	=	0xfaf5
                         0000FAF5  2012 _g_DPPAGE	=	0xfaf5
                         0000FAF6  2013 _g_ACPAGE	=	0xfaf6
                         0000FAF7  2014 _g_AVCSAV	=	0xfaf7
                         0000FAF8  2015 _g_EXBRSA	=	0xfaf8
                         0000FAF9  2016 _g_CHRCNT	=	0xfaf9
                         0000FAFA  2017 _g_ROMA	=	0xfafa
                         0000FAFC  2018 _g_MODE	=	0xfafc
                         0000FAFD  2019 _g_NORUSE	=	0xfafd
                         0000FAFE  2020 _g_XSAVE	=	0xfafe
                         0000FB00  2021 _g_YSAVE	=	0xfb00
                         0000FB03  2022 _g_RSTMP	=	0xfb03
                         0000FB03  2023 _g_TOCNT	=	0xfb03
                         0000FB04  2024 _g_RSFCB	=	0xfb04
                         0000FB06  2025 _g_RSIQLN	=	0xfb06
                         0000FB07  2026 _g_MEXBIh	=	0xfb07
                         0000FB0C  2027 _g_OLDSTT	=	0xfb0c
                         0000FB0C  2028 _g_OLDINT	=	0xfb0c
                         0000FB16  2029 _g_DEVNUM	=	0xfb16
                         0000FB17  2030 _g_DATCNT	=	0xfb17
                         0000FB1A  2031 _g_ERRORS	=	0xfb1a
                         0000FB1B  2032 _g_FLAGS	=	0xfb1b
                         0000FB1C  2033 _g_ESTBLS	=	0xfb1c
                         0000FB1D  2034 _g_COMMSK	=	0xfb1d
                         0000FB1E  2035 _g_LSTCOM	=	0xfb1e
                         0000FB1F  2036 _g_LSTMOD	=	0xfb1f
                         0000FB35  2037 _g_PRSCNT	=	0xfb35
                         0000FB36  2038 _g_SAVSP	=	0xfb36
                         0000FB38  2039 _g_VOICEN	=	0xfb38
                         0000FB39  2040 _g_SAVVOL	=	0xfb39
                         0000FB3B  2041 _g_MCLLEN	=	0xfb3b
                         0000FB3C  2042 _g_MCLPTR	=	0xfb3c
                         0000FB3E  2043 _g_QUEUEN	=	0xfb3e
                         0000FB3F  2044 _g_MUSICF	=	0xfb3f
                         0000FB40  2045 _g_PLYCNT	=	0xfb40
                         0000FB41  2046 _g_VCBA	=	0xfb41
                         0000FB66  2047 _g_VCBB	=	0xfb66
                         0000FB8B  2048 _g_VCBC	=	0xfb8b
                         0000FBB0  2049 _g_ENSTOP	=	0xfbb0
                         0000FBB1  2050 _g_BASROM	=	0xfbb1
                         0000FBB2  2051 _g_LINTTB	=	0xfbb2
                         0000FBCA  2052 _g_FSTPOS	=	0xfbca
                         0000FBCC  2053 _g_CODSAV	=	0xfbcc
                         0000FBCD  2054 _g_FNKSWI	=	0xfbcd
                         0000FBCE  2055 _g_FNKFLG	=	0xfbce
                         0000FBD8  2056 _g_ONGSBF	=	0xfbd8
                         0000FBD9  2057 _g_CLIKFL	=	0xfbd9
                         0000FBDA  2058 _g_OLDKEY	=	0xfbda
                         0000FBE5  2059 _g_NEWKEY	=	0xfbe5
                         0000FBF0  2060 _g_KEYBUF	=	0xfbf0
                         0000FC18  2061 _g_LINWRK	=	0xfc18
                         0000FC40  2062 _g_PATWRK	=	0xfc40
                         0000FC48  2063 _g_BOTTOM	=	0xfc48
                         0000FC4A  2064 _g_HIMEM	=	0xfc4a
                         0000FC4C  2065 _g_TRPTBL	=	0xfc4c
                         0000FC9A  2066 _g_RTYCNT	=	0xfc9a
                         0000FC9B  2067 _g_INTFLG	=	0xfc9b
                         0000FC9C  2068 _g_PADY	=	0xfc9c
                         0000FC9D  2069 _g_PADX	=	0xfc9d
                         0000FC9E  2070 _g_JIFFY	=	0xfc9e
                         0000FCA0  2071 _g_INTVAL	=	0xfca0
                         0000FCA2  2072 _g_INTCNT	=	0xfca2
                         0000FCA4  2073 _g_LOWLIM	=	0xfca4
                         0000FCA5  2074 _g_WINWID	=	0xfca5
                         0000FCA6  2075 _g_GRPHED	=	0xfca6
                         0000FCA7  2076 _g_ESCCNT	=	0xfca7
                         0000FCA8  2077 _g_INSFLG	=	0xfca8
                         0000FCA9  2078 _g_CSRSW	=	0xfca9
                         0000FCAA  2079 _g_CSTYLE	=	0xfcaa
                         0000FCAB  2080 _g_CAPST	=	0xfcab
                         0000FCAC  2081 _g_KANAST	=	0xfcac
                         0000FCAD  2082 _g_KANAMD	=	0xfcad
                         0000FCAE  2083 _g_FLBMEM	=	0xfcae
                         0000FCAF  2084 _g_SCRMOD	=	0xfcaf
                         0000FCB0  2085 _g_OLDSCR	=	0xfcb0
                         0000FCB1  2086 _g_CASPRV	=	0xfcb1
                         0000FCB2  2087 _g_BRDATR	=	0xfcb2
                         0000FCB3  2088 _g_GXPOS	=	0xfcb3
                         0000FCB5  2089 _g_GYPOS	=	0xfcb5
                         0000FCBB  2090 _g_DRWFLG	=	0xfcbb
                         0000FCBC  2091 _g_DRWSCL	=	0xfcbc
                         0000FCBD  2092 _g_DRWANG	=	0xfcbd
                         0000FCC1  2093 _g_MNROM	=	0xfcc1
                         0000FCC1  2094 _g_EXPTBL	=	0xfcc1
                         0000FCC5  2095 _g_SLTTBL	=	0xfcc5
                         0000FCC9  2096 _g_SLTATR	=	0xfcc9
                         0000FD09  2097 _g_SLTWRK	=	0xfd09
                         0000FD89  2098 _g_PROCNM	=	0xfd89
                         0000FFE7  2099 _g_RG08SAV	=	0xffe7
                         0000FFE8  2100 _g_RG09SAV	=	0xffe8
                         0000FFE9  2101 _g_RG10SAV	=	0xffe9
                         0000FFEA  2102 _g_RG11SAV	=	0xffea
                         0000FFEB  2103 _g_RG12SAV	=	0xffeb
                         0000FFEC  2104 _g_RG13SAV	=	0xffec
                         0000FFED  2105 _g_RG14SAV	=	0xffed
                         0000FFEE  2106 _g_RG15SAV	=	0xffee
                         0000FFEF  2107 _g_RG16SAV	=	0xffef
                         0000FFF0  2108 _g_RG17SAV	=	0xfff0
                         0000FFF1  2109 _g_RG18SAV	=	0xfff1
                         0000FFF2  2110 _g_RG19SAV	=	0xfff2
                         0000FFF3  2111 _g_RG20SAV	=	0xfff3
                         0000FFF4  2112 _g_RG21SAV	=	0xfff4
                         0000FFF5  2113 _g_RG22SAV	=	0xfff5
                         0000FFF6  2114 _g_RG23SAV	=	0xfff6
                         0000FFF7  2115 _g_MINROM	=	0xfff7
                         0000FFF8  2116 _g_SVFFF8	=	0xfff8
                         0000FFFA  2117 _g_RG25SAV	=	0xfffa
                         0000FFFB  2118 _g_RG26SAV	=	0xfffb
                         0000FFFC  2119 _g_RG27SAV	=	0xfffc
                         0000FFFD  2120 _g_SVFFFD	=	0xfffd
                         00000004  2121 _g_CGTABL	=	0x0004
                         00000006  2122 _g_VDP_DR	=	0x0006
                         00000007  2123 _g_VDP_DW	=	0x0007
                         0000002B  2124 _g_BASRVN	=	0x002b
                         0000002B  2125 _g_ROMVersion	=	0x002b
                         0000002D  2126 _g_MSXVER	=	0x002d
                         0000002E  2127 _g_MSXMID	=	0x002e
                         00000034  2128 _g_CHAR_16	=	0x0034
                         00000000  2129 _g_SUBRID	=	0x0000
                         00000002  2130 _g_STRSRC	=	0x0002
                         0000F30F  2131 _g_KANJTABLE	=	0xf30f
                         0000F323  2132 _g_DISKVE	=	0xf323
                         0000F325  2133 _g_BREAKV	=	0xf325
                         0000F341  2134 _g_RAMAD0	=	0xf341
                         0000F342  2135 _g_RAMAD1	=	0xf342
                         0000F343  2136 _g_RAMAD2	=	0xf343
                         0000F344  2137 _g_RAMAD3	=	0xf344
                         0000F348  2138 _g_MASTER	=	0xf348
                         0000F37D  2139 _g_BDOS	=	0xf37d
                                   2140 	.area _SEG16
                                   2141 	.area _INITIALIZER
                                   2142 	.area _CABS (ABS)
