                                      1 ;--------------------------------------------------------
                                      2 ; File Created by SDCC : free open source ANSI-C Compiler
                                      3 ; Version 4.2.0 #13081 (MINGW64)
                                      4 ;--------------------------------------------------------
                                      5 	.module soccerlg_s17_b3
                                      6 	.optsdcc -mz80
                                      7 	
                                      8 ;--------------------------------------------------------
                                      9 ; Public variables in this module
                                     10 ;--------------------------------------------------------
                                     11 	.globl _EventBallKicked
                                     12 	.globl _CallFnc_VOID
                                     13 	.globl _g_SLTSL
                                     14 	.globl _g_GRPACY
                                     15 	.globl _g_GRPACX
                                     16 	.globl _g_LOGOPR
                                     17 	.globl _g_CMASK
                                     18 	.globl _g_CLOC
                                     19 	.globl _g_FNKSTR
                                     20 	.globl _g_ATRBYT
                                     21 	.globl _g_BDRCLR
                                     22 	.globl _g_BAKCLR
                                     23 	.globl _g_FORCLR
                                     24 	.globl _g_CSRX
                                     25 	.globl _g_CSRY
                                     26 	.globl _g_CLIKSW
                                     27 	.globl _g_MLTPAT
                                     28 	.globl _g_MLTATR
                                     29 	.globl _g_MLTCGP
                                     30 	.globl _g_MLTCOL
                                     31 	.globl _g_MLTNAM
                                     32 	.globl _g_GRPPAT
                                     33 	.globl _g_GRPATR
                                     34 	.globl _g_GRPCGP
                                     35 	.globl _g_GRPCOL
                                     36 	.globl _g_GRPNAM
                                     37 	.globl _g_T32PAT
                                     38 	.globl _g_T32ATR
                                     39 	.globl _g_T32CGP
                                     40 	.globl _g_T32COL
                                     41 	.globl _g_T32NAM
                                     42 	.globl _g_TXTPAT
                                     43 	.globl _g_TXTATR
                                     44 	.globl _g_TXTCGP
                                     45 	.globl _g_TXTCOL
                                     46 	.globl _g_TXTNAM
                                     47 	.globl _g_CLMLST
                                     48 	.globl _g_CRTCNT
                                     49 	.globl _g_LINLEN
                                     50 	.globl _g_LINL32
                                     51 	.globl _g_LINL40
                                     52 	.globl _g_BDOS
                                     53 	.globl _g_MASTER
                                     54 	.globl _g_RAMAD3
                                     55 	.globl _g_RAMAD2
                                     56 	.globl _g_RAMAD1
                                     57 	.globl _g_RAMAD0
                                     58 	.globl _g_BREAKV
                                     59 	.globl _g_DISKVE
                                     60 	.globl _g_KANJTABLE
                                     61 	.globl _g_STRSRC
                                     62 	.globl _g_SUBRID
                                     63 	.globl _g_CHAR_16
                                     64 	.globl _g_MSXMID
                                     65 	.globl _g_MSXVER
                                     66 	.globl _g_ROMVersion
                                     67 	.globl _g_BASRVN
                                     68 	.globl _g_VDP_DW
                                     69 	.globl _g_VDP_DR
                                     70 	.globl _g_CGTABL
                                     71 	.globl _g_SVFFFD
                                     72 	.globl _g_RG27SAV
                                     73 	.globl _g_RG26SAV
                                     74 	.globl _g_RG25SAV
                                     75 	.globl _g_SVFFF8
                                     76 	.globl _g_MINROM
                                     77 	.globl _g_RG23SAV
                                     78 	.globl _g_RG22SAV
                                     79 	.globl _g_RG21SAV
                                     80 	.globl _g_RG20SAV
                                     81 	.globl _g_RG19SAV
                                     82 	.globl _g_RG18SAV
                                     83 	.globl _g_RG17SAV
                                     84 	.globl _g_RG16SAV
                                     85 	.globl _g_RG15SAV
                                     86 	.globl _g_RG14SAV
                                     87 	.globl _g_RG13SAV
                                     88 	.globl _g_RG12SAV
                                     89 	.globl _g_RG11SAV
                                     90 	.globl _g_RG10SAV
                                     91 	.globl _g_RG09SAV
                                     92 	.globl _g_RG08SAV
                                     93 	.globl _g_PROCNM
                                     94 	.globl _g_SLTWRK
                                     95 	.globl _g_SLTATR
                                     96 	.globl _g_SLTTBL
                                     97 	.globl _g_EXPTBL
                                     98 	.globl _g_MNROM
                                     99 	.globl _g_DRWANG
                                    100 	.globl _g_DRWSCL
                                    101 	.globl _g_DRWFLG
                                    102 	.globl _g_GYPOS
                                    103 	.globl _g_GXPOS
                                    104 	.globl _g_BRDATR
                                    105 	.globl _g_CASPRV
                                    106 	.globl _g_OLDSCR
                                    107 	.globl _g_SCRMOD
                                    108 	.globl _g_FLBMEM
                                    109 	.globl _g_KANAMD
                                    110 	.globl _g_KANAST
                                    111 	.globl _g_CAPST
                                    112 	.globl _g_CSTYLE
                                    113 	.globl _g_CSRSW
                                    114 	.globl _g_INSFLG
                                    115 	.globl _g_ESCCNT
                                    116 	.globl _g_GRPHED
                                    117 	.globl _g_WINWID
                                    118 	.globl _g_LOWLIM
                                    119 	.globl _g_INTCNT
                                    120 	.globl _g_INTVAL
                                    121 	.globl _g_JIFFY
                                    122 	.globl _g_PADX
                                    123 	.globl _g_PADY
                                    124 	.globl _g_INTFLG
                                    125 	.globl _g_RTYCNT
                                    126 	.globl _g_TRPTBL
                                    127 	.globl _g_HIMEM
                                    128 	.globl _g_BOTTOM
                                    129 	.globl _g_PATWRK
                                    130 	.globl _g_LINWRK
                                    131 	.globl _g_KEYBUF
                                    132 	.globl _g_NEWKEY
                                    133 	.globl _g_OLDKEY
                                    134 	.globl _g_CLIKFL
                                    135 	.globl _g_ONGSBF
                                    136 	.globl _g_FNKFLG
                                    137 	.globl _g_FNKSWI
                                    138 	.globl _g_CODSAV
                                    139 	.globl _g_FSTPOS
                                    140 	.globl _g_LINTTB
                                    141 	.globl _g_BASROM
                                    142 	.globl _g_ENSTOP
                                    143 	.globl _g_VCBC
                                    144 	.globl _g_VCBB
                                    145 	.globl _g_VCBA
                                    146 	.globl _g_PLYCNT
                                    147 	.globl _g_MUSICF
                                    148 	.globl _g_QUEUEN
                                    149 	.globl _g_MCLPTR
                                    150 	.globl _g_MCLLEN
                                    151 	.globl _g_SAVVOL
                                    152 	.globl _g_VOICEN
                                    153 	.globl _g_SAVSP
                                    154 	.globl _g_PRSCNT
                                    155 	.globl _g_LSTMOD
                                    156 	.globl _g_LSTCOM
                                    157 	.globl _g_COMMSK
                                    158 	.globl _g_ESTBLS
                                    159 	.globl _g_FLAGS
                                    160 	.globl _g_ERRORS
                                    161 	.globl _g_DATCNT
                                    162 	.globl _g_DEVNUM
                                    163 	.globl _g_OLDINT
                                    164 	.globl _g_OLDSTT
                                    165 	.globl _g_MEXBIh
                                    166 	.globl _g_RSIQLN
                                    167 	.globl _g_RSFCB
                                    168 	.globl _g_TOCNT
                                    169 	.globl _g_RSTMP
                                    170 	.globl _g_YSAVE
                                    171 	.globl _g_XSAVE
                                    172 	.globl _g_NORUSE
                                    173 	.globl _g_MODE
                                    174 	.globl _g_ROMA
                                    175 	.globl _g_CHRCNT
                                    176 	.globl _g_EXBRSA
                                    177 	.globl _g_AVCSAV
                                    178 	.globl _g_ACPAGE
                                    179 	.globl _g_DPPAGE
                                    180 	.globl _g_RS2IQ
                                    181 	.globl _g_VOICCQ
                                    182 	.globl _g_VOICBQ
                                    183 	.globl _g_VOICAQ
                                    184 	.globl _g_QUEBAK
                                    185 	.globl _g_QUETAB
                                    186 	.globl _g_ASPCT2
                                    187 	.globl _g_ASPCT1
                                    188 	.globl _g_HEADER
                                    189 	.globl _g_HIGH
                                    190 	.globl _g_LOW
                                    191 	.globl _g_CS240
                                    192 	.globl _g_CS120
                                    193 	.globl _g_GETPNT
                                    194 	.globl _g_PUTPNT
                                    195 	.globl _g_REPCNT
                                    196 	.globl _g_SCNCNT
                                    197 	.globl _g_FRCNEW
                                    198 	.globl _g_QUEUES
                                    199 	.globl _g_MINUPD
                                    200 	.globl _g_MAXUPD
                                    201 	.globl _g_TRGFLG
                                    202 	.globl _g_STATFL
                                    203 	.globl _g_RG7SAV
                                    204 	.globl _g_RG6SAV
                                    205 	.globl _g_RG5SAV
                                    206 	.globl _g_RG4SAV
                                    207 	.globl _g_RG3SAV
                                    208 	.globl _g_RG2SAV
                                    209 	.globl _g_RG1SAV
                                    210 	.globl _g_RG0SAV
                                    211 	.globl _g_CNSDFG
                                    212 	.globl _g_USRTAB
                                    213 	.globl _g_CLPRIM
                                    214 	.globl _g_WRPRIM
                                    215 	.globl _g_RDPRIM
                                    216 	.globl _AssignThrowInTargets
                                    217 	.globl _AssignGoalKickTargets
                                    218 	.globl _AssignCornerKickTargets
                                    219 	.globl _ExecuteThrowIn
                                    220 	.globl _ExecuteCornerKick
                                    221 	.globl _AssignOffsideTargets
                                    222 ;--------------------------------------------------------
                                    223 ; special function registers
                                    224 ;--------------------------------------------------------
                         000000A8   225 _g_PortPrimarySlot	=	0x00a8
                         000000A9   226 _g_PortReadKeyboard	=	0x00a9
                         000000AA   227 _g_PortAccessKeyboard	=	0x00aa
                         000000AB   228 _g_PortControl	=	0x00ab
                         00000098   229 _g_VDP_DataPort	=	0x0098
                         00000099   230 _g_VDP_RegPort	=	0x0099
                         00000099   231 _g_VDP_AddrPort	=	0x0099
                         00000099   232 _g_VDP_StatPort	=	0x0099
                         0000009A   233 _g_VDP_PalPort	=	0x009a
                         0000009B   234 _g_VDP_IRegPort	=	0x009b
                         000000A0   235 _g_PSG_RegPort	=	0x00a0
                         000000A1   236 _g_PSG_DataPort	=	0x00a1
                         000000A2   237 _g_PSG_StatPort	=	0x00a2
                         00000010   238 _g_PSG_Ext_RegPort	=	0x0010
                         00000011   239 _g_PSG_Ext_DataPort	=	0x0011
                         00000012   240 _g_PSG_Ext_StatPort	=	0x0012
                         0000007C   241 _g_MSXMusic_IndexPort	=	0x007c
                         0000007D   242 _g_MSXMusic_DataPort	=	0x007d
                         000000C0   243 _g_MSXAudio_IndexPort	=	0x00c0
                         000000C1   244 _g_MSXAudio_DataPort	=	0x00c1
                         000000C2   245 _g_MSXAudio_IndexPort2	=	0x00c2
                         000000C3   246 _g_MSXAudio_DataPort2	=	0x00c3
                         000000B4   247 _g_RTC_AddrPort	=	0x00b4
                         000000B5   248 _g_RTC_DataPort	=	0x00b5
                                    249 ;--------------------------------------------------------
                                    250 ; ram data
                                    251 ;--------------------------------------------------------
                                    252 	.area _DATA
                         0000F3AE   253 _g_LINL40	=	0xf3ae
                         0000F3AF   254 _g_LINL32	=	0xf3af
                         0000F3B0   255 _g_LINLEN	=	0xf3b0
                         0000F3B1   256 _g_CRTCNT	=	0xf3b1
                         0000F3B2   257 _g_CLMLST	=	0xf3b2
                         0000F3B3   258 _g_TXTNAM	=	0xf3b3
                         0000F3B5   259 _g_TXTCOL	=	0xf3b5
                         0000F3B7   260 _g_TXTCGP	=	0xf3b7
                         0000F3B9   261 _g_TXTATR	=	0xf3b9
                         0000F3BB   262 _g_TXTPAT	=	0xf3bb
                         0000F3BD   263 _g_T32NAM	=	0xf3bd
                         0000F3BF   264 _g_T32COL	=	0xf3bf
                         0000F3C1   265 _g_T32CGP	=	0xf3c1
                         0000F3C3   266 _g_T32ATR	=	0xf3c3
                         0000F3C5   267 _g_T32PAT	=	0xf3c5
                         0000F3C7   268 _g_GRPNAM	=	0xf3c7
                         0000F3C9   269 _g_GRPCOL	=	0xf3c9
                         0000F3CB   270 _g_GRPCGP	=	0xf3cb
                         0000F3CD   271 _g_GRPATR	=	0xf3cd
                         0000F3CF   272 _g_GRPPAT	=	0xf3cf
                         0000F3D1   273 _g_MLTNAM	=	0xf3d1
                         0000F3D3   274 _g_MLTCOL	=	0xf3d3
                         0000F3D5   275 _g_MLTCGP	=	0xf3d5
                         0000F3D7   276 _g_MLTATR	=	0xf3d7
                         0000F3D9   277 _g_MLTPAT	=	0xf3d9
                         0000F3DB   278 _g_CLIKSW	=	0xf3db
                         0000F3DC   279 _g_CSRY	=	0xf3dc
                         0000F3DD   280 _g_CSRX	=	0xf3dd
                         0000F3E9   281 _g_FORCLR	=	0xf3e9
                         0000F3EA   282 _g_BAKCLR	=	0xf3ea
                         0000F3EB   283 _g_BDRCLR	=	0xf3eb
                         0000F3F2   284 _g_ATRBYT	=	0xf3f2
                         0000F87F   285 _g_FNKSTR	=	0xf87f
                         0000F92A   286 _g_CLOC	=	0xf92a
                         0000F92C   287 _g_CMASK	=	0xf92c
                         0000FB02   288 _g_LOGOPR	=	0xfb02
                         0000FCB7   289 _g_GRPACX	=	0xfcb7
                         0000FCB9   290 _g_GRPACY	=	0xfcb9
                         0000FFFF   291 _g_SLTSL	=	0xffff
                                    292 ;--------------------------------------------------------
                                    293 ; ram data
                                    294 ;--------------------------------------------------------
                                    295 	.area _INITIALIZED
                                    296 ;--------------------------------------------------------
                                    297 ; absolute external ram data
                                    298 ;--------------------------------------------------------
                                    299 	.area _DABS (ABS)
                                    300 ;--------------------------------------------------------
                                    301 ; global & static initialisations
                                    302 ;--------------------------------------------------------
                                    303 	.area _HOME
                                    304 	.area _GSINIT
                                    305 	.area _GSFINAL
                                    306 	.area _GSINIT
                                    307 ;--------------------------------------------------------
                                    308 ; Home
                                    309 ;--------------------------------------------------------
                                    310 	.area _HOME
                                    311 	.area _HOME
                                    312 ;--------------------------------------------------------
                                    313 ; code
                                    314 ;--------------------------------------------------------
                                    315 	.area _SEG17
                                    316 ;E:\Dropbox\FAUSTO\SVILUPPI\MSX\CODE\C\MSXgl\projects\soccerlgMSX2/soccerlg_s17_b3.c:10: void AssignThrowInTargets() {
                                    317 ;	---------------------------------
                                    318 ; Function AssignThrowInTargets
                                    319 ; ---------------------------------
    00000000                        320 _AssignThrowInTargets::
    00000000 DD E5            [15]  321 	push	ix
    00000002 DD 21 00 00      [14]  322 	ld	ix,#0
    00000006 DD 39            [15]  323 	add	ix,sp
    00000008 21 EB FF         [10]  324 	ld	hl, #-21
    0000000B 39               [11]  325 	add	hl, sp
    0000000C F9               [ 6]  326 	ld	sp, hl
                                    327 ;E:\Dropbox\FAUSTO\SVILUPPI\MSX\CODE\C\MSXgl\projects\soccerlgMSX2/soccerlg_s17_b3.c:11: u8 team_to_throw = (LastTouchTeam == TEAM_1) ? TEAM_2 : TEAM_1;
    0000000D 3Ar00r00         [13]  328 	ld	a, (_LastTouchTeam+0)
    00000010 B7               [ 4]  329 	or	a, a
    00000011 20 06            [12]  330 	jr	NZ, 00183$
    00000013 01 01 00         [10]  331 	ld	bc, #0x0001
    00000016 C3r1Cr00         [10]  332 	jp	00184$
    00000019                        333 00183$:
    00000019 01 00 00         [10]  334 	ld	bc, #0x0000
    0000001C                        335 00184$:
    0000001C DD 71 F3         [19]  336 	ld	-13 (ix), c
                                    337 ;E:\Dropbox\FAUSTO\SVILUPPI\MSX\CODE\C\MSXgl\projects\soccerlgMSX2/soccerlg_s17_b3.c:12: if (LastTouchTeam == 0xFF) team_to_throw = TEAM_1;
    0000001F 3Ar00r00         [13]  338 	ld	a, (_LastTouchTeam+0)
    00000022 3C               [ 4]  339 	inc	a
    00000023 20 04            [12]  340 	jr	NZ, 00102$
    00000025 DD 36 F3 00      [19]  341 	ld	-13 (ix), #0x00
    00000029                        342 00102$:
                                    343 ;E:\Dropbox\FAUSTO\SVILUPPI\MSX\CODE\C\MSXgl\projects\soccerlgMSX2/soccerlg_s17_b3.c:15: if (RestartSideY < 48) RestartSideY = 48;
    00000029 2Ar00r00         [16]  344 	ld	hl, (_RestartSideY)
    0000002C 11 30 00         [10]  345 	ld	de, #0x0030
    0000002F BF               [ 4]  346 	cp	a, a
    00000030 ED 52            [15]  347 	sbc	hl, de
    00000032 30 06            [12]  348 	jr	NC, 00104$
    00000034 21 30 00         [10]  349 	ld	hl, #0x0030
    00000037 22r00r00         [16]  350 	ld	(_RestartSideY), hl
    0000003A                        351 00104$:
                                    352 ;E:\Dropbox\FAUSTO\SVILUPPI\MSX\CODE\C\MSXgl\projects\soccerlgMSX2/soccerlg_s17_b3.c:16: if (RestartSideY > 464) RestartSideY = 464;
    0000003A 2Ar00r00         [16]  353 	ld	hl, (_RestartSideY)
    0000003D 3E D0            [ 7]  354 	ld	a, #0xd0
    0000003F BD               [ 4]  355 	cp	a, l
    00000040 3E 01            [ 7]  356 	ld	a, #0x01
    00000042 9C               [ 4]  357 	sbc	a, h
    00000043 30 06            [12]  358 	jr	NC, 00106$
    00000045 21 D0 01         [10]  359 	ld	hl, #0x01d0
    00000048 22r00r00         [16]  360 	ld	(_RestartSideY), hl
    0000004B                        361 00106$:
                                    362 ;E:\Dropbox\FAUSTO\SVILUPPI\MSX\CODE\C\MSXgl\projects\soccerlgMSX2/soccerlg_s17_b3.c:19: u8 start_t = (team_to_throw == TEAM_1) ? 1 : 8;
    0000004B DD 7E F3         [19]  363 	ld	a, -13 (ix)
    0000004E B7               [ 4]  364 	or	a, a
    0000004F 20 06            [12]  365 	jr	NZ, 00185$
    00000051 01 01 00         [10]  366 	ld	bc, #0x0001
    00000054 C3r5Ar00         [10]  367 	jp	00186$
    00000057                        368 00185$:
    00000057 01 08 00         [10]  369 	ld	bc, #0x0008
    0000005A                        370 00186$:
                                    371 ;E:\Dropbox\FAUSTO\SVILUPPI\MSX\CODE\C\MSXgl\projects\soccerlgMSX2/soccerlg_s17_b3.c:20: u8 end_t = start_t + 6;
    0000005A DD 71 FF         [19]  372 	ld	-1 (ix), c
    0000005D 79               [ 4]  373 	ld	a, c
    0000005E DD 77 FD         [19]  374 	ld	-3 (ix), a
    00000061 C6 06            [ 7]  375 	add	a, #0x06
    00000063 DD 77 F4         [19]  376 	ld	-12 (ix), a
                                    377 ;E:\Dropbox\FAUSTO\SVILUPPI\MSX\CODE\C\MSXgl\projects\soccerlgMSX2/soccerlg_s17_b3.c:21: u8 thrower = start_t;
    00000066 DD 7E FF         [19]  378 	ld	a, -1 (ix)
    00000069 DD 77 EF         [19]  379 	ld	-17 (ix), a
                                    380 ;E:\Dropbox\FAUSTO\SVILUPPI\MSX\CODE\C\MSXgl\projects\soccerlgMSX2/soccerlg_s17_b3.c:22: u16 min_dist = 0xFFFF;
    0000006C DD 36 F5 FF      [19]  381 	ld	-11 (ix), #0xff
    00000070 DD 36 F6 FF      [19]  382 	ld	-10 (ix), #0xff
                                    383 ;E:\Dropbox\FAUSTO\SVILUPPI\MSX\CODE\C\MSXgl\projects\soccerlgMSX2/soccerlg_s17_b3.c:24: for (u8 i = start_t; i < end_t; i++) {
    00000074 DD 7E FF         [19]  384 	ld	a, -1 (ix)
    00000077 DD 77 FE         [19]  385 	ld	-2 (ix), a
    0000007A                        386 00169$:
    0000007A DD 7E FE         [19]  387 	ld	a, -2 (ix)
    0000007D DD 96 F4         [19]  388 	sub	a, -12 (ix)
    00000080 D2r36r01         [10]  389 	jp	NC, 00109$
                                    390 ;E:\Dropbox\FAUSTO\SVILUPPI\MSX\CODE\C\MSXgl\projects\soccerlgMSX2/soccerlg_s17_b3.c:25: u16 dx = (SwSprite[i].lx > RestartSideX) ? (SwSprite[i].lx - RestartSideX) : (RestartSideX - SwSprite[i].lx);
    00000083 DD 4E FE         [19]  391 	ld	c, -2 (ix)
    00000086 06 00            [ 7]  392 	ld	b, #0x00
    00000088 69               [ 4]  393 	ld	l, c
    00000089 60               [ 4]  394 	ld	h, b
    0000008A 29               [11]  395 	add	hl, hl
    0000008B 29               [11]  396 	add	hl, hl
    0000008C 09               [11]  397 	add	hl, bc
    0000008D 29               [11]  398 	add	hl, hl
    0000008E 09               [11]  399 	add	hl, bc
    0000008F 29               [11]  400 	add	hl, hl
    00000090 09               [11]  401 	add	hl, bc
    00000091 11r00r00         [10]  402 	ld	de, #_SwSprite
    00000094 19               [11]  403 	add	hl, de
    00000095 DD 75 FB         [19]  404 	ld	-5 (ix), l
    00000098 DD 74 FC         [19]  405 	ld	-4 (ix), h
    0000009B 7E               [ 7]  406 	ld	a, (hl)
    0000009C DD 77 FA         [19]  407 	ld	-6 (ix), a
    0000009F 4F               [ 4]  408 	ld	c, a
    000000A0 06 00            [ 7]  409 	ld	b, #0x00
    000000A2 3Ar00r00         [13]  410 	ld	a, (_RestartSideX+0)
    000000A5 5F               [ 4]  411 	ld	e, a
    000000A6 16 00            [ 7]  412 	ld	d, #0x00
    000000A8 3Ar00r00         [13]  413 	ld	a, (#_RestartSideX)
    000000AB DD 96 FA         [19]  414 	sub	a, -6 (ix)
    000000AE 30 08            [12]  415 	jr	NC, 00187$
    000000B0 79               [ 4]  416 	ld	a, c
    000000B1 93               [ 4]  417 	sub	a, e
    000000B2 4F               [ 4]  418 	ld	c, a
    000000B3 78               [ 4]  419 	ld	a, b
    000000B4 9A               [ 4]  420 	sbc	a, d
    000000B5 C3rBDr00         [10]  421 	jp	00188$
    000000B8                        422 00187$:
    000000B8 7B               [ 4]  423 	ld	a, e
    000000B9 91               [ 4]  424 	sub	a, c
    000000BA 4F               [ 4]  425 	ld	c, a
    000000BB 7A               [ 4]  426 	ld	a, d
    000000BC 98               [ 4]  427 	sbc	a, b
    000000BD                        428 00188$:
    000000BD DD 71 F7         [19]  429 	ld	-9 (ix), c
    000000C0 DD 77 F8         [19]  430 	ld	-8 (ix), a
                                    431 ;E:\Dropbox\FAUSTO\SVILUPPI\MSX\CODE\C\MSXgl\projects\soccerlgMSX2/soccerlg_s17_b3.c:26: u16 dy = (SwSprite[i].ly > RestartSideY) ? (SwSprite[i].ly - RestartSideY) : (RestartSideY - SwSprite[i].ly);
    000000C3 DD 4E FB         [19]  432 	ld	c, -5 (ix)
    000000C6 DD 46 FC         [19]  433 	ld	b, -4 (ix)
    000000C9 21 04 00         [10]  434 	ld	hl, #4
    000000CC 09               [11]  435 	add	hl, bc
    000000CD 7E               [ 7]  436 	ld	a, (hl)
    000000CE DD 77 F9         [19]  437 	ld	-7 (ix), a
    000000D1 23               [ 6]  438 	inc	hl
    000000D2 7E               [ 7]  439 	ld	a, (hl)
    000000D3 DD 77 FA         [19]  440 	ld	-6 (ix), a
    000000D6 21r00r00         [10]  441 	ld	hl, #_RestartSideY
    000000D9 7E               [ 7]  442 	ld	a, (hl)
    000000DA DD 96 F9         [19]  443 	sub	a, -7 (ix)
    000000DD 23               [ 6]  444 	inc	hl
    000000DE 7E               [ 7]  445 	ld	a, (hl)
    000000DF DD 9E FA         [19]  446 	sbc	a, -6 (ix)
    000000E2 30 15            [12]  447 	jr	NC, 00189$
    000000E4 21r00r00         [10]  448 	ld	hl, #_RestartSideY
    000000E7 DD 7E F9         [19]  449 	ld	a, -7 (ix)
    000000EA 96               [ 7]  450 	sub	a, (hl)
    000000EB DD 77 FB         [19]  451 	ld	-5 (ix), a
    000000EE DD 7E FA         [19]  452 	ld	a, -6 (ix)
    000000F1 23               [ 6]  453 	inc	hl
    000000F2 9E               [ 7]  454 	sbc	a, (hl)
    000000F3 DD 77 FC         [19]  455 	ld	-4 (ix), a
    000000F6 C3r0Br01         [10]  456 	jp	00190$
    000000F9                        457 00189$:
    000000F9 3Ar00r00         [13]  458 	ld	a, (_RestartSideY+0)
    000000FC DD 96 F9         [19]  459 	sub	a, -7 (ix)
    000000FF DD 77 FB         [19]  460 	ld	-5 (ix), a
    00000102 3Ar01r00         [13]  461 	ld	a, (_RestartSideY+1)
    00000105 DD 9E FA         [19]  462 	sbc	a, -6 (ix)
    00000108 DD 77 FC         [19]  463 	ld	-4 (ix), a
    0000010B                        464 00190$:
    0000010B DD 7E FB         [19]  465 	ld	a, -5 (ix)
    0000010E DD 46 FC         [19]  466 	ld	b, -4 (ix)
                                    467 ;E:\Dropbox\FAUSTO\SVILUPPI\MSX\CODE\C\MSXgl\projects\soccerlgMSX2/soccerlg_s17_b3.c:27: if (dx + dy < min_dist) {
    00000111 DD 86 F7         [19]  468 	add	a, -9 (ix)
    00000114 4F               [ 4]  469 	ld	c, a
    00000115 78               [ 4]  470 	ld	a, b
    00000116 DD 8E F8         [19]  471 	adc	a, -8 (ix)
    00000119 47               [ 4]  472 	ld	b, a
    0000011A 79               [ 4]  473 	ld	a, c
    0000011B DD 96 F5         [19]  474 	sub	a, -11 (ix)
    0000011E 78               [ 4]  475 	ld	a, b
    0000011F DD 9E F6         [19]  476 	sbc	a, -10 (ix)
    00000122 30 0C            [12]  477 	jr	NC, 00170$
                                    478 ;E:\Dropbox\FAUSTO\SVILUPPI\MSX\CODE\C\MSXgl\projects\soccerlgMSX2/soccerlg_s17_b3.c:28: min_dist = dx + dy;
    00000124 DD 71 F5         [19]  479 	ld	-11 (ix), c
    00000127 DD 70 F6         [19]  480 	ld	-10 (ix), b
                                    481 ;E:\Dropbox\FAUSTO\SVILUPPI\MSX\CODE\C\MSXgl\projects\soccerlgMSX2/soccerlg_s17_b3.c:29: thrower = i;
    0000012A DD 7E FE         [19]  482 	ld	a, -2 (ix)
    0000012D DD 77 EF         [19]  483 	ld	-17 (ix), a
    00000130                        484 00170$:
                                    485 ;E:\Dropbox\FAUSTO\SVILUPPI\MSX\CODE\C\MSXgl\projects\soccerlgMSX2/soccerlg_s17_b3.c:24: for (u8 i = start_t; i < end_t; i++) {
    00000130 DD 34 FE         [23]  486 	inc	-2 (ix)
    00000133 C3r7Ar00         [10]  487 	jp	00169$
    00000136                        488 00109$:
                                    489 ;E:\Dropbox\FAUSTO\SVILUPPI\MSX\CODE\C\MSXgl\projects\soccerlgMSX2/soccerlg_s17_b3.c:34: u8 rec1 = (thrower == start_t) ? start_t + 1 : start_t;
    00000136 DD 7E EF         [19]  490 	ld	a, -17 (ix)
    00000139 DD 96 FF         [19]  491 	sub	a, -1 (ix)
    0000013C 3E 01            [ 7]  492 	ld	a, #0x01
    0000013E 28 01            [12]  493 	jr	Z, 00539$
    00000140 AF               [ 4]  494 	xor	a, a
    00000141                        495 00539$:
    00000141 DD 77 FE         [19]  496 	ld	-2 (ix), a
    00000144 B7               [ 4]  497 	or	a, a
    00000145 28 07            [12]  498 	jr	Z, 00191$
    00000147 DD 7E FD         [19]  499 	ld	a, -3 (ix)
    0000014A 3C               [ 4]  500 	inc	a
    0000014B C3r51r01         [10]  501 	jp	00192$
    0000014E                        502 00191$:
    0000014E DD 7E FF         [19]  503 	ld	a, -1 (ix)
    00000151                        504 00192$:
    00000151 DD 77 F0         [19]  505 	ld	-16 (ix), a
                                    506 ;E:\Dropbox\FAUSTO\SVILUPPI\MSX\CODE\C\MSXgl\projects\soccerlgMSX2/soccerlg_s17_b3.c:35: u8 rec2 = (thrower == start_t) ? start_t + 2 : ((thrower == start_t + 1) ? start_t + 2 : start_t + 1);
    00000154 DD 7E FE         [19]  507 	ld	a, -2 (ix)
    00000157 B7               [ 4]  508 	or	a, a
    00000158 28 08            [12]  509 	jr	Z, 00193$
    0000015A DD 7E FD         [19]  510 	ld	a, -3 (ix)
    0000015D 3C               [ 4]  511 	inc	a
    0000015E 3C               [ 4]  512 	inc	a
    0000015F C3rA2r01         [10]  513 	jp	00194$
    00000162                        514 00193$:
    00000162 DD 7E FF         [19]  515 	ld	a, -1 (ix)
    00000165 DD 77 FB         [19]  516 	ld	-5 (ix), a
    00000168 DD 36 FC 00      [19]  517 	ld	-4 (ix), #0x00
    0000016C DD 7E FB         [19]  518 	ld	a, -5 (ix)
    0000016F C6 01            [ 7]  519 	add	a, #0x01
    00000171 DD 77 F9         [19]  520 	ld	-7 (ix), a
    00000174 DD 7E FC         [19]  521 	ld	a, -4 (ix)
    00000177 CE 00            [ 7]  522 	adc	a, #0x00
    00000179 DD 77 FA         [19]  523 	ld	-6 (ix), a
    0000017C DD 7E EF         [19]  524 	ld	a, -17 (ix)
    0000017F DD 77 FB         [19]  525 	ld	-5 (ix), a
    00000182 DD 36 FC 00      [19]  526 	ld	-4 (ix), #0x00
    00000186 DD 7E F9         [19]  527 	ld	a, -7 (ix)
    00000189 DD 96 FB         [19]  528 	sub	a, -5 (ix)
    0000018C 20 10            [12]  529 	jr	NZ, 00195$
    0000018E DD 7E FA         [19]  530 	ld	a, -6 (ix)
    00000191 DD 96 FC         [19]  531 	sub	a, -4 (ix)
    00000194 20 08            [12]  532 	jr	NZ, 00195$
    00000196 DD 7E FD         [19]  533 	ld	a, -3 (ix)
    00000199 3C               [ 4]  534 	inc	a
    0000019A 3C               [ 4]  535 	inc	a
    0000019B C3rA2r01         [10]  536 	jp	00196$
    0000019E                        537 00195$:
    0000019E DD 7E FD         [19]  538 	ld	a, -3 (ix)
    000001A1 3C               [ 4]  539 	inc	a
    000001A2                        540 00196$:
    000001A2                        541 00194$:
    000001A2 DD 77 F1         [19]  542 	ld	-15 (ix), a
                                    543 ;E:\Dropbox\FAUSTO\SVILUPPI\MSX\CODE\C\MSXgl\projects\soccerlgMSX2/soccerlg_s17_b3.c:36: u16 min1 = 0xFFFF, min2 = 0xFFFF;
    000001A5 DD 36 F5 FF      [19]  544 	ld	-11 (ix), #0xff
    000001A9 DD 36 F6 FF      [19]  545 	ld	-10 (ix), #0xff
    000001AD DD 36 F7 FF      [19]  546 	ld	-9 (ix), #0xff
    000001B1 DD 36 F8 FF      [19]  547 	ld	-8 (ix), #0xff
                                    548 ;E:\Dropbox\FAUSTO\SVILUPPI\MSX\CODE\C\MSXgl\projects\soccerlgMSX2/soccerlg_s17_b3.c:38: for (u8 i = start_t; i < end_t; i++) {
    000001B5                        549 00172$:
    000001B5 DD 7E FF         [19]  550 	ld	a, -1 (ix)
    000001B8 DD 96 F4         [19]  551 	sub	a, -12 (ix)
    000001BB D2rA5r02         [10]  552 	jp	NC, 00118$
                                    553 ;E:\Dropbox\FAUSTO\SVILUPPI\MSX\CODE\C\MSXgl\projects\soccerlgMSX2/soccerlg_s17_b3.c:39: if (i == thrower) continue;
    000001BE DD 7E EF         [19]  554 	ld	a, -17 (ix)
    000001C1 DD 96 FF         [19]  555 	sub	a, -1 (ix)
    000001C4 CAr9Fr02         [10]  556 	jp	Z,00117$
                                    557 ;E:\Dropbox\FAUSTO\SVILUPPI\MSX\CODE\C\MSXgl\projects\soccerlgMSX2/soccerlg_s17_b3.c:40: u16 dx = (SwSprite[i].lx > RestartSideX) ? (SwSprite[i].lx - RestartSideX) : (RestartSideX - SwSprite[i].lx);
    000001C7 DD 4E FF         [19]  558 	ld	c, -1 (ix)
    000001CA 06 00            [ 7]  559 	ld	b, #0x00
    000001CC 69               [ 4]  560 	ld	l, c
    000001CD 60               [ 4]  561 	ld	h, b
    000001CE 29               [11]  562 	add	hl, hl
    000001CF 29               [11]  563 	add	hl, hl
    000001D0 09               [11]  564 	add	hl, bc
    000001D1 29               [11]  565 	add	hl, hl
    000001D2 09               [11]  566 	add	hl, bc
    000001D3 29               [11]  567 	add	hl, hl
    000001D4 09               [11]  568 	add	hl, bc
    000001D5 11r00r00         [10]  569 	ld	de, #_SwSprite
    000001D8 19               [11]  570 	add	hl, de
    000001D9 DD 75 FD         [19]  571 	ld	-3 (ix), l
    000001DC DD 74 FE         [19]  572 	ld	-2 (ix), h
    000001DF 7E               [ 7]  573 	ld	a, (hl)
    000001E0 DD 77 FC         [19]  574 	ld	-4 (ix), a
                                    575 ;E:\Dropbox\FAUSTO\SVILUPPI\MSX\CODE\C\MSXgl\projects\soccerlgMSX2/soccerlg_s17_b3.c:25: u16 dx = (SwSprite[i].lx > RestartSideX) ? (SwSprite[i].lx - RestartSideX) : (RestartSideX - SwSprite[i].lx);
    000001E3 3Ar00r00         [13]  576 	ld	a, (_RestartSideX+0)
    000001E6 4F               [ 4]  577 	ld	c, a
    000001E7 06 00            [ 7]  578 	ld	b, #0x00
                                    579 ;E:\Dropbox\FAUSTO\SVILUPPI\MSX\CODE\C\MSXgl\projects\soccerlgMSX2/soccerlg_s17_b3.c:40: u16 dx = (SwSprite[i].lx > RestartSideX) ? (SwSprite[i].lx - RestartSideX) : (RestartSideX - SwSprite[i].lx);
    000001E9 DD 5E FC         [19]  580 	ld	e, -4 (ix)
    000001EC 16 00            [ 7]  581 	ld	d, #0x00
    000001EE 3Ar00r00         [13]  582 	ld	a, (#_RestartSideX)
    000001F1 DD 96 FC         [19]  583 	sub	a, -4 (ix)
    000001F4 30 08            [12]  584 	jr	NC, 00197$
    000001F6 7B               [ 4]  585 	ld	a, e
    000001F7 91               [ 4]  586 	sub	a, c
    000001F8 4F               [ 4]  587 	ld	c, a
    000001F9 7A               [ 4]  588 	ld	a, d
    000001FA 98               [ 4]  589 	sbc	a, b
    000001FB C3r03r02         [10]  590 	jp	00198$
    000001FE                        591 00197$:
    000001FE 79               [ 4]  592 	ld	a, c
    000001FF 93               [ 4]  593 	sub	a, e
    00000200 4F               [ 4]  594 	ld	c, a
    00000201 78               [ 4]  595 	ld	a, b
    00000202 9A               [ 4]  596 	sbc	a, d
    00000203                        597 00198$:
    00000203 DD 71 F9         [19]  598 	ld	-7 (ix), c
    00000206 DD 77 FA         [19]  599 	ld	-6 (ix), a
                                    600 ;E:\Dropbox\FAUSTO\SVILUPPI\MSX\CODE\C\MSXgl\projects\soccerlgMSX2/soccerlg_s17_b3.c:41: u16 dy = (SwSprite[i].ly > RestartSideY) ? (SwSprite[i].ly - RestartSideY) : (RestartSideY - SwSprite[i].ly);
    00000209 DD 4E FD         [19]  601 	ld	c, -3 (ix)
    0000020C DD 46 FE         [19]  602 	ld	b, -2 (ix)
    0000020F 21 04 00         [10]  603 	ld	hl, #4
    00000212 09               [11]  604 	add	hl, bc
    00000213 7E               [ 7]  605 	ld	a, (hl)
    00000214 DD 77 FB         [19]  606 	ld	-5 (ix), a
    00000217 23               [ 6]  607 	inc	hl
    00000218 7E               [ 7]  608 	ld	a, (hl)
    00000219 DD 77 FC         [19]  609 	ld	-4 (ix), a
    0000021C 21r00r00         [10]  610 	ld	hl, #_RestartSideY
    0000021F 7E               [ 7]  611 	ld	a, (hl)
    00000220 DD 96 FB         [19]  612 	sub	a, -5 (ix)
    00000223 23               [ 6]  613 	inc	hl
    00000224 7E               [ 7]  614 	ld	a, (hl)
    00000225 DD 9E FC         [19]  615 	sbc	a, -4 (ix)
    00000228 30 15            [12]  616 	jr	NC, 00199$
    0000022A 21r00r00         [10]  617 	ld	hl, #_RestartSideY
    0000022D DD 7E FB         [19]  618 	ld	a, -5 (ix)
    00000230 96               [ 7]  619 	sub	a, (hl)
    00000231 DD 77 FD         [19]  620 	ld	-3 (ix), a
    00000234 DD 7E FC         [19]  621 	ld	a, -4 (ix)
    00000237 23               [ 6]  622 	inc	hl
    00000238 9E               [ 7]  623 	sbc	a, (hl)
    00000239 DD 77 FE         [19]  624 	ld	-2 (ix), a
    0000023C C3r51r02         [10]  625 	jp	00200$
    0000023F                        626 00199$:
    0000023F 3Ar00r00         [13]  627 	ld	a, (_RestartSideY+0)
    00000242 DD 96 FB         [19]  628 	sub	a, -5 (ix)
    00000245 DD 77 FD         [19]  629 	ld	-3 (ix), a
    00000248 3Ar01r00         [13]  630 	ld	a, (_RestartSideY+1)
    0000024B DD 9E FC         [19]  631 	sbc	a, -4 (ix)
    0000024E DD 77 FE         [19]  632 	ld	-2 (ix), a
    00000251                        633 00200$:
    00000251 DD 4E FD         [19]  634 	ld	c, -3 (ix)
    00000254 DD 46 FE         [19]  635 	ld	b, -2 (ix)
                                    636 ;E:\Dropbox\FAUSTO\SVILUPPI\MSX\CODE\C\MSXgl\projects\soccerlgMSX2/soccerlg_s17_b3.c:42: if (dx + dy < min1) {
    00000257 DD 6E F9         [19]  637 	ld	l, -7 (ix)
    0000025A DD 66 FA         [19]  638 	ld	h, -6 (ix)
    0000025D 09               [11]  639 	add	hl, bc
    0000025E 7D               [ 4]  640 	ld	a, l
    0000025F DD 96 F5         [19]  641 	sub	a, -11 (ix)
    00000262 7C               [ 4]  642 	ld	a, h
    00000263 DD 9E F6         [19]  643 	sbc	a, -10 (ix)
    00000266 30 21            [12]  644 	jr	NC, 00115$
                                    645 ;E:\Dropbox\FAUSTO\SVILUPPI\MSX\CODE\C\MSXgl\projects\soccerlgMSX2/soccerlg_s17_b3.c:43: min2 = min1; rec2 = rec1;
    00000268 DD 7E F5         [19]  646 	ld	a, -11 (ix)
    0000026B DD 77 F7         [19]  647 	ld	-9 (ix), a
    0000026E DD 7E F6         [19]  648 	ld	a, -10 (ix)
    00000271 DD 77 F8         [19]  649 	ld	-8 (ix), a
    00000274 DD 7E F0         [19]  650 	ld	a, -16 (ix)
    00000277 DD 77 F1         [19]  651 	ld	-15 (ix), a
                                    652 ;E:\Dropbox\FAUSTO\SVILUPPI\MSX\CODE\C\MSXgl\projects\soccerlgMSX2/soccerlg_s17_b3.c:44: min1 = dx + dy; rec1 = i;
    0000027A DD 75 F5         [19]  653 	ld	-11 (ix), l
    0000027D DD 74 F6         [19]  654 	ld	-10 (ix), h
    00000280 DD 7E FF         [19]  655 	ld	a, -1 (ix)
    00000283 DD 77 F0         [19]  656 	ld	-16 (ix), a
    00000286 C3r9Fr02         [10]  657 	jp	00117$
    00000289                        658 00115$:
                                    659 ;E:\Dropbox\FAUSTO\SVILUPPI\MSX\CODE\C\MSXgl\projects\soccerlgMSX2/soccerlg_s17_b3.c:45: } else if (dx + dy < min2) {
    00000289 7D               [ 4]  660 	ld	a, l
    0000028A DD 96 F7         [19]  661 	sub	a, -9 (ix)
    0000028D 7C               [ 4]  662 	ld	a, h
    0000028E DD 9E F8         [19]  663 	sbc	a, -8 (ix)
    00000291 30 0C            [12]  664 	jr	NC, 00117$
                                    665 ;E:\Dropbox\FAUSTO\SVILUPPI\MSX\CODE\C\MSXgl\projects\soccerlgMSX2/soccerlg_s17_b3.c:46: min2 = dx + dy; rec2 = i;
    00000293 DD 75 F7         [19]  666 	ld	-9 (ix), l
    00000296 DD 74 F8         [19]  667 	ld	-8 (ix), h
    00000299 DD 7E FF         [19]  668 	ld	a, -1 (ix)
    0000029C DD 77 F1         [19]  669 	ld	-15 (ix), a
    0000029F                        670 00117$:
                                    671 ;E:\Dropbox\FAUSTO\SVILUPPI\MSX\CODE\C\MSXgl\projects\soccerlgMSX2/soccerlg_s17_b3.c:38: for (u8 i = start_t; i < end_t; i++) {
    0000029F DD 34 FF         [23]  672 	inc	-1 (ix)
    000002A2 C3rB5r01         [10]  673 	jp	00172$
    000002A5                        674 00118$:
                                    675 ;E:\Dropbox\FAUSTO\SVILUPPI\MSX\CODE\C\MSXgl\projects\soccerlgMSX2/soccerlg_s17_b3.c:51: u8 def_t = (team_to_throw == TEAM_1) ? 8 : 1;
    000002A5 DD 7E F3         [19]  676 	ld	a, -13 (ix)
    000002A8 B7               [ 4]  677 	or	a, a
    000002A9 20 06            [12]  678 	jr	NZ, 00201$
    000002AB 01 08 00         [10]  679 	ld	bc, #0x0008
    000002AE C3rB4r02         [10]  680 	jp	00202$
    000002B1                        681 00201$:
    000002B1 01 01 00         [10]  682 	ld	bc, #0x0001
    000002B4                        683 00202$:
                                    684 ;E:\Dropbox\FAUSTO\SVILUPPI\MSX\CODE\C\MSXgl\projects\soccerlgMSX2/soccerlg_s17_b3.c:52: u8 def_end = def_t + 6;
    000002B4 DD 71 FF         [19]  685 	ld	-1 (ix), c
    000002B7 79               [ 4]  686 	ld	a, c
    000002B8 DD 77 FE         [19]  687 	ld	-2 (ix), a
    000002BB C6 06            [ 7]  688 	add	a, #0x06
    000002BD DD 77 F7         [19]  689 	ld	-9 (ix), a
                                    690 ;E:\Dropbox\FAUSTO\SVILUPPI\MSX\CODE\C\MSXgl\projects\soccerlgMSX2/soccerlg_s17_b3.c:53: u8 def1 = def_t, def2 = def_t + 1;
    000002C0 DD 7E FF         [19]  691 	ld	a, -1 (ix)
    000002C3 DD 77 F2         [19]  692 	ld	-14 (ix), a
    000002C6 DD 7E FE         [19]  693 	ld	a, -2 (ix)
    000002C9 3C               [ 4]  694 	inc	a
    000002CA DD 77 F3         [19]  695 	ld	-13 (ix), a
                                    696 ;E:\Dropbox\FAUSTO\SVILUPPI\MSX\CODE\C\MSXgl\projects\soccerlgMSX2/soccerlg_s17_b3.c:54: min1 = 0xFFFF; min2 = 0xFFFF;
    000002CD DD 36 F8 FF      [19]  697 	ld	-8 (ix), #0xff
    000002D1 DD 36 F9 FF      [19]  698 	ld	-7 (ix), #0xff
    000002D5 DD 36 FA FF      [19]  699 	ld	-6 (ix), #0xff
    000002D9 DD 36 FB FF      [19]  700 	ld	-5 (ix), #0xff
                                    701 ;E:\Dropbox\FAUSTO\SVILUPPI\MSX\CODE\C\MSXgl\projects\soccerlgMSX2/soccerlg_s17_b3.c:56: for (u8 i = def_t; i < def_end; i++) {
    000002DD DD 7E FF         [19]  702 	ld	a, -1 (ix)
    000002E0 DD 77 FD         [19]  703 	ld	-3 (ix), a
    000002E3                        704 00174$:
                                    705 ;E:\Dropbox\FAUSTO\SVILUPPI\MSX\CODE\C\MSXgl\projects\soccerlgMSX2/soccerlg_s17_b3.c:25: u16 dx = (SwSprite[i].lx > RestartSideX) ? (SwSprite[i].lx - RestartSideX) : (RestartSideX - SwSprite[i].lx);
    000002E3 3Ar00r00         [13]  706 	ld	a, (_RestartSideX+0)
    000002E6 DD 77 FE         [19]  707 	ld	-2 (ix), a
    000002E9 DD 36 FF 00      [19]  708 	ld	-1 (ix), #0x00
                                    709 ;E:\Dropbox\FAUSTO\SVILUPPI\MSX\CODE\C\MSXgl\projects\soccerlgMSX2/soccerlg_s17_b3.c:56: for (u8 i = def_t; i < def_end; i++) {
    000002ED DD 7E FD         [19]  710 	ld	a, -3 (ix)
    000002F0 DD 96 F7         [19]  711 	sub	a, -9 (ix)
    000002F3 D2rB7r03         [10]  712 	jp	NC, 00124$
                                    713 ;E:\Dropbox\FAUSTO\SVILUPPI\MSX\CODE\C\MSXgl\projects\soccerlgMSX2/soccerlg_s17_b3.c:57: u16 dx = (SwSprite[i].lx > RestartSideX) ? (SwSprite[i].lx - RestartSideX) : (RestartSideX - SwSprite[i].lx);
    000002F6 DD 4E FD         [19]  714 	ld	c, -3 (ix)
    000002F9 06 00            [ 7]  715 	ld	b, #0x00
    000002FB 69               [ 4]  716 	ld	l, c
    000002FC 60               [ 4]  717 	ld	h, b
    000002FD 29               [11]  718 	add	hl, hl
    000002FE 29               [11]  719 	add	hl, hl
    000002FF 09               [11]  720 	add	hl, bc
    00000300 29               [11]  721 	add	hl, hl
    00000301 09               [11]  722 	add	hl, bc
    00000302 29               [11]  723 	add	hl, hl
    00000303 09               [11]  724 	add	hl, bc
    00000304 EB               [ 4]  725 	ex	de, hl
    00000305 21r00r00         [10]  726 	ld	hl, #_SwSprite
    00000308 19               [11]  727 	add	hl, de
    00000309 EB               [ 4]  728 	ex	de, hl
    0000030A 1A               [ 7]  729 	ld	a, (de)
    0000030B DD 77 FC         [19]  730 	ld	-4 (ix), a
    0000030E 4F               [ 4]  731 	ld	c, a
    0000030F 06 00            [ 7]  732 	ld	b, #0x00
    00000311 3Ar00r00         [13]  733 	ld	a, (#_RestartSideX)
    00000314 DD 96 FC         [19]  734 	sub	a, -4 (ix)
    00000317 30 0C            [12]  735 	jr	NC, 00203$
    00000319 79               [ 4]  736 	ld	a, c
    0000031A DD 96 FE         [19]  737 	sub	a, -2 (ix)
    0000031D 4F               [ 4]  738 	ld	c, a
    0000031E 78               [ 4]  739 	ld	a, b
    0000031F DD 9E FF         [19]  740 	sbc	a, -1 (ix)
    00000322 C3r2Er03         [10]  741 	jp	00204$
    00000325                        742 00203$:
    00000325 DD 7E FE         [19]  743 	ld	a, -2 (ix)
    00000328 91               [ 4]  744 	sub	a, c
    00000329 4F               [ 4]  745 	ld	c, a
    0000032A DD 7E FF         [19]  746 	ld	a, -1 (ix)
    0000032D 98               [ 4]  747 	sbc	a, b
    0000032E                        748 00204$:
    0000032E 47               [ 4]  749 	ld	b, a
                                    750 ;E:\Dropbox\FAUSTO\SVILUPPI\MSX\CODE\C\MSXgl\projects\soccerlgMSX2/soccerlg_s17_b3.c:58: u16 dy = (SwSprite[i].ly > RestartSideY) ? (SwSprite[i].ly - RestartSideY) : (RestartSideY - SwSprite[i].ly);
    0000032F 21 04 00         [10]  751 	ld	hl, #4
    00000332 19               [11]  752 	add	hl, de
    00000333 5E               [ 7]  753 	ld	e, (hl)
    00000334 23               [ 6]  754 	inc	hl
    00000335 56               [ 7]  755 	ld	d, (hl)
    00000336 21r00r00         [10]  756 	ld	hl, #_RestartSideY
    00000339 7E               [ 7]  757 	ld	a, (hl)
    0000033A 23               [ 6]  758 	inc	hl
    0000033B 93               [ 4]  759 	sub	a, e
    0000033C 7E               [ 7]  760 	ld	a, (hl)
    0000033D 9A               [ 4]  761 	sbc	a, d
    0000033E 30 0D            [12]  762 	jr	NC, 00205$
    00000340 21r00r00         [10]  763 	ld	hl, #_RestartSideY
    00000343 7B               [ 4]  764 	ld	a, e
    00000344 96               [ 7]  765 	sub	a, (hl)
    00000345 23               [ 6]  766 	inc	hl
    00000346 5F               [ 4]  767 	ld	e, a
    00000347 7A               [ 4]  768 	ld	a, d
    00000348 9E               [ 7]  769 	sbc	a, (hl)
    00000349 57               [ 4]  770 	ld	d, a
    0000034A C3r54r03         [10]  771 	jp	00206$
    0000034D                        772 00205$:
    0000034D 2Ar00r00         [16]  773 	ld	hl, (_RestartSideY)
    00000350 BF               [ 4]  774 	cp	a, a
    00000351 ED 52            [15]  775 	sbc	hl, de
    00000353 EB               [ 4]  776 	ex	de, hl
    00000354                        777 00206$:
    00000354 EB               [ 4]  778 	ex	de, hl
                                    779 ;E:\Dropbox\FAUSTO\SVILUPPI\MSX\CODE\C\MSXgl\projects\soccerlgMSX2/soccerlg_s17_b3.c:59: if (dx + dy < min1) {
    00000355 09               [11]  780 	add	hl, bc
    00000356 DD 75 FE         [19]  781 	ld	-2 (ix), l
    00000359 DD 74 FF         [19]  782 	ld	-1 (ix), h
    0000035C DD 7E FE         [19]  783 	ld	a, -2 (ix)
    0000035F DD 96 F8         [19]  784 	sub	a, -8 (ix)
    00000362 DD 7E FF         [19]  785 	ld	a, -1 (ix)
    00000365 DD 9E F9         [19]  786 	sbc	a, -7 (ix)
    00000368 30 27            [12]  787 	jr	NC, 00122$
                                    788 ;E:\Dropbox\FAUSTO\SVILUPPI\MSX\CODE\C\MSXgl\projects\soccerlgMSX2/soccerlg_s17_b3.c:60: min2 = min1; def2 = def1;
    0000036A DD 7E F8         [19]  789 	ld	a, -8 (ix)
    0000036D DD 77 FA         [19]  790 	ld	-6 (ix), a
    00000370 DD 7E F9         [19]  791 	ld	a, -7 (ix)
    00000373 DD 77 FB         [19]  792 	ld	-5 (ix), a
    00000376 DD 7E F2         [19]  793 	ld	a, -14 (ix)
    00000379 DD 77 F3         [19]  794 	ld	-13 (ix), a
                                    795 ;E:\Dropbox\FAUSTO\SVILUPPI\MSX\CODE\C\MSXgl\projects\soccerlgMSX2/soccerlg_s17_b3.c:61: min1 = dx + dy; def1 = i;
    0000037C DD 7E FE         [19]  796 	ld	a, -2 (ix)
    0000037F DD 4E FF         [19]  797 	ld	c, -1 (ix)
    00000382 DD 77 F8         [19]  798 	ld	-8 (ix), a
    00000385 DD 71 F9         [19]  799 	ld	-7 (ix), c
    00000388 DD 7E FD         [19]  800 	ld	a, -3 (ix)
    0000038B DD 77 F2         [19]  801 	ld	-14 (ix), a
    0000038E C3rB1r03         [10]  802 	jp	00175$
    00000391                        803 00122$:
                                    804 ;E:\Dropbox\FAUSTO\SVILUPPI\MSX\CODE\C\MSXgl\projects\soccerlgMSX2/soccerlg_s17_b3.c:62: } else if (dx + dy < min2) {
    00000391 DD 7E FE         [19]  805 	ld	a, -2 (ix)
    00000394 DD 96 FA         [19]  806 	sub	a, -6 (ix)
    00000397 DD 7E FF         [19]  807 	ld	a, -1 (ix)
    0000039A DD 9E FB         [19]  808 	sbc	a, -5 (ix)
    0000039D 30 12            [12]  809 	jr	NC, 00175$
                                    810 ;E:\Dropbox\FAUSTO\SVILUPPI\MSX\CODE\C\MSXgl\projects\soccerlgMSX2/soccerlg_s17_b3.c:63: min2 = dx + dy; def2 = i;
    0000039F DD 7E FE         [19]  811 	ld	a, -2 (ix)
    000003A2 DD 4E FF         [19]  812 	ld	c, -1 (ix)
    000003A5 DD 77 FA         [19]  813 	ld	-6 (ix), a
    000003A8 DD 71 FB         [19]  814 	ld	-5 (ix), c
    000003AB DD 7E FD         [19]  815 	ld	a, -3 (ix)
    000003AE DD 77 F3         [19]  816 	ld	-13 (ix), a
    000003B1                        817 00175$:
                                    818 ;E:\Dropbox\FAUSTO\SVILUPPI\MSX\CODE\C\MSXgl\projects\soccerlgMSX2/soccerlg_s17_b3.c:56: for (u8 i = def_t; i < def_end; i++) {
    000003B1 DD 34 FD         [23]  819 	inc	-3 (ix)
    000003B4 C3rE3r02         [10]  820 	jp	00174$
    000003B7                        821 00124$:
                                    822 ;E:\Dropbox\FAUSTO\SVILUPPI\MSX\CODE\C\MSXgl\projects\soccerlgMSX2/soccerlg_s17_b3.c:68: u16 thrower_y = RestartSideY - 8;
    000003B7 2Ar00r00         [16]  823 	ld	hl, (_RestartSideY)
    000003BA 7D               [ 4]  824 	ld	a, l
    000003BB C6 F8            [ 7]  825 	add	a, #0xf8
    000003BD 4F               [ 4]  826 	ld	c, a
    000003BE 7C               [ 4]  827 	ld	a, h
    000003BF CE FF            [ 7]  828 	adc	a, #0xff
    000003C1 DD 71 F4         [19]  829 	ld	-12 (ix), c
    000003C4 DD 77 F5         [19]  830 	ld	-11 (ix), a
                                    831 ;E:\Dropbox\FAUSTO\SVILUPPI\MSX\CODE\C\MSXgl\projects\soccerlgMSX2/soccerlg_s17_b3.c:69: i8 dir_x = (RestartSideX < 128) ? 1 : -1;
    000003C7 3Ar00r00         [13]  832 	ld	a, (_RestartSideX+0)
    000003CA D6 80            [ 7]  833 	sub	a, #0x80
    000003CC 30 06            [12]  834 	jr	NC, 00207$
    000003CE 01 01 00         [10]  835 	ld	bc, #0x0001
    000003D1 C3rD7r03         [10]  836 	jp	00208$
    000003D4                        837 00207$:
    000003D4 01 FF FF         [10]  838 	ld	bc, #0xffff
    000003D7                        839 00208$:
                                    840 ;E:\Dropbox\FAUSTO\SVILUPPI\MSX\CODE\C\MSXgl\projects\soccerlgMSX2/soccerlg_s17_b3.c:70: u16 thrower_x = RestartSideX - (dir_x * 8); // Arretra di 8 pixel fuori dal campo
    000003D7 DD 71 F6         [19]  841 	ld	-10 (ix), c
    000003DA 79               [ 4]  842 	ld	a, c
    000003DB 6F               [ 4]  843 	ld	l, a
                                    844 ;	spillPairReg hl
                                    845 ;	spillPairReg hl
    000003DC 07               [ 4]  846 	rlca
    000003DD 9F               [ 4]  847 	sbc	a, a
    000003DE 67               [ 4]  848 	ld	h, a
    000003DF 29               [11]  849 	add	hl, hl
    000003E0 29               [11]  850 	add	hl, hl
    000003E1 29               [11]  851 	add	hl, hl
    000003E2 DD 7E FE         [19]  852 	ld	a, -2 (ix)
    000003E5 95               [ 4]  853 	sub	a, l
    000003E6 4F               [ 4]  854 	ld	c, a
    000003E7 DD 7E FF         [19]  855 	ld	a, -1 (ix)
    000003EA 9C               [ 4]  856 	sbc	a, h
    000003EB DD 71 F7         [19]  857 	ld	-9 (ix), c
    000003EE DD 77 F8         [19]  858 	ld	-8 (ix), a
                                    859 ;E:\Dropbox\FAUSTO\SVILUPPI\MSX\CODE\C\MSXgl\projects\soccerlgMSX2/soccerlg_s17_b3.c:72: SwSprite[14].lx = thrower_x;
    000003F1 DD 7E F7         [19]  860 	ld	a, -9 (ix)
    000003F4 32r42r01         [13]  861 	ld	(#(_SwSprite + 322)),a
                                    862 ;E:\Dropbox\FAUSTO\SVILUPPI\MSX\CODE\C\MSXgl\projects\soccerlgMSX2/soccerlg_s17_b3.c:73: SwSprite[14].ly = thrower_y - 6; // Palla sopra la testa del battitore
    000003F7 DD 7E F4         [19]  863 	ld	a, -12 (ix)
    000003FA DD 4E F5         [19]  864 	ld	c, -11 (ix)
    000003FD C6 FA            [ 7]  865 	add	a, #0xfa
    000003FF 5F               [ 4]  866 	ld	e, a
    00000400 79               [ 4]  867 	ld	a, c
    00000401 CE FF            [ 7]  868 	adc	a, #0xff
    00000403 57               [ 4]  869 	ld	d, a
    00000404 ED 53r46r01      [20]  870 	ld	((_SwSprite + 326)), de
                                    871 ;E:\Dropbox\FAUSTO\SVILUPPI\MSX\CODE\C\MSXgl\projects\soccerlgMSX2/soccerlg_s17_b3.c:74: SwSprite[14].frame = SPR_BALL_SIZE_2; 
    00000408 21 61 00         [10]  872 	ld	hl, #0x0061
    0000040B 22r51r01         [16]  873 	ld	((_SwSprite + 337)), hl
                                    874 ;E:\Dropbox\FAUSTO\SVILUPPI\MSX\CODE\C\MSXgl\projects\soccerlgMSX2/soccerlg_s17_b3.c:75: SwSprite[14].dx = SwSprite[14].dy = SwSprite[14].anim = SwSprite[14].count = 0;
    0000040E 6C               [ 4]  875 	ld	l, h
    0000040F 22r57r01         [16]  876 	ld	((_SwSprite + 343)), hl
    00000412 22r55r01         [16]  877 	ld	((_SwSprite + 341)), hl
    00000415 21r54r01         [10]  878 	ld	hl, #(_SwSprite + 340)
    00000418 36 00            [10]  879 	ld	(hl), #0x00
    0000041A 21r53r01         [10]  880 	ld	hl, #(_SwSprite + 339)
    0000041D 36 00            [10]  881 	ld	(hl), #0x00
                                    882 ;E:\Dropbox\FAUSTO\SVILUPPI\MSX\CODE\C\MSXgl\projects\soccerlgMSX2/soccerlg_s17_b3.c:76: g_thrower_id = thrower;
    0000041F DD 7E EF         [19]  883 	ld	a, -17 (ix)
    00000422 32r00r00         [13]  884 	ld	(_g_thrower_id+0), a
                                    885 ;E:\Dropbox\FAUSTO\SVILUPPI\MSX\CODE\C\MSXgl\projects\soccerlgMSX2/soccerlg_s17_b3.c:78: g_throw_rec_1 = rec1;
    00000425 DD 7E F0         [19]  886 	ld	a, -16 (ix)
    00000428 32r00r00         [13]  887 	ld	(_g_throw_rec_1+0), a
                                    888 ;E:\Dropbox\FAUSTO\SVILUPPI\MSX\CODE\C\MSXgl\projects\soccerlgMSX2/soccerlg_s17_b3.c:79: g_throw_rec_2 = rec2;
    0000042B DD 7E F1         [19]  889 	ld	a, -15 (ix)
    0000042E 32r00r00         [13]  890 	ld	(_g_throw_rec_2+0), a
                                    891 ;E:\Dropbox\FAUSTO\SVILUPPI\MSX\CODE\C\MSXgl\projects\soccerlgMSX2/soccerlg_s17_b3.c:80: g_selected_rec = 0;
    00000431 21r00r00         [10]  892 	ld	hl, #_g_selected_rec
    00000434 36 00            [10]  893 	ld	(hl), #0x00
                                    894 ;E:\Dropbox\FAUSTO\SVILUPPI\MSX\CODE\C\MSXgl\projects\soccerlgMSX2/soccerlg_s17_b3.c:83: SwSprite[0].tx = 128; SwSprite[0].ty = 32;
    00000436 21r0Cr00         [10]  895 	ld	hl, #(_SwSprite + 12)
    00000439 36 80            [10]  896 	ld	(hl), #0x80
    0000043B 21 20 00         [10]  897 	ld	hl, #0x0020
    0000043E 22r0Dr00         [16]  898 	ld	((_SwSprite + 13)), hl
                                    899 ;E:\Dropbox\FAUSTO\SVILUPPI\MSX\CODE\C\MSXgl\projects\soccerlgMSX2/soccerlg_s17_b3.c:84: SwSprite[7].tx = 128; SwSprite[7].ty = 444;
    00000441 21rADr00         [10]  900 	ld	hl, #(_SwSprite + 173)
    00000444 36 80            [10]  901 	ld	(hl), #0x80
    00000446 21 BC 01         [10]  902 	ld	hl, #0x01bc
    00000449 22rAEr00         [16]  903 	ld	((_SwSprite + 174)), hl
                                    904 ;E:\Dropbox\FAUSTO\SVILUPPI\MSX\CODE\C\MSXgl\projects\soccerlgMSX2/soccerlg_s17_b3.c:87: for(u8 i=1; i<14; i++) {
    0000044C DD 36 FF 01      [19]  905 	ld	-1 (ix), #0x01
    00000450                        906 00177$:
    00000450 DD 7E FF         [19]  907 	ld	a, -1 (ix)
    00000453 D6 0E            [ 7]  908 	sub	a, #0x0e
    00000455 D2r3Ar06         [10]  909 	jp	NC, 00158$
                                    910 ;E:\Dropbox\FAUSTO\SVILUPPI\MSX\CODE\C\MSXgl\projects\soccerlgMSX2/soccerlg_s17_b3.c:88: if (i == 7 || i == thrower || i == rec1 || i == rec2 || i == def1 || i == def2) continue;
    00000458 DD 7E FF         [19]  911 	ld	a, -1 (ix)
    0000045B D6 07            [ 7]  912 	sub	a, #0x07
    0000045D CAr34r06         [10]  913 	jp	Z,00157$
    00000460 DD 7E EF         [19]  914 	ld	a, -17 (ix)
    00000463 DD 96 FF         [19]  915 	sub	a, -1 (ix)
    00000466 CAr34r06         [10]  916 	jp	Z,00157$
    00000469 DD 7E F0         [19]  917 	ld	a, -16 (ix)
    0000046C DD 96 FF         [19]  918 	sub	a, -1 (ix)
    0000046F CAr34r06         [10]  919 	jp	Z,00157$
    00000472 DD 7E F1         [19]  920 	ld	a, -15 (ix)
    00000475 DD 96 FF         [19]  921 	sub	a, -1 (ix)
    00000478 CAr34r06         [10]  922 	jp	Z,00157$
    0000047B DD 7E F2         [19]  923 	ld	a, -14 (ix)
    0000047E DD 96 FF         [19]  924 	sub	a, -1 (ix)
    00000481 CAr34r06         [10]  925 	jp	Z,00157$
    00000484 DD 7E F3         [19]  926 	ld	a, -13 (ix)
    00000487 DD 96 FF         [19]  927 	sub	a, -1 (ix)
    0000048A CAr34r06         [10]  928 	jp	Z,00157$
                                    929 ;E:\Dropbox\FAUSTO\SVILUPPI\MSX\CODE\C\MSXgl\projects\soccerlgMSX2/soccerlg_s17_b3.c:90: u8 team = (i < 7) ? TEAM_1 : TEAM_2;
    0000048D DD 7E FF         [19]  930 	ld	a, -1 (ix)
    00000490 D6 07            [ 7]  931 	sub	a, #0x07
    00000492 30 06            [12]  932 	jr	NC, 00209$
    00000494 11 00 00         [10]  933 	ld	de, #0x0000
    00000497 C3r9Dr04         [10]  934 	jp	00210$
    0000049A                        935 00209$:
    0000049A 11 01 00         [10]  936 	ld	de, #0x0001
    0000049D                        937 00210$:
    0000049D 4B               [ 4]  938 	ld	c, e
                                    939 ;E:\Dropbox\FAUSTO\SVILUPPI\MSX\CODE\C\MSXgl\projects\soccerlgMSX2/soccerlg_s17_b3.c:91: u8 role = (team == TEAM_1) ? i : (i - 7);
    0000049E 79               [ 4]  940 	ld	a, c
    0000049F B7               [ 4]  941 	or	a, a
    000004A0 20 06            [12]  942 	jr	NZ, 00211$
    000004A2 DD 7E FF         [19]  943 	ld	a, -1 (ix)
    000004A5 C3rADr04         [10]  944 	jp	00212$
    000004A8                        945 00211$:
    000004A8 DD 7E FF         [19]  946 	ld	a, -1 (ix)
    000004AB C6 F9            [ 7]  947 	add	a, #0xf9
    000004AD                        948 00212$:
                                    949 ;E:\Dropbox\FAUSTO\SVILUPPI\MSX\CODE\C\MSXgl\projects\soccerlgMSX2/soccerlg_s17_b3.c:92: u16 base_x = 128;
    000004AD DD 36 F9 80      [19]  950 	ld	-7 (ix), #0x80
    000004B1 DD 36 FA 00      [19]  951 	ld	-6 (ix), #0x00
                                    952 ;E:\Dropbox\FAUSTO\SVILUPPI\MSX\CODE\C\MSXgl\projects\soccerlgMSX2/soccerlg_s17_b3.c:93: u16 base_y = 256;
    000004B5 DD 36 FB 00      [19]  953 	ld	-5 (ix), #0x00
    000004B9 DD 36 FC 01      [19]  954 	ld	-4 (ix), #0x01
                                    955 ;E:\Dropbox\FAUSTO\SVILUPPI\MSX\CODE\C\MSXgl\projects\soccerlgMSX2/soccerlg_s17_b3.c:95: if (role == 1) { base_x = 64;  base_y = (team == TEAM_1) ? 120 : 392; }
    000004BD FE 01            [ 7]  956 	cp	a, #0x01
    000004BF 20 1E            [12]  957 	jr	NZ, 00147$
    000004C1 DD 36 F9 40      [19]  958 	ld	-7 (ix), #0x40
    000004C5 DD 36 FA 00      [19]  959 	ld	-6 (ix), #0
    000004C9 79               [ 4]  960 	ld	a, c
    000004CA B7               [ 4]  961 	or	a, a
    000004CB 20 06            [12]  962 	jr	NZ, 00213$
    000004CD 11 78 00         [10]  963 	ld	de, #0x0078
    000004D0 C3rD6r04         [10]  964 	jp	00214$
    000004D3                        965 00213$:
    000004D3 11 88 01         [10]  966 	ld	de, #0x0188
    000004D6                        967 00214$:
    000004D6 DD 73 FB         [19]  968 	ld	-5 (ix), e
    000004D9 DD 72 FC         [19]  969 	ld	-4 (ix), d
    000004DC C3r96r05         [10]  970 	jp	00148$
    000004DF                        971 00147$:
                                    972 ;E:\Dropbox\FAUSTO\SVILUPPI\MSX\CODE\C\MSXgl\projects\soccerlgMSX2/soccerlg_s17_b3.c:96: else if (role == 2) { base_x = 192; base_y = (team == TEAM_1) ? 120 : 392; }
    000004DF FE 02            [ 7]  973 	cp	a, #0x02
    000004E1 20 2E            [12]  974 	jr	NZ, 00144$
    000004E3 DD 36 F9 C0      [19]  975 	ld	-7 (ix), #0xc0
    000004E7 DD 36 FA 00      [19]  976 	ld	-6 (ix), #0
    000004EB 79               [ 4]  977 	ld	a, c
    000004EC B7               [ 4]  978 	or	a, a
    000004ED 20 0B            [12]  979 	jr	NZ, 00215$
    000004EF DD 36 FD 78      [19]  980 	ld	-3 (ix), #0x78
    000004F3 DD 36 FE 00      [19]  981 	ld	-2 (ix), #0
    000004F7 C3r02r05         [10]  982 	jp	00216$
    000004FA                        983 00215$:
    000004FA DD 36 FD 88      [19]  984 	ld	-3 (ix), #0x88
    000004FE DD 36 FE 01      [19]  985 	ld	-2 (ix), #0x01
    00000502                        986 00216$:
    00000502 DD 7E FD         [19]  987 	ld	a, -3 (ix)
    00000505 DD 77 FB         [19]  988 	ld	-5 (ix), a
    00000508 DD 7E FE         [19]  989 	ld	a, -2 (ix)
    0000050B DD 77 FC         [19]  990 	ld	-4 (ix), a
    0000050E C3r96r05         [10]  991 	jp	00148$
    00000511                        992 00144$:
                                    993 ;E:\Dropbox\FAUSTO\SVILUPPI\MSX\CODE\C\MSXgl\projects\soccerlgMSX2/soccerlg_s17_b3.c:97: else if (role == 3) { base_x = 64;  base_y = (team == TEAM_1) ? 200 : 312; }
    00000511 FE 03            [ 7]  994 	cp	a, #0x03
    00000513 20 1E            [12]  995 	jr	NZ, 00141$
    00000515 DD 36 F9 40      [19]  996 	ld	-7 (ix), #0x40
    00000519 DD 36 FA 00      [19]  997 	ld	-6 (ix), #0
    0000051D 79               [ 4]  998 	ld	a, c
    0000051E B7               [ 4]  999 	or	a, a
    0000051F 20 06            [12] 1000 	jr	NZ, 00217$
    00000521 01 C8 00         [10] 1001 	ld	bc, #0x00c8
    00000524 C3r2Ar05         [10] 1002 	jp	00218$
    00000527                       1003 00217$:
    00000527 01 38 01         [10] 1004 	ld	bc, #0x0138
    0000052A                       1005 00218$:
    0000052A DD 71 FB         [19] 1006 	ld	-5 (ix), c
    0000052D DD 70 FC         [19] 1007 	ld	-4 (ix), b
    00000530 C3r96r05         [10] 1008 	jp	00148$
    00000533                       1009 00141$:
                                   1010 ;E:\Dropbox\FAUSTO\SVILUPPI\MSX\CODE\C\MSXgl\projects\soccerlgMSX2/soccerlg_s17_b3.c:98: else if (role == 4) { base_x = 192; base_y = (team == TEAM_1) ? 200 : 312; }
    00000533 FE 04            [ 7] 1011 	cp	a, #0x04
    00000535 20 1E            [12] 1012 	jr	NZ, 00138$
    00000537 DD 36 F9 C0      [19] 1013 	ld	-7 (ix), #0xc0
    0000053B DD 36 FA 00      [19] 1014 	ld	-6 (ix), #0
    0000053F 79               [ 4] 1015 	ld	a, c
    00000540 B7               [ 4] 1016 	or	a, a
    00000541 20 06            [12] 1017 	jr	NZ, 00219$
    00000543 01 C8 00         [10] 1018 	ld	bc, #0x00c8
    00000546 C3r4Cr05         [10] 1019 	jp	00220$
    00000549                       1020 00219$:
    00000549 01 38 01         [10] 1021 	ld	bc, #0x0138
    0000054C                       1022 00220$:
    0000054C DD 71 FB         [19] 1023 	ld	-5 (ix), c
    0000054F DD 70 FC         [19] 1024 	ld	-4 (ix), b
    00000552 C3r96r05         [10] 1025 	jp	00148$
    00000555                       1026 00138$:
                                   1027 ;E:\Dropbox\FAUSTO\SVILUPPI\MSX\CODE\C\MSXgl\projects\soccerlgMSX2/soccerlg_s17_b3.c:99: else if (role == 5) { base_x = 80;  base_y = (team == TEAM_1) ? 280 : 232; }
    00000555 FE 05            [ 7] 1028 	cp	a, #0x05
    00000557 20 1E            [12] 1029 	jr	NZ, 00135$
    00000559 DD 36 F9 50      [19] 1030 	ld	-7 (ix), #0x50
    0000055D DD 36 FA 00      [19] 1031 	ld	-6 (ix), #0
    00000561 79               [ 4] 1032 	ld	a, c
    00000562 B7               [ 4] 1033 	or	a, a
    00000563 20 06            [12] 1034 	jr	NZ, 00221$
    00000565 01 18 01         [10] 1035 	ld	bc, #0x0118
    00000568 C3r6Er05         [10] 1036 	jp	00222$
    0000056B                       1037 00221$:
    0000056B 01 E8 00         [10] 1038 	ld	bc, #0x00e8
    0000056E                       1039 00222$:
    0000056E DD 71 FB         [19] 1040 	ld	-5 (ix), c
    00000571 DD 70 FC         [19] 1041 	ld	-4 (ix), b
    00000574 C3r96r05         [10] 1042 	jp	00148$
    00000577                       1043 00135$:
                                   1044 ;E:\Dropbox\FAUSTO\SVILUPPI\MSX\CODE\C\MSXgl\projects\soccerlgMSX2/soccerlg_s17_b3.c:100: else if (role == 6) { base_x = 176; base_y = (team == TEAM_1) ? 280 : 232; }
    00000577 D6 06            [ 7] 1045 	sub	a, #0x06
    00000579 20 1B            [12] 1046 	jr	NZ, 00148$
    0000057B DD 36 F9 B0      [19] 1047 	ld	-7 (ix), #0xb0
    0000057F DD 36 FA 00      [19] 1048 	ld	-6 (ix), #0
    00000583 79               [ 4] 1049 	ld	a, c
    00000584 B7               [ 4] 1050 	or	a, a
    00000585 20 06            [12] 1051 	jr	NZ, 00223$
    00000587 01 18 01         [10] 1052 	ld	bc, #0x0118
    0000058A C3r90r05         [10] 1053 	jp	00224$
    0000058D                       1054 00223$:
    0000058D 01 E8 00         [10] 1055 	ld	bc, #0x00e8
    00000590                       1056 00224$:
    00000590 DD 71 FB         [19] 1057 	ld	-5 (ix), c
    00000593 DD 70 FC         [19] 1058 	ld	-4 (ix), b
    00000596                       1059 00148$:
                                   1060 ;E:\Dropbox\FAUSTO\SVILUPPI\MSX\CODE\C\MSXgl\projects\soccerlgMSX2/soccerlg_s17_b3.c:103: i16 ball_offset_y = (i16)RestartSideY - 256;
    00000596 2Ar00r00         [16] 1061 	ld	hl, (_RestartSideY)
    00000599 4D               [ 4] 1062 	ld	c, l
    0000059A 7C               [ 4] 1063 	ld	a,h
    0000059B 3D               [ 4] 1064 	dec	a
    0000059C 47               [ 4] 1065 	ld	b, a
                                   1066 ;E:\Dropbox\FAUSTO\SVILUPPI\MSX\CODE\C\MSXgl\projects\soccerlgMSX2/soccerlg_s17_b3.c:104: SwSprite[i].tx = base_x;
    0000059D DD 5E FF         [19] 1067 	ld	e, -1 (ix)
    000005A0 16 00            [ 7] 1068 	ld	d, #0x00
    000005A2 6B               [ 4] 1069 	ld	l, e
    000005A3 62               [ 4] 1070 	ld	h, d
    000005A4 29               [11] 1071 	add	hl, hl
    000005A5 29               [11] 1072 	add	hl, hl
    000005A6 19               [11] 1073 	add	hl, de
    000005A7 29               [11] 1074 	add	hl, hl
    000005A8 19               [11] 1075 	add	hl, de
    000005A9 29               [11] 1076 	add	hl, hl
    000005AA 19               [11] 1077 	add	hl, de
    000005AB EB               [ 4] 1078 	ex	de, hl
    000005AC 21r00r00         [10] 1079 	ld	hl, #_SwSprite
    000005AF 19               [11] 1080 	add	hl, de
    000005B0 EB               [ 4] 1081 	ex	de, hl
    000005B1 21 0C 00         [10] 1082 	ld	hl, #0x000c
    000005B4 19               [11] 1083 	add	hl, de
    000005B5 DD 75 FD         [19] 1084 	ld	-3 (ix), l
    000005B8 DD 74 FE         [19] 1085 	ld	-2 (ix), h
    000005BB DD 7E F9         [19] 1086 	ld	a, -7 (ix)
    000005BE DD 6E FD         [19] 1087 	ld	l, -3 (ix)
    000005C1 DD 66 FE         [19] 1088 	ld	h, -2 (ix)
    000005C4 77               [ 7] 1089 	ld	(hl), a
                                   1090 ;E:\Dropbox\FAUSTO\SVILUPPI\MSX\CODE\C\MSXgl\projects\soccerlgMSX2/soccerlg_s17_b3.c:105: SwSprite[i].ty = base_y + (ball_offset_y / 2);
    000005C5 21 0D 00         [10] 1091 	ld	hl, #0x000d
    000005C8 19               [11] 1092 	add	hl, de
    000005C9 EB               [ 4] 1093 	ex	de, hl
    000005CA 69               [ 4] 1094 	ld	l, c
                                   1095 ;	spillPairReg hl
                                   1096 ;	spillPairReg hl
    000005CB 60               [ 4] 1097 	ld	h, b
                                   1098 ;	spillPairReg hl
                                   1099 ;	spillPairReg hl
    000005CC CB 78            [ 8] 1100 	bit	7, b
    000005CE 28 03            [12] 1101 	jr	Z, 00225$
    000005D0 69               [ 4] 1102 	ld	l, c
                                   1103 ;	spillPairReg hl
                                   1104 ;	spillPairReg hl
    000005D1 60               [ 4] 1105 	ld	h, b
                                   1106 ;	spillPairReg hl
                                   1107 ;	spillPairReg hl
    000005D2 23               [ 6] 1108 	inc	hl
    000005D3                       1109 00225$:
    000005D3 CB 2C            [ 8] 1110 	sra	h
    000005D5 CB 1D            [ 8] 1111 	rr	l
    000005D7 DD 4E FB         [19] 1112 	ld	c, -5 (ix)
    000005DA DD 46 FC         [19] 1113 	ld	b, -4 (ix)
    000005DD 09               [11] 1114 	add	hl, bc
    000005DE 4D               [ 4] 1115 	ld	c, l
    000005DF 44               [ 4] 1116 	ld	b, h
    000005E0 6B               [ 4] 1117 	ld	l, e
    000005E1 62               [ 4] 1118 	ld	h, d
    000005E2 71               [ 7] 1119 	ld	(hl), c
    000005E3 23               [ 6] 1120 	inc	hl
    000005E4 70               [ 7] 1121 	ld	(hl), b
                                   1122 ;E:\Dropbox\FAUSTO\SVILUPPI\MSX\CODE\C\MSXgl\projects\soccerlgMSX2/soccerlg_s17_b3.c:107: if (SwSprite[i].tx < 16) SwSprite[i].tx = 16;
    000005E5 DD 6E FD         [19] 1123 	ld	l, -3 (ix)
    000005E8 DD 66 FE         [19] 1124 	ld	h, -2 (ix)
    000005EB 7E               [ 7] 1125 	ld	a, (hl)
    000005EC D6 10            [ 7] 1126 	sub	a, #0x10
    000005EE 30 08            [12] 1127 	jr	NC, 00150$
    000005F0 DD 6E FD         [19] 1128 	ld	l, -3 (ix)
    000005F3 DD 66 FE         [19] 1129 	ld	h, -2 (ix)
    000005F6 36 10            [10] 1130 	ld	(hl), #0x10
    000005F8                       1131 00150$:
                                   1132 ;E:\Dropbox\FAUSTO\SVILUPPI\MSX\CODE\C\MSXgl\projects\soccerlgMSX2/soccerlg_s17_b3.c:108: if (SwSprite[i].tx > 224) SwSprite[i].tx = 224;
    000005F8 DD 6E FD         [19] 1133 	ld	l, -3 (ix)
    000005FB DD 66 FE         [19] 1134 	ld	h, -2 (ix)
    000005FE 4E               [ 7] 1135 	ld	c, (hl)
    000005FF 3E E0            [ 7] 1136 	ld	a, #0xe0
    00000601 91               [ 4] 1137 	sub	a, c
    00000602 30 08            [12] 1138 	jr	NC, 00152$
    00000604 DD 6E FD         [19] 1139 	ld	l, -3 (ix)
    00000607 DD 66 FE         [19] 1140 	ld	h, -2 (ix)
    0000060A 36 E0            [10] 1141 	ld	(hl), #0xe0
    0000060C                       1142 00152$:
                                   1143 ;E:\Dropbox\FAUSTO\SVILUPPI\MSX\CODE\C\MSXgl\projects\soccerlgMSX2/soccerlg_s17_b3.c:109: if (SwSprite[i].ty < 48) SwSprite[i].ty = 48;
    0000060C 6B               [ 4] 1144 	ld	l, e
    0000060D 62               [ 4] 1145 	ld	h, d
    0000060E 4E               [ 7] 1146 	ld	c, (hl)
    0000060F 23               [ 6] 1147 	inc	hl
    00000610 46               [ 7] 1148 	ld	b, (hl)
    00000611 79               [ 4] 1149 	ld	a, c
    00000612 D6 30            [ 7] 1150 	sub	a, #0x30
    00000614 78               [ 4] 1151 	ld	a, b
    00000615 DE 00            [ 7] 1152 	sbc	a, #0x00
    00000617 30 07            [12] 1153 	jr	NC, 00154$
    00000619 6B               [ 4] 1154 	ld	l, e
    0000061A 62               [ 4] 1155 	ld	h, d
    0000061B 36 30            [10] 1156 	ld	(hl), #0x30
    0000061D 23               [ 6] 1157 	inc	hl
    0000061E 36 00            [10] 1158 	ld	(hl), #0x00
    00000620                       1159 00154$:
                                   1160 ;E:\Dropbox\FAUSTO\SVILUPPI\MSX\CODE\C\MSXgl\projects\soccerlgMSX2/soccerlg_s17_b3.c:110: if (SwSprite[i].ty > 464) SwSprite[i].ty = 464;
    00000620 6B               [ 4] 1161 	ld	l, e
    00000621 62               [ 4] 1162 	ld	h, d
    00000622 4E               [ 7] 1163 	ld	c, (hl)
    00000623 23               [ 6] 1164 	inc	hl
    00000624 46               [ 7] 1165 	ld	b, (hl)
    00000625 3E D0            [ 7] 1166 	ld	a, #0xd0
    00000627 B9               [ 4] 1167 	cp	a, c
    00000628 3E 01            [ 7] 1168 	ld	a, #0x01
    0000062A 98               [ 4] 1169 	sbc	a, b
    0000062B 30 07            [12] 1170 	jr	NC, 00157$
    0000062D 3E D0            [ 7] 1171 	ld	a, #0xd0
    0000062F 12               [ 7] 1172 	ld	(de), a
    00000630 13               [ 6] 1173 	inc	de
    00000631 3E 01            [ 7] 1174 	ld	a, #0x01
    00000633 12               [ 7] 1175 	ld	(de), a
    00000634                       1176 00157$:
                                   1177 ;E:\Dropbox\FAUSTO\SVILUPPI\MSX\CODE\C\MSXgl\projects\soccerlgMSX2/soccerlg_s17_b3.c:87: for(u8 i=1; i<14; i++) {
    00000634 DD 34 FF         [23] 1178 	inc	-1 (ix)
    00000637 C3r50r04         [10] 1179 	jp	00177$
    0000063A                       1180 00158$:
                                   1181 ;E:\Dropbox\FAUSTO\SVILUPPI\MSX\CODE\C\MSXgl\projects\soccerlgMSX2/soccerlg_s17_b3.c:113: SwSprite[thrower].tx = thrower_x;
    0000063A DD 4E EF         [19] 1182 	ld	c, -17 (ix)
    0000063D 06 00            [ 7] 1183 	ld	b, #0x00
    0000063F 69               [ 4] 1184 	ld	l, c
    00000640 60               [ 4] 1185 	ld	h, b
    00000641 29               [11] 1186 	add	hl, hl
    00000642 29               [11] 1187 	add	hl, hl
    00000643 09               [11] 1188 	add	hl, bc
    00000644 29               [11] 1189 	add	hl, hl
    00000645 09               [11] 1190 	add	hl, bc
    00000646 29               [11] 1191 	add	hl, hl
    00000647 09               [11] 1192 	add	hl, bc
    00000648 EB               [ 4] 1193 	ex	de, hl
    00000649 21r00r00         [10] 1194 	ld	hl, #_SwSprite
    0000064C 19               [11] 1195 	add	hl, de
    0000064D EB               [ 4] 1196 	ex	de, hl
    0000064E 21 0C 00         [10] 1197 	ld	hl, #0x000c
    00000651 19               [11] 1198 	add	hl, de
    00000652 DD 7E F7         [19] 1199 	ld	a, -9 (ix)
    00000655 77               [ 7] 1200 	ld	(hl), a
                                   1201 ;E:\Dropbox\FAUSTO\SVILUPPI\MSX\CODE\C\MSXgl\projects\soccerlgMSX2/soccerlg_s17_b3.c:114: SwSprite[thrower].ty = thrower_y;
    00000656 21 0D 00         [10] 1202 	ld	hl, #0x000d
    00000659 19               [11] 1203 	add	hl, de
    0000065A DD 7E F4         [19] 1204 	ld	a, -12 (ix)
    0000065D 77               [ 7] 1205 	ld	(hl), a
    0000065E 23               [ 6] 1206 	inc	hl
    0000065F DD 7E F5         [19] 1207 	ld	a, -11 (ix)
    00000662 77               [ 7] 1208 	ld	(hl), a
                                   1209 ;E:\Dropbox\FAUSTO\SVILUPPI\MSX\CODE\C\MSXgl\projects\soccerlgMSX2/soccerlg_s17_b3.c:117: SwSprite[rec1].tx = RestartSideX + dir_x * 50; SwSprite[rec1].ty = RestartSideY - 48;
    00000663 DD 4E F0         [19] 1210 	ld	c, -16 (ix)
    00000666 06 00            [ 7] 1211 	ld	b, #0x00
    00000668 69               [ 4] 1212 	ld	l, c
    00000669 60               [ 4] 1213 	ld	h, b
    0000066A 29               [11] 1214 	add	hl, hl
    0000066B 29               [11] 1215 	add	hl, hl
    0000066C 09               [11] 1216 	add	hl, bc
    0000066D 29               [11] 1217 	add	hl, hl
    0000066E 09               [11] 1218 	add	hl, bc
    0000066F 29               [11] 1219 	add	hl, hl
    00000670 09               [11] 1220 	add	hl, bc
    00000671 EB               [ 4] 1221 	ex	de, hl
    00000672 21r00r00         [10] 1222 	ld	hl, #_SwSprite
    00000675 19               [11] 1223 	add	hl, de
    00000676 4D               [ 4] 1224 	ld	c, l
    00000677 44               [ 4] 1225 	ld	b, h
    00000678 21 0C 00         [10] 1226 	ld	hl, #0x000c
    0000067B 09               [11] 1227 	add	hl, bc
    0000067C EB               [ 4] 1228 	ex	de, hl
    0000067D D5               [11] 1229 	push	de
    0000067E DD 6E F6         [19] 1230 	ld	l, -10 (ix)
                                   1231 ;	spillPairReg hl
                                   1232 ;	spillPairReg hl
    00000681 5D               [ 4] 1233 	ld	e, l
    00000682 29               [11] 1234 	add	hl, hl
    00000683 19               [11] 1235 	add	hl, de
    00000684 29               [11] 1236 	add	hl, hl
    00000685 29               [11] 1237 	add	hl, hl
    00000686 29               [11] 1238 	add	hl, hl
    00000687 19               [11] 1239 	add	hl, de
    00000688 29               [11] 1240 	add	hl, hl
    00000689 D1               [10] 1241 	pop	de
    0000068A 3Ar00r00         [13] 1242 	ld	a, (_RestartSideX+0)
    0000068D 85               [ 4] 1243 	add	a, l
    0000068E 12               [ 7] 1244 	ld	(de), a
    0000068F 21 0D 00         [10] 1245 	ld	hl, #0x000d
    00000692 09               [11] 1246 	add	hl, bc
    00000693 ED 4Br00r00      [20] 1247 	ld	bc, (_RestartSideY)
    00000697 79               [ 4] 1248 	ld	a, c
    00000698 C6 D0            [ 7] 1249 	add	a, #0xd0
    0000069A 4F               [ 4] 1250 	ld	c, a
    0000069B 78               [ 4] 1251 	ld	a, b
    0000069C CE FF            [ 7] 1252 	adc	a, #0xff
    0000069E 47               [ 4] 1253 	ld	b, a
    0000069F 71               [ 7] 1254 	ld	(hl), c
    000006A0 23               [ 6] 1255 	inc	hl
    000006A1 70               [ 7] 1256 	ld	(hl), b
                                   1257 ;E:\Dropbox\FAUSTO\SVILUPPI\MSX\CODE\C\MSXgl\projects\soccerlgMSX2/soccerlg_s17_b3.c:118: SwSprite[rec2].tx = RestartSideX + dir_x * 70; SwSprite[rec2].ty = RestartSideY + 32;
    000006A2 DD 4E F1         [19] 1258 	ld	c, -15 (ix)
    000006A5 06 00            [ 7] 1259 	ld	b, #0x00
    000006A7 69               [ 4] 1260 	ld	l, c
    000006A8 60               [ 4] 1261 	ld	h, b
    000006A9 29               [11] 1262 	add	hl, hl
    000006AA 29               [11] 1263 	add	hl, hl
    000006AB 09               [11] 1264 	add	hl, bc
    000006AC 29               [11] 1265 	add	hl, hl
    000006AD 09               [11] 1266 	add	hl, bc
    000006AE 29               [11] 1267 	add	hl, hl
    000006AF 09               [11] 1268 	add	hl, bc
    000006B0 EB               [ 4] 1269 	ex	de, hl
    000006B1 21r00r00         [10] 1270 	ld	hl, #_SwSprite
    000006B4 19               [11] 1271 	add	hl, de
    000006B5 4D               [ 4] 1272 	ld	c, l
    000006B6 44               [ 4] 1273 	ld	b, h
    000006B7 21 0C 00         [10] 1274 	ld	hl, #0x000c
    000006BA 09               [11] 1275 	add	hl, bc
    000006BB EB               [ 4] 1276 	ex	de, hl
    000006BC D5               [11] 1277 	push	de
    000006BD DD 6E F6         [19] 1278 	ld	l, -10 (ix)
                                   1279 ;	spillPairReg hl
                                   1280 ;	spillPairReg hl
    000006C0 5D               [ 4] 1281 	ld	e, l
    000006C1 29               [11] 1282 	add	hl, hl
    000006C2 29               [11] 1283 	add	hl, hl
    000006C3 29               [11] 1284 	add	hl, hl
    000006C4 29               [11] 1285 	add	hl, hl
    000006C5 19               [11] 1286 	add	hl, de
    000006C6 29               [11] 1287 	add	hl, hl
    000006C7 19               [11] 1288 	add	hl, de
    000006C8 29               [11] 1289 	add	hl, hl
    000006C9 D1               [10] 1290 	pop	de
    000006CA 3Ar00r00         [13] 1291 	ld	a, (_RestartSideX+0)
    000006CD 85               [ 4] 1292 	add	a, l
    000006CE 12               [ 7] 1293 	ld	(de), a
    000006CF 21 0D 00         [10] 1294 	ld	hl, #0x000d
    000006D2 09               [11] 1295 	add	hl, bc
    000006D3 ED 4Br00r00      [20] 1296 	ld	bc, (_RestartSideY)
    000006D7 79               [ 4] 1297 	ld	a, c
    000006D8 C6 20            [ 7] 1298 	add	a, #0x20
    000006DA 4F               [ 4] 1299 	ld	c, a
    000006DB 30 01            [12] 1300 	jr	NC, 00561$
    000006DD 04               [ 4] 1301 	inc	b
    000006DE                       1302 00561$:
    000006DE 71               [ 7] 1303 	ld	(hl), c
    000006DF 23               [ 6] 1304 	inc	hl
    000006E0 70               [ 7] 1305 	ld	(hl), b
                                   1306 ;E:\Dropbox\FAUSTO\SVILUPPI\MSX\CODE\C\MSXgl\projects\soccerlgMSX2/soccerlg_s17_b3.c:119: SwSprite[def1].tx = RestartSideX + dir_x * 40; SwSprite[def1].ty = RestartSideY - 24;
    000006E1 DD 4E F2         [19] 1307 	ld	c, -14 (ix)
    000006E4 06 00            [ 7] 1308 	ld	b, #0x00
    000006E6 69               [ 4] 1309 	ld	l, c
    000006E7 60               [ 4] 1310 	ld	h, b
    000006E8 29               [11] 1311 	add	hl, hl
    000006E9 29               [11] 1312 	add	hl, hl
    000006EA 09               [11] 1313 	add	hl, bc
    000006EB 29               [11] 1314 	add	hl, hl
    000006EC 09               [11] 1315 	add	hl, bc
    000006ED 29               [11] 1316 	add	hl, hl
    000006EE 09               [11] 1317 	add	hl, bc
    000006EF EB               [ 4] 1318 	ex	de, hl
    000006F0 21r00r00         [10] 1319 	ld	hl, #_SwSprite
    000006F3 19               [11] 1320 	add	hl, de
    000006F4 4D               [ 4] 1321 	ld	c, l
    000006F5 44               [ 4] 1322 	ld	b, h
    000006F6 21 0C 00         [10] 1323 	ld	hl, #0x000c
    000006F9 09               [11] 1324 	add	hl, bc
    000006FA EB               [ 4] 1325 	ex	de, hl
    000006FB D5               [11] 1326 	push	de
    000006FC DD 6E F6         [19] 1327 	ld	l, -10 (ix)
                                   1328 ;	spillPairReg hl
                                   1329 ;	spillPairReg hl
    000006FF 5D               [ 4] 1330 	ld	e, l
    00000700 29               [11] 1331 	add	hl, hl
    00000701 29               [11] 1332 	add	hl, hl
    00000702 19               [11] 1333 	add	hl, de
    00000703 29               [11] 1334 	add	hl, hl
    00000704 29               [11] 1335 	add	hl, hl
    00000705 29               [11] 1336 	add	hl, hl
    00000706 D1               [10] 1337 	pop	de
    00000707 3Ar00r00         [13] 1338 	ld	a, (_RestartSideX+0)
    0000070A 85               [ 4] 1339 	add	a, l
    0000070B 12               [ 7] 1340 	ld	(de), a
    0000070C 21 0D 00         [10] 1341 	ld	hl, #0x000d
    0000070F 09               [11] 1342 	add	hl, bc
    00000710 ED 4Br00r00      [20] 1343 	ld	bc, (_RestartSideY)
    00000714 79               [ 4] 1344 	ld	a, c
    00000715 C6 E8            [ 7] 1345 	add	a, #0xe8
    00000717 4F               [ 4] 1346 	ld	c, a
    00000718 78               [ 4] 1347 	ld	a, b
    00000719 CE FF            [ 7] 1348 	adc	a, #0xff
    0000071B 47               [ 4] 1349 	ld	b, a
    0000071C 71               [ 7] 1350 	ld	(hl), c
    0000071D 23               [ 6] 1351 	inc	hl
    0000071E 70               [ 7] 1352 	ld	(hl), b
                                   1353 ;E:\Dropbox\FAUSTO\SVILUPPI\MSX\CODE\C\MSXgl\projects\soccerlgMSX2/soccerlg_s17_b3.c:120: SwSprite[def2].tx = RestartSideX + dir_x * 60; SwSprite[def2].ty = RestartSideY + 48;
    0000071F DD 4E F3         [19] 1354 	ld	c, -13 (ix)
    00000722 06 00            [ 7] 1355 	ld	b, #0x00
    00000724 69               [ 4] 1356 	ld	l, c
    00000725 60               [ 4] 1357 	ld	h, b
    00000726 29               [11] 1358 	add	hl, hl
    00000727 29               [11] 1359 	add	hl, hl
    00000728 09               [11] 1360 	add	hl, bc
    00000729 29               [11] 1361 	add	hl, hl
    0000072A 09               [11] 1362 	add	hl, bc
    0000072B 29               [11] 1363 	add	hl, hl
    0000072C 09               [11] 1364 	add	hl, bc
    0000072D EB               [ 4] 1365 	ex	de, hl
    0000072E 21r00r00         [10] 1366 	ld	hl, #_SwSprite
    00000731 19               [11] 1367 	add	hl, de
    00000732 4D               [ 4] 1368 	ld	c, l
    00000733 44               [ 4] 1369 	ld	b, h
    00000734 21 0C 00         [10] 1370 	ld	hl, #0x000c
    00000737 09               [11] 1371 	add	hl, bc
    00000738 EB               [ 4] 1372 	ex	de, hl
    00000739 D5               [11] 1373 	push	de
    0000073A DD 6E F6         [19] 1374 	ld	l, -10 (ix)
                                   1375 ;	spillPairReg hl
                                   1376 ;	spillPairReg hl
    0000073D 5D               [ 4] 1377 	ld	e, l
    0000073E 29               [11] 1378 	add	hl, hl
    0000073F 19               [11] 1379 	add	hl, de
    00000740 29               [11] 1380 	add	hl, hl
    00000741 19               [11] 1381 	add	hl, de
    00000742 29               [11] 1382 	add	hl, hl
    00000743 19               [11] 1383 	add	hl, de
    00000744 29               [11] 1384 	add	hl, hl
    00000745 29               [11] 1385 	add	hl, hl
    00000746 D1               [10] 1386 	pop	de
    00000747 3Ar00r00         [13] 1387 	ld	a, (_RestartSideX+0)
    0000074A 85               [ 4] 1388 	add	a, l
    0000074B 12               [ 7] 1389 	ld	(de), a
    0000074C 21 0D 00         [10] 1390 	ld	hl, #0x000d
    0000074F 09               [11] 1391 	add	hl, bc
    00000750 ED 4Br00r00      [20] 1392 	ld	bc, (_RestartSideY)
    00000754 79               [ 4] 1393 	ld	a, c
    00000755 C6 30            [ 7] 1394 	add	a, #0x30
    00000757 4F               [ 4] 1395 	ld	c, a
    00000758 30 01            [12] 1396 	jr	NC, 00562$
    0000075A 04               [ 4] 1397 	inc	b
    0000075B                       1398 00562$:
    0000075B 71               [ 7] 1399 	ld	(hl), c
    0000075C 23               [ 6] 1400 	inc	hl
    0000075D 70               [ 7] 1401 	ld	(hl), b
                                   1402 ;E:\Dropbox\FAUSTO\SVILUPPI\MSX\CODE\C\MSXgl\projects\soccerlgMSX2/soccerlg_s17_b3.c:122: u8 players_to_check[4] = {rec1, rec2, def1, def2};
    0000075E DD 7E F0         [19] 1403 	ld	a, -16 (ix)
    00000761 DD 77 EB         [19] 1404 	ld	-21 (ix), a
    00000764 DD 7E F1         [19] 1405 	ld	a, -15 (ix)
    00000767 DD 77 EC         [19] 1406 	ld	-20 (ix), a
    0000076A DD 7E F2         [19] 1407 	ld	a, -14 (ix)
    0000076D DD 77 ED         [19] 1408 	ld	-19 (ix), a
    00000770 DD 7E F3         [19] 1409 	ld	a, -13 (ix)
    00000773 DD 77 EE         [19] 1410 	ld	-18 (ix), a
                                   1411 ;E:\Dropbox\FAUSTO\SVILUPPI\MSX\CODE\C\MSXgl\projects\soccerlgMSX2/soccerlg_s17_b3.c:123: for(u8 p=0; p<4; p++) {
    00000776 DD 36 FF 00      [19] 1412 	ld	-1 (ix), #0x00
    0000077A                       1413 00179$:
    0000077A DD 7E FF         [19] 1414 	ld	a, -1 (ix)
    0000077D D6 04            [ 7] 1415 	sub	a, #0x04
    0000077F 30 74            [12] 1416 	jr	NC, 00181$
                                   1417 ;E:\Dropbox\FAUSTO\SVILUPPI\MSX\CODE\C\MSXgl\projects\soccerlgMSX2/soccerlg_s17_b3.c:124: u8 idx = players_to_check[p];
    00000781 DD 5E FF         [19] 1418 	ld	e, -1 (ix)
    00000784 16 00            [ 7] 1419 	ld	d, #0x00
    00000786 21 00 00         [10] 1420 	ld	hl, #0
    00000789 39               [11] 1421 	add	hl, sp
    0000078A 19               [11] 1422 	add	hl, de
    0000078B 4E               [ 7] 1423 	ld	c, (hl)
                                   1424 ;E:\Dropbox\FAUSTO\SVILUPPI\MSX\CODE\C\MSXgl\projects\soccerlgMSX2/soccerlg_s17_b3.c:125: if (SwSprite[idx].tx < 16) SwSprite[idx].tx = 16;
    0000078C 06 00            [ 7] 1425 	ld	b, #0x00
    0000078E 69               [ 4] 1426 	ld	l, c
    0000078F 60               [ 4] 1427 	ld	h, b
    00000790 29               [11] 1428 	add	hl, hl
    00000791 29               [11] 1429 	add	hl, hl
    00000792 09               [11] 1430 	add	hl, bc
    00000793 29               [11] 1431 	add	hl, hl
    00000794 09               [11] 1432 	add	hl, bc
    00000795 29               [11] 1433 	add	hl, hl
    00000796 09               [11] 1434 	add	hl, bc
    00000797 EB               [ 4] 1435 	ex	de, hl
    00000798 21r00r00         [10] 1436 	ld	hl, #_SwSprite
    0000079B 19               [11] 1437 	add	hl, de
    0000079C EB               [ 4] 1438 	ex	de, hl
    0000079D 21 0C 00         [10] 1439 	ld	hl, #0x000c
    000007A0 19               [11] 1440 	add	hl, de
    000007A1 DD 75 FD         [19] 1441 	ld	-3 (ix), l
    000007A4 DD 74 FE         [19] 1442 	ld	-2 (ix), h
    000007A7 7E               [ 7] 1443 	ld	a, (hl)
    000007A8 D6 10            [ 7] 1444 	sub	a, #0x10
    000007AA 30 08            [12] 1445 	jr	NC, 00160$
    000007AC DD 6E FD         [19] 1446 	ld	l, -3 (ix)
    000007AF DD 66 FE         [19] 1447 	ld	h, -2 (ix)
    000007B2 36 10            [10] 1448 	ld	(hl), #0x10
    000007B4                       1449 00160$:
                                   1450 ;E:\Dropbox\FAUSTO\SVILUPPI\MSX\CODE\C\MSXgl\projects\soccerlgMSX2/soccerlg_s17_b3.c:126: if (SwSprite[idx].tx > 224) SwSprite[idx].tx = 224;
    000007B4 DD 6E FD         [19] 1451 	ld	l, -3 (ix)
    000007B7 DD 66 FE         [19] 1452 	ld	h, -2 (ix)
    000007BA 4E               [ 7] 1453 	ld	c, (hl)
    000007BB 3E E0            [ 7] 1454 	ld	a, #0xe0
    000007BD 91               [ 4] 1455 	sub	a, c
    000007BE 30 08            [12] 1456 	jr	NC, 00162$
    000007C0 DD 6E FD         [19] 1457 	ld	l, -3 (ix)
    000007C3 DD 66 FE         [19] 1458 	ld	h, -2 (ix)
    000007C6 36 E0            [10] 1459 	ld	(hl), #0xe0
    000007C8                       1460 00162$:
                                   1461 ;E:\Dropbox\FAUSTO\SVILUPPI\MSX\CODE\C\MSXgl\projects\soccerlgMSX2/soccerlg_s17_b3.c:127: if (SwSprite[idx].ty < 24) SwSprite[idx].ty = 24;
    000007C8 21 0D 00         [10] 1462 	ld	hl, #0x000d
    000007CB 19               [11] 1463 	add	hl, de
    000007CC 4E               [ 7] 1464 	ld	c, (hl)
    000007CD 23               [ 6] 1465 	inc	hl
    000007CE 46               [ 7] 1466 	ld	b, (hl)
    000007CF 2B               [ 6] 1467 	dec	hl
    000007D0 79               [ 4] 1468 	ld	a, c
    000007D1 D6 18            [ 7] 1469 	sub	a, #0x18
    000007D3 78               [ 4] 1470 	ld	a, b
    000007D4 DE 00            [ 7] 1471 	sbc	a, #0x00
    000007D6 30 06            [12] 1472 	jr	NC, 00164$
    000007D8 36 18            [10] 1473 	ld	(hl), #0x18
    000007DA 23               [ 6] 1474 	inc	hl
    000007DB 36 00            [10] 1475 	ld	(hl), #0x00
    000007DD 2B               [ 6] 1476 	dec	hl
    000007DE                       1477 00164$:
                                   1478 ;E:\Dropbox\FAUSTO\SVILUPPI\MSX\CODE\C\MSXgl\projects\soccerlgMSX2/soccerlg_s17_b3.c:128: if (SwSprite[idx].ty > 488) SwSprite[idx].ty = 488;
    000007DE 4E               [ 7] 1479 	ld	c, (hl)
    000007DF 23               [ 6] 1480 	inc	hl
    000007E0 46               [ 7] 1481 	ld	b, (hl)
    000007E1 2B               [ 6] 1482 	dec	hl
    000007E2 3E E8            [ 7] 1483 	ld	a, #0xe8
    000007E4 B9               [ 4] 1484 	cp	a, c
    000007E5 3E 01            [ 7] 1485 	ld	a, #0x01
    000007E7 98               [ 4] 1486 	sbc	a, b
    000007E8 30 05            [12] 1487 	jr	NC, 00180$
    000007EA 36 E8            [10] 1488 	ld	(hl), #0xe8
    000007EC 23               [ 6] 1489 	inc	hl
    000007ED 36 01            [10] 1490 	ld	(hl), #0x01
    000007EF                       1491 00180$:
                                   1492 ;E:\Dropbox\FAUSTO\SVILUPPI\MSX\CODE\C\MSXgl\projects\soccerlgMSX2/soccerlg_s17_b3.c:123: for(u8 p=0; p<4; p++) {
    000007EF DD 34 FF         [23] 1493 	inc	-1 (ix)
    000007F2 C3r7Ar07         [10] 1494 	jp	00179$
    000007F5                       1495 00181$:
                                   1496 ;E:\Dropbox\FAUSTO\SVILUPPI\MSX\CODE\C\MSXgl\projects\soccerlgMSX2/soccerlg_s17_b3.c:130: }
    000007F5 DD F9            [10] 1497 	ld	sp, ix
    000007F7 DD E1            [14] 1498 	pop	ix
    000007F9 C9               [10] 1499 	ret
                         0000F380  1500 _g_RDPRIM	=	0xf380
                         0000F385  1501 _g_WRPRIM	=	0xf385
                         0000F38C  1502 _g_CLPRIM	=	0xf38c
                         0000F39A  1503 _g_USRTAB	=	0xf39a
                         0000F3DE  1504 _g_CNSDFG	=	0xf3de
                         0000F3DF  1505 _g_RG0SAV	=	0xf3df
                         0000F3E0  1506 _g_RG1SAV	=	0xf3e0
                         0000F3E1  1507 _g_RG2SAV	=	0xf3e1
                         0000F3E2  1508 _g_RG3SAV	=	0xf3e2
                         0000F3E3  1509 _g_RG4SAV	=	0xf3e3
                         0000F3E4  1510 _g_RG5SAV	=	0xf3e4
                         0000F3E5  1511 _g_RG6SAV	=	0xf3e5
                         0000F3E6  1512 _g_RG7SAV	=	0xf3e6
                         0000F3E7  1513 _g_STATFL	=	0xf3e7
                         0000F3E8  1514 _g_TRGFLG	=	0xf3e8
                         0000F3EC  1515 _g_MAXUPD	=	0xf3ec
                         0000F3EF  1516 _g_MINUPD	=	0xf3ef
                         0000F3F3  1517 _g_QUEUES	=	0xf3f3
                         0000F3F5  1518 _g_FRCNEW	=	0xf3f5
                         0000F3F6  1519 _g_SCNCNT	=	0xf3f6
                         0000F3F7  1520 _g_REPCNT	=	0xf3f7
                         0000F3F8  1521 _g_PUTPNT	=	0xf3f8
                         0000F3FA  1522 _g_GETPNT	=	0xf3fa
                         0000F3FC  1523 _g_CS120	=	0xf3fc
                         0000F401  1524 _g_CS240	=	0xf401
                         0000F406  1525 _g_LOW	=	0xf406
                         0000F408  1526 _g_HIGH	=	0xf408
                         0000F40A  1527 _g_HEADER	=	0xf40a
                         0000F40B  1528 _g_ASPCT1	=	0xf40b
                         0000F40D  1529 _g_ASPCT2	=	0xf40d
                         0000F959  1530 _g_QUETAB	=	0xf959
                         0000F971  1531 _g_QUEBAK	=	0xf971
                         0000F975  1532 _g_VOICAQ	=	0xf975
                         0000F9F5  1533 _g_VOICBQ	=	0xf9f5
                         0000FA75  1534 _g_VOICCQ	=	0xfa75
                         0000FAF5  1535 _g_RS2IQ	=	0xfaf5
                         0000FAF5  1536 _g_DPPAGE	=	0xfaf5
                         0000FAF6  1537 _g_ACPAGE	=	0xfaf6
                         0000FAF7  1538 _g_AVCSAV	=	0xfaf7
                         0000FAF8  1539 _g_EXBRSA	=	0xfaf8
                         0000FAF9  1540 _g_CHRCNT	=	0xfaf9
                         0000FAFA  1541 _g_ROMA	=	0xfafa
                         0000FAFC  1542 _g_MODE	=	0xfafc
                         0000FAFD  1543 _g_NORUSE	=	0xfafd
                         0000FAFE  1544 _g_XSAVE	=	0xfafe
                         0000FB00  1545 _g_YSAVE	=	0xfb00
                         0000FB03  1546 _g_RSTMP	=	0xfb03
                         0000FB03  1547 _g_TOCNT	=	0xfb03
                         0000FB04  1548 _g_RSFCB	=	0xfb04
                         0000FB06  1549 _g_RSIQLN	=	0xfb06
                         0000FB07  1550 _g_MEXBIh	=	0xfb07
                         0000FB0C  1551 _g_OLDSTT	=	0xfb0c
                         0000FB0C  1552 _g_OLDINT	=	0xfb0c
                         0000FB16  1553 _g_DEVNUM	=	0xfb16
                         0000FB17  1554 _g_DATCNT	=	0xfb17
                         0000FB1A  1555 _g_ERRORS	=	0xfb1a
                         0000FB1B  1556 _g_FLAGS	=	0xfb1b
                         0000FB1C  1557 _g_ESTBLS	=	0xfb1c
                         0000FB1D  1558 _g_COMMSK	=	0xfb1d
                         0000FB1E  1559 _g_LSTCOM	=	0xfb1e
                         0000FB1F  1560 _g_LSTMOD	=	0xfb1f
                         0000FB35  1561 _g_PRSCNT	=	0xfb35
                         0000FB36  1562 _g_SAVSP	=	0xfb36
                         0000FB38  1563 _g_VOICEN	=	0xfb38
                         0000FB39  1564 _g_SAVVOL	=	0xfb39
                         0000FB3B  1565 _g_MCLLEN	=	0xfb3b
                         0000FB3C  1566 _g_MCLPTR	=	0xfb3c
                         0000FB3E  1567 _g_QUEUEN	=	0xfb3e
                         0000FB3F  1568 _g_MUSICF	=	0xfb3f
                         0000FB40  1569 _g_PLYCNT	=	0xfb40
                         0000FB41  1570 _g_VCBA	=	0xfb41
                         0000FB66  1571 _g_VCBB	=	0xfb66
                         0000FB8B  1572 _g_VCBC	=	0xfb8b
                         0000FBB0  1573 _g_ENSTOP	=	0xfbb0
                         0000FBB1  1574 _g_BASROM	=	0xfbb1
                         0000FBB2  1575 _g_LINTTB	=	0xfbb2
                         0000FBCA  1576 _g_FSTPOS	=	0xfbca
                         0000FBCC  1577 _g_CODSAV	=	0xfbcc
                         0000FBCD  1578 _g_FNKSWI	=	0xfbcd
                         0000FBCE  1579 _g_FNKFLG	=	0xfbce
                         0000FBD8  1580 _g_ONGSBF	=	0xfbd8
                         0000FBD9  1581 _g_CLIKFL	=	0xfbd9
                         0000FBDA  1582 _g_OLDKEY	=	0xfbda
                         0000FBE5  1583 _g_NEWKEY	=	0xfbe5
                         0000FBF0  1584 _g_KEYBUF	=	0xfbf0
                         0000FC18  1585 _g_LINWRK	=	0xfc18
                         0000FC40  1586 _g_PATWRK	=	0xfc40
                         0000FC48  1587 _g_BOTTOM	=	0xfc48
                         0000FC4A  1588 _g_HIMEM	=	0xfc4a
                         0000FC4C  1589 _g_TRPTBL	=	0xfc4c
                         0000FC9A  1590 _g_RTYCNT	=	0xfc9a
                         0000FC9B  1591 _g_INTFLG	=	0xfc9b
                         0000FC9C  1592 _g_PADY	=	0xfc9c
                         0000FC9D  1593 _g_PADX	=	0xfc9d
                         0000FC9E  1594 _g_JIFFY	=	0xfc9e
                         0000FCA0  1595 _g_INTVAL	=	0xfca0
                         0000FCA2  1596 _g_INTCNT	=	0xfca2
                         0000FCA4  1597 _g_LOWLIM	=	0xfca4
                         0000FCA5  1598 _g_WINWID	=	0xfca5
                         0000FCA6  1599 _g_GRPHED	=	0xfca6
                         0000FCA7  1600 _g_ESCCNT	=	0xfca7
                         0000FCA8  1601 _g_INSFLG	=	0xfca8
                         0000FCA9  1602 _g_CSRSW	=	0xfca9
                         0000FCAA  1603 _g_CSTYLE	=	0xfcaa
                         0000FCAB  1604 _g_CAPST	=	0xfcab
                         0000FCAC  1605 _g_KANAST	=	0xfcac
                         0000FCAD  1606 _g_KANAMD	=	0xfcad
                         0000FCAE  1607 _g_FLBMEM	=	0xfcae
                         0000FCAF  1608 _g_SCRMOD	=	0xfcaf
                         0000FCB0  1609 _g_OLDSCR	=	0xfcb0
                         0000FCB1  1610 _g_CASPRV	=	0xfcb1
                         0000FCB2  1611 _g_BRDATR	=	0xfcb2
                         0000FCB3  1612 _g_GXPOS	=	0xfcb3
                         0000FCB5  1613 _g_GYPOS	=	0xfcb5
                         0000FCBB  1614 _g_DRWFLG	=	0xfcbb
                         0000FCBC  1615 _g_DRWSCL	=	0xfcbc
                         0000FCBD  1616 _g_DRWANG	=	0xfcbd
                         0000FCC1  1617 _g_MNROM	=	0xfcc1
                         0000FCC1  1618 _g_EXPTBL	=	0xfcc1
                         0000FCC5  1619 _g_SLTTBL	=	0xfcc5
                         0000FCC9  1620 _g_SLTATR	=	0xfcc9
                         0000FD09  1621 _g_SLTWRK	=	0xfd09
                         0000FD89  1622 _g_PROCNM	=	0xfd89
                         0000FFE7  1623 _g_RG08SAV	=	0xffe7
                         0000FFE8  1624 _g_RG09SAV	=	0xffe8
                         0000FFE9  1625 _g_RG10SAV	=	0xffe9
                         0000FFEA  1626 _g_RG11SAV	=	0xffea
                         0000FFEB  1627 _g_RG12SAV	=	0xffeb
                         0000FFEC  1628 _g_RG13SAV	=	0xffec
                         0000FFED  1629 _g_RG14SAV	=	0xffed
                         0000FFEE  1630 _g_RG15SAV	=	0xffee
                         0000FFEF  1631 _g_RG16SAV	=	0xffef
                         0000FFF0  1632 _g_RG17SAV	=	0xfff0
                         0000FFF1  1633 _g_RG18SAV	=	0xfff1
                         0000FFF2  1634 _g_RG19SAV	=	0xfff2
                         0000FFF3  1635 _g_RG20SAV	=	0xfff3
                         0000FFF4  1636 _g_RG21SAV	=	0xfff4
                         0000FFF5  1637 _g_RG22SAV	=	0xfff5
                         0000FFF6  1638 _g_RG23SAV	=	0xfff6
                         0000FFF7  1639 _g_MINROM	=	0xfff7
                         0000FFF8  1640 _g_SVFFF8	=	0xfff8
                         0000FFFA  1641 _g_RG25SAV	=	0xfffa
                         0000FFFB  1642 _g_RG26SAV	=	0xfffb
                         0000FFFC  1643 _g_RG27SAV	=	0xfffc
                         0000FFFD  1644 _g_SVFFFD	=	0xfffd
                         00000004  1645 _g_CGTABL	=	0x0004
                         00000006  1646 _g_VDP_DR	=	0x0006
                         00000007  1647 _g_VDP_DW	=	0x0007
                         0000002B  1648 _g_BASRVN	=	0x002b
                         0000002B  1649 _g_ROMVersion	=	0x002b
                         0000002D  1650 _g_MSXVER	=	0x002d
                         0000002E  1651 _g_MSXMID	=	0x002e
                         00000034  1652 _g_CHAR_16	=	0x0034
                         00000000  1653 _g_SUBRID	=	0x0000
                         00000002  1654 _g_STRSRC	=	0x0002
                         0000F30F  1655 _g_KANJTABLE	=	0xf30f
                         0000F323  1656 _g_DISKVE	=	0xf323
                         0000F325  1657 _g_BREAKV	=	0xf325
                         0000F341  1658 _g_RAMAD0	=	0xf341
                         0000F342  1659 _g_RAMAD1	=	0xf342
                         0000F343  1660 _g_RAMAD2	=	0xf343
                         0000F344  1661 _g_RAMAD3	=	0xf344
                         0000F348  1662 _g_MASTER	=	0xf348
                         0000F37D  1663 _g_BDOS	=	0xf37d
                                   1664 ;E:\Dropbox\FAUSTO\SVILUPPI\MSX\CODE\C\MSXgl\projects\soccerlgMSX2/soccerlg_s17_b3.c:132: void AssignGoalKickTargets() {
                                   1665 ;	---------------------------------
                                   1666 ; Function AssignGoalKickTargets
                                   1667 ; ---------------------------------
    000007FA                       1668 _AssignGoalKickTargets::
    000007FA DD E5            [15] 1669 	push	ix
    000007FC DD 21 00 00      [14] 1670 	ld	ix,#0
    00000800 DD 39            [15] 1671 	add	ix,sp
    00000802 21 F2 FF         [10] 1672 	ld	hl, #-14
    00000805 39               [11] 1673 	add	hl, sp
    00000806 F9               [ 6] 1674 	ld	sp, hl
                                   1675 ;E:\Dropbox\FAUSTO\SVILUPPI\MSX\CODE\C\MSXgl\projects\soccerlgMSX2/soccerlg_s17_b3.c:133: u8 team_to_kick = (RestartSideY < 256) ? TEAM_1 : TEAM_2;
    00000807 2Ar00r00         [16] 1676 	ld	hl, (_RestartSideY)
    0000080A 7C               [ 4] 1677 	ld	a, h
    0000080B D6 01            [ 7] 1678 	sub	a, #0x01
    0000080D 30 06            [12] 1679 	jr	NC, 00160$
    0000080F 01 00 00         [10] 1680 	ld	bc, #0x0000
    00000812 C3r18r08         [10] 1681 	jp	00161$
    00000815                       1682 00160$:
    00000815 01 01 00         [10] 1683 	ld	bc, #0x0001
    00000818                       1684 00161$:
                                   1685 ;E:\Dropbox\FAUSTO\SVILUPPI\MSX\CODE\C\MSXgl\projects\soccerlgMSX2/soccerlg_s17_b3.c:134: u8 gk = (team_to_kick == TEAM_1) ? 0 : 7;
    00000818 DD 71 F2         [19] 1686 	ld	-14 (ix), c
    0000081B 79               [ 4] 1687 	ld	a, c
    0000081C B7               [ 4] 1688 	or	a, a
    0000081D 20 06            [12] 1689 	jr	NZ, 00162$
    0000081F 01 00 00         [10] 1690 	ld	bc, #0x0000
    00000822 C3r28r08         [10] 1691 	jp	00163$
    00000825                       1692 00162$:
    00000825 01 07 00         [10] 1693 	ld	bc, #0x0007
    00000828                       1694 00163$:
    00000828 DD 71 F6         [19] 1695 	ld	-10 (ix), c
                                   1696 ;E:\Dropbox\FAUSTO\SVILUPPI\MSX\CODE\C\MSXgl\projects\soccerlgMSX2/soccerlg_s17_b3.c:135: i8 dir_y = (team_to_kick == TEAM_1) ? 1 : -1;
    0000082B DD 7E F2         [19] 1697 	ld	a, -14 (ix)
    0000082E B7               [ 4] 1698 	or	a, a
    0000082F 20 06            [12] 1699 	jr	NZ, 00164$
    00000831 01 01 00         [10] 1700 	ld	bc, #0x0001
    00000834 C3r3Ar08         [10] 1701 	jp	00165$
    00000837                       1702 00164$:
    00000837 01 FF FF         [10] 1703 	ld	bc, #0xffff
    0000083A                       1704 00165$:
    0000083A DD 71 F7         [19] 1705 	ld	-9 (ix), c
                                   1706 ;E:\Dropbox\FAUSTO\SVILUPPI\MSX\CODE\C\MSXgl\projects\soccerlgMSX2/soccerlg_s17_b3.c:137: u16 kick_y = (team_to_kick == TEAM_1) ? 48 : 464;
    0000083D DD 7E F2         [19] 1707 	ld	a, -14 (ix)
    00000840 B7               [ 4] 1708 	or	a, a
    00000841 20 06            [12] 1709 	jr	NZ, 00166$
    00000843 01 30 00         [10] 1710 	ld	bc, #0x0030
    00000846 C3r4Cr08         [10] 1711 	jp	00167$
    00000849                       1712 00166$:
    00000849 01 D0 01         [10] 1713 	ld	bc, #0x01d0
    0000084C                       1714 00167$:
    0000084C DD 71 F3         [19] 1715 	ld	-13 (ix), c
    0000084F DD 70 F4         [19] 1716 	ld	-12 (ix), b
                                   1717 ;E:\Dropbox\FAUSTO\SVILUPPI\MSX\CODE\C\MSXgl\projects\soccerlgMSX2/soccerlg_s17_b3.c:138: u16 gk_start_x = (RestartSideX < 128) ? 75 : 181; // Partenza del portiere
    00000852 3Ar00r00         [13] 1718 	ld	a, (_RestartSideX+0)
    00000855 D6 80            [ 7] 1719 	sub	a, #0x80
    00000857 3E 00            [ 7] 1720 	ld	a, #0x00
    00000859 17               [ 4] 1721 	rla
    0000085A B7               [ 4] 1722 	or	a, a
    0000085B 28 06            [12] 1723 	jr	Z, 00168$
    0000085D 11 4B 00         [10] 1724 	ld	de, #0x004b
    00000860 C3r66r08         [10] 1725 	jp	00169$
    00000863                       1726 00168$:
    00000863 11 B5 00         [10] 1727 	ld	de, #0x00b5
    00000866                       1728 00169$:
    00000866 DD 73 F8         [19] 1729 	ld	-8 (ix), e
    00000869 DD 72 F9         [19] 1730 	ld	-7 (ix), d
                                   1731 ;E:\Dropbox\FAUSTO\SVILUPPI\MSX\CODE\C\MSXgl\projects\soccerlgMSX2/soccerlg_s17_b3.c:139: u16 ball_x = (RestartSideX < 128) ? 95 : 161; // Palla spostata di 20 pixel verso lo specchio della porta
    0000086C B7               [ 4] 1732 	or	a, a
    0000086D 28 06            [12] 1733 	jr	Z, 00170$
    0000086F 11 5F 00         [10] 1734 	ld	de, #0x005f
    00000872 C3r78r08         [10] 1735 	jp	00171$
    00000875                       1736 00170$:
    00000875 11 A1 00         [10] 1737 	ld	de, #0x00a1
    00000878                       1738 00171$:
                                   1739 ;E:\Dropbox\FAUSTO\SVILUPPI\MSX\CODE\C\MSXgl\projects\soccerlgMSX2/soccerlg_s17_b3.c:141: if (RestartType == RESTART_GKSAVE) {
    00000878 3Ar00r00         [13] 1740 	ld	a, (_RestartType+0)
    0000087B D6 04            [ 7] 1741 	sub	a, #0x04
    0000087D 20 15            [12] 1742 	jr	NZ, 00102$
                                   1743 ;E:\Dropbox\FAUSTO\SVILUPPI\MSX\CODE\C\MSXgl\projects\soccerlgMSX2/soccerlg_s17_b3.c:142: gk_start_x = RestartSideX;
    0000087F 3Ar00r00         [13] 1744 	ld	a, (_RestartSideX+0)
    00000882 16 00            [ 7] 1745 	ld	d, #0x00
    00000884 DD 77 F8         [19] 1746 	ld	-8 (ix), a
    00000887 DD 72 F9         [19] 1747 	ld	-7 (ix), d
                                   1748 ;E:\Dropbox\FAUSTO\SVILUPPI\MSX\CODE\C\MSXgl\projects\soccerlgMSX2/soccerlg_s17_b3.c:143: kick_y = RestartSideY;
    0000088A 2Ar00r00         [16] 1749 	ld	hl, (_RestartSideY)
    0000088D DD 75 F3         [19] 1750 	ld	-13 (ix), l
    00000890 DD 74 F4         [19] 1751 	ld	-12 (ix), h
                                   1752 ;E:\Dropbox\FAUSTO\SVILUPPI\MSX\CODE\C\MSXgl\projects\soccerlgMSX2/soccerlg_s17_b3.c:144: ball_x = RestartSideX;
    00000893 5F               [ 4] 1753 	ld	e, a
    00000894                       1754 00102$:
                                   1755 ;E:\Dropbox\FAUSTO\SVILUPPI\MSX\CODE\C\MSXgl\projects\soccerlgMSX2/soccerlg_s17_b3.c:147: SwSprite[14].lx = ball_x;
    00000894 21r42r01         [10] 1756 	ld	hl, #_SwSprite + 322
    00000897 73               [ 7] 1757 	ld	(hl), e
                                   1758 ;E:\Dropbox\FAUSTO\SVILUPPI\MSX\CODE\C\MSXgl\projects\soccerlgMSX2/soccerlg_s17_b3.c:148: SwSprite[14].ly = kick_y;
    00000898 21r46r01         [10] 1759 	ld	hl, #(_SwSprite + 326)
    0000089B DD 7E F3         [19] 1760 	ld	a, -13 (ix)
    0000089E 77               [ 7] 1761 	ld	(hl), a
    0000089F 23               [ 6] 1762 	inc	hl
    000008A0 DD 7E F4         [19] 1763 	ld	a, -12 (ix)
    000008A3 77               [ 7] 1764 	ld	(hl), a
                                   1765 ;E:\Dropbox\FAUSTO\SVILUPPI\MSX\CODE\C\MSXgl\projects\soccerlgMSX2/soccerlg_s17_b3.c:152: SwSprite[14].frame = SPR_BALL_SIZE_1; // Dimensione 1 per proporzione realistica
                                   1766 ;E:\Dropbox\FAUSTO\SVILUPPI\MSX\CODE\C\MSXgl\projects\soccerlgMSX2/soccerlg_s17_b3.c:153: SwSprite[gk].frame = (team_to_kick == TEAM_1) ? SPR_GK_PLAYER_SOUTH_1 : SPR_GK_PLAYER_NORTH_1;
    000008A4 DD 4E F6         [19] 1767 	ld	c, -10 (ix)
    000008A7 06 00            [ 7] 1768 	ld	b, #0x00
    000008A9 69               [ 4] 1769 	ld	l, c
    000008AA 60               [ 4] 1770 	ld	h, b
    000008AB 29               [11] 1771 	add	hl, hl
    000008AC 29               [11] 1772 	add	hl, hl
    000008AD 09               [11] 1773 	add	hl, bc
    000008AE 29               [11] 1774 	add	hl, hl
    000008AF 09               [11] 1775 	add	hl, bc
    000008B0 29               [11] 1776 	add	hl, hl
    000008B1 09               [11] 1777 	add	hl, bc
    000008B2 EB               [ 4] 1778 	ex	de, hl
    000008B3 21r00r00         [10] 1779 	ld	hl, #_SwSprite
    000008B6 19               [11] 1780 	add	hl, de
    000008B7 DD 75 FA         [19] 1781 	ld	-6 (ix), l
    000008BA DD 74 FB         [19] 1782 	ld	-5 (ix), h
                                   1783 ;E:\Dropbox\FAUSTO\SVILUPPI\MSX\CODE\C\MSXgl\projects\soccerlgMSX2/soccerlg_s17_b3.c:150: if (RestartType == RESTART_GKSAVE) {
    000008BD 3Ar00r00         [13] 1784 	ld	a, (_RestartType+0)
    000008C0 D6 04            [ 7] 1785 	sub	a, #0x04
    000008C2 20 54            [12] 1786 	jr	NZ, 00104$
                                   1787 ;E:\Dropbox\FAUSTO\SVILUPPI\MSX\CODE\C\MSXgl\projects\soccerlgMSX2/soccerlg_s17_b3.c:151: SwSprite[14].ly = RestartSideY + (dir_y * 4); // Palla visibile in mano
    000008C4 DD 7E F7         [19] 1788 	ld	a, -9 (ix)
    000008C7 6F               [ 4] 1789 	ld	l, a
                                   1790 ;	spillPairReg hl
                                   1791 ;	spillPairReg hl
    000008C8 07               [ 4] 1792 	rlca
    000008C9 9F               [ 4] 1793 	sbc	a, a
    000008CA 67               [ 4] 1794 	ld	h, a
    000008CB 29               [11] 1795 	add	hl, hl
    000008CC 29               [11] 1796 	add	hl, hl
    000008CD ED 4Br00r00      [20] 1797 	ld	bc, (_RestartSideY)
    000008D1 09               [11] 1798 	add	hl, bc
    000008D2 EB               [ 4] 1799 	ex	de, hl
    000008D3 ED 53r46r01      [20] 1800 	ld	((_SwSprite + 326)), de
                                   1801 ;E:\Dropbox\FAUSTO\SVILUPPI\MSX\CODE\C\MSXgl\projects\soccerlgMSX2/soccerlg_s17_b3.c:152: SwSprite[14].frame = SPR_BALL_SIZE_1; // Dimensione 1 per proporzione realistica
    000008D7 21 60 00         [10] 1802 	ld	hl, #0x0060
    000008DA 22r51r01         [16] 1803 	ld	((_SwSprite + 337)), hl
                                   1804 ;E:\Dropbox\FAUSTO\SVILUPPI\MSX\CODE\C\MSXgl\projects\soccerlgMSX2/soccerlg_s17_b3.c:153: SwSprite[gk].frame = (team_to_kick == TEAM_1) ? SPR_GK_PLAYER_SOUTH_1 : SPR_GK_PLAYER_NORTH_1;
    000008DD DD 7E FA         [19] 1805 	ld	a, -6 (ix)
    000008E0 C6 0F            [ 7] 1806 	add	a, #0x0f
    000008E2 DD 77 FC         [19] 1807 	ld	-4 (ix), a
    000008E5 DD 7E FB         [19] 1808 	ld	a, -5 (ix)
    000008E8 CE 00            [ 7] 1809 	adc	a, #0x00
    000008EA DD 77 FD         [19] 1810 	ld	-3 (ix), a
    000008ED DD 7E F2         [19] 1811 	ld	a, -14 (ix)
    000008F0 B7               [ 4] 1812 	or	a, a
    000008F1 20 0B            [12] 1813 	jr	NZ, 00172$
    000008F3 DD 36 FE F3      [19] 1814 	ld	-2 (ix), #0xf3
    000008F7 DD 36 FF 00      [19] 1815 	ld	-1 (ix), #0
    000008FB C3r06r09         [10] 1816 	jp	00173$
    000008FE                       1817 00172$:
    000008FE DD 36 FE F2      [19] 1818 	ld	-2 (ix), #0xf2
    00000902 DD 36 FF 00      [19] 1819 	ld	-1 (ix), #0
    00000906                       1820 00173$:
    00000906 DD 4E FE         [19] 1821 	ld	c, -2 (ix)
    00000909 DD 46 FF         [19] 1822 	ld	b, -1 (ix)
    0000090C DD 6E FC         [19] 1823 	ld	l, -4 (ix)
    0000090F DD 66 FD         [19] 1824 	ld	h, -3 (ix)
    00000912 71               [ 7] 1825 	ld	(hl), c
    00000913 23               [ 6] 1826 	inc	hl
    00000914 70               [ 7] 1827 	ld	(hl), b
    00000915 C3r1Er09         [10] 1828 	jp	00105$
    00000918                       1829 00104$:
                                   1830 ;E:\Dropbox\FAUSTO\SVILUPPI\MSX\CODE\C\MSXgl\projects\soccerlgMSX2/soccerlg_s17_b3.c:155: SwSprite[14].frame = SPR_BALL_SIZE_1; 
    00000918 21 60 00         [10] 1831 	ld	hl, #0x0060
    0000091B 22r51r01         [16] 1832 	ld	((_SwSprite + 337)), hl
    0000091E                       1833 00105$:
                                   1834 ;E:\Dropbox\FAUSTO\SVILUPPI\MSX\CODE\C\MSXgl\projects\soccerlgMSX2/soccerlg_s17_b3.c:157: SwSprite[14].dx = SwSprite[14].dy = SwSprite[14].anim = SwSprite[14].count = 0;
    0000091E 21 00 00         [10] 1835 	ld	hl, #0x0000
    00000921 22r57r01         [16] 1836 	ld	((_SwSprite + 343)), hl
    00000924 22r55r01         [16] 1837 	ld	((_SwSprite + 341)), hl
    00000927 21r54r01         [10] 1838 	ld	hl, #(_SwSprite + 340)
    0000092A 36 00            [10] 1839 	ld	(hl), #0x00
    0000092C 21r53r01         [10] 1840 	ld	hl, #(_SwSprite + 339)
    0000092F 36 00            [10] 1841 	ld	(hl), #0x00
                                   1842 ;E:\Dropbox\FAUSTO\SVILUPPI\MSX\CODE\C\MSXgl\projects\soccerlgMSX2/soccerlg_s17_b3.c:160: SwSprite[gk].tx = gk_start_x; 
    00000931 DD 6E FA         [19] 1843 	ld	l, -6 (ix)
    00000934 DD 66 FB         [19] 1844 	ld	h, -5 (ix)
    00000937 11 0C 00         [10] 1845 	ld	de, #0x000c
    0000093A 19               [11] 1846 	add	hl, de
    0000093B DD 7E F8         [19] 1847 	ld	a, -8 (ix)
    0000093E 77               [ 7] 1848 	ld	(hl), a
                                   1849 ;E:\Dropbox\FAUSTO\SVILUPPI\MSX\CODE\C\MSXgl\projects\soccerlgMSX2/soccerlg_s17_b3.c:161: SwSprite[gk].ty = kick_y - ((RestartType == RESTART_GKSAVE) ? 0 : (dir_y * 20));
    0000093F DD 7E FA         [19] 1850 	ld	a, -6 (ix)
    00000942 C6 0D            [ 7] 1851 	add	a, #0x0d
    00000944 4F               [ 4] 1852 	ld	c, a
    00000945 DD 7E FB         [19] 1853 	ld	a, -5 (ix)
    00000948 CE 00            [ 7] 1854 	adc	a, #0x00
    0000094A 47               [ 4] 1855 	ld	b, a
    0000094B 3Ar00r00         [13] 1856 	ld	a, (_RestartType+0)
    0000094E D6 04            [ 7] 1857 	sub	a, #0x04
    00000950 20 06            [12] 1858 	jr	NZ, 00174$
    00000952 21 00 00         [10] 1859 	ld	hl, #0x0000
    00000955 C3r66r09         [10] 1860 	jp	00175$
    00000958                       1861 00174$:
    00000958 DD 7E F7         [19] 1862 	ld	a, -9 (ix)
    0000095B 5F               [ 4] 1863 	ld	e, a
    0000095C 07               [ 4] 1864 	rlca
    0000095D 9F               [ 4] 1865 	sbc	a, a
    0000095E 57               [ 4] 1866 	ld	d, a
    0000095F 6B               [ 4] 1867 	ld	l, e
    00000960 62               [ 4] 1868 	ld	h, d
    00000961 29               [11] 1869 	add	hl, hl
    00000962 29               [11] 1870 	add	hl, hl
    00000963 19               [11] 1871 	add	hl, de
    00000964 29               [11] 1872 	add	hl, hl
    00000965 29               [11] 1873 	add	hl, hl
    00000966                       1874 00175$:
    00000966 DD 7E F3         [19] 1875 	ld	a, -13 (ix)
    00000969 DD 56 F4         [19] 1876 	ld	d, -12 (ix)
    0000096C 95               [ 4] 1877 	sub	a, l
    0000096D 5F               [ 4] 1878 	ld	e, a
    0000096E 7A               [ 4] 1879 	ld	a, d
    0000096F 9C               [ 4] 1880 	sbc	a, h
    00000970 57               [ 4] 1881 	ld	d, a
    00000971 7B               [ 4] 1882 	ld	a, e
    00000972 02               [ 7] 1883 	ld	(bc), a
    00000973 03               [ 6] 1884 	inc	bc
    00000974 7A               [ 4] 1885 	ld	a, d
    00000975 02               [ 7] 1886 	ld	(bc), a
                                   1887 ;E:\Dropbox\FAUSTO\SVILUPPI\MSX\CODE\C\MSXgl\projects\soccerlgMSX2/soccerlg_s17_b3.c:163: u8 other_gk = (gk == 0) ? 7 : 0;
    00000976 DD 7E F6         [19] 1888 	ld	a, -10 (ix)
    00000979 B7               [ 4] 1889 	or	a, a
    0000097A 20 06            [12] 1890 	jr	NZ, 00176$
    0000097C 01 07 00         [10] 1891 	ld	bc, #0x0007
    0000097F C3r85r09         [10] 1892 	jp	00177$
    00000982                       1893 00176$:
    00000982 01 00 00         [10] 1894 	ld	bc, #0x0000
    00000985                       1895 00177$:
                                   1896 ;E:\Dropbox\FAUSTO\SVILUPPI\MSX\CODE\C\MSXgl\projects\soccerlgMSX2/soccerlg_s17_b3.c:164: SwSprite[other_gk].tx = 128;
    00000985 06 00            [ 7] 1897 	ld	b, #0x00
    00000987 69               [ 4] 1898 	ld	l, c
    00000988 60               [ 4] 1899 	ld	h, b
    00000989 29               [11] 1900 	add	hl, hl
    0000098A 29               [11] 1901 	add	hl, hl
    0000098B 09               [11] 1902 	add	hl, bc
    0000098C 29               [11] 1903 	add	hl, hl
    0000098D 09               [11] 1904 	add	hl, bc
    0000098E 29               [11] 1905 	add	hl, hl
    0000098F 09               [11] 1906 	add	hl, bc
    00000990 EB               [ 4] 1907 	ex	de, hl
    00000991 21r00r00         [10] 1908 	ld	hl, #_SwSprite
    00000994 19               [11] 1909 	add	hl, de
    00000995 EB               [ 4] 1910 	ex	de, hl
    00000996 21 0C 00         [10] 1911 	ld	hl, #0x000c
    00000999 19               [11] 1912 	add	hl, de
    0000099A 36 80            [10] 1913 	ld	(hl), #0x80
                                   1914 ;E:\Dropbox\FAUSTO\SVILUPPI\MSX\CODE\C\MSXgl\projects\soccerlgMSX2/soccerlg_s17_b3.c:165: SwSprite[other_gk].ty = (other_gk == 0) ? 32 : 444;
    0000099C 21 0D 00         [10] 1915 	ld	hl, #0x000d
    0000099F 19               [11] 1916 	add	hl, de
    000009A0 79               [ 4] 1917 	ld	a, c
    000009A1 B7               [ 4] 1918 	or	a, a
    000009A2 20 06            [12] 1919 	jr	NZ, 00178$
    000009A4 01 20 00         [10] 1920 	ld	bc, #0x0020
    000009A7 C3rADr09         [10] 1921 	jp	00179$
    000009AA                       1922 00178$:
    000009AA 01 BC 01         [10] 1923 	ld	bc, #0x01bc
    000009AD                       1924 00179$:
    000009AD 71               [ 7] 1925 	ld	(hl), c
    000009AE 23               [ 6] 1926 	inc	hl
    000009AF 70               [ 7] 1927 	ld	(hl), b
                                   1928 ;E:\Dropbox\FAUSTO\SVILUPPI\MSX\CODE\C\MSXgl\projects\soccerlgMSX2/soccerlg_s17_b3.c:168: u8 start_t = (team_to_kick == TEAM_1) ? 1 : 8;
    000009B0 DD 7E F2         [19] 1929 	ld	a, -14 (ix)
    000009B3 B7               [ 4] 1930 	or	a, a
    000009B4 20 06            [12] 1931 	jr	NZ, 00180$
    000009B6 01 01 00         [10] 1932 	ld	bc, #0x0001
    000009B9 C3rBFr09         [10] 1933 	jp	00181$
    000009BC                       1934 00180$:
    000009BC 01 08 00         [10] 1935 	ld	bc, #0x0008
    000009BF                       1936 00181$:
    000009BF 79               [ 4] 1937 	ld	a, c
                                   1938 ;E:\Dropbox\FAUSTO\SVILUPPI\MSX\CODE\C\MSXgl\projects\soccerlgMSX2/soccerlg_s17_b3.c:169: g_throw_rec_1 = start_t;     // Difensore Sx (ruolo 1)
    000009C0 32r00r00         [13] 1939 	ld	(_g_throw_rec_1+0), a
                                   1940 ;E:\Dropbox\FAUSTO\SVILUPPI\MSX\CODE\C\MSXgl\projects\soccerlgMSX2/soccerlg_s17_b3.c:170: g_throw_rec_2 = start_t + 1; // Difensore Dx (ruolo 2)
    000009C3 3C               [ 4] 1941 	inc	a
    000009C4 32r00r00         [13] 1942 	ld	(_g_throw_rec_2+0), a
                                   1943 ;E:\Dropbox\FAUSTO\SVILUPPI\MSX\CODE\C\MSXgl\projects\soccerlgMSX2/soccerlg_s17_b3.c:171: g_selected_rec = 0;
    000009C7 21r00r00         [10] 1944 	ld	hl, #_g_selected_rec
    000009CA 36 00            [10] 1945 	ld	(hl), #0x00
                                   1946 ;E:\Dropbox\FAUSTO\SVILUPPI\MSX\CODE\C\MSXgl\projects\soccerlgMSX2/soccerlg_s17_b3.c:174: for(u8 i=1; i<14; i++) {
    000009CC AF               [ 4] 1947 	xor	a, a
    000009CD DD 96 F3         [19] 1948 	sub	a, -13 (ix)
    000009D0 DD 77 F5         [19] 1949 	ld	-11 (ix), a
    000009D3 3E 02            [ 7] 1950 	ld	a, #0x02
    000009D5 DD 9E F4         [19] 1951 	sbc	a, -12 (ix)
    000009D8 DD 77 F6         [19] 1952 	ld	-10 (ix), a
    000009DB DD 7E F2         [19] 1953 	ld	a, -14 (ix)
    000009DE 3D               [ 4] 1954 	dec	a
    000009DF 3E 01            [ 7] 1955 	ld	a, #0x01
    000009E1 28 01            [12] 1956 	jr	Z, 00371$
    000009E3 AF               [ 4] 1957 	xor	a, a
    000009E4                       1958 00371$:
    000009E4 DD 77 F7         [19] 1959 	ld	-9 (ix), a
    000009E7 DD 36 FD 01      [19] 1960 	ld	-3 (ix), #0x01
    000009EB                       1961 00157$:
    000009EB DD 7E FD         [19] 1962 	ld	a, -3 (ix)
    000009EE D6 0E            [ 7] 1963 	sub	a, #0x0e
    000009F0 D2r32r0C         [10] 1964 	jp	NC, 00158$
                                   1965 ;E:\Dropbox\FAUSTO\SVILUPPI\MSX\CODE\C\MSXgl\projects\soccerlgMSX2/soccerlg_s17_b3.c:175: if (i == 7) continue;
    000009F3 DD 7E FD         [19] 1966 	ld	a, -3 (ix)
    000009F6 D6 07            [ 7] 1967 	sub	a, #0x07
    000009F8 CAr2Cr0C         [10] 1968 	jp	Z,00154$
                                   1969 ;E:\Dropbox\FAUSTO\SVILUPPI\MSX\CODE\C\MSXgl\projects\soccerlgMSX2/soccerlg_s17_b3.c:177: u8 team = (i < 7) ? TEAM_1 : TEAM_2;
    000009FB DD 7E FD         [19] 1970 	ld	a, -3 (ix)
    000009FE D6 07            [ 7] 1971 	sub	a, #0x07
    00000A00 30 0A            [12] 1972 	jr	NC, 00182$
    00000A02 AF               [ 4] 1973 	xor	a, a
    00000A03 DD 77 FB         [19] 1974 	ld	-5 (ix), a
    00000A06 DD 77 FC         [19] 1975 	ld	-4 (ix), a
    00000A09 C3r14r0A         [10] 1976 	jp	00183$
    00000A0C                       1977 00182$:
    00000A0C DD 36 FB 01      [19] 1978 	ld	-5 (ix), #0x01
    00000A10 DD 36 FC 00      [19] 1979 	ld	-4 (ix), #0
    00000A14                       1980 00183$:
    00000A14 DD 7E FB         [19] 1981 	ld	a, -5 (ix)
                                   1982 ;E:\Dropbox\FAUSTO\SVILUPPI\MSX\CODE\C\MSXgl\projects\soccerlgMSX2/soccerlg_s17_b3.c:178: u8 role = (team == TEAM_1) ? i : (i - 7);
    00000A17 DD 77 FE         [19] 1983 	ld	-2 (ix), a
    00000A1A B7               [ 4] 1984 	or	a, a
    00000A1B 20 09            [12] 1985 	jr	NZ, 00184$
    00000A1D DD 7E FD         [19] 1986 	ld	a, -3 (ix)
    00000A20 DD 77 FF         [19] 1987 	ld	-1 (ix), a
    00000A23 C3r2Er0A         [10] 1988 	jp	00185$
    00000A26                       1989 00184$:
    00000A26 DD 7E FD         [19] 1990 	ld	a, -3 (ix)
    00000A29 C6 F9            [ 7] 1991 	add	a, #0xf9
    00000A2B DD 77 FF         [19] 1992 	ld	-1 (ix), a
    00000A2E                       1993 00185$:
                                   1994 ;E:\Dropbox\FAUSTO\SVILUPPI\MSX\CODE\C\MSXgl\projects\soccerlgMSX2/soccerlg_s17_b3.c:179: u16 base_x = 128;
    00000A2E DD 36 F8 80      [19] 1995 	ld	-8 (ix), #0x80
    00000A32 DD 36 F9 00      [19] 1996 	ld	-7 (ix), #0
                                   1997 ;E:\Dropbox\FAUSTO\SVILUPPI\MSX\CODE\C\MSXgl\projects\soccerlgMSX2/soccerlg_s17_b3.c:181: if (role == 1) { base_x = 64; }
    00000A36 DD 7E FF         [19] 1998 	ld	a, -1 (ix)
    00000A39 3D               [ 4] 1999 	dec	a
    00000A3A 3E 01            [ 7] 2000 	ld	a, #0x01
    00000A3C 28 01            [12] 2001 	jr	Z, 00374$
    00000A3E AF               [ 4] 2002 	xor	a, a
    00000A3F                       2003 00374$:
    00000A3F 4F               [ 4] 2004 	ld	c, a
    00000A40 B7               [ 4] 2005 	or	a, a
    00000A41 28 0B            [12] 2006 	jr	Z, 00123$
    00000A43 DD 36 F8 40      [19] 2007 	ld	-8 (ix), #0x40
    00000A47 DD 36 F9 00      [19] 2008 	ld	-7 (ix), #0
    00000A4B C3rA5r0A         [10] 2009 	jp	00124$
    00000A4E                       2010 00123$:
                                   2011 ;E:\Dropbox\FAUSTO\SVILUPPI\MSX\CODE\C\MSXgl\projects\soccerlgMSX2/soccerlg_s17_b3.c:182: else if (role == 2) { base_x = 192; }
    00000A4E DD 7E FF         [19] 2012 	ld	a, -1 (ix)
    00000A51 D6 02            [ 7] 2013 	sub	a, #0x02
    00000A53 20 0B            [12] 2014 	jr	NZ, 00120$
    00000A55 DD 36 F8 C0      [19] 2015 	ld	-8 (ix), #0xc0
    00000A59 DD 36 F9 00      [19] 2016 	ld	-7 (ix), #0
    00000A5D C3rA5r0A         [10] 2017 	jp	00124$
    00000A60                       2018 00120$:
                                   2019 ;E:\Dropbox\FAUSTO\SVILUPPI\MSX\CODE\C\MSXgl\projects\soccerlgMSX2/soccerlg_s17_b3.c:183: else if (role == 3) { base_x = 64; }
    00000A60 DD 7E FF         [19] 2020 	ld	a, -1 (ix)
    00000A63 D6 03            [ 7] 2021 	sub	a, #0x03
    00000A65 20 0B            [12] 2022 	jr	NZ, 00117$
    00000A67 DD 36 F8 40      [19] 2023 	ld	-8 (ix), #0x40
    00000A6B DD 36 F9 00      [19] 2024 	ld	-7 (ix), #0
    00000A6F C3rA5r0A         [10] 2025 	jp	00124$
    00000A72                       2026 00117$:
                                   2027 ;E:\Dropbox\FAUSTO\SVILUPPI\MSX\CODE\C\MSXgl\projects\soccerlgMSX2/soccerlg_s17_b3.c:184: else if (role == 4) { base_x = 192; }
    00000A72 DD 7E FF         [19] 2028 	ld	a, -1 (ix)
    00000A75 D6 04            [ 7] 2029 	sub	a, #0x04
    00000A77 20 0B            [12] 2030 	jr	NZ, 00114$
    00000A79 DD 36 F8 C0      [19] 2031 	ld	-8 (ix), #0xc0
    00000A7D DD 36 F9 00      [19] 2032 	ld	-7 (ix), #0
    00000A81 C3rA5r0A         [10] 2033 	jp	00124$
    00000A84                       2034 00114$:
                                   2035 ;E:\Dropbox\FAUSTO\SVILUPPI\MSX\CODE\C\MSXgl\projects\soccerlgMSX2/soccerlg_s17_b3.c:185: else if (role == 5) { base_x = 80; }
    00000A84 DD 7E FF         [19] 2036 	ld	a, -1 (ix)
    00000A87 D6 05            [ 7] 2037 	sub	a, #0x05
    00000A89 20 0B            [12] 2038 	jr	NZ, 00111$
    00000A8B DD 36 F8 50      [19] 2039 	ld	-8 (ix), #0x50
    00000A8F DD 36 F9 00      [19] 2040 	ld	-7 (ix), #0
    00000A93 C3rA5r0A         [10] 2041 	jp	00124$
    00000A96                       2042 00111$:
                                   2043 ;E:\Dropbox\FAUSTO\SVILUPPI\MSX\CODE\C\MSXgl\projects\soccerlgMSX2/soccerlg_s17_b3.c:186: else if (role == 6) { base_x = 176; }
    00000A96 DD 7E FF         [19] 2044 	ld	a, -1 (ix)
    00000A99 D6 06            [ 7] 2045 	sub	a, #0x06
    00000A9B 20 08            [12] 2046 	jr	NZ, 00124$
    00000A9D DD 36 F8 B0      [19] 2047 	ld	-8 (ix), #0xb0
    00000AA1 DD 36 F9 00      [19] 2048 	ld	-7 (ix), #0
    00000AA5                       2049 00124$:
                                   2050 ;E:\Dropbox\FAUSTO\SVILUPPI\MSX\CODE\C\MSXgl\projects\soccerlgMSX2/soccerlg_s17_b3.c:189: if (team == team_to_kick) {
    00000AA5 DD 7E FE         [19] 2051 	ld	a, -2 (ix)
    00000AA8 DD 96 F2         [19] 2052 	sub	a, -14 (ix)
    00000AAB 20 55            [12] 2053 	jr	NZ, 00142$
                                   2054 ;E:\Dropbox\FAUSTO\SVILUPPI\MSX\CODE\C\MSXgl\projects\soccerlgMSX2/soccerlg_s17_b3.c:190: u16 rel_kick = (team_to_kick == TEAM_1) ? kick_y : (512 - kick_y);
    00000AAD DD 7E F2         [19] 2055 	ld	a, -14 (ix)
    00000AB0 B7               [ 4] 2056 	or	a, a
    00000AB1 20 09            [12] 2057 	jr	NZ, 00186$
    00000AB3 DD 5E F3         [19] 2058 	ld	e, -13 (ix)
    00000AB6 DD 56 F4         [19] 2059 	ld	d, -12 (ix)
    00000AB9 C3rC2r0A         [10] 2060 	jp	00187$
    00000ABC                       2061 00186$:
    00000ABC DD 5E F5         [19] 2062 	ld	e, -11 (ix)
    00000ABF DD 56 F6         [19] 2063 	ld	d, -10 (ix)
    00000AC2                       2064 00187$:
                                   2065 ;E:\Dropbox\FAUSTO\SVILUPPI\MSX\CODE\C\MSXgl\projects\soccerlgMSX2/soccerlg_s17_b3.c:191: if (role == 1 || role == 2) base_y = rel_kick + 96; // Più avanti di almeno 60px
    00000AC2 79               [ 4] 2066 	ld	a, c
    00000AC3 B7               [ 4] 2067 	or	a, a
    00000AC4 20 07            [12] 2068 	jr	NZ, 00129$
    00000AC6 DD 7E FF         [19] 2069 	ld	a, -1 (ix)
    00000AC9 D6 02            [ 7] 2070 	sub	a, #0x02
    00000ACB 20 0D            [12] 2071 	jr	NZ, 00130$
    00000ACD                       2072 00129$:
    00000ACD 21 60 00         [10] 2073 	ld	hl, #0x0060
    00000AD0 19               [11] 2074 	add	hl, de
    00000AD1 DD 75 FE         [19] 2075 	ld	-2 (ix), l
    00000AD4 DD 74 FF         [19] 2076 	ld	-1 (ix), h
    00000AD7 C3r39r0B         [10] 2077 	jp	00143$
    00000ADA                       2078 00130$:
                                   2079 ;E:\Dropbox\FAUSTO\SVILUPPI\MSX\CODE\C\MSXgl\projects\soccerlgMSX2/soccerlg_s17_b3.c:192: else if (role == 3 || role == 4) base_y = rel_kick + 144;
    00000ADA DD 7E FF         [19] 2080 	ld	a, -1 (ix)
    00000ADD D6 03            [ 7] 2081 	sub	a, #0x03
    00000ADF 28 07            [12] 2082 	jr	Z, 00125$
    00000AE1 DD 7E FF         [19] 2083 	ld	a, -1 (ix)
    00000AE4 D6 04            [ 7] 2084 	sub	a, #0x04
    00000AE6 20 0D            [12] 2085 	jr	NZ, 00126$
    00000AE8                       2086 00125$:
    00000AE8 21 90 00         [10] 2087 	ld	hl, #0x0090
    00000AEB 19               [11] 2088 	add	hl, de
    00000AEC DD 75 FE         [19] 2089 	ld	-2 (ix), l
    00000AEF DD 74 FF         [19] 2090 	ld	-1 (ix), h
    00000AF2 C3r39r0B         [10] 2091 	jp	00143$
    00000AF5                       2092 00126$:
                                   2093 ;E:\Dropbox\FAUSTO\SVILUPPI\MSX\CODE\C\MSXgl\projects\soccerlgMSX2/soccerlg_s17_b3.c:193: else base_y = rel_kick + 200; // Attaccanti
    00000AF5 21 C8 00         [10] 2094 	ld	hl, #0x00c8
    00000AF8 19               [11] 2095 	add	hl, de
    00000AF9 DD 75 FE         [19] 2096 	ld	-2 (ix), l
    00000AFC DD 74 FF         [19] 2097 	ld	-1 (ix), h
    00000AFF C3r39r0B         [10] 2098 	jp	00143$
    00000B02                       2099 00142$:
                                   2100 ;E:\Dropbox\FAUSTO\SVILUPPI\MSX\CODE\C\MSXgl\projects\soccerlgMSX2/soccerlg_s17_b3.c:195: if (role == 1 || role == 2) base_y = 340; 
    00000B02 79               [ 4] 2101 	ld	a, c
    00000B03 B7               [ 4] 2102 	or	a, a
    00000B04 20 07            [12] 2103 	jr	NZ, 00137$
    00000B06 DD 7E FF         [19] 2104 	ld	a, -1 (ix)
    00000B09 D6 02            [ 7] 2105 	sub	a, #0x02
    00000B0B 20 0B            [12] 2106 	jr	NZ, 00138$
    00000B0D                       2107 00137$:
    00000B0D DD 36 FE 54      [19] 2108 	ld	-2 (ix), #0x54
    00000B11 DD 36 FF 01      [19] 2109 	ld	-1 (ix), #0x01
    00000B15 C3r39r0B         [10] 2110 	jp	00143$
    00000B18                       2111 00138$:
                                   2112 ;E:\Dropbox\FAUSTO\SVILUPPI\MSX\CODE\C\MSXgl\projects\soccerlgMSX2/soccerlg_s17_b3.c:196: else if (role == 3 || role == 4) base_y = 260; 
    00000B18 DD 7E FF         [19] 2113 	ld	a, -1 (ix)
    00000B1B D6 03            [ 7] 2114 	sub	a, #0x03
    00000B1D 28 07            [12] 2115 	jr	Z, 00133$
    00000B1F DD 7E FF         [19] 2116 	ld	a, -1 (ix)
    00000B22 D6 04            [ 7] 2117 	sub	a, #0x04
    00000B24 20 0B            [12] 2118 	jr	NZ, 00134$
    00000B26                       2119 00133$:
    00000B26 DD 36 FE 04      [19] 2120 	ld	-2 (ix), #0x04
    00000B2A DD 36 FF 01      [19] 2121 	ld	-1 (ix), #0x01
    00000B2E C3r39r0B         [10] 2122 	jp	00143$
    00000B31                       2123 00134$:
                                   2124 ;E:\Dropbox\FAUSTO\SVILUPPI\MSX\CODE\C\MSXgl\projects\soccerlgMSX2/soccerlg_s17_b3.c:197: else base_y = 150; // Attaccanti avversari più indietro dei difensori avversari
    00000B31 DD 36 FE 96      [19] 2125 	ld	-2 (ix), #0x96
    00000B35 DD 36 FF 00      [19] 2126 	ld	-1 (ix), #0
    00000B39                       2127 00143$:
                                   2128 ;E:\Dropbox\FAUSTO\SVILUPPI\MSX\CODE\C\MSXgl\projects\soccerlgMSX2/soccerlg_s17_b3.c:201: if (team_to_kick == TEAM_2) {
    00000B39 DD 7E F7         [19] 2129 	ld	a, -9 (ix)
    00000B3C B7               [ 4] 2130 	or	a, a
    00000B3D 28 0F            [12] 2131 	jr	Z, 00145$
                                   2132 ;E:\Dropbox\FAUSTO\SVILUPPI\MSX\CODE\C\MSXgl\projects\soccerlgMSX2/soccerlg_s17_b3.c:202: base_y = 512 - base_y;
    00000B3F AF               [ 4] 2133 	xor	a, a
    00000B40 DD 96 FE         [19] 2134 	sub	a, -2 (ix)
    00000B43 DD 77 FE         [19] 2135 	ld	-2 (ix), a
    00000B46 3E 02            [ 7] 2136 	ld	a, #0x02
    00000B48 DD 9E FF         [19] 2137 	sbc	a, -1 (ix)
    00000B4B DD 77 FF         [19] 2138 	ld	-1 (ix), a
    00000B4E                       2139 00145$:
                                   2140 ;E:\Dropbox\FAUSTO\SVILUPPI\MSX\CODE\C\MSXgl\projects\soccerlgMSX2/soccerlg_s17_b3.c:206: i8 rand_x = ((Frms + i * 11) % 40) - 20;
    00000B4E 3Ar00r00         [13] 2141 	ld	a, (_Frms+0)
    00000B51 DD 77 FA         [19] 2142 	ld	-6 (ix), a
    00000B54 DD 36 FB 00      [19] 2143 	ld	-5 (ix), #0x00
    00000B58 DD 4E FD         [19] 2144 	ld	c, -3 (ix)
    00000B5B 06 00            [ 7] 2145 	ld	b, #0x00
    00000B5D 69               [ 4] 2146 	ld	l, c
    00000B5E 60               [ 4] 2147 	ld	h, b
    00000B5F 29               [11] 2148 	add	hl, hl
    00000B60 29               [11] 2149 	add	hl, hl
    00000B61 09               [11] 2150 	add	hl, bc
    00000B62 29               [11] 2151 	add	hl, hl
    00000B63 09               [11] 2152 	add	hl, bc
    00000B64 DD 5E FA         [19] 2153 	ld	e, -6 (ix)
    00000B67 DD 56 FB         [19] 2154 	ld	d, -5 (ix)
    00000B6A 19               [11] 2155 	add	hl, de
    00000B6B C5               [11] 2156 	push	bc
    00000B6C 11 28 00         [10] 2157 	ld	de, #0x0028
    00000B6F CDr00r00         [17] 2158 	call	__modsint
    00000B72 C1               [10] 2159 	pop	bc
    00000B73 7B               [ 4] 2160 	ld	a, e
    00000B74 C6 EC            [ 7] 2161 	add	a, #0xec
    00000B76 DD 77 FC         [19] 2162 	ld	-4 (ix), a
                                   2163 ;E:\Dropbox\FAUSTO\SVILUPPI\MSX\CODE\C\MSXgl\projects\soccerlgMSX2/soccerlg_s17_b3.c:207: i8 rand_y = ((Frms + i * 17) % 40) - 20;
    00000B79 69               [ 4] 2164 	ld	l, c
    00000B7A 60               [ 4] 2165 	ld	h, b
    00000B7B 29               [11] 2166 	add	hl, hl
    00000B7C 29               [11] 2167 	add	hl, hl
    00000B7D 29               [11] 2168 	add	hl, hl
    00000B7E 29               [11] 2169 	add	hl, hl
    00000B7F 09               [11] 2170 	add	hl, bc
    00000B80 DD 5E FA         [19] 2171 	ld	e, -6 (ix)
    00000B83 DD 56 FB         [19] 2172 	ld	d, -5 (ix)
    00000B86 19               [11] 2173 	add	hl, de
    00000B87 11 28 00         [10] 2174 	ld	de, #0x0028
    00000B8A CDr00r00         [17] 2175 	call	__modsint
    00000B8D 7B               [ 4] 2176 	ld	a, e
    00000B8E C6 EC            [ 7] 2177 	add	a, #0xec
    00000B90 4F               [ 4] 2178 	ld	c, a
                                   2179 ;E:\Dropbox\FAUSTO\SVILUPPI\MSX\CODE\C\MSXgl\projects\soccerlgMSX2/soccerlg_s17_b3.c:209: i16 final_x = base_x + rand_x;
    00000B91 DD 7E FC         [19] 2180 	ld	a, -4 (ix)
    00000B94 5F               [ 4] 2181 	ld	e, a
    00000B95 07               [ 4] 2182 	rlca
    00000B96 9F               [ 4] 2183 	sbc	a, a
    00000B97 DD 6E F8         [19] 2184 	ld	l, -8 (ix)
                                   2185 ;	spillPairReg hl
                                   2186 ;	spillPairReg hl
    00000B9A DD 66 F9         [19] 2187 	ld	h, -7 (ix)
                                   2188 ;	spillPairReg hl
                                   2189 ;	spillPairReg hl
    00000B9D 57               [ 4] 2190 	ld	d, a
    00000B9E 19               [11] 2191 	add	hl, de
    00000B9F DD 75 FB         [19] 2192 	ld	-5 (ix), l
    00000BA2 DD 74 FC         [19] 2193 	ld	-4 (ix), h
                                   2194 ;E:\Dropbox\FAUSTO\SVILUPPI\MSX\CODE\C\MSXgl\projects\soccerlgMSX2/soccerlg_s17_b3.c:210: i16 final_y = base_y + rand_y;
    00000BA5 79               [ 4] 2195 	ld	a, c
    00000BA6 07               [ 4] 2196 	rlca
    00000BA7 9F               [ 4] 2197 	sbc	a, a
    00000BA8 DD 6E FE         [19] 2198 	ld	l, -2 (ix)
                                   2199 ;	spillPairReg hl
                                   2200 ;	spillPairReg hl
    00000BAB DD 66 FF         [19] 2201 	ld	h, -1 (ix)
                                   2202 ;	spillPairReg hl
                                   2203 ;	spillPairReg hl
    00000BAE 47               [ 4] 2204 	ld	b, a
    00000BAF 09               [11] 2205 	add	hl, bc
    00000BB0 4D               [ 4] 2206 	ld	c, l
    00000BB1 44               [ 4] 2207 	ld	b, h
                                   2208 ;E:\Dropbox\FAUSTO\SVILUPPI\MSX\CODE\C\MSXgl\projects\soccerlgMSX2/soccerlg_s17_b3.c:212: if (final_x < 16) final_x = 16;
    00000BB2 DD 7E FB         [19] 2209 	ld	a, -5 (ix)
    00000BB5 DD 56 FC         [19] 2210 	ld	d, -4 (ix)
    00000BB8 D6 10            [ 7] 2211 	sub	a, #0x10
    00000BBA 7A               [ 4] 2212 	ld	a, d
    00000BBB 17               [ 4] 2213 	rla
    00000BBC 3F               [ 4] 2214 	ccf
    00000BBD 1F               [ 4] 2215 	rra
    00000BBE DE 80            [ 7] 2216 	sbc	a, #0x80
    00000BC0 30 08            [12] 2217 	jr	NC, 00147$
    00000BC2 DD 36 FB 10      [19] 2218 	ld	-5 (ix), #0x10
    00000BC6 DD 36 FC 00      [19] 2219 	ld	-4 (ix), #0
    00000BCA                       2220 00147$:
                                   2221 ;E:\Dropbox\FAUSTO\SVILUPPI\MSX\CODE\C\MSXgl\projects\soccerlgMSX2/soccerlg_s17_b3.c:213: if (final_x > 224) final_x = 224;
    00000BCA DD 5E FB         [19] 2222 	ld	e, -5 (ix)
    00000BCD DD 56 FC         [19] 2223 	ld	d, -4 (ix)
    00000BD0 3E E0            [ 7] 2224 	ld	a, #0xe0
    00000BD2 BB               [ 4] 2225 	cp	a, e
    00000BD3 3E 00            [ 7] 2226 	ld	a, #0x00
    00000BD5 9A               [ 4] 2227 	sbc	a, d
    00000BD6 E2rDBr0B         [10] 2228 	jp	PO, 00397$
    00000BD9 EE 80            [ 7] 2229 	xor	a, #0x80
    00000BDB                       2230 00397$:
    00000BDB F2rE6r0B         [10] 2231 	jp	P, 00149$
    00000BDE DD 36 FB E0      [19] 2232 	ld	-5 (ix), #0xe0
    00000BE2 DD 36 FC 00      [19] 2233 	ld	-4 (ix), #0
    00000BE6                       2234 00149$:
                                   2235 ;E:\Dropbox\FAUSTO\SVILUPPI\MSX\CODE\C\MSXgl\projects\soccerlgMSX2/soccerlg_s17_b3.c:214: if (final_y < 24) final_y = 24;
    00000BE6 59               [ 4] 2236 	ld	e, c
    00000BE7 50               [ 4] 2237 	ld	d, b
    00000BE8 7B               [ 4] 2238 	ld	a, e
    00000BE9 D6 18            [ 7] 2239 	sub	a, #0x18
    00000BEB 7A               [ 4] 2240 	ld	a, d
    00000BEC 17               [ 4] 2241 	rla
    00000BED 3F               [ 4] 2242 	ccf
    00000BEE 1F               [ 4] 2243 	rra
    00000BEF DE 80            [ 7] 2244 	sbc	a, #0x80
    00000BF1 30 03            [12] 2245 	jr	NC, 00151$
    00000BF3 01 18 00         [10] 2246 	ld	bc, #0x0018
    00000BF6                       2247 00151$:
                                   2248 ;E:\Dropbox\FAUSTO\SVILUPPI\MSX\CODE\C\MSXgl\projects\soccerlgMSX2/soccerlg_s17_b3.c:215: if (final_y > 488) final_y = 488;
    00000BF6 59               [ 4] 2249 	ld	e, c
    00000BF7 50               [ 4] 2250 	ld	d, b
    00000BF8 3E E8            [ 7] 2251 	ld	a, #0xe8
    00000BFA BB               [ 4] 2252 	cp	a, e
    00000BFB 3E 01            [ 7] 2253 	ld	a, #0x01
    00000BFD 9A               [ 4] 2254 	sbc	a, d
    00000BFE E2r03r0C         [10] 2255 	jp	PO, 00398$
    00000C01 EE 80            [ 7] 2256 	xor	a, #0x80
    00000C03                       2257 00398$:
    00000C03 F2r09r0C         [10] 2258 	jp	P, 00153$
    00000C06 01 E8 01         [10] 2259 	ld	bc, #0x01e8
    00000C09                       2260 00153$:
                                   2261 ;E:\Dropbox\FAUSTO\SVILUPPI\MSX\CODE\C\MSXgl\projects\soccerlgMSX2/soccerlg_s17_b3.c:217: SwSprite[i].tx = (u8)final_x;
    00000C09 DD 5E FD         [19] 2262 	ld	e, -3 (ix)
    00000C0C 16 00            [ 7] 2263 	ld	d, #0x00
    00000C0E 6B               [ 4] 2264 	ld	l, e
    00000C0F 62               [ 4] 2265 	ld	h, d
    00000C10 29               [11] 2266 	add	hl, hl
    00000C11 29               [11] 2267 	add	hl, hl
    00000C12 19               [11] 2268 	add	hl, de
    00000C13 29               [11] 2269 	add	hl, hl
    00000C14 19               [11] 2270 	add	hl, de
    00000C15 29               [11] 2271 	add	hl, hl
    00000C16 19               [11] 2272 	add	hl, de
    00000C17 EB               [ 4] 2273 	ex	de, hl
    00000C18 21r00r00         [10] 2274 	ld	hl, #_SwSprite
    00000C1B 19               [11] 2275 	add	hl, de
    00000C1C EB               [ 4] 2276 	ex	de, hl
    00000C1D 21 0C 00         [10] 2277 	ld	hl, #0x000c
    00000C20 19               [11] 2278 	add	hl, de
    00000C21 DD 7E FB         [19] 2279 	ld	a, -5 (ix)
    00000C24 77               [ 7] 2280 	ld	(hl), a
                                   2281 ;E:\Dropbox\FAUSTO\SVILUPPI\MSX\CODE\C\MSXgl\projects\soccerlgMSX2/soccerlg_s17_b3.c:218: SwSprite[i].ty = (u16)final_y;
    00000C25 21 0D 00         [10] 2282 	ld	hl, #0x000d
    00000C28 19               [11] 2283 	add	hl, de
    00000C29 71               [ 7] 2284 	ld	(hl), c
    00000C2A 23               [ 6] 2285 	inc	hl
    00000C2B 70               [ 7] 2286 	ld	(hl), b
    00000C2C                       2287 00154$:
                                   2288 ;E:\Dropbox\FAUSTO\SVILUPPI\MSX\CODE\C\MSXgl\projects\soccerlgMSX2/soccerlg_s17_b3.c:174: for(u8 i=1; i<14; i++) {
    00000C2C DD 34 FD         [23] 2289 	inc	-3 (ix)
    00000C2F C3rEBr09         [10] 2290 	jp	00157$
    00000C32                       2291 00158$:
                                   2292 ;E:\Dropbox\FAUSTO\SVILUPPI\MSX\CODE\C\MSXgl\projects\soccerlgMSX2/soccerlg_s17_b3.c:220: }
    00000C32 DD F9            [10] 2293 	ld	sp, ix
    00000C34 DD E1            [14] 2294 	pop	ix
    00000C36 C9               [10] 2295 	ret
                                   2296 ;E:\Dropbox\FAUSTO\SVILUPPI\MSX\CODE\C\MSXgl\projects\soccerlgMSX2/soccerlg_s17_b3.c:222: void AssignCornerKickTargets() {
                                   2297 ;	---------------------------------
                                   2298 ; Function AssignCornerKickTargets
                                   2299 ; ---------------------------------
    00000C37                       2300 _AssignCornerKickTargets::
    00000C37 DD E5            [15] 2301 	push	ix
    00000C39 DD 21 00 00      [14] 2302 	ld	ix,#0
    00000C3D DD 39            [15] 2303 	add	ix,sp
    00000C3F 21 F0 FF         [10] 2304 	ld	hl, #-16
    00000C42 39               [11] 2305 	add	hl, sp
    00000C43 F9               [ 6] 2306 	ld	sp, hl
                                   2307 ;E:\Dropbox\FAUSTO\SVILUPPI\MSX\CODE\C\MSXgl\projects\soccerlgMSX2/soccerlg_s17_b3.c:223: u8 team_to_kick = (LastTouchTeam == TEAM_1) ? TEAM_2 : TEAM_1;
    00000C44 3Ar00r00         [13] 2308 	ld	a, (_LastTouchTeam+0)
    00000C47 B7               [ 4] 2309 	or	a, a
    00000C48 20 06            [12] 2310 	jr	NZ, 00129$
    00000C4A 01 01 00         [10] 2311 	ld	bc, #0x0001
    00000C4D C3r53r0C         [10] 2312 	jp	00130$
    00000C50                       2313 00129$:
    00000C50 01 00 00         [10] 2314 	ld	bc, #0x0000
    00000C53                       2315 00130$:
                                   2316 ;E:\Dropbox\FAUSTO\SVILUPPI\MSX\CODE\C\MSXgl\projects\soccerlgMSX2/soccerlg_s17_b3.c:224: if (LastTouchTeam == 0xFF) team_to_kick = TEAM_1;
    00000C53 3Ar00r00         [13] 2317 	ld	a, (_LastTouchTeam+0)
    00000C56 3C               [ 4] 2318 	inc	a
    00000C57 20 01            [12] 2319 	jr	NZ, 00102$
    00000C59 4F               [ 4] 2320 	ld	c,a
    00000C5A                       2321 00102$:
                                   2322 ;E:\Dropbox\FAUSTO\SVILUPPI\MSX\CODE\C\MSXgl\projects\soccerlgMSX2/soccerlg_s17_b3.c:226: u8 thrower = (team_to_kick == TEAM_1) ? 5 : 12; // Attaccante sx/dx
    00000C5A 79               [ 4] 2323 	ld	a, c
    00000C5B B7               [ 4] 2324 	or	a, a
    00000C5C 20 06            [12] 2325 	jr	NZ, 00131$
    00000C5E 11 05 00         [10] 2326 	ld	de, #0x0005
    00000C61 C3r67r0C         [10] 2327 	jp	00132$
    00000C64                       2328 00131$:
    00000C64 11 0C 00         [10] 2329 	ld	de, #0x000c
    00000C67                       2330 00132$:
    00000C67 DD 73 F0         [19] 2331 	ld	-16 (ix), e
                                   2332 ;E:\Dropbox\FAUSTO\SVILUPPI\MSX\CODE\C\MSXgl\projects\soccerlgMSX2/soccerlg_s17_b3.c:228: u16 corner_x = (RestartSideX < 128) ? 20 : 216; // Allontanato dal bordo laterale
    00000C6A 3Ar00r00         [13] 2333 	ld	a, (_RestartSideX+0)
    00000C6D D6 80            [ 7] 2334 	sub	a, #0x80
    00000C6F 30 06            [12] 2335 	jr	NC, 00133$
    00000C71 11 14 00         [10] 2336 	ld	de, #0x0014
    00000C74 C3r7Ar0C         [10] 2337 	jp	00134$
    00000C77                       2338 00133$:
    00000C77 11 D8 00         [10] 2339 	ld	de, #0x00d8
    00000C7A                       2340 00134$:
                                   2341 ;E:\Dropbox\FAUSTO\SVILUPPI\MSX\CODE\C\MSXgl\projects\soccerlgMSX2/soccerlg_s17_b3.c:229: u16 corner_y = (RestartSideY < 256) ? 40 : 472; // Più all'interno del campo di 4px
    00000C7A 2Ar00r00         [16] 2342 	ld	hl, (_RestartSideY)
    00000C7D 7C               [ 4] 2343 	ld	a, h
    00000C7E D6 01            [ 7] 2344 	sub	a, #0x01
    00000C80 30 06            [12] 2345 	jr	NC, 00135$
    00000C82 21 28 00         [10] 2346 	ld	hl, #0x0028
    00000C85 C3r8Br0C         [10] 2347 	jp	00136$
    00000C88                       2348 00135$:
    00000C88 21 D8 01         [10] 2349 	ld	hl, #0x01d8
    00000C8B                       2350 00136$:
    00000C8B DD 75 FA         [19] 2351 	ld	-6 (ix), l
    00000C8E DD 74 FB         [19] 2352 	ld	-5 (ix), h
                                   2353 ;E:\Dropbox\FAUSTO\SVILUPPI\MSX\CODE\C\MSXgl\projects\soccerlgMSX2/soccerlg_s17_b3.c:231: SwSprite[14].lx = corner_x;
    00000C91 DD 73 FC         [19] 2354 	ld	-4 (ix), e
    00000C94 21r42r01         [10] 2355 	ld	hl, #(_SwSprite + 322)
    00000C97 DD 7E FC         [19] 2356 	ld	a, -4 (ix)
    00000C9A 77               [ 7] 2357 	ld	(hl), a
                                   2358 ;E:\Dropbox\FAUSTO\SVILUPPI\MSX\CODE\C\MSXgl\projects\soccerlgMSX2/soccerlg_s17_b3.c:232: SwSprite[14].ly = corner_y;
    00000C9B 21r46r01         [10] 2359 	ld	hl, #(_SwSprite + 326)
    00000C9E DD 7E FA         [19] 2360 	ld	a, -6 (ix)
    00000CA1 77               [ 7] 2361 	ld	(hl), a
    00000CA2 23               [ 6] 2362 	inc	hl
    00000CA3 DD 7E FB         [19] 2363 	ld	a, -5 (ix)
    00000CA6 77               [ 7] 2364 	ld	(hl), a
                                   2365 ;E:\Dropbox\FAUSTO\SVILUPPI\MSX\CODE\C\MSXgl\projects\soccerlgMSX2/soccerlg_s17_b3.c:233: SwSprite[14].frame = SPR_BALL_SIZE_1;
    00000CA7 21 60 00         [10] 2366 	ld	hl, #0x0060
    00000CAA 22r51r01         [16] 2367 	ld	((_SwSprite + 337)), hl
                                   2368 ;E:\Dropbox\FAUSTO\SVILUPPI\MSX\CODE\C\MSXgl\projects\soccerlgMSX2/soccerlg_s17_b3.c:234: SwSprite[14].dx = SwSprite[14].dy = SwSprite[14].anim = SwSprite[14].count = 0;
    00000CAD 6C               [ 4] 2369 	ld	l, h
    00000CAE 22r57r01         [16] 2370 	ld	((_SwSprite + 343)), hl
    00000CB1 22r55r01         [16] 2371 	ld	((_SwSprite + 341)), hl
    00000CB4 21r54r01         [10] 2372 	ld	hl, #(_SwSprite + 340)
    00000CB7 36 00            [10] 2373 	ld	(hl), #0x00
    00000CB9 21r53r01         [10] 2374 	ld	hl, #(_SwSprite + 339)
    00000CBC 36 00            [10] 2375 	ld	(hl), #0x00
                                   2376 ;E:\Dropbox\FAUSTO\SVILUPPI\MSX\CODE\C\MSXgl\projects\soccerlgMSX2/soccerlg_s17_b3.c:235: g_thrower_id = thrower;
    00000CBE DD 7E F0         [19] 2377 	ld	a, -16 (ix)
    00000CC1 32r00r00         [13] 2378 	ld	(_g_thrower_id+0), a
                                   2379 ;E:\Dropbox\FAUSTO\SVILUPPI\MSX\CODE\C\MSXgl\projects\soccerlgMSX2/soccerlg_s17_b3.c:237: i8 dir_x = (corner_x < 128) ? 1 : -1;
    00000CC4 7B               [ 4] 2380 	ld	a, e
    00000CC5 D6 80            [ 7] 2381 	sub	a, #0x80
    00000CC7 7A               [ 4] 2382 	ld	a, d
    00000CC8 DE 00            [ 7] 2383 	sbc	a, #0x00
    00000CCA 30 06            [12] 2384 	jr	NC, 00137$
    00000CCC 11 01 00         [10] 2385 	ld	de, #0x0001
    00000CCF C3rD5r0C         [10] 2386 	jp	00138$
    00000CD2                       2387 00137$:
    00000CD2 11 FF FF         [10] 2388 	ld	de, #0xffff
    00000CD5                       2389 00138$:
    00000CD5 43               [ 4] 2390 	ld	b, e
                                   2391 ;E:\Dropbox\FAUSTO\SVILUPPI\MSX\CODE\C\MSXgl\projects\soccerlgMSX2/soccerlg_s17_b3.c:238: i8 dir_y = (corner_y < 256) ? 1 : -1;
    00000CD6 DD 7E FA         [19] 2392 	ld	a, -6 (ix)
    00000CD9 DD 77 FD         [19] 2393 	ld	-3 (ix), a
    00000CDC DD 7E FB         [19] 2394 	ld	a, -5 (ix)
    00000CDF DD 77 FE         [19] 2395 	ld	-2 (ix), a
    00000CE2 D6 01            [ 7] 2396 	sub	a, #0x01
    00000CE4 3E 00            [ 7] 2397 	ld	a, #0x00
    00000CE6 17               [ 4] 2398 	rla
    00000CE7 DD 77 F1         [19] 2399 	ld	-15 (ix), a
    00000CEA B7               [ 4] 2400 	or	a, a
    00000CEB 28 06            [12] 2401 	jr	Z, 00139$
    00000CED 11 01 00         [10] 2402 	ld	de, #0x0001
    00000CF0 C3rF6r0C         [10] 2403 	jp	00140$
    00000CF3                       2404 00139$:
    00000CF3 11 FF FF         [10] 2405 	ld	de, #0xffff
    00000CF6                       2406 00140$:
    00000CF6 DD 73 FF         [19] 2407 	ld	-1 (ix), e
                                   2408 ;E:\Dropbox\FAUSTO\SVILUPPI\MSX\CODE\C\MSXgl\projects\soccerlgMSX2/soccerlg_s17_b3.c:239: SwSprite[thrower].tx = corner_x - (dir_x * 8);
    00000CF9 DD 5E F0         [19] 2409 	ld	e, -16 (ix)
    00000CFC 16 00            [ 7] 2410 	ld	d, #0x00
    00000CFE 6B               [ 4] 2411 	ld	l, e
    00000CFF 62               [ 4] 2412 	ld	h, d
    00000D00 29               [11] 2413 	add	hl, hl
    00000D01 29               [11] 2414 	add	hl, hl
    00000D02 19               [11] 2415 	add	hl, de
    00000D03 29               [11] 2416 	add	hl, hl
    00000D04 19               [11] 2417 	add	hl, de
    00000D05 29               [11] 2418 	add	hl, hl
    00000D06 19               [11] 2419 	add	hl, de
    00000D07 EB               [ 4] 2420 	ex	de, hl
    00000D08 21r00r00         [10] 2421 	ld	hl, #_SwSprite
    00000D0B 19               [11] 2422 	add	hl, de
    00000D0C EB               [ 4] 2423 	ex	de, hl
    00000D0D 21 0C 00         [10] 2424 	ld	hl, #0x000c
    00000D10 19               [11] 2425 	add	hl, de
    00000D11 78               [ 4] 2426 	ld	a, b
    00000D12 87               [ 4] 2427 	add	a, a
    00000D13 87               [ 4] 2428 	add	a, a
    00000D14 87               [ 4] 2429 	add	a, a
    00000D15 47               [ 4] 2430 	ld	b, a
    00000D16 DD 7E FC         [19] 2431 	ld	a, -4 (ix)
    00000D19 90               [ 4] 2432 	sub	a, b
    00000D1A 77               [ 7] 2433 	ld	(hl), a
                                   2434 ;E:\Dropbox\FAUSTO\SVILUPPI\MSX\CODE\C\MSXgl\projects\soccerlgMSX2/soccerlg_s17_b3.c:240: SwSprite[thrower].ty = corner_y - (dir_y * 8);
    00000D1B 21 0D 00         [10] 2435 	ld	hl, #0x000d
    00000D1E 19               [11] 2436 	add	hl, de
    00000D1F DD 7E FF         [19] 2437 	ld	a, -1 (ix)
    00000D22 DD 77 F2         [19] 2438 	ld	-14 (ix), a
    00000D25 07               [ 4] 2439 	rlca
    00000D26 9F               [ 4] 2440 	sbc	a, a
    00000D27 DD 77 F3         [19] 2441 	ld	-13 (ix), a
    00000D2A DD 5E F2         [19] 2442 	ld	e, -14 (ix)
    00000D2D DD 56 F3         [19] 2443 	ld	d, -13 (ix)
    00000D30 EB               [ 4] 2444 	ex	de, hl
    00000D31 29               [11] 2445 	add	hl, hl
    00000D32 29               [11] 2446 	add	hl, hl
    00000D33 29               [11] 2447 	add	hl, hl
    00000D34 EB               [ 4] 2448 	ex	de, hl
    00000D35 DD 7E FD         [19] 2449 	ld	a, -3 (ix)
    00000D38 93               [ 4] 2450 	sub	a, e
    00000D39 5F               [ 4] 2451 	ld	e, a
    00000D3A DD 7E FE         [19] 2452 	ld	a, -2 (ix)
    00000D3D 9A               [ 4] 2453 	sbc	a, d
    00000D3E 73               [ 7] 2454 	ld	(hl), e
    00000D3F 23               [ 6] 2455 	inc	hl
    00000D40 77               [ 7] 2456 	ld	(hl), a
                                   2457 ;E:\Dropbox\FAUSTO\SVILUPPI\MSX\CODE\C\MSXgl\projects\soccerlgMSX2/soccerlg_s17_b3.c:242: u8 start_t = (team_to_kick == TEAM_1) ? 1 : 8;
    00000D41 79               [ 4] 2458 	ld	a, c
    00000D42 B7               [ 4] 2459 	or	a, a
    00000D43 20 06            [12] 2460 	jr	NZ, 00141$
    00000D45 01 01 00         [10] 2461 	ld	bc, #0x0001
    00000D48 C3r4Er0D         [10] 2462 	jp	00142$
    00000D4B                       2463 00141$:
    00000D4B 01 08 00         [10] 2464 	ld	bc, #0x0008
    00000D4E                       2465 00142$:
                                   2466 ;E:\Dropbox\FAUSTO\SVILUPPI\MSX\CODE\C\MSXgl\projects\soccerlgMSX2/soccerlg_s17_b3.c:243: g_throw_rec_1 = start_t + 2; // Centro sx/dx
    00000D4E 79               [ 4] 2467 	ld	a, c
    00000D4F C6 02            [ 7] 2468 	add	a, #0x02
    00000D51 32r00r00         [13] 2469 	ld	(_g_throw_rec_1+0), a
                                   2470 ;E:\Dropbox\FAUSTO\SVILUPPI\MSX\CODE\C\MSXgl\projects\soccerlgMSX2/soccerlg_s17_b3.c:244: g_throw_rec_2 = start_t + 3; // Centro dx/sx
    00000D54 79               [ 4] 2471 	ld	a, c
    00000D55 C6 03            [ 7] 2472 	add	a, #0x03
    00000D57 32r00r00         [13] 2473 	ld	(_g_throw_rec_2+0), a
                                   2474 ;E:\Dropbox\FAUSTO\SVILUPPI\MSX\CODE\C\MSXgl\projects\soccerlgMSX2/soccerlg_s17_b3.c:245: g_selected_rec = 0;
    00000D5A 21r00r00         [10] 2475 	ld	hl, #_g_selected_rec
    00000D5D 36 00            [10] 2476 	ld	(hl), #0x00
                                   2477 ;E:\Dropbox\FAUSTO\SVILUPPI\MSX\CODE\C\MSXgl\projects\soccerlgMSX2/soccerlg_s17_b3.c:247: u16 area_y = (corner_y < 256) ? 96 : 416; // Piazzi i ricevitori al limite dell'area
    00000D5F DD 7E F1         [19] 2478 	ld	a, -15 (ix)
    00000D62 B7               [ 4] 2479 	or	a, a
    00000D63 28 06            [12] 2480 	jr	Z, 00143$
    00000D65 01 60 00         [10] 2481 	ld	bc, #0x0060
    00000D68 C3r6Er0D         [10] 2482 	jp	00144$
    00000D6B                       2483 00143$:
    00000D6B 01 A0 01         [10] 2484 	ld	bc, #0x01a0
    00000D6E                       2485 00144$:
                                   2486 ;E:\Dropbox\FAUSTO\SVILUPPI\MSX\CODE\C\MSXgl\projects\soccerlgMSX2/soccerlg_s17_b3.c:248: SwSprite[g_throw_rec_1].tx = 108; SwSprite[g_throw_rec_1].ty = area_y;
    00000D6E ED 5Br00r00      [20] 2487 	ld	de, (_g_throw_rec_1)
    00000D72 16 00            [ 7] 2488 	ld	d, #0x00
    00000D74 6B               [ 4] 2489 	ld	l, e
    00000D75 62               [ 4] 2490 	ld	h, d
    00000D76 29               [11] 2491 	add	hl, hl
    00000D77 29               [11] 2492 	add	hl, hl
    00000D78 19               [11] 2493 	add	hl, de
    00000D79 29               [11] 2494 	add	hl, hl
    00000D7A 19               [11] 2495 	add	hl, de
    00000D7B 29               [11] 2496 	add	hl, hl
    00000D7C 19               [11] 2497 	add	hl, de
    00000D7D 11r00r00         [10] 2498 	ld	de, #_SwSprite
    00000D80 19               [11] 2499 	add	hl, de
    00000D81 11 0C 00         [10] 2500 	ld	de, #0x000c
    00000D84 19               [11] 2501 	add	hl, de
    00000D85 36 6C            [10] 2502 	ld	(hl), #0x6c
    00000D87 ED 5Br00r00      [20] 2503 	ld	de, (_g_throw_rec_1)
    00000D8B 16 00            [ 7] 2504 	ld	d, #0x00
    00000D8D 6B               [ 4] 2505 	ld	l, e
    00000D8E 62               [ 4] 2506 	ld	h, d
    00000D8F 29               [11] 2507 	add	hl, hl
    00000D90 29               [11] 2508 	add	hl, hl
    00000D91 19               [11] 2509 	add	hl, de
    00000D92 29               [11] 2510 	add	hl, hl
    00000D93 19               [11] 2511 	add	hl, de
    00000D94 29               [11] 2512 	add	hl, hl
    00000D95 19               [11] 2513 	add	hl, de
    00000D96 11r00r00         [10] 2514 	ld	de, #_SwSprite
    00000D99 19               [11] 2515 	add	hl, de
    00000D9A 11 0D 00         [10] 2516 	ld	de, #0x000d
    00000D9D 19               [11] 2517 	add	hl, de
    00000D9E 71               [ 7] 2518 	ld	(hl), c
    00000D9F 23               [ 6] 2519 	inc	hl
    00000DA0 70               [ 7] 2520 	ld	(hl), b
                                   2521 ;E:\Dropbox\FAUSTO\SVILUPPI\MSX\CODE\C\MSXgl\projects\soccerlgMSX2/soccerlg_s17_b3.c:249: SwSprite[g_throw_rec_2].tx = 148; SwSprite[g_throw_rec_2].ty = area_y + (dir_y * 16);
    00000DA1 ED 5Br00r00      [20] 2522 	ld	de, (_g_throw_rec_2)
    00000DA5 16 00            [ 7] 2523 	ld	d, #0x00
    00000DA7 6B               [ 4] 2524 	ld	l, e
    00000DA8 62               [ 4] 2525 	ld	h, d
    00000DA9 29               [11] 2526 	add	hl, hl
    00000DAA 29               [11] 2527 	add	hl, hl
    00000DAB 19               [11] 2528 	add	hl, de
    00000DAC 29               [11] 2529 	add	hl, hl
    00000DAD 19               [11] 2530 	add	hl, de
    00000DAE 29               [11] 2531 	add	hl, hl
    00000DAF 19               [11] 2532 	add	hl, de
    00000DB0 11r00r00         [10] 2533 	ld	de, #_SwSprite
    00000DB3 19               [11] 2534 	add	hl, de
    00000DB4 11 0C 00         [10] 2535 	ld	de, #0x000c
    00000DB7 19               [11] 2536 	add	hl, de
    00000DB8 36 94            [10] 2537 	ld	(hl), #0x94
    00000DBA ED 5Br00r00      [20] 2538 	ld	de, (_g_throw_rec_2)
    00000DBE 16 00            [ 7] 2539 	ld	d, #0x00
    00000DC0 6B               [ 4] 2540 	ld	l, e
    00000DC1 62               [ 4] 2541 	ld	h, d
    00000DC2 29               [11] 2542 	add	hl, hl
    00000DC3 29               [11] 2543 	add	hl, hl
    00000DC4 19               [11] 2544 	add	hl, de
    00000DC5 29               [11] 2545 	add	hl, hl
    00000DC6 19               [11] 2546 	add	hl, de
    00000DC7 29               [11] 2547 	add	hl, hl
    00000DC8 19               [11] 2548 	add	hl, de
    00000DC9 11r00r00         [10] 2549 	ld	de, #_SwSprite
    00000DCC 19               [11] 2550 	add	hl, de
    00000DCD 11 0D 00         [10] 2551 	ld	de, #0x000d
    00000DD0 19               [11] 2552 	add	hl, de
    00000DD1 DD 5E F2         [19] 2553 	ld	e, -14 (ix)
    00000DD4 DD 56 F3         [19] 2554 	ld	d, -13 (ix)
    00000DD7 EB               [ 4] 2555 	ex	de, hl
    00000DD8 29               [11] 2556 	add	hl, hl
    00000DD9 29               [11] 2557 	add	hl, hl
    00000DDA 29               [11] 2558 	add	hl, hl
    00000DDB 29               [11] 2559 	add	hl, hl
    00000DDC EB               [ 4] 2560 	ex	de, hl
    00000DDD DD 71 F4         [19] 2561 	ld	-12 (ix), c
    00000DE0 DD 70 F5         [19] 2562 	ld	-11 (ix), b
    00000DE3 7B               [ 4] 2563 	ld	a, e
    00000DE4 DD 86 F4         [19] 2564 	add	a, -12 (ix)
    00000DE7 4F               [ 4] 2565 	ld	c, a
    00000DE8 7A               [ 4] 2566 	ld	a, d
    00000DE9 DD 8E F5         [19] 2567 	adc	a, -11 (ix)
    00000DEC 71               [ 7] 2568 	ld	(hl), c
    00000DED 23               [ 6] 2569 	inc	hl
    00000DEE 77               [ 7] 2570 	ld	(hl), a
                                   2571 ;E:\Dropbox\FAUSTO\SVILUPPI\MSX\CODE\C\MSXgl\projects\soccerlgMSX2/soccerlg_s17_b3.c:251: SwSprite[0].tx = 128; SwSprite[0].ty = 32;
    00000DEF 21r0Cr00         [10] 2572 	ld	hl, #(_SwSprite + 12)
    00000DF2 36 80            [10] 2573 	ld	(hl), #0x80
    00000DF4 21 20 00         [10] 2574 	ld	hl, #0x0020
    00000DF7 22r0Dr00         [16] 2575 	ld	((_SwSprite + 13)), hl
                                   2576 ;E:\Dropbox\FAUSTO\SVILUPPI\MSX\CODE\C\MSXgl\projects\soccerlgMSX2/soccerlg_s17_b3.c:252: SwSprite[7].tx = 128; SwSprite[7].ty = 444;
    00000DFA 21rADr00         [10] 2577 	ld	hl, #(_SwSprite + 173)
    00000DFD 36 80            [10] 2578 	ld	(hl), #0x80
    00000DFF 21 BC 01         [10] 2579 	ld	hl, #0x01bc
    00000E02 22rAEr00         [16] 2580 	ld	((_SwSprite + 174)), hl
                                   2581 ;E:\Dropbox\FAUSTO\SVILUPPI\MSX\CODE\C\MSXgl\projects\soccerlgMSX2/soccerlg_s17_b3.c:254: for(u8 i=1; i<14; i++) {
    00000E05 DD 7E F2         [19] 2582 	ld	a, -14 (ix)
    00000E08 DD 77 F6         [19] 2583 	ld	-10 (ix), a
    00000E0B DD 7E F3         [19] 2584 	ld	a, -13 (ix)
    00000E0E DD 77 F7         [19] 2585 	ld	-9 (ix), a
    00000E11 06 05            [ 7] 2586 	ld	b, #0x05
    00000E13                       2587 00272$:
    00000E13 DD CB F6 26      [23] 2588 	sla	-10 (ix)
    00000E17 DD CB F7 16      [23] 2589 	rl	-9 (ix)
    00000E1B 10 F6            [13] 2590 	djnz	00272$
    00000E1D DD 36 FF 01      [19] 2591 	ld	-1 (ix), #0x01
    00000E21                       2592 00126$:
    00000E21 DD 7E FF         [19] 2593 	ld	a, -1 (ix)
    00000E24 D6 0E            [ 7] 2594 	sub	a, #0x0e
    00000E26 D2rB4r0F         [10] 2595 	jp	NC, 00127$
                                   2596 ;E:\Dropbox\FAUSTO\SVILUPPI\MSX\CODE\C\MSXgl\projects\soccerlgMSX2/soccerlg_s17_b3.c:255: if (i == 7 || i == thrower || i == g_throw_rec_1 || i == g_throw_rec_2) continue;
    00000E29 DD 7E FF         [19] 2597 	ld	a, -1 (ix)
    00000E2C D6 07            [ 7] 2598 	sub	a, #0x07
    00000E2E CArAEr0F         [10] 2599 	jp	Z,00123$
    00000E31 DD 7E F0         [19] 2600 	ld	a, -16 (ix)
    00000E34 DD 96 FF         [19] 2601 	sub	a, -1 (ix)
    00000E37 CArAEr0F         [10] 2602 	jp	Z,00123$
    00000E3A 3Ar00r00         [13] 2603 	ld	a, (_g_throw_rec_1+0)
    00000E3D DD 96 FF         [19] 2604 	sub	a, -1 (ix)
    00000E40 CArAEr0F         [10] 2605 	jp	Z,00123$
    00000E43 3Ar00r00         [13] 2606 	ld	a, (_g_throw_rec_2+0)
    00000E46 DD 96 FF         [19] 2607 	sub	a, -1 (ix)
    00000E49 CArAEr0F         [10] 2608 	jp	Z,00123$
                                   2609 ;E:\Dropbox\FAUSTO\SVILUPPI\MSX\CODE\C\MSXgl\projects\soccerlgMSX2/soccerlg_s17_b3.c:256: u8 team = (i < 7) ? TEAM_1 : TEAM_2;
    00000E4C DD 7E FF         [19] 2610 	ld	a, -1 (ix)
    00000E4F D6 07            [ 7] 2611 	sub	a, #0x07
    00000E51 30 0A            [12] 2612 	jr	NC, 00145$
    00000E53 AF               [ 4] 2613 	xor	a, a
    00000E54 DD 77 FD         [19] 2614 	ld	-3 (ix), a
    00000E57 DD 77 FE         [19] 2615 	ld	-2 (ix), a
    00000E5A C3r65r0E         [10] 2616 	jp	00146$
    00000E5D                       2617 00145$:
    00000E5D DD 36 FD 01      [19] 2618 	ld	-3 (ix), #0x01
    00000E61 DD 36 FE 00      [19] 2619 	ld	-2 (ix), #0
    00000E65                       2620 00146$:
                                   2621 ;E:\Dropbox\FAUSTO\SVILUPPI\MSX\CODE\C\MSXgl\projects\soccerlgMSX2/soccerlg_s17_b3.c:257: u8 role = (team == TEAM_1) ? i : (i - 7);
    00000E65 DD 7E FD         [19] 2622 	ld	a, -3 (ix)
    00000E68 B7               [ 4] 2623 	or	a, a
    00000E69 20 06            [12] 2624 	jr	NZ, 00147$
    00000E6B DD 4E FF         [19] 2625 	ld	c, -1 (ix)
    00000E6E C3r77r0E         [10] 2626 	jp	00148$
    00000E71                       2627 00147$:
    00000E71 DD 7E FF         [19] 2628 	ld	a, -1 (ix)
    00000E74 C6 F9            [ 7] 2629 	add	a, #0xf9
    00000E76 4F               [ 4] 2630 	ld	c, a
    00000E77                       2631 00148$:
                                   2632 ;E:\Dropbox\FAUSTO\SVILUPPI\MSX\CODE\C\MSXgl\projects\soccerlgMSX2/soccerlg_s17_b3.c:259: u16 base_x = 48 + (role * 24); // Distribuisce a ventaglio
    00000E77 06 00            [ 7] 2633 	ld	b, #0x00
    00000E79 69               [ 4] 2634 	ld	l, c
    00000E7A 60               [ 4] 2635 	ld	h, b
    00000E7B 29               [11] 2636 	add	hl, hl
    00000E7C 09               [11] 2637 	add	hl, bc
    00000E7D 29               [11] 2638 	add	hl, hl
    00000E7E 29               [11] 2639 	add	hl, hl
    00000E7F 29               [11] 2640 	add	hl, hl
    00000E80 11 30 00         [10] 2641 	ld	de, #0x0030
    00000E83 19               [11] 2642 	add	hl, de
    00000E84 DD 75 F8         [19] 2643 	ld	-8 (ix), l
    00000E87 DD 74 F9         [19] 2644 	ld	-7 (ix), h
                                   2645 ;E:\Dropbox\FAUSTO\SVILUPPI\MSX\CODE\C\MSXgl\projects\soccerlgMSX2/soccerlg_s17_b3.c:260: u16 base_y = area_y + (dir_y * 32) + (dir_y * (role * 8)); // Li tiene fuori dall'area
    00000E8A DD 5E F6         [19] 2646 	ld	e, -10 (ix)
    00000E8D DD 56 F7         [19] 2647 	ld	d, -9 (ix)
    00000E90 DD 6E F4         [19] 2648 	ld	l, -12 (ix)
    00000E93 DD 66 F5         [19] 2649 	ld	h, -11 (ix)
    00000E96 19               [11] 2650 	add	hl, de
    00000E97 59               [ 4] 2651 	ld	e, c
    00000E98 50               [ 4] 2652 	ld	d, b
    00000E99 EB               [ 4] 2653 	ex	de, hl
    00000E9A 29               [11] 2654 	add	hl, hl
    00000E9B 29               [11] 2655 	add	hl, hl
    00000E9C 29               [11] 2656 	add	hl, hl
    00000E9D EB               [ 4] 2657 	ex	de, hl
    00000E9E E5               [11] 2658 	push	hl
    00000E9F DD 6E F2         [19] 2659 	ld	l, -14 (ix)
                                   2660 ;	spillPairReg hl
                                   2661 ;	spillPairReg hl
    00000EA2 DD 66 F3         [19] 2662 	ld	h, -13 (ix)
                                   2663 ;	spillPairReg hl
                                   2664 ;	spillPairReg hl
    00000EA5 CDr00r00         [17] 2665 	call	__mulint
    00000EA8 E1               [10] 2666 	pop	hl
    00000EA9 19               [11] 2667 	add	hl, de
    00000EAA DD 75 FA         [19] 2668 	ld	-6 (ix), l
    00000EAD DD 74 FB         [19] 2669 	ld	-5 (ix), h
                                   2670 ;E:\Dropbox\FAUSTO\SVILUPPI\MSX\CODE\C\MSXgl\projects\soccerlgMSX2/soccerlg_s17_b3.c:261: i8 rand_x = ((Frms + i * 11) % 40) - 20;
    00000EB0 3Ar00r00         [13] 2671 	ld	a, (_Frms+0)
    00000EB3 DD 77 FC         [19] 2672 	ld	-4 (ix), a
    00000EB6 DD 36 FD 00      [19] 2673 	ld	-3 (ix), #0x00
    00000EBA DD 4E FF         [19] 2674 	ld	c, -1 (ix)
    00000EBD 06 00            [ 7] 2675 	ld	b, #0x00
    00000EBF 69               [ 4] 2676 	ld	l, c
    00000EC0 60               [ 4] 2677 	ld	h, b
    00000EC1 29               [11] 2678 	add	hl, hl
    00000EC2 29               [11] 2679 	add	hl, hl
    00000EC3 09               [11] 2680 	add	hl, bc
    00000EC4 29               [11] 2681 	add	hl, hl
    00000EC5 09               [11] 2682 	add	hl, bc
    00000EC6 DD 5E FC         [19] 2683 	ld	e, -4 (ix)
    00000EC9 DD 56 FD         [19] 2684 	ld	d, -3 (ix)
    00000ECC 19               [11] 2685 	add	hl, de
    00000ECD C5               [11] 2686 	push	bc
    00000ECE 11 28 00         [10] 2687 	ld	de, #0x0028
    00000ED1 CDr00r00         [17] 2688 	call	__modsint
    00000ED4 C1               [10] 2689 	pop	bc
    00000ED5 7B               [ 4] 2690 	ld	a, e
    00000ED6 C6 EC            [ 7] 2691 	add	a, #0xec
    00000ED8 DD 77 FE         [19] 2692 	ld	-2 (ix), a
                                   2693 ;E:\Dropbox\FAUSTO\SVILUPPI\MSX\CODE\C\MSXgl\projects\soccerlgMSX2/soccerlg_s17_b3.c:262: i8 rand_y = ((Frms + i * 17) % 40) - 20;
    00000EDB 69               [ 4] 2694 	ld	l, c
    00000EDC 60               [ 4] 2695 	ld	h, b
    00000EDD 29               [11] 2696 	add	hl, hl
    00000EDE 29               [11] 2697 	add	hl, hl
    00000EDF 29               [11] 2698 	add	hl, hl
    00000EE0 29               [11] 2699 	add	hl, hl
    00000EE1 09               [11] 2700 	add	hl, bc
    00000EE2 DD 5E FC         [19] 2701 	ld	e, -4 (ix)
    00000EE5 DD 56 FD         [19] 2702 	ld	d, -3 (ix)
    00000EE8 19               [11] 2703 	add	hl, de
    00000EE9 11 28 00         [10] 2704 	ld	de, #0x0028
    00000EEC CDr00r00         [17] 2705 	call	__modsint
    00000EEF 7B               [ 4] 2706 	ld	a, e
    00000EF0 C6 EC            [ 7] 2707 	add	a, #0xec
    00000EF2 5F               [ 4] 2708 	ld	e, a
                                   2709 ;E:\Dropbox\FAUSTO\SVILUPPI\MSX\CODE\C\MSXgl\projects\soccerlgMSX2/soccerlg_s17_b3.c:264: i16 final_x = base_x + rand_x;
    00000EF3 DD 7E FE         [19] 2710 	ld	a, -2 (ix)
    00000EF6 6F               [ 4] 2711 	ld	l, a
                                   2712 ;	spillPairReg hl
                                   2713 ;	spillPairReg hl
    00000EF7 07               [ 4] 2714 	rlca
    00000EF8 9F               [ 4] 2715 	sbc	a, a
    00000EF9 67               [ 4] 2716 	ld	h, a
                                   2717 ;	spillPairReg hl
                                   2718 ;	spillPairReg hl
    00000EFA DD 4E F8         [19] 2719 	ld	c, -8 (ix)
    00000EFD DD 46 F9         [19] 2720 	ld	b, -7 (ix)
    00000F00 09               [11] 2721 	add	hl, bc
    00000F01 4D               [ 4] 2722 	ld	c, l
    00000F02 44               [ 4] 2723 	ld	b, h
                                   2724 ;E:\Dropbox\FAUSTO\SVILUPPI\MSX\CODE\C\MSXgl\projects\soccerlgMSX2/soccerlg_s17_b3.c:265: i16 final_y = base_y + rand_y;
    00000F03 7B               [ 4] 2725 	ld	a, e
    00000F04 07               [ 4] 2726 	rlca
    00000F05 9F               [ 4] 2727 	sbc	a, a
    00000F06 57               [ 4] 2728 	ld	d, a
    00000F07 DD 6E FA         [19] 2729 	ld	l, -6 (ix)
                                   2730 ;	spillPairReg hl
                                   2731 ;	spillPairReg hl
    00000F0A DD 66 FB         [19] 2732 	ld	h, -5 (ix)
                                   2733 ;	spillPairReg hl
                                   2734 ;	spillPairReg hl
    00000F0D 19               [11] 2735 	add	hl, de
    00000F0E EB               [ 4] 2736 	ex	de, hl
                                   2737 ;E:\Dropbox\FAUSTO\SVILUPPI\MSX\CODE\C\MSXgl\projects\soccerlgMSX2/soccerlg_s17_b3.c:266: if (final_x < 16) final_x = 16; if (final_x > 224) final_x = 224;
    00000F0F 69               [ 4] 2738 	ld	l, c
                                   2739 ;	spillPairReg hl
                                   2740 ;	spillPairReg hl
    00000F10 60               [ 4] 2741 	ld	h, b
                                   2742 ;	spillPairReg hl
                                   2743 ;	spillPairReg hl
    00000F11 7D               [ 4] 2744 	ld	a, l
    00000F12 D6 10            [ 7] 2745 	sub	a, #0x10
    00000F14 7C               [ 4] 2746 	ld	a, h
    00000F15 17               [ 4] 2747 	rla
    00000F16 3F               [ 4] 2748 	ccf
    00000F17 1F               [ 4] 2749 	rra
    00000F18 DE 80            [ 7] 2750 	sbc	a, #0x80
    00000F1A 30 03            [12] 2751 	jr	NC, 00109$
    00000F1C 01 10 00         [10] 2752 	ld	bc, #0x0010
    00000F1F                       2753 00109$:
    00000F1F 69               [ 4] 2754 	ld	l, c
                                   2755 ;	spillPairReg hl
                                   2756 ;	spillPairReg hl
    00000F20 60               [ 4] 2757 	ld	h, b
                                   2758 ;	spillPairReg hl
                                   2759 ;	spillPairReg hl
    00000F21 3E E0            [ 7] 2760 	ld	a, #0xe0
    00000F23 BD               [ 4] 2761 	cp	a, l
    00000F24 3E 00            [ 7] 2762 	ld	a, #0x00
    00000F26 9C               [ 4] 2763 	sbc	a, h
    00000F27 E2r2Cr0F         [10] 2764 	jp	PO, 00277$
    00000F2A EE 80            [ 7] 2765 	xor	a, #0x80
    00000F2C                       2766 00277$:
    00000F2C F2r32r0F         [10] 2767 	jp	P, 00111$
    00000F2F 01 E0 00         [10] 2768 	ld	bc, #0x00e0
    00000F32                       2769 00111$:
                                   2770 ;E:\Dropbox\FAUSTO\SVILUPPI\MSX\CODE\C\MSXgl\projects\soccerlgMSX2/soccerlg_s17_b3.c:269: if (final_y < 80) final_y = 80; // Barriera invisibile per non farli entrare
    00000F32 6B               [ 4] 2771 	ld	l, e
                                   2772 ;	spillPairReg hl
                                   2773 ;	spillPairReg hl
    00000F33 62               [ 4] 2774 	ld	h, d
                                   2775 ;	spillPairReg hl
                                   2776 ;	spillPairReg hl
                                   2777 ;E:\Dropbox\FAUSTO\SVILUPPI\MSX\CODE\C\MSXgl\projects\soccerlgMSX2/soccerlg_s17_b3.c:268: if (corner_y < 256) {
    00000F34 DD 7E F1         [19] 2778 	ld	a, -15 (ix)
    00000F37 B7               [ 4] 2779 	or	a, a
    00000F38 28 23            [12] 2780 	jr	Z, 00121$
                                   2781 ;E:\Dropbox\FAUSTO\SVILUPPI\MSX\CODE\C\MSXgl\projects\soccerlgMSX2/soccerlg_s17_b3.c:269: if (final_y < 80) final_y = 80; // Barriera invisibile per non farli entrare
    00000F3A 7D               [ 4] 2782 	ld	a, l
    00000F3B D6 50            [ 7] 2783 	sub	a, #0x50
    00000F3D 7C               [ 4] 2784 	ld	a, h
    00000F3E 17               [ 4] 2785 	rla
    00000F3F 3F               [ 4] 2786 	ccf
    00000F40 1F               [ 4] 2787 	rra
    00000F41 DE 80            [ 7] 2788 	sbc	a, #0x80
    00000F43 30 03            [12] 2789 	jr	NC, 00113$
    00000F45 11 50 00         [10] 2790 	ld	de, #0x0050
    00000F48                       2791 00113$:
                                   2792 ;E:\Dropbox\FAUSTO\SVILUPPI\MSX\CODE\C\MSXgl\projects\soccerlgMSX2/soccerlg_s17_b3.c:270: if (final_y > 256) final_y = 256;
    00000F48 6B               [ 4] 2793 	ld	l, e
                                   2794 ;	spillPairReg hl
                                   2795 ;	spillPairReg hl
    00000F49 62               [ 4] 2796 	ld	h, d
                                   2797 ;	spillPairReg hl
                                   2798 ;	spillPairReg hl
    00000F4A AF               [ 4] 2799 	xor	a, a
    00000F4B BD               [ 4] 2800 	cp	a, l
    00000F4C 3E 01            [ 7] 2801 	ld	a, #0x01
    00000F4E 9C               [ 4] 2802 	sbc	a, h
    00000F4F E2r54r0F         [10] 2803 	jp	PO, 00278$
    00000F52 EE 80            [ 7] 2804 	xor	a, #0x80
    00000F54                       2805 00278$:
    00000F54 F2r78r0F         [10] 2806 	jp	P, 00122$
    00000F57 11 00 01         [10] 2807 	ld	de, #0x0100
    00000F5A C3r78r0F         [10] 2808 	jp	00122$
    00000F5D                       2809 00121$:
                                   2810 ;E:\Dropbox\FAUSTO\SVILUPPI\MSX\CODE\C\MSXgl\projects\soccerlgMSX2/soccerlg_s17_b3.c:272: if (final_y > 432) final_y = 432; // Barriera invisibile
    00000F5D 3E B0            [ 7] 2811 	ld	a, #0xb0
    00000F5F BD               [ 4] 2812 	cp	a, l
    00000F60 3E 01            [ 7] 2813 	ld	a, #0x01
    00000F62 9C               [ 4] 2814 	sbc	a, h
    00000F63 E2r68r0F         [10] 2815 	jp	PO, 00279$
    00000F66 EE 80            [ 7] 2816 	xor	a, #0x80
    00000F68                       2817 00279$:
    00000F68 F2r6Er0F         [10] 2818 	jp	P, 00117$
    00000F6B 11 B0 01         [10] 2819 	ld	de, #0x01b0
    00000F6E                       2820 00117$:
                                   2821 ;E:\Dropbox\FAUSTO\SVILUPPI\MSX\CODE\C\MSXgl\projects\soccerlgMSX2/soccerlg_s17_b3.c:273: if (final_y < 256) final_y = 256;
                                   2822 ;	spillPairReg hl
                                   2823 ;	spillPairReg hl
                                   2824 ;	spillPairReg hl
                                   2825 ;	spillPairReg hl
    00000F6E 7A               [ 4] 2826 	ld	a, d
    00000F6F EE 80            [ 7] 2827 	xor	a, #0x80
    00000F71 D6 81            [ 7] 2828 	sub	a, #0x81
    00000F73 30 03            [12] 2829 	jr	NC, 00122$
    00000F75 11 00 01         [10] 2830 	ld	de, #0x0100
    00000F78                       2831 00122$:
                                   2832 ;E:\Dropbox\FAUSTO\SVILUPPI\MSX\CODE\C\MSXgl\projects\soccerlgMSX2/soccerlg_s17_b3.c:275: SwSprite[i].tx = (u8)final_x; SwSprite[i].ty = (u16)final_y;
    00000F78 D5               [11] 2833 	push	de
    00000F79 DD 5E FF         [19] 2834 	ld	e, -1 (ix)
    00000F7C 16 00            [ 7] 2835 	ld	d, #0x00
    00000F7E 6B               [ 4] 2836 	ld	l, e
    00000F7F 62               [ 4] 2837 	ld	h, d
    00000F80 29               [11] 2838 	add	hl, hl
    00000F81 29               [11] 2839 	add	hl, hl
    00000F82 19               [11] 2840 	add	hl, de
    00000F83 29               [11] 2841 	add	hl, hl
    00000F84 19               [11] 2842 	add	hl, de
    00000F85 29               [11] 2843 	add	hl, hl
    00000F86 19               [11] 2844 	add	hl, de
    00000F87 D1               [10] 2845 	pop	de
    00000F88 7D               [ 4] 2846 	ld	a, l
    00000F89 C6r00            [ 7] 2847 	add	a, #<(_SwSprite)
    00000F8B DD 77 FD         [19] 2848 	ld	-3 (ix), a
    00000F8E 7C               [ 4] 2849 	ld	a, h
    00000F8F CEs00            [ 7] 2850 	adc	a, #>(_SwSprite)
    00000F91 DD 77 FE         [19] 2851 	ld	-2 (ix), a
    00000F94 DD 7E FD         [19] 2852 	ld	a, -3 (ix)
    00000F97 C6 0C            [ 7] 2853 	add	a, #0x0c
    00000F99 6F               [ 4] 2854 	ld	l, a
                                   2855 ;	spillPairReg hl
                                   2856 ;	spillPairReg hl
    00000F9A DD 7E FE         [19] 2857 	ld	a, -2 (ix)
    00000F9D CE 00            [ 7] 2858 	adc	a, #0x00
    00000F9F 67               [ 4] 2859 	ld	h, a
    00000FA0 71               [ 7] 2860 	ld	(hl), c
    00000FA1 DD 6E FD         [19] 2861 	ld	l, -3 (ix)
    00000FA4 DD 66 FE         [19] 2862 	ld	h, -2 (ix)
    00000FA7 01 0D 00         [10] 2863 	ld	bc, #0x000d
    00000FAA 09               [11] 2864 	add	hl, bc
    00000FAB 73               [ 7] 2865 	ld	(hl), e
    00000FAC 23               [ 6] 2866 	inc	hl
    00000FAD 72               [ 7] 2867 	ld	(hl), d
    00000FAE                       2868 00123$:
                                   2869 ;E:\Dropbox\FAUSTO\SVILUPPI\MSX\CODE\C\MSXgl\projects\soccerlgMSX2/soccerlg_s17_b3.c:254: for(u8 i=1; i<14; i++) {
    00000FAE DD 34 FF         [23] 2870 	inc	-1 (ix)
    00000FB1 C3r21r0E         [10] 2871 	jp	00126$
    00000FB4                       2872 00127$:
                                   2873 ;E:\Dropbox\FAUSTO\SVILUPPI\MSX\CODE\C\MSXgl\projects\soccerlgMSX2/soccerlg_s17_b3.c:277: }
    00000FB4 DD F9            [10] 2874 	ld	sp, ix
    00000FB6 DD E1            [14] 2875 	pop	ix
    00000FB8 C9               [10] 2876 	ret
                                   2877 ;E:\Dropbox\FAUSTO\SVILUPPI\MSX\CODE\C\MSXgl\projects\soccerlgMSX2/soccerlg_s17_b3.c:279: void ExecuteThrowIn(u8 thrower, u8 receiver) {
                                   2878 ;	---------------------------------
                                   2879 ; Function ExecuteThrowIn
                                   2880 ; ---------------------------------
    00000FB9                       2881 _ExecuteThrowIn::
    00000FB9 DD E5            [15] 2882 	push	ix
    00000FBB DD 21 00 00      [14] 2883 	ld	ix,#0
    00000FBF DD 39            [15] 2884 	add	ix,sp
    00000FC1 F5               [11] 2885 	push	af
    00000FC2 4F               [ 4] 2886 	ld	c, a
    00000FC3 45               [ 4] 2887 	ld	b, l
                                   2888 ;E:\Dropbox\FAUSTO\SVILUPPI\MSX\CODE\C\MSXgl\projects\soccerlgMSX2/soccerlg_s17_b3.c:280: g_pass_receiver = receiver;
    00000FC4 21r00r00         [10] 2889 	ld	hl, #_g_pass_receiver
    00000FC7 70               [ 7] 2890 	ld	(hl), b
                                   2891 ;E:\Dropbox\FAUSTO\SVILUPPI\MSX\CODE\C\MSXgl\projects\soccerlgMSX2/soccerlg_s17_b3.c:281: g_pass_start_x = SwSprite[thrower].lx;
    00000FC8 59               [ 4] 2892 	ld	e, c
    00000FC9 16 00            [ 7] 2893 	ld	d, #0x00
    00000FCB 6B               [ 4] 2894 	ld	l, e
    00000FCC 62               [ 4] 2895 	ld	h, d
    00000FCD 29               [11] 2896 	add	hl, hl
    00000FCE 29               [11] 2897 	add	hl, hl
    00000FCF 19               [11] 2898 	add	hl, de
    00000FD0 29               [11] 2899 	add	hl, hl
    00000FD1 19               [11] 2900 	add	hl, de
    00000FD2 29               [11] 2901 	add	hl, hl
    00000FD3 19               [11] 2902 	add	hl, de
    00000FD4 EB               [ 4] 2903 	ex	de, hl
    00000FD5 21r00r00         [10] 2904 	ld	hl, #_SwSprite
    00000FD8 19               [11] 2905 	add	hl, de
    00000FD9 EB               [ 4] 2906 	ex	de, hl
    00000FDA 1A               [ 7] 2907 	ld	a, (de)
    00000FDB 32r00r00         [13] 2908 	ld	(_g_pass_start_x+0), a
    00000FDE AF               [ 4] 2909 	xor	a, a
    00000FDF 32r01r00         [13] 2910 	ld	(_g_pass_start_x+1), a
                                   2911 ;E:\Dropbox\FAUSTO\SVILUPPI\MSX\CODE\C\MSXgl\projects\soccerlgMSX2/soccerlg_s17_b3.c:282: g_pass_start_y = SwSprite[thrower].ly - 6; 
    00000FE2 21 04 00         [10] 2912 	ld	hl, #4
    00000FE5 19               [11] 2913 	add	hl, de
    00000FE6 5E               [ 7] 2914 	ld	e, (hl)
    00000FE7 23               [ 6] 2915 	inc	hl
    00000FE8 56               [ 7] 2916 	ld	d, (hl)
    00000FE9 7B               [ 4] 2917 	ld	a, e
    00000FEA C6 FA            [ 7] 2918 	add	a, #0xfa
    00000FEC 6F               [ 4] 2919 	ld	l, a
                                   2920 ;	spillPairReg hl
                                   2921 ;	spillPairReg hl
    00000FED 7A               [ 4] 2922 	ld	a, d
    00000FEE CE FF            [ 7] 2923 	adc	a, #0xff
    00000FF0 67               [ 4] 2924 	ld	h, a
                                   2925 ;	spillPairReg hl
                                   2926 ;	spillPairReg hl
    00000FF1 22r00r00         [16] 2927 	ld	(_g_pass_start_y), hl
                                   2928 ;E:\Dropbox\FAUSTO\SVILUPPI\MSX\CODE\C\MSXgl\projects\soccerlgMSX2/soccerlg_s17_b3.c:283: g_pass_target_x = SwSprite[receiver].lx;
    00000FF4 58               [ 4] 2929 	ld	e, b
    00000FF5 16 00            [ 7] 2930 	ld	d, #0x00
    00000FF7 6B               [ 4] 2931 	ld	l, e
    00000FF8 62               [ 4] 2932 	ld	h, d
    00000FF9 29               [11] 2933 	add	hl, hl
    00000FFA 29               [11] 2934 	add	hl, hl
    00000FFB 19               [11] 2935 	add	hl, de
    00000FFC 29               [11] 2936 	add	hl, hl
    00000FFD 19               [11] 2937 	add	hl, de
    00000FFE 29               [11] 2938 	add	hl, hl
    00000FFF 19               [11] 2939 	add	hl, de
    00001000 EB               [ 4] 2940 	ex	de, hl
    00001001 21r00r00         [10] 2941 	ld	hl, #_SwSprite
    00001004 19               [11] 2942 	add	hl, de
    00001005 EB               [ 4] 2943 	ex	de, hl
    00001006 1A               [ 7] 2944 	ld	a, (de)
    00001007 32r00r00         [13] 2945 	ld	(_g_pass_target_x+0), a
    0000100A AF               [ 4] 2946 	xor	a, a
    0000100B 32r01r00         [13] 2947 	ld	(_g_pass_target_x+1), a
                                   2948 ;E:\Dropbox\FAUSTO\SVILUPPI\MSX\CODE\C\MSXgl\projects\soccerlgMSX2/soccerlg_s17_b3.c:284: g_pass_target_y = SwSprite[receiver].ly;
    0000100E 21 04 00         [10] 2949 	ld	hl, #4
    00001011 19               [11] 2950 	add	hl, de
    00001012 7E               [ 7] 2951 	ld	a, (hl)
    00001013 23               [ 6] 2952 	inc	hl
    00001014 32r00r00         [13] 2953 	ld	(_g_pass_target_y+0), a
    00001017 7E               [ 7] 2954 	ld	a, (hl)
    00001018 32r01r00         [13] 2955 	ld	(_g_pass_target_y+1), a
                                   2956 ;E:\Dropbox\FAUSTO\SVILUPPI\MSX\CODE\C\MSXgl\projects\soccerlgMSX2/soccerlg_s17_b3.c:286: u16 r_dx = (g_pass_target_x > g_pass_start_x) ? (g_pass_target_x - g_pass_start_x) : (g_pass_start_x - g_pass_target_x);
    0000101B 21r00r00         [10] 2957 	ld	hl, #_g_pass_start_x
    0000101E 7E               [ 7] 2958 	ld	a, (hl)
    0000101F FD 21r00r00      [14] 2959 	ld	iy, #_g_pass_target_x
    00001023 FD 96 00         [19] 2960 	sub	a, 0 (iy)
    00001026 23               [ 6] 2961 	inc	hl
    00001027 7E               [ 7] 2962 	ld	a, (hl)
    00001028 FD 9E 01         [19] 2963 	sbc	a, 1 (iy)
    0000102B 30 0D            [12] 2964 	jr	NC, 00111$
    0000102D ED 5Br00r00      [20] 2965 	ld	de, (_g_pass_start_x)
    00001031 2Ar00r00         [16] 2966 	ld	hl, (_g_pass_target_x)
    00001034 BF               [ 4] 2967 	cp	a, a
    00001035 ED 52            [15] 2968 	sbc	hl, de
    00001037 C3r44r10         [10] 2969 	jp	00112$
    0000103A                       2970 00111$:
    0000103A ED 5Br00r00      [20] 2971 	ld	de, (_g_pass_target_x)
    0000103E 2Ar00r00         [16] 2972 	ld	hl, (_g_pass_start_x)
    00001041 BF               [ 4] 2973 	cp	a, a
    00001042 ED 52            [15] 2974 	sbc	hl, de
    00001044                       2975 00112$:
    00001044 E3               [19] 2976 	ex	(sp), hl
                                   2977 ;E:\Dropbox\FAUSTO\SVILUPPI\MSX\CODE\C\MSXgl\projects\soccerlgMSX2/soccerlg_s17_b3.c:287: u16 r_dy = (g_pass_target_y > g_pass_start_y) ? (g_pass_target_y - g_pass_start_y) : (g_pass_start_y - g_pass_target_y);
    00001045 21r00r00         [10] 2978 	ld	hl, #_g_pass_start_y
    00001048 7E               [ 7] 2979 	ld	a, (hl)
    00001049 FD 21r00r00      [14] 2980 	ld	iy, #_g_pass_target_y
    0000104D FD 96 00         [19] 2981 	sub	a, 0 (iy)
    00001050 23               [ 6] 2982 	inc	hl
    00001051 7E               [ 7] 2983 	ld	a, (hl)
    00001052 FD 9E 01         [19] 2984 	sbc	a, 1 (iy)
    00001055 30 11            [12] 2985 	jr	NC, 00113$
    00001057 21r00r00         [10] 2986 	ld	hl, #_g_pass_start_y
    0000105A 3Ar00r00         [13] 2987 	ld	a, (_g_pass_target_y+0)
    0000105D 96               [ 7] 2988 	sub	a, (hl)
    0000105E 23               [ 6] 2989 	inc	hl
    0000105F 47               [ 4] 2990 	ld	b, a
    00001060 3Ar01r00         [13] 2991 	ld	a, (_g_pass_target_y+1)
    00001063 9E               [ 7] 2992 	sbc	a, (hl)
    00001064 57               [ 4] 2993 	ld	d, a
    00001065 C3r76r10         [10] 2994 	jp	00114$
    00001068                       2995 00113$:
    00001068 21r00r00         [10] 2996 	ld	hl, #_g_pass_target_y
    0000106B 3Ar00r00         [13] 2997 	ld	a, (_g_pass_start_y+0)
    0000106E 96               [ 7] 2998 	sub	a, (hl)
    0000106F 23               [ 6] 2999 	inc	hl
    00001070 47               [ 4] 3000 	ld	b, a
    00001071 3Ar01r00         [13] 3001 	ld	a, (_g_pass_start_y+1)
    00001074 9E               [ 7] 3002 	sbc	a, (hl)
    00001075 57               [ 4] 3003 	ld	d, a
    00001076                       3004 00114$:
    00001076 58               [ 4] 3005 	ld	e, b
                                   3006 ;E:\Dropbox\FAUSTO\SVILUPPI\MSX\CODE\C\MSXgl\projects\soccerlgMSX2/soccerlg_s17_b3.c:289: g_pass_max_frames = (r_dx + r_dy) / 5; 
    00001077 E1               [10] 3007 	pop	hl
    00001078 E5               [11] 3008 	push	hl
    00001079 19               [11] 3009 	add	hl, de
    0000107A E3               [19] 3010 	ex	(sp), hl
    0000107B C5               [11] 3011 	push	bc
    0000107C 11 05 00         [10] 3012 	ld	de, #0x0005
    0000107F DD 6E FE         [19] 3013 	ld	l, -2 (ix)
                                   3014 ;	spillPairReg hl
                                   3015 ;	spillPairReg hl
    00001082 DD 66 FF         [19] 3016 	ld	h, -1 (ix)
                                   3017 ;	spillPairReg hl
                                   3018 ;	spillPairReg hl
    00001085 CDr00r00         [17] 3019 	call	__divuint
    00001088 C1               [10] 3020 	pop	bc
    00001089 FD 21r00r00      [14] 3021 	ld	iy, #_g_pass_max_frames
    0000108D FD 73 00         [19] 3022 	ld	0 (iy), e
                                   3023 ;E:\Dropbox\FAUSTO\SVILUPPI\MSX\CODE\C\MSXgl\projects\soccerlgMSX2/soccerlg_s17_b3.c:290: if (g_pass_max_frames < 8) g_pass_max_frames = 8;
    00001090 3Ar00r00         [13] 3024 	ld	a, (_g_pass_max_frames+0)
    00001093 D6 08            [ 7] 3025 	sub	a, #0x08
    00001095 30 04            [12] 3026 	jr	NC, 00102$
    00001097 FD 36 00 08      [19] 3027 	ld	0 (iy), #0x08
    0000109B                       3028 00102$:
                                   3029 ;E:\Dropbox\FAUSTO\SVILUPPI\MSX\CODE\C\MSXgl\projects\soccerlgMSX2/soccerlg_s17_b3.c:291: if (g_pass_max_frames > 30) g_pass_max_frames = 30;
    0000109B 3E 1E            [ 7] 3030 	ld	a, #0x1e
    0000109D FD 21r00r00      [14] 3031 	ld	iy, #_g_pass_max_frames
    000010A1 FD 96 00         [19] 3032 	sub	a, 0 (iy)
    000010A4 30 04            [12] 3033 	jr	NC, 00104$
    000010A6 FD 36 00 1E      [19] 3034 	ld	0 (iy), #0x1e
    000010AA                       3035 00104$:
                                   3036 ;E:\Dropbox\FAUSTO\SVILUPPI\MSX\CODE\C\MSXgl\projects\soccerlgMSX2/soccerlg_s17_b3.c:292: g_pass_max_height = (r_dx + r_dy) / 32; // Altezza molto ridotta
    000010AA DD 46 FE         [19] 3037 	ld	b, -2 (ix)
    000010AD DD 5E FF         [19] 3038 	ld	e, -1 (ix)
    000010B0 CB 3B            [ 8] 3039 	srl	e
    000010B2 CB 18            [ 8] 3040 	rr	b
    000010B4 CB 3B            [ 8] 3041 	srl	e
    000010B6 CB 18            [ 8] 3042 	rr	b
    000010B8 CB 3B            [ 8] 3043 	srl	e
    000010BA CB 18            [ 8] 3044 	rr	b
    000010BC CB 3B            [ 8] 3045 	srl	e
    000010BE CB 18            [ 8] 3046 	rr	b
    000010C0 CB 3B            [ 8] 3047 	srl	e
    000010C2 CB 18            [ 8] 3048 	rr	b
    000010C4 FD 21r00r00      [14] 3049 	ld	iy, #_g_pass_max_height
    000010C8 FD 70 00         [19] 3050 	ld	0 (iy), b
                                   3051 ;E:\Dropbox\FAUSTO\SVILUPPI\MSX\CODE\C\MSXgl\projects\soccerlgMSX2/soccerlg_s17_b3.c:293: if (g_pass_max_height < 1) g_pass_max_height = 1;
    000010CB 3Ar00r00         [13] 3052 	ld	a, (_g_pass_max_height+0)
    000010CE D6 01            [ 7] 3053 	sub	a, #0x01
    000010D0 30 04            [12] 3054 	jr	NC, 00106$
    000010D2 FD 36 00 01      [19] 3055 	ld	0 (iy), #0x01
    000010D6                       3056 00106$:
                                   3057 ;E:\Dropbox\FAUSTO\SVILUPPI\MSX\CODE\C\MSXgl\projects\soccerlgMSX2/soccerlg_s17_b3.c:294: if (g_pass_max_height > 3) g_pass_max_height = 3;
    000010D6 3E 03            [ 7] 3058 	ld	a, #0x03
    000010D8 FD 21r00r00      [14] 3059 	ld	iy, #_g_pass_max_height
    000010DC FD 96 00         [19] 3060 	sub	a, 0 (iy)
    000010DF 30 04            [12] 3061 	jr	NC, 00108$
    000010E1 FD 36 00 03      [19] 3062 	ld	0 (iy), #0x03
    000010E5                       3063 00108$:
                                   3064 ;E:\Dropbox\FAUSTO\SVILUPPI\MSX\CODE\C\MSXgl\projects\soccerlgMSX2/soccerlg_s17_b3.c:296: SwSprite[14].lx = g_pass_start_x;
    000010E5 3Ar00r00         [13] 3065 	ld	a, (_g_pass_start_x+0)
    000010E8 32r42r01         [13] 3066 	ld	(#(_SwSprite + 322)),a
                                   3067 ;E:\Dropbox\FAUSTO\SVILUPPI\MSX\CODE\C\MSXgl\projects\soccerlgMSX2/soccerlg_s17_b3.c:297: SwSprite[14].ly = g_pass_start_y;
    000010EB 21r46r01         [10] 3068 	ld	hl, #(_SwSprite + 326)
    000010EE 3Ar00r00         [13] 3069 	ld	a, (_g_pass_start_y+0)
    000010F1 77               [ 7] 3070 	ld	(hl), a
    000010F2 23               [ 6] 3071 	inc	hl
    000010F3 3Ar01r00         [13] 3072 	ld	a, (_g_pass_start_y+1)
    000010F6 77               [ 7] 3073 	ld	(hl), a
                                   3074 ;E:\Dropbox\FAUSTO\SVILUPPI\MSX\CODE\C\MSXgl\projects\soccerlgMSX2/soccerlg_s17_b3.c:298: SwSprite[14].anim = 5; 
    000010F7 21 05 00         [10] 3075 	ld	hl, #0x0005
    000010FA 22r55r01         [16] 3076 	ld	((_SwSprite + 341)), hl
                                   3077 ;E:\Dropbox\FAUSTO\SVILUPPI\MSX\CODE\C\MSXgl\projects\soccerlgMSX2/soccerlg_s17_b3.c:299: SwSprite[14].count = 0; 
    000010FD 6C               [ 4] 3078 	ld	l, h
    000010FE 22r57r01         [16] 3079 	ld	((_SwSprite + 343)), hl
                                   3080 ;E:\Dropbox\FAUSTO\SVILUPPI\MSX\CODE\C\MSXgl\projects\soccerlgMSX2/soccerlg_s17_b3.c:300: CallFnc_VOID(SEG_EVENTS, EventBallKicked);
    00001101 C5               [11] 3081 	push	bc
    00001102 11r00r00         [10] 3082 	ld	de, #_EventBallKicked
    00001105 3E 08            [ 7] 3083 	ld	a, #0x08
    00001107 CDr00r00         [17] 3084 	call	_CallFnc_VOID
    0000110A C1               [10] 3085 	pop	bc
                                   3086 ;E:\Dropbox\FAUSTO\SVILUPPI\MSX\CODE\C\MSXgl\projects\soccerlgMSX2/soccerlg_s17_b3.c:301: LastTouchTeam = (thrower < 7) ? TEAM_1 : TEAM_2;
    0000110B 79               [ 4] 3087 	ld	a, c
    0000110C D6 07            [ 7] 3088 	sub	a, #0x07
    0000110E 30 04            [12] 3089 	jr	NC, 00115$
    00001110 AF               [ 4] 3090 	xor	a, a
    00001111 C3r16r11         [10] 3091 	jp	00116$
    00001114                       3092 00115$:
    00001114 3E 01            [ 7] 3093 	ld	a, #0x01
    00001116                       3094 00116$:
    00001116 32r00r00         [13] 3095 	ld	(_LastTouchTeam+0), a
                                   3096 ;E:\Dropbox\FAUSTO\SVILUPPI\MSX\CODE\C\MSXgl\projects\soccerlgMSX2/soccerlg_s17_b3.c:302: LastTouchPlayer = thrower;
    00001119 21r00r00         [10] 3097 	ld	hl, #_LastTouchPlayer
    0000111C 71               [ 7] 3098 	ld	(hl), c
                                   3099 ;E:\Dropbox\FAUSTO\SVILUPPI\MSX\CODE\C\MSXgl\projects\soccerlgMSX2/soccerlg_s17_b3.c:303: }
    0000111D DD F9            [10] 3100 	ld	sp, ix
    0000111F DD E1            [14] 3101 	pop	ix
    00001121 C9               [10] 3102 	ret
                                   3103 ;E:\Dropbox\FAUSTO\SVILUPPI\MSX\CODE\C\MSXgl\projects\soccerlgMSX2/soccerlg_s17_b3.c:305: void ExecuteCornerKick(u8 thrower, u8 receiver) {
                                   3104 ;	---------------------------------
                                   3105 ; Function ExecuteCornerKick
                                   3106 ; ---------------------------------
    00001122                       3107 _ExecuteCornerKick::
    00001122 DD E5            [15] 3108 	push	ix
    00001124 DD 21 00 00      [14] 3109 	ld	ix,#0
    00001128 DD 39            [15] 3110 	add	ix,sp
    0000112A F5               [11] 3111 	push	af
    0000112B 4F               [ 4] 3112 	ld	c, a
    0000112C 45               [ 4] 3113 	ld	b, l
                                   3114 ;E:\Dropbox\FAUSTO\SVILUPPI\MSX\CODE\C\MSXgl\projects\soccerlgMSX2/soccerlg_s17_b3.c:306: g_pass_receiver = receiver;
    0000112D 21r00r00         [10] 3115 	ld	hl, #_g_pass_receiver
    00001130 70               [ 7] 3116 	ld	(hl), b
                                   3117 ;E:\Dropbox\FAUSTO\SVILUPPI\MSX\CODE\C\MSXgl\projects\soccerlgMSX2/soccerlg_s17_b3.c:307: g_pass_start_x = SwSprite[thrower].lx;
    00001131 59               [ 4] 3118 	ld	e, c
    00001132 16 00            [ 7] 3119 	ld	d, #0x00
    00001134 6B               [ 4] 3120 	ld	l, e
    00001135 62               [ 4] 3121 	ld	h, d
    00001136 29               [11] 3122 	add	hl, hl
    00001137 29               [11] 3123 	add	hl, hl
    00001138 19               [11] 3124 	add	hl, de
    00001139 29               [11] 3125 	add	hl, hl
    0000113A 19               [11] 3126 	add	hl, de
    0000113B 29               [11] 3127 	add	hl, hl
    0000113C 19               [11] 3128 	add	hl, de
    0000113D EB               [ 4] 3129 	ex	de, hl
    0000113E 21r00r00         [10] 3130 	ld	hl, #_SwSprite
    00001141 19               [11] 3131 	add	hl, de
    00001142 EB               [ 4] 3132 	ex	de, hl
    00001143 1A               [ 7] 3133 	ld	a, (de)
    00001144 32r00r00         [13] 3134 	ld	(_g_pass_start_x+0), a
    00001147 AF               [ 4] 3135 	xor	a, a
    00001148 32r01r00         [13] 3136 	ld	(_g_pass_start_x+1), a
                                   3137 ;E:\Dropbox\FAUSTO\SVILUPPI\MSX\CODE\C\MSXgl\projects\soccerlgMSX2/soccerlg_s17_b3.c:308: g_pass_start_y = SwSprite[thrower].ly; 
    0000114B 21 04 00         [10] 3138 	ld	hl, #4
    0000114E 19               [11] 3139 	add	hl, de
    0000114F 7E               [ 7] 3140 	ld	a, (hl)
    00001150 23               [ 6] 3141 	inc	hl
    00001151 32r00r00         [13] 3142 	ld	(_g_pass_start_y+0), a
    00001154 7E               [ 7] 3143 	ld	a, (hl)
    00001155 32r01r00         [13] 3144 	ld	(_g_pass_start_y+1), a
                                   3145 ;E:\Dropbox\FAUSTO\SVILUPPI\MSX\CODE\C\MSXgl\projects\soccerlgMSX2/soccerlg_s17_b3.c:309: g_pass_target_x = SwSprite[receiver].lx;
    00001158 58               [ 4] 3146 	ld	e, b
    00001159 16 00            [ 7] 3147 	ld	d, #0x00
    0000115B 6B               [ 4] 3148 	ld	l, e
    0000115C 62               [ 4] 3149 	ld	h, d
    0000115D 29               [11] 3150 	add	hl, hl
    0000115E 29               [11] 3151 	add	hl, hl
    0000115F 19               [11] 3152 	add	hl, de
    00001160 29               [11] 3153 	add	hl, hl
    00001161 19               [11] 3154 	add	hl, de
    00001162 29               [11] 3155 	add	hl, hl
    00001163 19               [11] 3156 	add	hl, de
    00001164 EB               [ 4] 3157 	ex	de, hl
    00001165 21r00r00         [10] 3158 	ld	hl, #_SwSprite
    00001168 19               [11] 3159 	add	hl, de
    00001169 EB               [ 4] 3160 	ex	de, hl
    0000116A 1A               [ 7] 3161 	ld	a, (de)
    0000116B 32r00r00         [13] 3162 	ld	(_g_pass_target_x+0), a
    0000116E AF               [ 4] 3163 	xor	a, a
    0000116F 32r01r00         [13] 3164 	ld	(_g_pass_target_x+1), a
                                   3165 ;E:\Dropbox\FAUSTO\SVILUPPI\MSX\CODE\C\MSXgl\projects\soccerlgMSX2/soccerlg_s17_b3.c:310: g_pass_target_y = SwSprite[receiver].ly;
    00001172 21 04 00         [10] 3166 	ld	hl, #4
    00001175 19               [11] 3167 	add	hl, de
    00001176 7E               [ 7] 3168 	ld	a, (hl)
    00001177 23               [ 6] 3169 	inc	hl
    00001178 32r00r00         [13] 3170 	ld	(_g_pass_target_y+0), a
    0000117B 7E               [ 7] 3171 	ld	a, (hl)
    0000117C 32r01r00         [13] 3172 	ld	(_g_pass_target_y+1), a
                                   3173 ;E:\Dropbox\FAUSTO\SVILUPPI\MSX\CODE\C\MSXgl\projects\soccerlgMSX2/soccerlg_s17_b3.c:312: u16 r_dx = (g_pass_target_x > g_pass_start_x) ? (g_pass_target_x - g_pass_start_x) : (g_pass_start_x - g_pass_target_x);
    0000117F 21r00r00         [10] 3174 	ld	hl, #_g_pass_start_x
    00001182 7E               [ 7] 3175 	ld	a, (hl)
    00001183 FD 21r00r00      [14] 3176 	ld	iy, #_g_pass_target_x
    00001187 FD 96 00         [19] 3177 	sub	a, 0 (iy)
    0000118A 23               [ 6] 3178 	inc	hl
    0000118B 7E               [ 7] 3179 	ld	a, (hl)
    0000118C FD 9E 01         [19] 3180 	sbc	a, 1 (iy)
    0000118F 30 0D            [12] 3181 	jr	NC, 00111$
    00001191 ED 5Br00r00      [20] 3182 	ld	de, (_g_pass_start_x)
    00001195 2Ar00r00         [16] 3183 	ld	hl, (_g_pass_target_x)
    00001198 BF               [ 4] 3184 	cp	a, a
    00001199 ED 52            [15] 3185 	sbc	hl, de
    0000119B C3rA8r11         [10] 3186 	jp	00112$
    0000119E                       3187 00111$:
    0000119E ED 5Br00r00      [20] 3188 	ld	de, (_g_pass_target_x)
    000011A2 2Ar00r00         [16] 3189 	ld	hl, (_g_pass_start_x)
    000011A5 BF               [ 4] 3190 	cp	a, a
    000011A6 ED 52            [15] 3191 	sbc	hl, de
    000011A8                       3192 00112$:
    000011A8 E3               [19] 3193 	ex	(sp), hl
                                   3194 ;E:\Dropbox\FAUSTO\SVILUPPI\MSX\CODE\C\MSXgl\projects\soccerlgMSX2/soccerlg_s17_b3.c:313: u16 r_dy = (g_pass_target_y > g_pass_start_y) ? (g_pass_target_y - g_pass_start_y) : (g_pass_start_y - g_pass_target_y);
    000011A9 21r00r00         [10] 3195 	ld	hl, #_g_pass_start_y
    000011AC 7E               [ 7] 3196 	ld	a, (hl)
    000011AD FD 21r00r00      [14] 3197 	ld	iy, #_g_pass_target_y
    000011B1 FD 96 00         [19] 3198 	sub	a, 0 (iy)
    000011B4 23               [ 6] 3199 	inc	hl
    000011B5 7E               [ 7] 3200 	ld	a, (hl)
    000011B6 FD 9E 01         [19] 3201 	sbc	a, 1 (iy)
    000011B9 30 11            [12] 3202 	jr	NC, 00113$
    000011BB 21r00r00         [10] 3203 	ld	hl, #_g_pass_start_y
    000011BE 3Ar00r00         [13] 3204 	ld	a, (_g_pass_target_y+0)
    000011C1 96               [ 7] 3205 	sub	a, (hl)
    000011C2 23               [ 6] 3206 	inc	hl
    000011C3 47               [ 4] 3207 	ld	b, a
    000011C4 3Ar01r00         [13] 3208 	ld	a, (_g_pass_target_y+1)
    000011C7 9E               [ 7] 3209 	sbc	a, (hl)
    000011C8 57               [ 4] 3210 	ld	d, a
    000011C9 C3rDAr11         [10] 3211 	jp	00114$
    000011CC                       3212 00113$:
    000011CC 21r00r00         [10] 3213 	ld	hl, #_g_pass_target_y
    000011CF 3Ar00r00         [13] 3214 	ld	a, (_g_pass_start_y+0)
    000011D2 96               [ 7] 3215 	sub	a, (hl)
    000011D3 23               [ 6] 3216 	inc	hl
    000011D4 47               [ 4] 3217 	ld	b, a
    000011D5 3Ar01r00         [13] 3218 	ld	a, (_g_pass_start_y+1)
    000011D8 9E               [ 7] 3219 	sbc	a, (hl)
    000011D9 57               [ 4] 3220 	ld	d, a
    000011DA                       3221 00114$:
    000011DA 58               [ 4] 3222 	ld	e, b
                                   3223 ;E:\Dropbox\FAUSTO\SVILUPPI\MSX\CODE\C\MSXgl\projects\soccerlgMSX2/soccerlg_s17_b3.c:315: g_pass_max_frames = (r_dx + r_dy) / 4; 
    000011DB E1               [10] 3224 	pop	hl
    000011DC E5               [11] 3225 	push	hl
    000011DD 19               [11] 3226 	add	hl, de
    000011DE E3               [19] 3227 	ex	(sp), hl
    000011DF DD 46 FE         [19] 3228 	ld	b, -2 (ix)
    000011E2 DD 5E FF         [19] 3229 	ld	e, -1 (ix)
    000011E5 CB 3B            [ 8] 3230 	srl	e
    000011E7 CB 18            [ 8] 3231 	rr	b
    000011E9 CB 3B            [ 8] 3232 	srl	e
    000011EB CB 18            [ 8] 3233 	rr	b
    000011ED FD 21r00r00      [14] 3234 	ld	iy, #_g_pass_max_frames
    000011F1 FD 70 00         [19] 3235 	ld	0 (iy), b
                                   3236 ;E:\Dropbox\FAUSTO\SVILUPPI\MSX\CODE\C\MSXgl\projects\soccerlgMSX2/soccerlg_s17_b3.c:316: if (g_pass_max_frames < 15) g_pass_max_frames = 15;
    000011F4 3Ar00r00         [13] 3237 	ld	a, (_g_pass_max_frames+0)
    000011F7 D6 0F            [ 7] 3238 	sub	a, #0x0f
    000011F9 30 04            [12] 3239 	jr	NC, 00102$
    000011FB FD 36 00 0F      [19] 3240 	ld	0 (iy), #0x0f
    000011FF                       3241 00102$:
                                   3242 ;E:\Dropbox\FAUSTO\SVILUPPI\MSX\CODE\C\MSXgl\projects\soccerlgMSX2/soccerlg_s17_b3.c:317: if (g_pass_max_frames > 45) g_pass_max_frames = 45;
    000011FF 3E 2D            [ 7] 3243 	ld	a, #0x2d
    00001201 FD 21r00r00      [14] 3244 	ld	iy, #_g_pass_max_frames
    00001205 FD 96 00         [19] 3245 	sub	a, 0 (iy)
    00001208 30 04            [12] 3246 	jr	NC, 00104$
    0000120A FD 36 00 2D      [19] 3247 	ld	0 (iy), #0x2d
    0000120E                       3248 00104$:
                                   3249 ;E:\Dropbox\FAUSTO\SVILUPPI\MSX\CODE\C\MSXgl\projects\soccerlgMSX2/soccerlg_s17_b3.c:318: g_pass_max_height = (r_dx + r_dy) / 24; 
    0000120E C5               [11] 3250 	push	bc
    0000120F 11 18 00         [10] 3251 	ld	de, #0x0018
    00001212 DD 6E FE         [19] 3252 	ld	l, -2 (ix)
                                   3253 ;	spillPairReg hl
                                   3254 ;	spillPairReg hl
    00001215 DD 66 FF         [19] 3255 	ld	h, -1 (ix)
                                   3256 ;	spillPairReg hl
                                   3257 ;	spillPairReg hl
    00001218 CDr00r00         [17] 3258 	call	__divuint
    0000121B C1               [10] 3259 	pop	bc
    0000121C FD 21r00r00      [14] 3260 	ld	iy, #_g_pass_max_height
    00001220 FD 73 00         [19] 3261 	ld	0 (iy), e
                                   3262 ;E:\Dropbox\FAUSTO\SVILUPPI\MSX\CODE\C\MSXgl\projects\soccerlgMSX2/soccerlg_s17_b3.c:319: if (g_pass_max_height < 2) g_pass_max_height = 2;
    00001223 3Ar00r00         [13] 3263 	ld	a, (_g_pass_max_height+0)
    00001226 D6 02            [ 7] 3264 	sub	a, #0x02
    00001228 30 04            [12] 3265 	jr	NC, 00106$
    0000122A FD 36 00 02      [19] 3266 	ld	0 (iy), #0x02
    0000122E                       3267 00106$:
                                   3268 ;E:\Dropbox\FAUSTO\SVILUPPI\MSX\CODE\C\MSXgl\projects\soccerlgMSX2/soccerlg_s17_b3.c:320: if (g_pass_max_height > 7) g_pass_max_height = 7;
    0000122E 3E 07            [ 7] 3269 	ld	a, #0x07
    00001230 FD 21r00r00      [14] 3270 	ld	iy, #_g_pass_max_height
    00001234 FD 96 00         [19] 3271 	sub	a, 0 (iy)
    00001237 30 04            [12] 3272 	jr	NC, 00108$
    00001239 FD 36 00 07      [19] 3273 	ld	0 (iy), #0x07
    0000123D                       3274 00108$:
                                   3275 ;E:\Dropbox\FAUSTO\SVILUPPI\MSX\CODE\C\MSXgl\projects\soccerlgMSX2/soccerlg_s17_b3.c:322: SwSprite[14].lx = g_pass_start_x; SwSprite[14].ly = g_pass_start_y;
    0000123D 3Ar00r00         [13] 3276 	ld	a, (_g_pass_start_x+0)
    00001240 32r42r01         [13] 3277 	ld	(#(_SwSprite + 322)),a
    00001243 21r46r01         [10] 3278 	ld	hl, #(_SwSprite + 326)
    00001246 3Ar00r00         [13] 3279 	ld	a, (_g_pass_start_y+0)
    00001249 77               [ 7] 3280 	ld	(hl), a
    0000124A 23               [ 6] 3281 	inc	hl
    0000124B 3Ar01r00         [13] 3282 	ld	a, (_g_pass_start_y+1)
    0000124E 77               [ 7] 3283 	ld	(hl), a
                                   3284 ;E:\Dropbox\FAUSTO\SVILUPPI\MSX\CODE\C\MSXgl\projects\soccerlgMSX2/soccerlg_s17_b3.c:323: SwSprite[14].anim = 5; SwSprite[14].count = 0; 
    0000124F 21 05 00         [10] 3285 	ld	hl, #0x0005
    00001252 22r55r01         [16] 3286 	ld	((_SwSprite + 341)), hl
    00001255 6C               [ 4] 3287 	ld	l, h
    00001256 22r57r01         [16] 3288 	ld	((_SwSprite + 343)), hl
                                   3289 ;E:\Dropbox\FAUSTO\SVILUPPI\MSX\CODE\C\MSXgl\projects\soccerlgMSX2/soccerlg_s17_b3.c:324: CallFnc_VOID(SEG_EVENTS, EventBallKicked);
    00001259 C5               [11] 3290 	push	bc
    0000125A 11r00r00         [10] 3291 	ld	de, #_EventBallKicked
    0000125D 3E 08            [ 7] 3292 	ld	a, #0x08
    0000125F CDr00r00         [17] 3293 	call	_CallFnc_VOID
    00001262 C1               [10] 3294 	pop	bc
                                   3295 ;E:\Dropbox\FAUSTO\SVILUPPI\MSX\CODE\C\MSXgl\projects\soccerlgMSX2/soccerlg_s17_b3.c:325: LastTouchTeam = (thrower < 7) ? TEAM_1 : TEAM_2;
    00001263 79               [ 4] 3296 	ld	a, c
    00001264 D6 07            [ 7] 3297 	sub	a, #0x07
    00001266 30 04            [12] 3298 	jr	NC, 00115$
    00001268 AF               [ 4] 3299 	xor	a, a
    00001269 C3r6Er12         [10] 3300 	jp	00116$
    0000126C                       3301 00115$:
    0000126C 3E 01            [ 7] 3302 	ld	a, #0x01
    0000126E                       3303 00116$:
    0000126E 32r00r00         [13] 3304 	ld	(_LastTouchTeam+0), a
                                   3305 ;E:\Dropbox\FAUSTO\SVILUPPI\MSX\CODE\C\MSXgl\projects\soccerlgMSX2/soccerlg_s17_b3.c:326: LastTouchPlayer = thrower;
    00001271 21r00r00         [10] 3306 	ld	hl, #_LastTouchPlayer
    00001274 71               [ 7] 3307 	ld	(hl), c
                                   3308 ;E:\Dropbox\FAUSTO\SVILUPPI\MSX\CODE\C\MSXgl\projects\soccerlgMSX2/soccerlg_s17_b3.c:327: }
    00001275 DD F9            [10] 3309 	ld	sp, ix
    00001277 DD E1            [14] 3310 	pop	ix
    00001279 C9               [10] 3311 	ret
                                   3312 ;E:\Dropbox\FAUSTO\SVILUPPI\MSX\CODE\C\MSXgl\projects\soccerlgMSX2/soccerlg_s17_b3.c:329: void AssignOffsideTargets() {
                                   3313 ;	---------------------------------
                                   3314 ; Function AssignOffsideTargets
                                   3315 ; ---------------------------------
    0000127A                       3316 _AssignOffsideTargets::
    0000127A DD E5            [15] 3317 	push	ix
    0000127C DD 21 00 00      [14] 3318 	ld	ix,#0
    00001280 DD 39            [15] 3319 	add	ix,sp
    00001282 21 EC FF         [10] 3320 	ld	hl, #-20
    00001285 39               [11] 3321 	add	hl, sp
    00001286 F9               [ 6] 3322 	ld	sp, hl
                                   3323 ;E:\Dropbox\FAUSTO\SVILUPPI\MSX\CODE\C\MSXgl\projects\soccerlgMSX2/soccerlg_s17_b3.c:330: u8 team_to_kick = (LastTouchTeam == TEAM_1) ? TEAM_2 : TEAM_1;
    00001287 3Ar00r00         [13] 3324 	ld	a, (_LastTouchTeam+0)
    0000128A B7               [ 4] 3325 	or	a, a
    0000128B 20 06            [12] 3326 	jr	NZ, 00138$
    0000128D 01 01 00         [10] 3327 	ld	bc, #0x0001
    00001290 C3r96r12         [10] 3328 	jp	00139$
    00001293                       3329 00138$:
    00001293 01 00 00         [10] 3330 	ld	bc, #0x0000
    00001296                       3331 00139$:
    00001296 DD 71 EC         [19] 3332 	ld	-20 (ix), c
                                   3333 ;E:\Dropbox\FAUSTO\SVILUPPI\MSX\CODE\C\MSXgl\projects\soccerlgMSX2/soccerlg_s17_b3.c:332: SwSprite[14].lx = RestartSideX;
    00001299 21r42r01         [10] 3334 	ld	hl, #(_SwSprite + 322)
    0000129C 3Ar00r00         [13] 3335 	ld	a, (_RestartSideX+0)
    0000129F 77               [ 7] 3336 	ld	(hl), a
                                   3337 ;E:\Dropbox\FAUSTO\SVILUPPI\MSX\CODE\C\MSXgl\projects\soccerlgMSX2/soccerlg_s17_b3.c:333: SwSprite[14].ly = RestartSideY;
    000012A0 21r46r01         [10] 3338 	ld	hl, #(_SwSprite + 326)
    000012A3 3Ar00r00         [13] 3339 	ld	a, (_RestartSideY+0)
    000012A6 77               [ 7] 3340 	ld	(hl), a
    000012A7 23               [ 6] 3341 	inc	hl
    000012A8 3Ar01r00         [13] 3342 	ld	a, (_RestartSideY+1)
    000012AB 77               [ 7] 3343 	ld	(hl), a
                                   3344 ;E:\Dropbox\FAUSTO\SVILUPPI\MSX\CODE\C\MSXgl\projects\soccerlgMSX2/soccerlg_s17_b3.c:334: SwSprite[14].frame = SPR_BALL_SIZE_1;
    000012AC 21 60 00         [10] 3345 	ld	hl, #0x0060
    000012AF 22r51r01         [16] 3346 	ld	((_SwSprite + 337)), hl
                                   3347 ;E:\Dropbox\FAUSTO\SVILUPPI\MSX\CODE\C\MSXgl\projects\soccerlgMSX2/soccerlg_s17_b3.c:335: SwSprite[14].dx = SwSprite[14].dy = SwSprite[14].anim = SwSprite[14].count = 0;
    000012B2 6C               [ 4] 3348 	ld	l, h
    000012B3 22r57r01         [16] 3349 	ld	((_SwSprite + 343)), hl
    000012B6 22r55r01         [16] 3350 	ld	((_SwSprite + 341)), hl
    000012B9 21r54r01         [10] 3351 	ld	hl, #(_SwSprite + 340)
    000012BC 36 00            [10] 3352 	ld	(hl), #0x00
    000012BE 21r53r01         [10] 3353 	ld	hl, #(_SwSprite + 339)
    000012C1 36 00            [10] 3354 	ld	(hl), #0x00
                                   3355 ;E:\Dropbox\FAUSTO\SVILUPPI\MSX\CODE\C\MSXgl\projects\soccerlgMSX2/soccerlg_s17_b3.c:338: u8 start_t = (team_to_kick == TEAM_1) ? 1 : 8;
    000012C3 DD 7E EC         [19] 3356 	ld	a, -20 (ix)
    000012C6 B7               [ 4] 3357 	or	a, a
    000012C7 20 06            [12] 3358 	jr	NZ, 00140$
    000012C9 01 01 00         [10] 3359 	ld	bc, #0x0001
    000012CC C3rD2r12         [10] 3360 	jp	00141$
    000012CF                       3361 00140$:
    000012CF 01 08 00         [10] 3362 	ld	bc, #0x0008
    000012D2                       3363 00141$:
                                   3364 ;E:\Dropbox\FAUSTO\SVILUPPI\MSX\CODE\C\MSXgl\projects\soccerlgMSX2/soccerlg_s17_b3.c:339: u8 thrower = start_t;
    000012D2 DD 71 F6         [19] 3365 	ld	-10 (ix), c
    000012D5 DD 71 ED         [19] 3366 	ld	-19 (ix), c
                                   3367 ;E:\Dropbox\FAUSTO\SVILUPPI\MSX\CODE\C\MSXgl\projects\soccerlgMSX2/soccerlg_s17_b3.c:340: u16 min_dist = 0xFFFF;
    000012D8 DD 36 F7 FF      [19] 3368 	ld	-9 (ix), #0xff
    000012DC DD 36 F8 FF      [19] 3369 	ld	-8 (ix), #0xff
                                   3370 ;E:\Dropbox\FAUSTO\SVILUPPI\MSX\CODE\C\MSXgl\projects\soccerlgMSX2/soccerlg_s17_b3.c:342: for (u8 i = start_t; i < start_t + 6; i++) {
    000012E0 DD 7E F6         [19] 3371 	ld	a, -10 (ix)
    000012E3 DD 77 FF         [19] 3372 	ld	-1 (ix), a
    000012E6                       3373 00132$:
    000012E6 DD 7E F6         [19] 3374 	ld	a, -10 (ix)
    000012E9 DD 77 FD         [19] 3375 	ld	-3 (ix), a
    000012EC DD 36 FE 00      [19] 3376 	ld	-2 (ix), #0x00
    000012F0 6F               [ 4] 3377 	ld	l, a
    000012F1 26 00            [ 7] 3378 	ld	h, #0x00
    000012F3 11 06 00         [10] 3379 	ld	de, #0x0006
    000012F6 19               [11] 3380 	add	hl, de
    000012F7 DD 7E FF         [19] 3381 	ld	a, -1 (ix)
    000012FA 06 00            [ 7] 3382 	ld	b, #0x00
    000012FC 95               [ 4] 3383 	sub	a, l
    000012FD 78               [ 4] 3384 	ld	a, b
    000012FE 9C               [ 4] 3385 	sbc	a, h
    000012FF E2r04r13         [10] 3386 	jp	PO, 00318$
    00001302 EE 80            [ 7] 3387 	xor	a, #0x80
    00001304                       3388 00318$:
    00001304 F2rBBr13         [10] 3389 	jp	P, 00103$
                                   3390 ;E:\Dropbox\FAUSTO\SVILUPPI\MSX\CODE\C\MSXgl\projects\soccerlgMSX2/soccerlg_s17_b3.c:343: u16 dx = (SwSprite[i].lx > RestartSideX) ? (SwSprite[i].lx - RestartSideX) : (RestartSideX - SwSprite[i].lx);
    00001307 DD 4E FF         [19] 3391 	ld	c, -1 (ix)
    0000130A 06 00            [ 7] 3392 	ld	b, #0x00
    0000130C 69               [ 4] 3393 	ld	l, c
    0000130D 60               [ 4] 3394 	ld	h, b
    0000130E 29               [11] 3395 	add	hl, hl
    0000130F 29               [11] 3396 	add	hl, hl
    00001310 09               [11] 3397 	add	hl, bc
    00001311 29               [11] 3398 	add	hl, hl
    00001312 09               [11] 3399 	add	hl, bc
    00001313 29               [11] 3400 	add	hl, hl
    00001314 09               [11] 3401 	add	hl, bc
    00001315 11r00r00         [10] 3402 	ld	de, #_SwSprite
    00001318 19               [11] 3403 	add	hl, de
    00001319 DD 75 FD         [19] 3404 	ld	-3 (ix), l
    0000131C DD 74 FE         [19] 3405 	ld	-2 (ix), h
    0000131F 7E               [ 7] 3406 	ld	a, (hl)
    00001320 DD 77 FC         [19] 3407 	ld	-4 (ix), a
    00001323 4F               [ 4] 3408 	ld	c, a
    00001324 06 00            [ 7] 3409 	ld	b, #0x00
    00001326 3Ar00r00         [13] 3410 	ld	a, (_RestartSideX+0)
    00001329 5F               [ 4] 3411 	ld	e, a
    0000132A 16 00            [ 7] 3412 	ld	d, #0x00
    0000132C 3Ar00r00         [13] 3413 	ld	a, (#_RestartSideX)
    0000132F DD 96 FC         [19] 3414 	sub	a, -4 (ix)
    00001332 30 08            [12] 3415 	jr	NC, 00142$
    00001334 79               [ 4] 3416 	ld	a, c
    00001335 93               [ 4] 3417 	sub	a, e
    00001336 4F               [ 4] 3418 	ld	c, a
    00001337 78               [ 4] 3419 	ld	a, b
    00001338 9A               [ 4] 3420 	sbc	a, d
    00001339 C3r41r13         [10] 3421 	jp	00143$
    0000133C                       3422 00142$:
    0000133C 7B               [ 4] 3423 	ld	a, e
    0000133D 91               [ 4] 3424 	sub	a, c
    0000133E 4F               [ 4] 3425 	ld	c, a
    0000133F 7A               [ 4] 3426 	ld	a, d
    00001340 98               [ 4] 3427 	sbc	a, b
    00001341                       3428 00143$:
    00001341 DD 71 F9         [19] 3429 	ld	-7 (ix), c
    00001344 DD 77 FA         [19] 3430 	ld	-6 (ix), a
                                   3431 ;E:\Dropbox\FAUSTO\SVILUPPI\MSX\CODE\C\MSXgl\projects\soccerlgMSX2/soccerlg_s17_b3.c:344: u16 dy = (SwSprite[i].ly > RestartSideY) ? (SwSprite[i].ly - RestartSideY) : (RestartSideY - SwSprite[i].ly);
    00001347 DD 4E FD         [19] 3432 	ld	c, -3 (ix)
    0000134A DD 46 FE         [19] 3433 	ld	b, -2 (ix)
    0000134D 21 04 00         [10] 3434 	ld	hl, #4
    00001350 09               [11] 3435 	add	hl, bc
    00001351 7E               [ 7] 3436 	ld	a, (hl)
    00001352 DD 77 FB         [19] 3437 	ld	-5 (ix), a
    00001355 23               [ 6] 3438 	inc	hl
    00001356 7E               [ 7] 3439 	ld	a, (hl)
    00001357 DD 77 FC         [19] 3440 	ld	-4 (ix), a
    0000135A 21r00r00         [10] 3441 	ld	hl, #_RestartSideY
    0000135D 7E               [ 7] 3442 	ld	a, (hl)
    0000135E DD 96 FB         [19] 3443 	sub	a, -5 (ix)
    00001361 23               [ 6] 3444 	inc	hl
    00001362 7E               [ 7] 3445 	ld	a, (hl)
    00001363 DD 9E FC         [19] 3446 	sbc	a, -4 (ix)
    00001366 30 15            [12] 3447 	jr	NC, 00144$
    00001368 21r00r00         [10] 3448 	ld	hl, #_RestartSideY
    0000136B DD 7E FB         [19] 3449 	ld	a, -5 (ix)
    0000136E 96               [ 7] 3450 	sub	a, (hl)
    0000136F DD 77 FD         [19] 3451 	ld	-3 (ix), a
    00001372 DD 7E FC         [19] 3452 	ld	a, -4 (ix)
    00001375 23               [ 6] 3453 	inc	hl
    00001376 9E               [ 7] 3454 	sbc	a, (hl)
    00001377 DD 77 FE         [19] 3455 	ld	-2 (ix), a
    0000137A C3r8Fr13         [10] 3456 	jp	00145$
    0000137D                       3457 00144$:
    0000137D 3Ar00r00         [13] 3458 	ld	a, (_RestartSideY+0)
    00001380 DD 96 FB         [19] 3459 	sub	a, -5 (ix)
    00001383 DD 77 FD         [19] 3460 	ld	-3 (ix), a
    00001386 3Ar01r00         [13] 3461 	ld	a, (_RestartSideY+1)
    00001389 DD 9E FC         [19] 3462 	sbc	a, -4 (ix)
    0000138C DD 77 FE         [19] 3463 	ld	-2 (ix), a
    0000138F                       3464 00145$:
    0000138F DD 4E FD         [19] 3465 	ld	c, -3 (ix)
    00001392 DD 46 FE         [19] 3466 	ld	b, -2 (ix)
                                   3467 ;E:\Dropbox\FAUSTO\SVILUPPI\MSX\CODE\C\MSXgl\projects\soccerlgMSX2/soccerlg_s17_b3.c:345: if (dx + dy < min_dist) {
    00001395 DD 7E F9         [19] 3468 	ld	a, -7 (ix)
    00001398 81               [ 4] 3469 	add	a, c
    00001399 4F               [ 4] 3470 	ld	c, a
    0000139A DD 7E FA         [19] 3471 	ld	a, -6 (ix)
    0000139D 88               [ 4] 3472 	adc	a, b
    0000139E 47               [ 4] 3473 	ld	b, a
    0000139F 79               [ 4] 3474 	ld	a, c
    000013A0 DD 96 F7         [19] 3475 	sub	a, -9 (ix)
    000013A3 78               [ 4] 3476 	ld	a, b
    000013A4 DD 9E F8         [19] 3477 	sbc	a, -8 (ix)
    000013A7 30 0C            [12] 3478 	jr	NC, 00133$
                                   3479 ;E:\Dropbox\FAUSTO\SVILUPPI\MSX\CODE\C\MSXgl\projects\soccerlgMSX2/soccerlg_s17_b3.c:346: min_dist = dx + dy;
    000013A9 DD 71 F7         [19] 3480 	ld	-9 (ix), c
    000013AC DD 70 F8         [19] 3481 	ld	-8 (ix), b
                                   3482 ;E:\Dropbox\FAUSTO\SVILUPPI\MSX\CODE\C\MSXgl\projects\soccerlgMSX2/soccerlg_s17_b3.c:347: thrower = i;
    000013AF DD 7E FF         [19] 3483 	ld	a, -1 (ix)
    000013B2 DD 77 ED         [19] 3484 	ld	-19 (ix), a
    000013B5                       3485 00133$:
                                   3486 ;E:\Dropbox\FAUSTO\SVILUPPI\MSX\CODE\C\MSXgl\projects\soccerlgMSX2/soccerlg_s17_b3.c:342: for (u8 i = start_t; i < start_t + 6; i++) {
    000013B5 DD 34 FF         [23] 3487 	inc	-1 (ix)
    000013B8 C3rE6r12         [10] 3488 	jp	00132$
    000013BB                       3489 00103$:
                                   3490 ;E:\Dropbox\FAUSTO\SVILUPPI\MSX\CODE\C\MSXgl\projects\soccerlgMSX2/soccerlg_s17_b3.c:350: g_thrower_id = thrower;
    000013BB DD 7E ED         [19] 3491 	ld	a, -19 (ix)
    000013BE 32r00r00         [13] 3492 	ld	(_g_thrower_id+0), a
                                   3493 ;E:\Dropbox\FAUSTO\SVILUPPI\MSX\CODE\C\MSXgl\projects\soccerlgMSX2/soccerlg_s17_b3.c:353: i8 dir_y = (team_to_kick == TEAM_1) ? -1 : 1; 
    000013C1 DD 7E EC         [19] 3494 	ld	a, -20 (ix)
    000013C4 B7               [ 4] 3495 	or	a, a
    000013C5 20 06            [12] 3496 	jr	NZ, 00146$
    000013C7 01 FF FF         [10] 3497 	ld	bc, #0xffff
    000013CA C3rD0r13         [10] 3498 	jp	00147$
    000013CD                       3499 00146$:
    000013CD 01 01 00         [10] 3500 	ld	bc, #0x0001
    000013D0                       3501 00147$:
                                   3502 ;E:\Dropbox\FAUSTO\SVILUPPI\MSX\CODE\C\MSXgl\projects\soccerlgMSX2/soccerlg_s17_b3.c:354: SwSprite[thrower].tx = RestartSideX;
    000013D0 DD 5E ED         [19] 3503 	ld	e, -19 (ix)
    000013D3 16 00            [ 7] 3504 	ld	d, #0x00
    000013D5 6B               [ 4] 3505 	ld	l, e
    000013D6 62               [ 4] 3506 	ld	h, d
    000013D7 29               [11] 3507 	add	hl, hl
    000013D8 29               [11] 3508 	add	hl, hl
    000013D9 19               [11] 3509 	add	hl, de
    000013DA 29               [11] 3510 	add	hl, hl
    000013DB 19               [11] 3511 	add	hl, de
    000013DC 29               [11] 3512 	add	hl, hl
    000013DD 19               [11] 3513 	add	hl, de
    000013DE EB               [ 4] 3514 	ex	de, hl
    000013DF 21r00r00         [10] 3515 	ld	hl, #_SwSprite
    000013E2 19               [11] 3516 	add	hl, de
    000013E3 EB               [ 4] 3517 	ex	de, hl
    000013E4 21 0C 00         [10] 3518 	ld	hl, #0x000c
    000013E7 19               [11] 3519 	add	hl, de
    000013E8 3Ar00r00         [13] 3520 	ld	a, (_RestartSideX+0)
    000013EB 77               [ 7] 3521 	ld	(hl), a
                                   3522 ;E:\Dropbox\FAUSTO\SVILUPPI\MSX\CODE\C\MSXgl\projects\soccerlgMSX2/soccerlg_s17_b3.c:355: SwSprite[thrower].ty = RestartSideY + (dir_y * 12);
    000013EC 21 0D 00         [10] 3523 	ld	hl, #0x000d
    000013EF 19               [11] 3524 	add	hl, de
    000013F0 EB               [ 4] 3525 	ex	de, hl
    000013F1 79               [ 4] 3526 	ld	a, c
    000013F2 DD 77 FB         [19] 3527 	ld	-5 (ix), a
    000013F5 07               [ 4] 3528 	rlca
    000013F6 9F               [ 4] 3529 	sbc	a, a
    000013F7 DD 77 FC         [19] 3530 	ld	-4 (ix), a
    000013FA DD 4E FB         [19] 3531 	ld	c, -5 (ix)
    000013FD DD 46 FC         [19] 3532 	ld	b, -4 (ix)
    00001400 69               [ 4] 3533 	ld	l, c
    00001401 60               [ 4] 3534 	ld	h, b
    00001402 29               [11] 3535 	add	hl, hl
    00001403 09               [11] 3536 	add	hl, bc
    00001404 29               [11] 3537 	add	hl, hl
    00001405 29               [11] 3538 	add	hl, hl
    00001406 ED 4Br00r00      [20] 3539 	ld	bc, (_RestartSideY)
    0000140A 09               [11] 3540 	add	hl, bc
    0000140B 4D               [ 4] 3541 	ld	c, l
    0000140C 44               [ 4] 3542 	ld	b, h
    0000140D 79               [ 4] 3543 	ld	a, c
    0000140E 12               [ 7] 3544 	ld	(de), a
    0000140F 13               [ 6] 3545 	inc	de
    00001410 78               [ 4] 3546 	ld	a, b
    00001411 12               [ 7] 3547 	ld	(de), a
                                   3548 ;E:\Dropbox\FAUSTO\SVILUPPI\MSX\CODE\C\MSXgl\projects\soccerlgMSX2/soccerlg_s17_b3.c:357: g_throw_rec_1 = (thrower == start_t + 4) ? start_t + 3 : start_t + 4;
    00001412 DD 6E FD         [19] 3549 	ld	l, -3 (ix)
    00001415 DD 66 FE         [19] 3550 	ld	h, -2 (ix)
    00001418 11 04 00         [10] 3551 	ld	de, #0x0004
    0000141B 19               [11] 3552 	add	hl, de
    0000141C DD 4E ED         [19] 3553 	ld	c, -19 (ix)
    0000141F 06 00            [ 7] 3554 	ld	b, #0x00
    00001421 DD 5E F6         [19] 3555 	ld	e, -10 (ix)
    00001424 BF               [ 4] 3556 	cp	a, a
    00001425 ED 42            [15] 3557 	sbc	hl, bc
    00001427 20 07            [12] 3558 	jr	NZ, 00148$
    00001429 7B               [ 4] 3559 	ld	a, e
    0000142A 3C               [ 4] 3560 	inc	a
    0000142B 3C               [ 4] 3561 	inc	a
    0000142C 3C               [ 4] 3562 	inc	a
    0000142D C3r35r14         [10] 3563 	jp	00149$
    00001430                       3564 00148$:
    00001430 7B               [ 4] 3565 	ld	a, e
    00001431 3C               [ 4] 3566 	inc	a
    00001432 3C               [ 4] 3567 	inc	a
    00001433 3C               [ 4] 3568 	inc	a
    00001434 3C               [ 4] 3569 	inc	a
    00001435                       3570 00149$:
    00001435 32r00r00         [13] 3571 	ld	(_g_throw_rec_1+0), a
                                   3572 ;E:\Dropbox\FAUSTO\SVILUPPI\MSX\CODE\C\MSXgl\projects\soccerlgMSX2/soccerlg_s17_b3.c:358: g_throw_rec_2 = (thrower == start_t + 5) ? start_t + 2 : start_t + 5;
    00001438 DD 7E FD         [19] 3573 	ld	a, -3 (ix)
    0000143B C6 05            [ 7] 3574 	add	a, #0x05
    0000143D 6F               [ 4] 3575 	ld	l, a
                                   3576 ;	spillPairReg hl
                                   3577 ;	spillPairReg hl
    0000143E DD 7E FE         [19] 3578 	ld	a, -2 (ix)
    00001441 CE 00            [ 7] 3579 	adc	a, #0x00
    00001443 67               [ 4] 3580 	ld	h, a
                                   3581 ;	spillPairReg hl
                                   3582 ;	spillPairReg hl
    00001444 BF               [ 4] 3583 	cp	a, a
    00001445 ED 42            [15] 3584 	sbc	hl, bc
    00001447 20 06            [12] 3585 	jr	NZ, 00150$
    00001449 7B               [ 4] 3586 	ld	a, e
    0000144A 3C               [ 4] 3587 	inc	a
    0000144B 3C               [ 4] 3588 	inc	a
    0000144C C3r52r14         [10] 3589 	jp	00151$
    0000144F                       3590 00150$:
    0000144F 7B               [ 4] 3591 	ld	a, e
    00001450 C6 05            [ 7] 3592 	add	a, #0x05
    00001452                       3593 00151$:
    00001452 32r00r00         [13] 3594 	ld	(_g_throw_rec_2+0), a
                                   3595 ;E:\Dropbox\FAUSTO\SVILUPPI\MSX\CODE\C\MSXgl\projects\soccerlgMSX2/soccerlg_s17_b3.c:359: g_selected_rec = 0;
    00001455 21r00r00         [10] 3596 	ld	hl, #_g_selected_rec
    00001458 36 00            [10] 3597 	ld	(hl), #0x00
                                   3598 ;E:\Dropbox\FAUSTO\SVILUPPI\MSX\CODE\C\MSXgl\projects\soccerlgMSX2/soccerlg_s17_b3.c:361: SwSprite[0].tx = 128; SwSprite[0].ty = 32;
    0000145A 21r0Cr00         [10] 3599 	ld	hl, #(_SwSprite + 12)
    0000145D 36 80            [10] 3600 	ld	(hl), #0x80
    0000145F 21 20 00         [10] 3601 	ld	hl, #0x0020
    00001462 22r0Dr00         [16] 3602 	ld	((_SwSprite + 13)), hl
                                   3603 ;E:\Dropbox\FAUSTO\SVILUPPI\MSX\CODE\C\MSXgl\projects\soccerlgMSX2/soccerlg_s17_b3.c:362: SwSprite[7].tx = 128; SwSprite[7].ty = 444;
    00001465 21rADr00         [10] 3604 	ld	hl, #(_SwSprite + 173)
    00001468 36 80            [10] 3605 	ld	(hl), #0x80
    0000146A 21 BC 01         [10] 3606 	ld	hl, #0x01bc
    0000146D 22rAEr00         [16] 3607 	ld	((_SwSprite + 174)), hl
                                   3608 ;E:\Dropbox\FAUSTO\SVILUPPI\MSX\CODE\C\MSXgl\projects\soccerlgMSX2/soccerlg_s17_b3.c:364: for(u8 i=1; i<14; i++) {
    00001470 DD 4E FB         [19] 3609 	ld	c, -5 (ix)
    00001473 DD 46 FC         [19] 3610 	ld	b, -4 (ix)
    00001476 69               [ 4] 3611 	ld	l, c
    00001477 60               [ 4] 3612 	ld	h, b
    00001478 29               [11] 3613 	add	hl, hl
    00001479 09               [11] 3614 	add	hl, bc
    0000147A 29               [11] 3615 	add	hl, hl
    0000147B 29               [11] 3616 	add	hl, hl
    0000147C 29               [11] 3617 	add	hl, hl
    0000147D 29               [11] 3618 	add	hl, hl
    0000147E DD 75 EE         [19] 3619 	ld	-18 (ix), l
    00001481 DD 74 EF         [19] 3620 	ld	-17 (ix), h
    00001484 DD 36 FF 01      [19] 3621 	ld	-1 (ix), #0x01
    00001488                       3622 00135$:
    00001488 DD 7E FF         [19] 3623 	ld	a, -1 (ix)
    0000148B D6 0E            [ 7] 3624 	sub	a, #0x0e
    0000148D D2rE3r17         [10] 3625 	jp	NC, 00136$
                                   3626 ;E:\Dropbox\FAUSTO\SVILUPPI\MSX\CODE\C\MSXgl\projects\soccerlgMSX2/soccerlg_s17_b3.c:365: if (i == 7 || i == thrower) continue;
    00001490 DD 7E FF         [19] 3627 	ld	a, -1 (ix)
    00001493 D6 07            [ 7] 3628 	sub	a, #0x07
    00001495 CArDDr17         [10] 3629 	jp	Z,00129$
    00001498 DD 7E ED         [19] 3630 	ld	a, -19 (ix)
    0000149B DD 96 FF         [19] 3631 	sub	a, -1 (ix)
    0000149E CArDDr17         [10] 3632 	jp	Z,00129$
                                   3633 ;E:\Dropbox\FAUSTO\SVILUPPI\MSX\CODE\C\MSXgl\projects\soccerlgMSX2/soccerlg_s17_b3.c:366: u8 team = (i < 7) ? TEAM_1 : TEAM_2;
    000014A1 DD 7E FF         [19] 3634 	ld	a, -1 (ix)
    000014A4 D6 07            [ 7] 3635 	sub	a, #0x07
    000014A6 30 06            [12] 3636 	jr	NC, 00152$
    000014A8 11 00 00         [10] 3637 	ld	de, #0x0000
    000014AB C3rB1r14         [10] 3638 	jp	00153$
    000014AE                       3639 00152$:
    000014AE 11 01 00         [10] 3640 	ld	de, #0x0001
    000014B1                       3641 00153$:
                                   3642 ;E:\Dropbox\FAUSTO\SVILUPPI\MSX\CODE\C\MSXgl\projects\soccerlgMSX2/soccerlg_s17_b3.c:367: u8 role = (team == TEAM_1) ? i : (i - 7);
    000014B1 DD 73 F0         [19] 3643 	ld	-16 (ix), e
    000014B4 7B               [ 4] 3644 	ld	a, e
    000014B5 B7               [ 4] 3645 	or	a, a
    000014B6 20 06            [12] 3646 	jr	NZ, 00154$
    000014B8 DD 7E FF         [19] 3647 	ld	a, -1 (ix)
    000014BB C3rC3r14         [10] 3648 	jp	00155$
    000014BE                       3649 00154$:
    000014BE DD 7E FF         [19] 3650 	ld	a, -1 (ix)
    000014C1 C6 F9            [ 7] 3651 	add	a, #0xf9
    000014C3                       3652 00155$:
                                   3653 ;E:\Dropbox\FAUSTO\SVILUPPI\MSX\CODE\C\MSXgl\projects\soccerlgMSX2/soccerlg_s17_b3.c:369: u16 base_x = 48 + (role * 24);
    000014C3 4F               [ 4] 3654 	ld	c, a
    000014C4 06 00            [ 7] 3655 	ld	b, #0x00
    000014C6 69               [ 4] 3656 	ld	l, c
    000014C7 60               [ 4] 3657 	ld	h, b
    000014C8 29               [11] 3658 	add	hl, hl
    000014C9 09               [11] 3659 	add	hl, bc
    000014CA 29               [11] 3660 	add	hl, hl
    000014CB 29               [11] 3661 	add	hl, hl
    000014CC 29               [11] 3662 	add	hl, hl
    000014CD 01 30 00         [10] 3663 	ld	bc, #0x0030
    000014D0 09               [11] 3664 	add	hl, bc
    000014D1 DD 75 F8         [19] 3665 	ld	-8 (ix), l
    000014D4 DD 74 F9         [19] 3666 	ld	-7 (ix), h
                                   3667 ;E:\Dropbox\FAUSTO\SVILUPPI\MSX\CODE\C\MSXgl\projects\soccerlgMSX2/soccerlg_s17_b3.c:355: SwSprite[thrower].ty = RestartSideY + (dir_y * 12);
    000014D7 2Ar00r00         [16] 3668 	ld	hl, (_RestartSideY)
    000014DA DD 75 F1         [19] 3669 	ld	-15 (ix), l
    000014DD DD 74 F2         [19] 3670 	ld	-14 (ix), h
                                   3671 ;E:\Dropbox\FAUSTO\SVILUPPI\MSX\CODE\C\MSXgl\projects\soccerlgMSX2/soccerlg_s17_b3.c:372: if (team == team_to_kick) {
    000014E0 DD 7E F0         [19] 3672 	ld	a, -16 (ix)
    000014E3 DD 96 EC         [19] 3673 	sub	a, -20 (ix)
    000014E6 3E 01            [ 7] 3674 	ld	a, #0x01
    000014E8 28 01            [12] 3675 	jr	Z, 00326$
    000014EA AF               [ 4] 3676 	xor	a, a
    000014EB                       3677 00326$:
    000014EB DD 77 F3         [19] 3678 	ld	-13 (ix), a
    000014EE B7               [ 4] 3679 	or	a, a
    000014EF 28 3D            [12] 3680 	jr	Z, 00111$
                                   3681 ;E:\Dropbox\FAUSTO\SVILUPPI\MSX\CODE\C\MSXgl\projects\soccerlgMSX2/soccerlg_s17_b3.c:374: base_y = RestartSideY + ((team == TEAM_1) ? 32 : -32);
    000014F1 DD 7E F0         [19] 3682 	ld	a, -16 (ix)
    000014F4 B7               [ 4] 3683 	or	a, a
    000014F5 20 06            [12] 3684 	jr	NZ, 00156$
    000014F7 01 20 00         [10] 3685 	ld	bc, #0x0020
    000014FA C3r00r15         [10] 3686 	jp	00157$
    000014FD                       3687 00156$:
    000014FD 01 E0 FF         [10] 3688 	ld	bc, #0xffe0
    00001500                       3689 00157$:
    00001500 DD 6E F1         [19] 3690 	ld	l, -15 (ix)
    00001503 DD 66 F2         [19] 3691 	ld	h, -14 (ix)
    00001506 09               [11] 3692 	add	hl, bc
    00001507 4D               [ 4] 3693 	ld	c, l
    00001508 44               [ 4] 3694 	ld	b, h
                                   3695 ;E:\Dropbox\FAUSTO\SVILUPPI\MSX\CODE\C\MSXgl\projects\soccerlgMSX2/soccerlg_s17_b3.c:375: if (i == g_throw_rec_1 || i == g_throw_rec_2) base_y = RestartSideY - (dir_y * 48);
    00001509 DD 7E FF         [19] 3696 	ld	a, -1 (ix)
    0000150C 21r00r00         [10] 3697 	ld	hl, #_g_throw_rec_1
    0000150F 96               [ 7] 3698 	sub	a, (hl)
    00001510 28 09            [12] 3699 	jr	Z, 00107$
    00001512 DD 7E FF         [19] 3700 	ld	a, -1 (ix)
    00001515 21r00r00         [10] 3701 	ld	hl, #_g_throw_rec_2
    00001518 96               [ 7] 3702 	sub	a, (hl)
    00001519 20 3B            [12] 3703 	jr	NZ, 00112$
    0000151B                       3704 00107$:
    0000151B DD 4E EE         [19] 3705 	ld	c, -18 (ix)
    0000151E DD 46 EF         [19] 3706 	ld	b, -17 (ix)
    00001521 DD 7E F1         [19] 3707 	ld	a, -15 (ix)
    00001524 91               [ 4] 3708 	sub	a, c
    00001525 4F               [ 4] 3709 	ld	c, a
    00001526 DD 7E F2         [19] 3710 	ld	a, -14 (ix)
    00001529 98               [ 4] 3711 	sbc	a, b
    0000152A 47               [ 4] 3712 	ld	b, a
    0000152B C3r56r15         [10] 3713 	jp	00112$
    0000152E                       3714 00111$:
                                   3715 ;E:\Dropbox\FAUSTO\SVILUPPI\MSX\CODE\C\MSXgl\projects\soccerlgMSX2/soccerlg_s17_b3.c:378: base_y = RestartSideY + ((team == TEAM_1) ? -80 : 80);
    0000152E DD 7E F0         [19] 3716 	ld	a, -16 (ix)
    00001531 B7               [ 4] 3717 	or	a, a
    00001532 20 0B            [12] 3718 	jr	NZ, 00158$
    00001534 DD 36 FD B0      [19] 3719 	ld	-3 (ix), #0xb0
    00001538 DD 36 FE FF      [19] 3720 	ld	-2 (ix), #0xff
    0000153C C3r47r15         [10] 3721 	jp	00159$
    0000153F                       3722 00158$:
    0000153F DD 36 FD 50      [19] 3723 	ld	-3 (ix), #0x50
    00001543 DD 36 FE 00      [19] 3724 	ld	-2 (ix), #0
    00001547                       3725 00159$:
    00001547 DD 7E FD         [19] 3726 	ld	a, -3 (ix)
    0000154A DD 46 FE         [19] 3727 	ld	b, -2 (ix)
    0000154D DD 86 F1         [19] 3728 	add	a, -15 (ix)
    00001550 4F               [ 4] 3729 	ld	c, a
    00001551 78               [ 4] 3730 	ld	a, b
    00001552 DD 8E F2         [19] 3731 	adc	a, -14 (ix)
    00001555 47               [ 4] 3732 	ld	b, a
    00001556                       3733 00112$:
                                   3734 ;E:\Dropbox\FAUSTO\SVILUPPI\MSX\CODE\C\MSXgl\projects\soccerlgMSX2/soccerlg_s17_b3.c:381: i8 rand_x = ((Frms + i * 11) % 40) - 20; i8 rand_y = ((Frms + i * 17) % 40) - 20;
    00001556 3Ar00r00         [13] 3735 	ld	a, (_Frms+0)
    00001559 DD 77 FA         [19] 3736 	ld	-6 (ix), a
    0000155C DD 36 FB 00      [19] 3737 	ld	-5 (ix), #0x00
    00001560 DD 7E FF         [19] 3738 	ld	a, -1 (ix)
    00001563 DD 77 FC         [19] 3739 	ld	-4 (ix), a
    00001566 DD 36 FD 00      [19] 3740 	ld	-3 (ix), #0x00
    0000156A 5F               [ 4] 3741 	ld	e, a
    0000156B 16 00            [ 7] 3742 	ld	d, #0x00
    0000156D 6B               [ 4] 3743 	ld	l, e
    0000156E 62               [ 4] 3744 	ld	h, d
    0000156F 29               [11] 3745 	add	hl, hl
    00001570 29               [11] 3746 	add	hl, hl
    00001571 19               [11] 3747 	add	hl, de
    00001572 29               [11] 3748 	add	hl, hl
    00001573 19               [11] 3749 	add	hl, de
    00001574 DD 5E FA         [19] 3750 	ld	e, -6 (ix)
    00001577 DD 56 FB         [19] 3751 	ld	d, -5 (ix)
    0000157A 19               [11] 3752 	add	hl, de
    0000157B C5               [11] 3753 	push	bc
    0000157C 11 28 00         [10] 3754 	ld	de, #0x0028
    0000157F CDr00r00         [17] 3755 	call	__modsint
    00001582 C1               [10] 3756 	pop	bc
    00001583 7B               [ 4] 3757 	ld	a, e
    00001584 C6 EC            [ 7] 3758 	add	a, #0xec
    00001586 DD 77 FE         [19] 3759 	ld	-2 (ix), a
    00001589 DD 5E FC         [19] 3760 	ld	e, -4 (ix)
    0000158C DD 56 FD         [19] 3761 	ld	d, -3 (ix)
    0000158F 6B               [ 4] 3762 	ld	l, e
    00001590 62               [ 4] 3763 	ld	h, d
    00001591 29               [11] 3764 	add	hl, hl
    00001592 29               [11] 3765 	add	hl, hl
    00001593 29               [11] 3766 	add	hl, hl
    00001594 29               [11] 3767 	add	hl, hl
    00001595 19               [11] 3768 	add	hl, de
    00001596 DD 5E FA         [19] 3769 	ld	e, -6 (ix)
    00001599 DD 56 FB         [19] 3770 	ld	d, -5 (ix)
    0000159C 19               [11] 3771 	add	hl, de
    0000159D C5               [11] 3772 	push	bc
    0000159E 11 28 00         [10] 3773 	ld	de, #0x0028
    000015A1 CDr00r00         [17] 3774 	call	__modsint
    000015A4 C1               [10] 3775 	pop	bc
    000015A5 7B               [ 4] 3776 	ld	a, e
    000015A6 C6 EC            [ 7] 3777 	add	a, #0xec
    000015A8 6F               [ 4] 3778 	ld	l, a
                                   3779 ;	spillPairReg hl
                                   3780 ;	spillPairReg hl
                                   3781 ;E:\Dropbox\FAUSTO\SVILUPPI\MSX\CODE\C\MSXgl\projects\soccerlgMSX2/soccerlg_s17_b3.c:382: i16 final_x = base_x + rand_x; i16 final_y = base_y + rand_y;
    000015A9 DD 7E FE         [19] 3782 	ld	a, -2 (ix)
    000015AC 5F               [ 4] 3783 	ld	e, a
    000015AD 07               [ 4] 3784 	rlca
    000015AE 9F               [ 4] 3785 	sbc	a, a
    000015AF 57               [ 4] 3786 	ld	d, a
    000015B0 DD 7E F8         [19] 3787 	ld	a, -8 (ix)
    000015B3 DD 66 F9         [19] 3788 	ld	h, -7 (ix)
                                   3789 ;	spillPairReg hl
                                   3790 ;	spillPairReg hl
    000015B6 83               [ 4] 3791 	add	a, e
    000015B7 5F               [ 4] 3792 	ld	e, a
    000015B8 7C               [ 4] 3793 	ld	a, h
    000015B9 8A               [ 4] 3794 	adc	a, d
    000015BA 57               [ 4] 3795 	ld	d, a
    000015BB DD 73 F4         [19] 3796 	ld	-12 (ix), e
    000015BE DD 72 F5         [19] 3797 	ld	-11 (ix), d
    000015C1 7D               [ 4] 3798 	ld	a, l
    000015C2 07               [ 4] 3799 	rlca
    000015C3 9F               [ 4] 3800 	sbc	a, a
    000015C4 67               [ 4] 3801 	ld	h, a
                                   3802 ;	spillPairReg hl
                                   3803 ;	spillPairReg hl
    000015C5 09               [11] 3804 	add	hl, bc
    000015C6 DD 75 F6         [19] 3805 	ld	-10 (ix), l
    000015C9 DD 74 F7         [19] 3806 	ld	-9 (ix), h
                                   3807 ;E:\Dropbox\FAUSTO\SVILUPPI\MSX\CODE\C\MSXgl\projects\soccerlgMSX2/soccerlg_s17_b3.c:384: u16 dx = (final_x > RestartSideX) ? (final_x - RestartSideX) : (RestartSideX - final_x);
    000015CC 3Ar00r00         [13] 3808 	ld	a, (_RestartSideX+0)
    000015CF DD 77 FD         [19] 3809 	ld	-3 (ix), a
    000015D2 DD 36 FE 00      [19] 3810 	ld	-2 (ix), #0x00
                                   3811 ;E:\Dropbox\FAUSTO\SVILUPPI\MSX\CODE\C\MSXgl\projects\soccerlgMSX2/soccerlg_s17_b3.c:343: u16 dx = (SwSprite[i].lx > RestartSideX) ? (SwSprite[i].lx - RestartSideX) : (RestartSideX - SwSprite[i].lx);
    000015D6 3Ar00r00         [13] 3812 	ld	a, (_RestartSideX+0)
    000015D9 DD 77 FB         [19] 3813 	ld	-5 (ix), a
    000015DC DD 36 FC 00      [19] 3814 	ld	-4 (ix), #0x00
                                   3815 ;E:\Dropbox\FAUSTO\SVILUPPI\MSX\CODE\C\MSXgl\projects\soccerlgMSX2/soccerlg_s17_b3.c:384: u16 dx = (final_x > RestartSideX) ? (final_x - RestartSideX) : (RestartSideX - final_x);
    000015E0 DD 7E F4         [19] 3816 	ld	a, -12 (ix)
    000015E3 DD 77 F8         [19] 3817 	ld	-8 (ix), a
    000015E6 DD 7E F5         [19] 3818 	ld	a, -11 (ix)
    000015E9 DD 77 F9         [19] 3819 	ld	-7 (ix), a
    000015EC DD 7E FD         [19] 3820 	ld	a, -3 (ix)
    000015EF DD 96 F4         [19] 3821 	sub	a, -12 (ix)
    000015F2 DD 7E FE         [19] 3822 	ld	a, -2 (ix)
    000015F5 DD 9E F5         [19] 3823 	sbc	a, -11 (ix)
    000015F8 E2rFDr15         [10] 3824 	jp	PO, 00330$
    000015FB EE 80            [ 7] 3825 	xor	a, #0x80
    000015FD                       3826 00330$:
    000015FD F2r15r16         [10] 3827 	jp	P, 00160$
    00001600 DD 7E F8         [19] 3828 	ld	a, -8 (ix)
    00001603 DD 96 FB         [19] 3829 	sub	a, -5 (ix)
    00001606 DD 77 FD         [19] 3830 	ld	-3 (ix), a
    00001609 DD 7E F9         [19] 3831 	ld	a, -7 (ix)
    0000160C DD 9E FC         [19] 3832 	sbc	a, -4 (ix)
    0000160F DD 77 FE         [19] 3833 	ld	-2 (ix), a
    00001612 C3r27r16         [10] 3834 	jp	00161$
    00001615                       3835 00160$:
    00001615 DD 7E FB         [19] 3836 	ld	a, -5 (ix)
    00001618 DD 96 F4         [19] 3837 	sub	a, -12 (ix)
    0000161B DD 77 FD         [19] 3838 	ld	-3 (ix), a
    0000161E DD 7E FC         [19] 3839 	ld	a, -4 (ix)
    00001621 DD 9E F5         [19] 3840 	sbc	a, -11 (ix)
    00001624 DD 77 FE         [19] 3841 	ld	-2 (ix), a
    00001627                       3842 00161$:
    00001627 DD 7E FD         [19] 3843 	ld	a, -3 (ix)
    0000162A DD 77 FA         [19] 3844 	ld	-6 (ix), a
    0000162D DD 7E FE         [19] 3845 	ld	a, -2 (ix)
    00001630 DD 77 FB         [19] 3846 	ld	-5 (ix), a
                                   3847 ;E:\Dropbox\FAUSTO\SVILUPPI\MSX\CODE\C\MSXgl\projects\soccerlgMSX2/soccerlg_s17_b3.c:385: u16 dy = (final_y > RestartSideY) ? (final_y - RestartSideY) : (RestartSideY - final_y);
    00001633 DD 4E F6         [19] 3848 	ld	c, -10 (ix)
    00001636 DD 46 F7         [19] 3849 	ld	b, -9 (ix)
    00001639 21r00r00         [10] 3850 	ld	hl, #_RestartSideY
    0000163C 7E               [ 7] 3851 	ld	a, (hl)
    0000163D 23               [ 6] 3852 	inc	hl
    0000163E 91               [ 4] 3853 	sub	a, c
    0000163F 7E               [ 7] 3854 	ld	a, (hl)
    00001640 98               [ 4] 3855 	sbc	a, b
    00001641 3E 00            [ 7] 3856 	ld	a, #0x00
    00001643 17               [ 4] 3857 	rla
    00001644 DD 77 FC         [19] 3858 	ld	-4 (ix), a
    00001647 B7               [ 4] 3859 	or	a, a
    00001648 28 11            [12] 3860 	jr	Z, 00162$
    0000164A 21r00r00         [10] 3861 	ld	hl, #_RestartSideY
    0000164D 79               [ 4] 3862 	ld	a, c
    0000164E 96               [ 7] 3863 	sub	a, (hl)
    0000164F DD 77 FD         [19] 3864 	ld	-3 (ix), a
    00001652 23               [ 6] 3865 	inc	hl
    00001653 78               [ 4] 3866 	ld	a, b
    00001654 9E               [ 7] 3867 	sbc	a, (hl)
    00001655 DD 77 FE         [19] 3868 	ld	-2 (ix), a
    00001658 C3r69r16         [10] 3869 	jp	00163$
    0000165B                       3870 00162$:
    0000165B 3Ar00r00         [13] 3871 	ld	a, (_RestartSideY+0)
    0000165E 91               [ 4] 3872 	sub	a, c
    0000165F DD 77 FD         [19] 3873 	ld	-3 (ix), a
    00001662 3Ar01r00         [13] 3874 	ld	a, (_RestartSideY+1)
    00001665 98               [ 4] 3875 	sbc	a, b
    00001666 DD 77 FE         [19] 3876 	ld	-2 (ix), a
    00001669                       3877 00163$:
    00001669 DD 4E FD         [19] 3878 	ld	c, -3 (ix)
    0000166C DD 46 FE         [19] 3879 	ld	b, -2 (ix)
                                   3880 ;E:\Dropbox\FAUSTO\SVILUPPI\MSX\CODE\C\MSXgl\projects\soccerlgMSX2/soccerlg_s17_b3.c:386: if (dx + dy < 50) { 
    0000166F DD 6E FA         [19] 3881 	ld	l, -6 (ix)
    00001672 DD 66 FB         [19] 3882 	ld	h, -5 (ix)
    00001675 09               [11] 3883 	add	hl, bc
    00001676 11 32 00         [10] 3884 	ld	de, #0x0032
    00001679 BF               [ 4] 3885 	cp	a, a
    0000167A ED 52            [15] 3886 	sbc	hl, de
    0000167C D2r07r17         [10] 3887 	jp	NC, 00120$
                                   3888 ;E:\Dropbox\FAUSTO\SVILUPPI\MSX\CODE\C\MSXgl\projects\soccerlgMSX2/soccerlg_s17_b3.c:388: if (team != team_to_kick) {
    0000167F DD 4E F3         [19] 3889 	ld	c, -13 (ix)
    00001682 CB 41            [ 8] 3890 	bit	0, c
    00001684 20 46            [12] 3891 	jr	NZ, 00117$
                                   3892 ;E:\Dropbox\FAUSTO\SVILUPPI\MSX\CODE\C\MSXgl\projects\soccerlgMSX2/soccerlg_s17_b3.c:389: final_y = RestartSideY + ((team == TEAM_1) ? -50 : 50);
    00001686 DD 7E F0         [19] 3893 	ld	a, -16 (ix)
    00001689 B7               [ 4] 3894 	or	a, a
    0000168A 20 0B            [12] 3895 	jr	NZ, 00164$
    0000168C DD 36 FD CE      [19] 3896 	ld	-3 (ix), #0xce
    00001690 DD 36 FE FF      [19] 3897 	ld	-2 (ix), #0xff
    00001694 C3r9Fr16         [10] 3898 	jp	00165$
    00001697                       3899 00164$:
    00001697 DD 36 FD 32      [19] 3900 	ld	-3 (ix), #0x32
    0000169B DD 36 FE 00      [19] 3901 	ld	-2 (ix), #0
    0000169F                       3902 00165$:
    0000169F DD 7E FD         [19] 3903 	ld	a, -3 (ix)
    000016A2 DD 77 FB         [19] 3904 	ld	-5 (ix), a
    000016A5 DD 7E FE         [19] 3905 	ld	a, -2 (ix)
    000016A8 DD 77 FC         [19] 3906 	ld	-4 (ix), a
    000016AB DD 7E FB         [19] 3907 	ld	a, -5 (ix)
    000016AE DD 86 F1         [19] 3908 	add	a, -15 (ix)
    000016B1 DD 77 FD         [19] 3909 	ld	-3 (ix), a
    000016B4 DD 7E FC         [19] 3910 	ld	a, -4 (ix)
    000016B7 DD 8E F2         [19] 3911 	adc	a, -14 (ix)
    000016BA DD 77 FE         [19] 3912 	ld	-2 (ix), a
    000016BD DD 7E FD         [19] 3913 	ld	a, -3 (ix)
    000016C0 DD 77 F6         [19] 3914 	ld	-10 (ix), a
    000016C3 DD 7E FE         [19] 3915 	ld	a, -2 (ix)
    000016C6 DD 77 F7         [19] 3916 	ld	-9 (ix), a
    000016C9 C3r07r17         [10] 3917 	jp	00120$
    000016CC                       3918 00117$:
                                   3919 ;E:\Dropbox\FAUSTO\SVILUPPI\MSX\CODE\C\MSXgl\projects\soccerlgMSX2/soccerlg_s17_b3.c:391: if (final_y > RestartSideY) final_y = RestartSideY + 50 - dx; else final_y = RestartSideY - 50 + dx; 
    000016CC DD 7E FC         [19] 3920 	ld	a, -4 (ix)
    000016CF B7               [ 4] 3921 	or	a, a
    000016D0 28 1C            [12] 3922 	jr	Z, 00114$
    000016D2 DD 6E F1         [19] 3923 	ld	l, -15 (ix)
    000016D5 DD 66 F2         [19] 3924 	ld	h, -14 (ix)
    000016D8 11 32 00         [10] 3925 	ld	de, #0x0032
    000016DB 19               [11] 3926 	add	hl, de
    000016DC 7D               [ 4] 3927 	ld	a, l
    000016DD DD 96 FA         [19] 3928 	sub	a, -6 (ix)
    000016E0 4F               [ 4] 3929 	ld	c, a
    000016E1 7C               [ 4] 3930 	ld	a, h
    000016E2 DD 9E FB         [19] 3931 	sbc	a, -5 (ix)
    000016E5 DD 71 F6         [19] 3932 	ld	-10 (ix), c
    000016E8 DD 77 F7         [19] 3933 	ld	-9 (ix), a
    000016EB C3r07r17         [10] 3934 	jp	00120$
    000016EE                       3935 00114$:
    000016EE DD 7E F1         [19] 3936 	ld	a, -15 (ix)
    000016F1 C6 CE            [ 7] 3937 	add	a, #0xce
    000016F3 4F               [ 4] 3938 	ld	c, a
    000016F4 DD 7E F2         [19] 3939 	ld	a, -14 (ix)
    000016F7 CE FF            [ 7] 3940 	adc	a, #0xff
    000016F9 47               [ 4] 3941 	ld	b, a
    000016FA DD 6E FA         [19] 3942 	ld	l, -6 (ix)
    000016FD DD 66 FB         [19] 3943 	ld	h, -5 (ix)
    00001700 09               [11] 3944 	add	hl, bc
    00001701 DD 75 F6         [19] 3945 	ld	-10 (ix), l
    00001704 DD 74 F7         [19] 3946 	ld	-9 (ix), h
    00001707                       3947 00120$:
                                   3948 ;E:\Dropbox\FAUSTO\SVILUPPI\MSX\CODE\C\MSXgl\projects\soccerlgMSX2/soccerlg_s17_b3.c:394: if (final_x < 16) final_x = 16; if (final_x > 224) final_x = 224; if (final_y < 24) final_y = 24; if (final_y > 488) final_y = 488;
    00001707 DD 7E F8         [19] 3949 	ld	a, -8 (ix)
    0000170A D6 10            [ 7] 3950 	sub	a, #0x10
    0000170C DD 7E F9         [19] 3951 	ld	a, -7 (ix)
    0000170F 17               [ 4] 3952 	rla
    00001710 3F               [ 4] 3953 	ccf
    00001711 1F               [ 4] 3954 	rra
    00001712 DE 80            [ 7] 3955 	sbc	a, #0x80
    00001714 30 08            [12] 3956 	jr	NC, 00122$
    00001716 DD 36 F4 10      [19] 3957 	ld	-12 (ix), #0x10
    0000171A DD 36 F5 00      [19] 3958 	ld	-11 (ix), #0
    0000171E                       3959 00122$:
    0000171E DD 4E F4         [19] 3960 	ld	c, -12 (ix)
    00001721 DD 46 F5         [19] 3961 	ld	b, -11 (ix)
    00001724 3E E0            [ 7] 3962 	ld	a, #0xe0
    00001726 B9               [ 4] 3963 	cp	a, c
    00001727 3E 00            [ 7] 3964 	ld	a, #0x00
    00001729 98               [ 4] 3965 	sbc	a, b
    0000172A E2r2Fr17         [10] 3966 	jp	PO, 00331$
    0000172D EE 80            [ 7] 3967 	xor	a, #0x80
    0000172F                       3968 00331$:
    0000172F F2r3Ar17         [10] 3969 	jp	P, 00124$
    00001732 DD 36 F4 E0      [19] 3970 	ld	-12 (ix), #0xe0
    00001736 DD 36 F5 00      [19] 3971 	ld	-11 (ix), #0
    0000173A                       3972 00124$:
    0000173A DD 7E F6         [19] 3973 	ld	a, -10 (ix)
    0000173D DD 46 F7         [19] 3974 	ld	b, -9 (ix)
    00001740 D6 18            [ 7] 3975 	sub	a, #0x18
    00001742 78               [ 4] 3976 	ld	a, b
    00001743 17               [ 4] 3977 	rla
    00001744 3F               [ 4] 3978 	ccf
    00001745 1F               [ 4] 3979 	rra
    00001746 DE 80            [ 7] 3980 	sbc	a, #0x80
    00001748 30 08            [12] 3981 	jr	NC, 00126$
    0000174A DD 36 F6 18      [19] 3982 	ld	-10 (ix), #0x18
    0000174E DD 36 F7 00      [19] 3983 	ld	-9 (ix), #0
    00001752                       3984 00126$:
    00001752 DD 4E F6         [19] 3985 	ld	c, -10 (ix)
    00001755 DD 46 F7         [19] 3986 	ld	b, -9 (ix)
    00001758 3E E8            [ 7] 3987 	ld	a, #0xe8
    0000175A B9               [ 4] 3988 	cp	a, c
    0000175B 3E 01            [ 7] 3989 	ld	a, #0x01
    0000175D 98               [ 4] 3990 	sbc	a, b
    0000175E E2r63r17         [10] 3991 	jp	PO, 00332$
    00001761 EE 80            [ 7] 3992 	xor	a, #0x80
    00001763                       3993 00332$:
    00001763 F2r6Er17         [10] 3994 	jp	P, 00128$
    00001766 DD 36 F6 E8      [19] 3995 	ld	-10 (ix), #0xe8
    0000176A DD 36 F7 01      [19] 3996 	ld	-9 (ix), #0x01
    0000176E                       3997 00128$:
                                   3998 ;E:\Dropbox\FAUSTO\SVILUPPI\MSX\CODE\C\MSXgl\projects\soccerlgMSX2/soccerlg_s17_b3.c:395: SwSprite[i].tx = (u8)final_x; SwSprite[i].ty = (u16)final_y;
    0000176E DD 4E FF         [19] 3999 	ld	c, -1 (ix)
    00001771 06 00            [ 7] 4000 	ld	b, #0x00
    00001773 69               [ 4] 4001 	ld	l, c
    00001774 60               [ 4] 4002 	ld	h, b
    00001775 29               [11] 4003 	add	hl, hl
    00001776 29               [11] 4004 	add	hl, hl
    00001777 09               [11] 4005 	add	hl, bc
    00001778 29               [11] 4006 	add	hl, hl
    00001779 09               [11] 4007 	add	hl, bc
    0000177A 29               [11] 4008 	add	hl, hl
    0000177B 09               [11] 4009 	add	hl, bc
    0000177C DD 75 FD         [19] 4010 	ld	-3 (ix), l
    0000177F DD 74 FE         [19] 4011 	ld	-2 (ix), h
    00001782 DD 7E FD         [19] 4012 	ld	a, -3 (ix)
    00001785 C6r00            [ 7] 4013 	add	a, #<(_SwSprite)
    00001787 DD 77 FA         [19] 4014 	ld	-6 (ix), a
    0000178A DD 7E FE         [19] 4015 	ld	a, -2 (ix)
    0000178D CEs00            [ 7] 4016 	adc	a, #>(_SwSprite)
    0000178F DD 77 FB         [19] 4017 	ld	-5 (ix), a
    00001792 DD 7E FA         [19] 4018 	ld	a, -6 (ix)
    00001795 C6 0C            [ 7] 4019 	add	a, #0x0c
    00001797 DD 77 FC         [19] 4020 	ld	-4 (ix), a
    0000179A DD 7E FB         [19] 4021 	ld	a, -5 (ix)
    0000179D CE 00            [ 7] 4022 	adc	a, #0x00
    0000179F DD 77 FD         [19] 4023 	ld	-3 (ix), a
    000017A2 DD 7E F4         [19] 4024 	ld	a, -12 (ix)
    000017A5 DD 77 FE         [19] 4025 	ld	-2 (ix), a
    000017A8 DD 6E FC         [19] 4026 	ld	l, -4 (ix)
    000017AB DD 66 FD         [19] 4027 	ld	h, -3 (ix)
    000017AE DD 7E FE         [19] 4028 	ld	a, -2 (ix)
    000017B1 77               [ 7] 4029 	ld	(hl), a
    000017B2 DD 7E FA         [19] 4030 	ld	a, -6 (ix)
    000017B5 C6 0D            [ 7] 4031 	add	a, #0x0d
    000017B7 DD 77 FD         [19] 4032 	ld	-3 (ix), a
    000017BA DD 7E FB         [19] 4033 	ld	a, -5 (ix)
    000017BD CE 00            [ 7] 4034 	adc	a, #0x00
    000017BF DD 77 FE         [19] 4035 	ld	-2 (ix), a
    000017C2 DD 7E F6         [19] 4036 	ld	a, -10 (ix)
    000017C5 DD 77 FB         [19] 4037 	ld	-5 (ix), a
    000017C8 DD 7E F7         [19] 4038 	ld	a, -9 (ix)
    000017CB DD 77 FC         [19] 4039 	ld	-4 (ix), a
    000017CE DD 6E FD         [19] 4040 	ld	l, -3 (ix)
    000017D1 DD 66 FE         [19] 4041 	ld	h, -2 (ix)
    000017D4 DD 7E FB         [19] 4042 	ld	a, -5 (ix)
    000017D7 77               [ 7] 4043 	ld	(hl), a
    000017D8 23               [ 6] 4044 	inc	hl
    000017D9 DD 7E FC         [19] 4045 	ld	a, -4 (ix)
    000017DC 77               [ 7] 4046 	ld	(hl), a
    000017DD                       4047 00129$:
                                   4048 ;E:\Dropbox\FAUSTO\SVILUPPI\MSX\CODE\C\MSXgl\projects\soccerlgMSX2/soccerlg_s17_b3.c:364: for(u8 i=1; i<14; i++) {
    000017DD DD 34 FF         [23] 4049 	inc	-1 (ix)
    000017E0 C3r88r14         [10] 4050 	jp	00135$
    000017E3                       4051 00136$:
                                   4052 ;E:\Dropbox\FAUSTO\SVILUPPI\MSX\CODE\C\MSXgl\projects\soccerlgMSX2/soccerlg_s17_b3.c:397: }
    000017E3 DD F9            [10] 4053 	ld	sp, ix
    000017E5 DD E1            [14] 4054 	pop	ix
    000017E7 C9               [10] 4055 	ret
                                   4056 	.area _SEG17
                                   4057 	.area _INITIALIZER
                                   4058 	.area _CABS (ABS)
