                                      1 ;--------------------------------------------------------
                                      2 ; File Created by SDCC : free open source ANSI-C Compiler
                                      3 ; Version 4.2.0 #13081 (MINGW64)
                                      4 ;--------------------------------------------------------
                                      5 	.module vdp
                                      6 	.optsdcc -mz80
                                      7 	
                                      8 ;--------------------------------------------------------
                                      9 ; Public variables in this module
                                     10 ;--------------------------------------------------------
                                     11 	.globl _g_VDPInitilized
                                     12 	.globl _g_ScreenPatternHigh
                                     13 	.globl _g_ScreenColorHigh
                                     14 	.globl _g_ScreenLayoutHigh
                                     15 	.globl _g_ScreenPatternLow
                                     16 	.globl _g_ScreenColorLow
                                     17 	.globl _g_ScreenLayoutLow
                                     18 	.globl _g_VDP_Command
                                     19 	.globl _g_VDP_Data
                                     20 	.globl _g_VDP_REGSAV
                                     21 	.globl _g_SLTSL
                                     22 	.globl _g_GRPACY
                                     23 	.globl _g_GRPACX
                                     24 	.globl _g_LOGOPR
                                     25 	.globl _g_CMASK
                                     26 	.globl _g_CLOC
                                     27 	.globl _g_FNKSTR
                                     28 	.globl _g_ATRBYT
                                     29 	.globl _g_BDRCLR
                                     30 	.globl _g_BAKCLR
                                     31 	.globl _g_FORCLR
                                     32 	.globl _g_CSRX
                                     33 	.globl _g_CSRY
                                     34 	.globl _g_CLIKSW
                                     35 	.globl _g_MLTPAT
                                     36 	.globl _g_MLTATR
                                     37 	.globl _g_MLTCGP
                                     38 	.globl _g_MLTCOL
                                     39 	.globl _g_MLTNAM
                                     40 	.globl _g_GRPPAT
                                     41 	.globl _g_GRPATR
                                     42 	.globl _g_GRPCGP
                                     43 	.globl _g_GRPCOL
                                     44 	.globl _g_GRPNAM
                                     45 	.globl _g_T32PAT
                                     46 	.globl _g_T32ATR
                                     47 	.globl _g_T32CGP
                                     48 	.globl _g_T32COL
                                     49 	.globl _g_T32NAM
                                     50 	.globl _g_TXTPAT
                                     51 	.globl _g_TXTATR
                                     52 	.globl _g_TXTCGP
                                     53 	.globl _g_TXTCOL
                                     54 	.globl _g_TXTNAM
                                     55 	.globl _g_CLMLST
                                     56 	.globl _g_CRTCNT
                                     57 	.globl _g_LINLEN
                                     58 	.globl _g_LINL32
                                     59 	.globl _g_LINL40
                                     60 	.globl _g_CHAR_16
                                     61 	.globl _g_MSXMID
                                     62 	.globl _g_MSXVER
                                     63 	.globl _g_ROMVersion
                                     64 	.globl _g_BASRVN
                                     65 	.globl _g_VDP_DW
                                     66 	.globl _g_VDP_DR
                                     67 	.globl _g_CGTABL
                                     68 	.globl _g_SVFFFD
                                     69 	.globl _g_RG27SAV
                                     70 	.globl _g_RG26SAV
                                     71 	.globl _g_RG25SAV
                                     72 	.globl _g_SVFFF8
                                     73 	.globl _g_MINROM
                                     74 	.globl _g_RG23SAV
                                     75 	.globl _g_RG22SAV
                                     76 	.globl _g_RG21SAV
                                     77 	.globl _g_RG20SAV
                                     78 	.globl _g_RG19SAV
                                     79 	.globl _g_RG18SAV
                                     80 	.globl _g_RG17SAV
                                     81 	.globl _g_RG16SAV
                                     82 	.globl _g_RG15SAV
                                     83 	.globl _g_RG14SAV
                                     84 	.globl _g_RG13SAV
                                     85 	.globl _g_RG12SAV
                                     86 	.globl _g_RG11SAV
                                     87 	.globl _g_RG10SAV
                                     88 	.globl _g_RG09SAV
                                     89 	.globl _g_RG08SAV
                                     90 	.globl _g_PROCNM
                                     91 	.globl _g_SLTWRK
                                     92 	.globl _g_SLTATR
                                     93 	.globl _g_SLTTBL
                                     94 	.globl _g_EXPTBL
                                     95 	.globl _g_MNROM
                                     96 	.globl _g_DRWANG
                                     97 	.globl _g_DRWSCL
                                     98 	.globl _g_DRWFLG
                                     99 	.globl _g_GYPOS
                                    100 	.globl _g_GXPOS
                                    101 	.globl _g_BRDATR
                                    102 	.globl _g_CASPRV
                                    103 	.globl _g_OLDSCR
                                    104 	.globl _g_SCRMOD
                                    105 	.globl _g_FLBMEM
                                    106 	.globl _g_KANAMD
                                    107 	.globl _g_KANAST
                                    108 	.globl _g_CAPST
                                    109 	.globl _g_CSTYLE
                                    110 	.globl _g_CSRSW
                                    111 	.globl _g_INSFLG
                                    112 	.globl _g_ESCCNT
                                    113 	.globl _g_GRPHED
                                    114 	.globl _g_WINWID
                                    115 	.globl _g_LOWLIM
                                    116 	.globl _g_INTCNT
                                    117 	.globl _g_INTVAL
                                    118 	.globl _g_JIFFY
                                    119 	.globl _g_PADX
                                    120 	.globl _g_PADY
                                    121 	.globl _g_INTFLG
                                    122 	.globl _g_RTYCNT
                                    123 	.globl _g_TRPTBL
                                    124 	.globl _g_HIMEM
                                    125 	.globl _g_BOTTOM
                                    126 	.globl _g_PATWRK
                                    127 	.globl _g_LINWRK
                                    128 	.globl _g_KEYBUF
                                    129 	.globl _g_NEWKEY
                                    130 	.globl _g_OLDKEY
                                    131 	.globl _g_CLIKFL
                                    132 	.globl _g_ONGSBF
                                    133 	.globl _g_FNKFLG
                                    134 	.globl _g_FNKSWI
                                    135 	.globl _g_CODSAV
                                    136 	.globl _g_FSTPOS
                                    137 	.globl _g_LINTTB
                                    138 	.globl _g_BASROM
                                    139 	.globl _g_ENSTOP
                                    140 	.globl _g_VCBC
                                    141 	.globl _g_VCBB
                                    142 	.globl _g_VCBA
                                    143 	.globl _g_PLYCNT
                                    144 	.globl _g_MUSICF
                                    145 	.globl _g_QUEUEN
                                    146 	.globl _g_MCLPTR
                                    147 	.globl _g_MCLLEN
                                    148 	.globl _g_SAVVOL
                                    149 	.globl _g_VOICEN
                                    150 	.globl _g_SAVSP
                                    151 	.globl _g_PRSCNT
                                    152 	.globl _g_LSTMOD
                                    153 	.globl _g_LSTCOM
                                    154 	.globl _g_COMMSK
                                    155 	.globl _g_ESTBLS
                                    156 	.globl _g_FLAGS
                                    157 	.globl _g_ERRORS
                                    158 	.globl _g_DATCNT
                                    159 	.globl _g_DEVNUM
                                    160 	.globl _g_OLDINT
                                    161 	.globl _g_OLDSTT
                                    162 	.globl _g_MEXBIh
                                    163 	.globl _g_RSIQLN
                                    164 	.globl _g_RSFCB
                                    165 	.globl _g_TOCNT
                                    166 	.globl _g_RSTMP
                                    167 	.globl _g_YSAVE
                                    168 	.globl _g_XSAVE
                                    169 	.globl _g_NORUSE
                                    170 	.globl _g_MODE
                                    171 	.globl _g_ROMA
                                    172 	.globl _g_CHRCNT
                                    173 	.globl _g_EXBRSA
                                    174 	.globl _g_AVCSAV
                                    175 	.globl _g_ACPAGE
                                    176 	.globl _g_DPPAGE
                                    177 	.globl _g_RS2IQ
                                    178 	.globl _g_VOICCQ
                                    179 	.globl _g_VOICBQ
                                    180 	.globl _g_VOICAQ
                                    181 	.globl _g_QUEBAK
                                    182 	.globl _g_QUETAB
                                    183 	.globl _g_ASPCT2
                                    184 	.globl _g_ASPCT1
                                    185 	.globl _g_HEADER
                                    186 	.globl _g_HIGH
                                    187 	.globl _g_LOW
                                    188 	.globl _g_CS240
                                    189 	.globl _g_CS120
                                    190 	.globl _g_GETPNT
                                    191 	.globl _g_PUTPNT
                                    192 	.globl _g_REPCNT
                                    193 	.globl _g_SCNCNT
                                    194 	.globl _g_FRCNEW
                                    195 	.globl _g_QUEUES
                                    196 	.globl _g_MINUPD
                                    197 	.globl _g_MAXUPD
                                    198 	.globl _g_TRGFLG
                                    199 	.globl _g_STATFL
                                    200 	.globl _g_RG7SAV
                                    201 	.globl _g_RG6SAV
                                    202 	.globl _g_RG5SAV
                                    203 	.globl _g_RG4SAV
                                    204 	.globl _g_RG3SAV
                                    205 	.globl _g_RG2SAV
                                    206 	.globl _g_RG1SAV
                                    207 	.globl _g_RG0SAV
                                    208 	.globl _g_CNSDFG
                                    209 	.globl _g_USRTAB
                                    210 	.globl _g_CLPRIM
                                    211 	.globl _g_WRPRIM
                                    212 	.globl _g_RDPRIM
                                    213 	.globl _VDP_SetModeFlag
                                    214 	.globl _VDP_SetModeText1
                                    215 	.globl _VDP_SetModeMultiColor
                                    216 	.globl _VDP_SetModeGraphic1
                                    217 	.globl _VDP_SetModeGraphic2
                                    218 	.globl _VDP_ClearVRAM
                                    219 	.globl _VDP_WriteVRAM_16K
                                    220 	.globl _VDP_FillVRAM_16K
                                    221 	.globl _VDP_ReadVRAM_16K
                                    222 	.globl _VDP_Peek_16K
                                    223 	.globl _VDP_Poke_16K
                                    224 	.globl _VDP_SetModeGraphic4
                                    225 	.globl _VDP_SetModeGraphic7
                                    226 	.globl _VDP_ReadStatus
                                    227 	.globl _VDP_SetAdjustOffset
                                    228 	.globl _VDP_SetPalette
                                    229 	.globl _VDP_SetPaletteEntry
                                    230 	.globl _VDP_WriteVRAM_128K
                                    231 	.globl _VDP_FillVRAM_128K
                                    232 	.globl _VDP_ReadVRAM_128K
                                    233 	.globl _VDP_Poke_128K
                                    234 	.globl _VDP_Peek_128K
                                    235 	.globl _VDP_CommandWait
                                    236 	.globl _VDP_CommandSetupR32
                                    237 	.globl _VDP_CommandSetupR36
                                    238 	.globl _VDP_CommandWriteLoop
                                    239 	.globl _VDP_Initialize
                                    240 	.globl _VDP_SetMode
                                    241 	.globl _VDP_GetVersion
                                    242 	.globl _VDP_RegWrite
                                    243 	.globl _VDP_RegWriteBak
                                    244 	.globl _VDP_RegWriteBakMask
                                    245 	.globl _VDP_ReadDefaultStatus
                                    246 	.globl _VDP_SetPage
                                    247 	.globl _VDP_SetLayoutTable
                                    248 	.globl _VDP_SetColorTable
                                    249 	.globl _VDP_SetPatternTable
                                    250 	.globl _VDP_LoadPattern_GM2
                                    251 	.globl _VDP_LoadColor_GM2
                                    252 	.globl _VDP_WriteLayout_GM2
                                    253 	.globl _VDP_FillLayout_GM2
                                    254 ;--------------------------------------------------------
                                    255 ; special function registers
                                    256 ;--------------------------------------------------------
                         000000A8   257 _g_PortPrimarySlot	=	0x00a8
                         000000A9   258 _g_PortReadKeyboard	=	0x00a9
                         000000AA   259 _g_PortAccessKeyboard	=	0x00aa
                         000000AB   260 _g_PortControl	=	0x00ab
                         00000098   261 _g_VDP_DataPort	=	0x0098
                         00000099   262 _g_VDP_RegPort	=	0x0099
                         00000099   263 _g_VDP_AddrPort	=	0x0099
                         00000099   264 _g_VDP_StatPort	=	0x0099
                         0000009A   265 _g_VDP_PalPort	=	0x009a
                         0000009B   266 _g_VDP_IRegPort	=	0x009b
                         000000A0   267 _g_PSG_RegPort	=	0x00a0
                         000000A1   268 _g_PSG_DataPort	=	0x00a1
                         000000A2   269 _g_PSG_StatPort	=	0x00a2
                         00000010   270 _g_PSG_Ext_RegPort	=	0x0010
                         00000011   271 _g_PSG_Ext_DataPort	=	0x0011
                         00000012   272 _g_PSG_Ext_StatPort	=	0x0012
                         0000007C   273 _g_MSXMusic_IndexPort	=	0x007c
                         0000007D   274 _g_MSXMusic_DataPort	=	0x007d
                         000000C0   275 _g_MSXAudio_IndexPort	=	0x00c0
                         000000C1   276 _g_MSXAudio_DataPort	=	0x00c1
                         000000C2   277 _g_MSXAudio_IndexPort2	=	0x00c2
                         000000C3   278 _g_MSXAudio_DataPort2	=	0x00c3
                         000000B4   279 _g_RTC_AddrPort	=	0x00b4
                         000000B5   280 _g_RTC_DataPort	=	0x00b5
                                    281 ;--------------------------------------------------------
                                    282 ; ram data
                                    283 ;--------------------------------------------------------
                                    284 	.area _DATA
                         0000F3AE   285 _g_LINL40	=	0xf3ae
                         0000F3AF   286 _g_LINL32	=	0xf3af
                         0000F3B0   287 _g_LINLEN	=	0xf3b0
                         0000F3B1   288 _g_CRTCNT	=	0xf3b1
                         0000F3B2   289 _g_CLMLST	=	0xf3b2
                         0000F3B3   290 _g_TXTNAM	=	0xf3b3
                         0000F3B5   291 _g_TXTCOL	=	0xf3b5
                         0000F3B7   292 _g_TXTCGP	=	0xf3b7
                         0000F3B9   293 _g_TXTATR	=	0xf3b9
                         0000F3BB   294 _g_TXTPAT	=	0xf3bb
                         0000F3BD   295 _g_T32NAM	=	0xf3bd
                         0000F3BF   296 _g_T32COL	=	0xf3bf
                         0000F3C1   297 _g_T32CGP	=	0xf3c1
                         0000F3C3   298 _g_T32ATR	=	0xf3c3
                         0000F3C5   299 _g_T32PAT	=	0xf3c5
                         0000F3C7   300 _g_GRPNAM	=	0xf3c7
                         0000F3C9   301 _g_GRPCOL	=	0xf3c9
                         0000F3CB   302 _g_GRPCGP	=	0xf3cb
                         0000F3CD   303 _g_GRPATR	=	0xf3cd
                         0000F3CF   304 _g_GRPPAT	=	0xf3cf
                         0000F3D1   305 _g_MLTNAM	=	0xf3d1
                         0000F3D3   306 _g_MLTCOL	=	0xf3d3
                         0000F3D5   307 _g_MLTCGP	=	0xf3d5
                         0000F3D7   308 _g_MLTATR	=	0xf3d7
                         0000F3D9   309 _g_MLTPAT	=	0xf3d9
                         0000F3DB   310 _g_CLIKSW	=	0xf3db
                         0000F3DC   311 _g_CSRY	=	0xf3dc
                         0000F3DD   312 _g_CSRX	=	0xf3dd
                         0000F3E9   313 _g_FORCLR	=	0xf3e9
                         0000F3EA   314 _g_BAKCLR	=	0xf3ea
                         0000F3EB   315 _g_BDRCLR	=	0xf3eb
                         0000F3F2   316 _g_ATRBYT	=	0xf3f2
                         0000F87F   317 _g_FNKSTR	=	0xf87f
                         0000F92A   318 _g_CLOC	=	0xf92a
                         0000F92C   319 _g_CMASK	=	0xf92c
                         0000FB02   320 _g_LOGOPR	=	0xfb02
                         0000FCB7   321 _g_GRPACX	=	0xfcb7
                         0000FCB9   322 _g_GRPACY	=	0xfcb9
                         0000FFFF   323 _g_SLTSL	=	0xffff
    00000000                        324 _g_VDP_REGSAV::
    00000000                        325 	.ds 28
    0000001C                        326 _g_VDP_Data::
    0000001C                        327 	.ds 2
    0000001E                        328 _g_VDP_Command::
    0000001E                        329 	.ds 15
    0000002D                        330 _g_ScreenLayoutLow::
    0000002D                        331 	.ds 2
    0000002F                        332 _g_ScreenColorLow::
    0000002F                        333 	.ds 2
    00000031                        334 _g_ScreenPatternLow::
    00000031                        335 	.ds 2
    00000033                        336 _g_ScreenLayoutHigh::
    00000033                        337 	.ds 1
    00000034                        338 _g_ScreenColorHigh::
    00000034                        339 	.ds 1
    00000035                        340 _g_ScreenPatternHigh::
    00000035                        341 	.ds 1
                                    342 ;--------------------------------------------------------
                                    343 ; ram data
                                    344 ;--------------------------------------------------------
                                    345 	.area _INITIALIZED
    00000000                        346 _g_VDPInitilized::
    00000000                        347 	.ds 1
                                    348 ;--------------------------------------------------------
                                    349 ; absolute external ram data
                                    350 ;--------------------------------------------------------
                                    351 	.area _DABS (ABS)
                                    352 ;--------------------------------------------------------
                                    353 ; global & static initialisations
                                    354 ;--------------------------------------------------------
                                    355 	.area _HOME
                                    356 	.area _GSINIT
                                    357 	.area _GSFINAL
                                    358 	.area _GSINIT
                                    359 ;--------------------------------------------------------
                                    360 ; Home
                                    361 ;--------------------------------------------------------
                                    362 	.area _HOME
                                    363 	.area _HOME
                                    364 ;--------------------------------------------------------
                                    365 ; code
                                    366 ;--------------------------------------------------------
                                    367 	.area _CODE
                                    368 ;E:\Dropbox\FAUSTO\SVILUPPI\MSX\CODE\C\MSXgl\engine/src/vdp.c:166: void VDP_SetModeFlag(u8 flag)
                                    369 ;	---------------------------------
                                    370 ; Function VDP_SetModeFlag
                                    371 ; ---------------------------------
    00000000                        372 _VDP_SetModeFlag::
    00000000 5F               [ 4]  373 	ld	e, a
                                    374 ;E:\Dropbox\FAUSTO\SVILUPPI\MSX\CODE\C\MSXgl\engine/src/vdp.c:169: u8 reg1 = g_VDP_REGSAV[1];
    00000001 3Ar01r00         [13]  375 	ld	a, (#_g_VDP_REGSAV + 1)
                                    376 ;E:\Dropbox\FAUSTO\SVILUPPI\MSX\CODE\C\MSXgl\engine/src/vdp.c:170: reg1 &= 0b11100111;
    00000004 E6 E7            [ 7]  377 	and	a, #0xe7
    00000006 6F               [ 4]  378 	ld	l, a
                                    379 ;	spillPairReg hl
                                    380 ;	spillPairReg hl
                                    381 ;E:\Dropbox\FAUSTO\SVILUPPI\MSX\CODE\C\MSXgl\engine/src/vdp.c:171: if (flag & 0b00001)
    00000007 CB 43            [ 8]  382 	bit	0, e
    00000009 28 02            [12]  383 	jr	Z, 00102$
                                    384 ;E:\Dropbox\FAUSTO\SVILUPPI\MSX\CODE\C\MSXgl\engine/src/vdp.c:172: reg1 |= 0b00010000;
    0000000B CB E5            [ 8]  385 	set	4, l
    0000000D                        386 00102$:
                                    387 ;E:\Dropbox\FAUSTO\SVILUPPI\MSX\CODE\C\MSXgl\engine/src/vdp.c:173: if (flag & 0b00010)
    0000000D CB 4B            [ 8]  388 	bit	1, e
    0000000F 28 02            [12]  389 	jr	Z, 00104$
                                    390 ;E:\Dropbox\FAUSTO\SVILUPPI\MSX\CODE\C\MSXgl\engine/src/vdp.c:174: reg1 |= 0b00001000;
    00000011 CB DD            [ 8]  391 	set	3, l
    00000013                        392 00104$:
                                    393 ;E:\Dropbox\FAUSTO\SVILUPPI\MSX\CODE\C\MSXgl\engine/src/vdp.c:175: VDP_RegWriteBak(1, reg1);
    00000013 3E 01            [ 7]  394 	ld	a, #0x01
    00000015 CDrBEr04         [17]  395 	call	_VDP_RegWriteBak
                                    396 ;E:\Dropbox\FAUSTO\SVILUPPI\MSX\CODE\C\MSXgl\engine/src/vdp.c:178: u8 reg0 = g_VDP_REGSAV[0];
    00000018 3Ar00r00         [13]  397 	ld	a, (#_g_VDP_REGSAV + 0)
                                    398 ;E:\Dropbox\FAUSTO\SVILUPPI\MSX\CODE\C\MSXgl\engine/src/vdp.c:179: reg0 &= 0b11110001;
    0000001B E6 F1            [ 7]  399 	and	a, #0xf1
    0000001D 4F               [ 4]  400 	ld	c, a
                                    401 ;E:\Dropbox\FAUSTO\SVILUPPI\MSX\CODE\C\MSXgl\engine/src/vdp.c:180: flag >>= 1;
    0000001E 7B               [ 4]  402 	ld	a, e
    0000001F CB 3F            [ 8]  403 	srl	a
                                    404 ;E:\Dropbox\FAUSTO\SVILUPPI\MSX\CODE\C\MSXgl\engine/src/vdp.c:181: flag &= 0b00001110;
    00000021 E6 0E            [ 7]  405 	and	a, #0x0e
                                    406 ;E:\Dropbox\FAUSTO\SVILUPPI\MSX\CODE\C\MSXgl\engine/src/vdp.c:182: reg0 |= flag;
    00000023 B1               [ 4]  407 	or	a, c
    00000024 6F               [ 4]  408 	ld	l, a
                                    409 ;	spillPairReg hl
                                    410 ;	spillPairReg hl
                                    411 ;E:\Dropbox\FAUSTO\SVILUPPI\MSX\CODE\C\MSXgl\engine/src/vdp.c:183: VDP_RegWriteBak(0, reg0);
    00000025 AF               [ 4]  412 	xor	a, a
                                    413 ;E:\Dropbox\FAUSTO\SVILUPPI\MSX\CODE\C\MSXgl\engine/src/vdp.c:184: }
    00000026 C3rBEr04         [10]  414 	jp	_VDP_RegWriteBak
                         0000F380   415 _g_RDPRIM	=	0xf380
                         0000F385   416 _g_WRPRIM	=	0xf385
                         0000F38C   417 _g_CLPRIM	=	0xf38c
                         0000F39A   418 _g_USRTAB	=	0xf39a
                         0000F3DE   419 _g_CNSDFG	=	0xf3de
                         0000F3DF   420 _g_RG0SAV	=	0xf3df
                         0000F3E0   421 _g_RG1SAV	=	0xf3e0
                         0000F3E1   422 _g_RG2SAV	=	0xf3e1
                         0000F3E2   423 _g_RG3SAV	=	0xf3e2
                         0000F3E3   424 _g_RG4SAV	=	0xf3e3
                         0000F3E4   425 _g_RG5SAV	=	0xf3e4
                         0000F3E5   426 _g_RG6SAV	=	0xf3e5
                         0000F3E6   427 _g_RG7SAV	=	0xf3e6
                         0000F3E7   428 _g_STATFL	=	0xf3e7
                         0000F3E8   429 _g_TRGFLG	=	0xf3e8
                         0000F3EC   430 _g_MAXUPD	=	0xf3ec
                         0000F3EF   431 _g_MINUPD	=	0xf3ef
                         0000F3F3   432 _g_QUEUES	=	0xf3f3
                         0000F3F5   433 _g_FRCNEW	=	0xf3f5
                         0000F3F6   434 _g_SCNCNT	=	0xf3f6
                         0000F3F7   435 _g_REPCNT	=	0xf3f7
                         0000F3F8   436 _g_PUTPNT	=	0xf3f8
                         0000F3FA   437 _g_GETPNT	=	0xf3fa
                         0000F3FC   438 _g_CS120	=	0xf3fc
                         0000F401   439 _g_CS240	=	0xf401
                         0000F406   440 _g_LOW	=	0xf406
                         0000F408   441 _g_HIGH	=	0xf408
                         0000F40A   442 _g_HEADER	=	0xf40a
                         0000F40B   443 _g_ASPCT1	=	0xf40b
                         0000F40D   444 _g_ASPCT2	=	0xf40d
                         0000F959   445 _g_QUETAB	=	0xf959
                         0000F971   446 _g_QUEBAK	=	0xf971
                         0000F975   447 _g_VOICAQ	=	0xf975
                         0000F9F5   448 _g_VOICBQ	=	0xf9f5
                         0000FA75   449 _g_VOICCQ	=	0xfa75
                         0000FAF5   450 _g_RS2IQ	=	0xfaf5
                         0000FAF5   451 _g_DPPAGE	=	0xfaf5
                         0000FAF6   452 _g_ACPAGE	=	0xfaf6
                         0000FAF7   453 _g_AVCSAV	=	0xfaf7
                         0000FAF8   454 _g_EXBRSA	=	0xfaf8
                         0000FAF9   455 _g_CHRCNT	=	0xfaf9
                         0000FAFA   456 _g_ROMA	=	0xfafa
                         0000FAFC   457 _g_MODE	=	0xfafc
                         0000FAFD   458 _g_NORUSE	=	0xfafd
                         0000FAFE   459 _g_XSAVE	=	0xfafe
                         0000FB00   460 _g_YSAVE	=	0xfb00
                         0000FB03   461 _g_RSTMP	=	0xfb03
                         0000FB03   462 _g_TOCNT	=	0xfb03
                         0000FB04   463 _g_RSFCB	=	0xfb04
                         0000FB06   464 _g_RSIQLN	=	0xfb06
                         0000FB07   465 _g_MEXBIh	=	0xfb07
                         0000FB0C   466 _g_OLDSTT	=	0xfb0c
                         0000FB0C   467 _g_OLDINT	=	0xfb0c
                         0000FB16   468 _g_DEVNUM	=	0xfb16
                         0000FB17   469 _g_DATCNT	=	0xfb17
                         0000FB1A   470 _g_ERRORS	=	0xfb1a
                         0000FB1B   471 _g_FLAGS	=	0xfb1b
                         0000FB1C   472 _g_ESTBLS	=	0xfb1c
                         0000FB1D   473 _g_COMMSK	=	0xfb1d
                         0000FB1E   474 _g_LSTCOM	=	0xfb1e
                         0000FB1F   475 _g_LSTMOD	=	0xfb1f
                         0000FB35   476 _g_PRSCNT	=	0xfb35
                         0000FB36   477 _g_SAVSP	=	0xfb36
                         0000FB38   478 _g_VOICEN	=	0xfb38
                         0000FB39   479 _g_SAVVOL	=	0xfb39
                         0000FB3B   480 _g_MCLLEN	=	0xfb3b
                         0000FB3C   481 _g_MCLPTR	=	0xfb3c
                         0000FB3E   482 _g_QUEUEN	=	0xfb3e
                         0000FB3F   483 _g_MUSICF	=	0xfb3f
                         0000FB40   484 _g_PLYCNT	=	0xfb40
                         0000FB41   485 _g_VCBA	=	0xfb41
                         0000FB66   486 _g_VCBB	=	0xfb66
                         0000FB8B   487 _g_VCBC	=	0xfb8b
                         0000FBB0   488 _g_ENSTOP	=	0xfbb0
                         0000FBB1   489 _g_BASROM	=	0xfbb1
                         0000FBB2   490 _g_LINTTB	=	0xfbb2
                         0000FBCA   491 _g_FSTPOS	=	0xfbca
                         0000FBCC   492 _g_CODSAV	=	0xfbcc
                         0000FBCD   493 _g_FNKSWI	=	0xfbcd
                         0000FBCE   494 _g_FNKFLG	=	0xfbce
                         0000FBD8   495 _g_ONGSBF	=	0xfbd8
                         0000FBD9   496 _g_CLIKFL	=	0xfbd9
                         0000FBDA   497 _g_OLDKEY	=	0xfbda
                         0000FBE5   498 _g_NEWKEY	=	0xfbe5
                         0000FBF0   499 _g_KEYBUF	=	0xfbf0
                         0000FC18   500 _g_LINWRK	=	0xfc18
                         0000FC40   501 _g_PATWRK	=	0xfc40
                         0000FC48   502 _g_BOTTOM	=	0xfc48
                         0000FC4A   503 _g_HIMEM	=	0xfc4a
                         0000FC4C   504 _g_TRPTBL	=	0xfc4c
                         0000FC9A   505 _g_RTYCNT	=	0xfc9a
                         0000FC9B   506 _g_INTFLG	=	0xfc9b
                         0000FC9C   507 _g_PADY	=	0xfc9c
                         0000FC9D   508 _g_PADX	=	0xfc9d
                         0000FC9E   509 _g_JIFFY	=	0xfc9e
                         0000FCA0   510 _g_INTVAL	=	0xfca0
                         0000FCA2   511 _g_INTCNT	=	0xfca2
                         0000FCA4   512 _g_LOWLIM	=	0xfca4
                         0000FCA5   513 _g_WINWID	=	0xfca5
                         0000FCA6   514 _g_GRPHED	=	0xfca6
                         0000FCA7   515 _g_ESCCNT	=	0xfca7
                         0000FCA8   516 _g_INSFLG	=	0xfca8
                         0000FCA9   517 _g_CSRSW	=	0xfca9
                         0000FCAA   518 _g_CSTYLE	=	0xfcaa
                         0000FCAB   519 _g_CAPST	=	0xfcab
                         0000FCAC   520 _g_KANAST	=	0xfcac
                         0000FCAD   521 _g_KANAMD	=	0xfcad
                         0000FCAE   522 _g_FLBMEM	=	0xfcae
                         0000FCAF   523 _g_SCRMOD	=	0xfcaf
                         0000FCB0   524 _g_OLDSCR	=	0xfcb0
                         0000FCB1   525 _g_CASPRV	=	0xfcb1
                         0000FCB2   526 _g_BRDATR	=	0xfcb2
                         0000FCB3   527 _g_GXPOS	=	0xfcb3
                         0000FCB5   528 _g_GYPOS	=	0xfcb5
                         0000FCBB   529 _g_DRWFLG	=	0xfcbb
                         0000FCBC   530 _g_DRWSCL	=	0xfcbc
                         0000FCBD   531 _g_DRWANG	=	0xfcbd
                         0000FCC1   532 _g_MNROM	=	0xfcc1
                         0000FCC1   533 _g_EXPTBL	=	0xfcc1
                         0000FCC5   534 _g_SLTTBL	=	0xfcc5
                         0000FCC9   535 _g_SLTATR	=	0xfcc9
                         0000FD09   536 _g_SLTWRK	=	0xfd09
                         0000FD89   537 _g_PROCNM	=	0xfd89
                         0000FFE7   538 _g_RG08SAV	=	0xffe7
                         0000FFE8   539 _g_RG09SAV	=	0xffe8
                         0000FFE9   540 _g_RG10SAV	=	0xffe9
                         0000FFEA   541 _g_RG11SAV	=	0xffea
                         0000FFEB   542 _g_RG12SAV	=	0xffeb
                         0000FFEC   543 _g_RG13SAV	=	0xffec
                         0000FFED   544 _g_RG14SAV	=	0xffed
                         0000FFEE   545 _g_RG15SAV	=	0xffee
                         0000FFEF   546 _g_RG16SAV	=	0xffef
                         0000FFF0   547 _g_RG17SAV	=	0xfff0
                         0000FFF1   548 _g_RG18SAV	=	0xfff1
                         0000FFF2   549 _g_RG19SAV	=	0xfff2
                         0000FFF3   550 _g_RG20SAV	=	0xfff3
                         0000FFF4   551 _g_RG21SAV	=	0xfff4
                         0000FFF5   552 _g_RG22SAV	=	0xfff5
                         0000FFF6   553 _g_RG23SAV	=	0xfff6
                         0000FFF7   554 _g_MINROM	=	0xfff7
                         0000FFF8   555 _g_SVFFF8	=	0xfff8
                         0000FFFA   556 _g_RG25SAV	=	0xfffa
                         0000FFFB   557 _g_RG26SAV	=	0xfffb
                         0000FFFC   558 _g_RG27SAV	=	0xfffc
                         0000FFFD   559 _g_SVFFFD	=	0xfffd
                         00000004   560 _g_CGTABL	=	0x0004
                         00000006   561 _g_VDP_DR	=	0x0006
                         00000007   562 _g_VDP_DW	=	0x0007
                         0000002B   563 _g_BASRVN	=	0x002b
                         0000002B   564 _g_ROMVersion	=	0x002b
                         0000002D   565 _g_MSXVER	=	0x002d
                         0000002E   566 _g_MSXMID	=	0x002e
                         00000034   567 _g_CHAR_16	=	0x0034
                                    568 ;E:\Dropbox\FAUSTO\SVILUPPI\MSX\CODE\C\MSXgl\engine/src/vdp.c:189: void VDP_SetModeText1()
                                    569 ;	---------------------------------
                                    570 ; Function VDP_SetModeText1
                                    571 ; ---------------------------------
    00000029                        572 _VDP_SetModeText1::
                                    573 ;E:\Dropbox\FAUSTO\SVILUPPI\MSX\CODE\C\MSXgl\engine/src/vdp.c:191: VDP_SetModeFlag(VDP_T1_MODE);
    00000029 3E 01            [ 7]  574 	ld	a, #0x01
    0000002B CDr00r00         [17]  575 	call	_VDP_SetModeFlag
                                    576 ;E:\Dropbox\FAUSTO\SVILUPPI\MSX\CODE\C\MSXgl\engine/src/vdp.c:192: VDP_SetLayoutTable(VDP_T1_ADDR_NT);
    0000002E 11 00 00         [10]  577 	ld	de, #0x0000
    00000031 21 00 00         [10]  578 	ld	hl, #0x0000
    00000034 CDr01r05         [17]  579 	call	_VDP_SetLayoutTable
                                    580 ;E:\Dropbox\FAUSTO\SVILUPPI\MSX\CODE\C\MSXgl\engine/src/vdp.c:193: VDP_SetPatternTable(VDP_T1_ADDR_PT);
    00000037 11 00 08         [10]  581 	ld	de, #0x0800
    0000003A 21 00 00         [10]  582 	ld	hl, #0x0000
                                    583 ;E:\Dropbox\FAUSTO\SVILUPPI\MSX\CODE\C\MSXgl\engine/src/vdp.c:194: }
    0000003D C3rFDr05         [10]  584 	jp	_VDP_SetPatternTable
                                    585 ;E:\Dropbox\FAUSTO\SVILUPPI\MSX\CODE\C\MSXgl\engine/src/vdp.c:200: void VDP_SetModeMultiColor()
                                    586 ;	---------------------------------
                                    587 ; Function VDP_SetModeMultiColor
                                    588 ; ---------------------------------
    00000040                        589 _VDP_SetModeMultiColor::
                                    590 ;E:\Dropbox\FAUSTO\SVILUPPI\MSX\CODE\C\MSXgl\engine/src/vdp.c:202: VDP_SetModeFlag(VDP_MC_MODE);
    00000040 3E 02            [ 7]  591 	ld	a, #0x02
    00000042 CDr00r00         [17]  592 	call	_VDP_SetModeFlag
                                    593 ;E:\Dropbox\FAUSTO\SVILUPPI\MSX\CODE\C\MSXgl\engine/src/vdp.c:203: VDP_SetLayoutTable(VDP_MC_ADDR_NT);
    00000045 11 00 08         [10]  594 	ld	de, #0x0800
    00000048 21 00 00         [10]  595 	ld	hl, #0x0000
    0000004B CDr01r05         [17]  596 	call	_VDP_SetLayoutTable
                                    597 ;E:\Dropbox\FAUSTO\SVILUPPI\MSX\CODE\C\MSXgl\engine/src/vdp.c:204: VDP_SetPatternTable(VDP_MC_ADDR_PT);
    0000004E 11 00 00         [10]  598 	ld	de, #0x0000
    00000051 21 00 00         [10]  599 	ld	hl, #0x0000
                                    600 ;E:\Dropbox\FAUSTO\SVILUPPI\MSX\CODE\C\MSXgl\engine/src/vdp.c:209: }
    00000054 C3rFDr05         [10]  601 	jp	_VDP_SetPatternTable
                                    602 ;E:\Dropbox\FAUSTO\SVILUPPI\MSX\CODE\C\MSXgl\engine/src/vdp.c:215: void VDP_SetModeGraphic1()
                                    603 ;	---------------------------------
                                    604 ; Function VDP_SetModeGraphic1
                                    605 ; ---------------------------------
    00000057                        606 _VDP_SetModeGraphic1::
                                    607 ;E:\Dropbox\FAUSTO\SVILUPPI\MSX\CODE\C\MSXgl\engine/src/vdp.c:217: VDP_SetModeFlag(VDP_G1_MODE);
    00000057 AF               [ 4]  608 	xor	a, a
    00000058 CDr00r00         [17]  609 	call	_VDP_SetModeFlag
                                    610 ;E:\Dropbox\FAUSTO\SVILUPPI\MSX\CODE\C\MSXgl\engine/src/vdp.c:218: VDP_SetLayoutTable(VDP_G1_ADDR_NT);
    0000005B 11 00 18         [10]  611 	ld	de, #0x1800
    0000005E 21 00 00         [10]  612 	ld	hl, #0x0000
    00000061 CDr01r05         [17]  613 	call	_VDP_SetLayoutTable
                                    614 ;E:\Dropbox\FAUSTO\SVILUPPI\MSX\CODE\C\MSXgl\engine/src/vdp.c:219: VDP_SetColorTable(VDP_G1_ADDR_CT);
    00000064 11 00 20         [10]  615 	ld	de, #0x2000
    00000067 21 00 00         [10]  616 	ld	hl, #0x0000
    0000006A CDr64r05         [17]  617 	call	_VDP_SetColorTable
                                    618 ;E:\Dropbox\FAUSTO\SVILUPPI\MSX\CODE\C\MSXgl\engine/src/vdp.c:220: VDP_SetPatternTable(VDP_G1_ADDR_PT);
    0000006D 11 00 00         [10]  619 	ld	de, #0x0000
    00000070 21 00 00         [10]  620 	ld	hl, #0x0000
                                    621 ;E:\Dropbox\FAUSTO\SVILUPPI\MSX\CODE\C\MSXgl\engine/src/vdp.c:225: }
    00000073 C3rFDr05         [10]  622 	jp	_VDP_SetPatternTable
                                    623 ;E:\Dropbox\FAUSTO\SVILUPPI\MSX\CODE\C\MSXgl\engine/src/vdp.c:231: void VDP_SetModeGraphic2()
                                    624 ;	---------------------------------
                                    625 ; Function VDP_SetModeGraphic2
                                    626 ; ---------------------------------
    00000076                        627 _VDP_SetModeGraphic2::
                                    628 ;E:\Dropbox\FAUSTO\SVILUPPI\MSX\CODE\C\MSXgl\engine/src/vdp.c:233: VDP_SetModeFlag(VDP_G2_MODE);
    00000076 3E 04            [ 7]  629 	ld	a, #0x04
    00000078 CDr00r00         [17]  630 	call	_VDP_SetModeFlag
                                    631 ;E:\Dropbox\FAUSTO\SVILUPPI\MSX\CODE\C\MSXgl\engine/src/vdp.c:234: VDP_SetLayoutTable(VDP_G2_ADDR_NT);
    0000007B 11 00 18         [10]  632 	ld	de, #0x1800
    0000007E 21 00 00         [10]  633 	ld	hl, #0x0000
    00000081 CDr01r05         [17]  634 	call	_VDP_SetLayoutTable
                                    635 ;E:\Dropbox\FAUSTO\SVILUPPI\MSX\CODE\C\MSXgl\engine/src/vdp.c:235: VDP_SetColorTable(VDP_G2_ADDR_CT);
    00000084 11 00 20         [10]  636 	ld	de, #0x2000
    00000087 21 00 00         [10]  637 	ld	hl, #0x0000
    0000008A CDr64r05         [17]  638 	call	_VDP_SetColorTable
                                    639 ;E:\Dropbox\FAUSTO\SVILUPPI\MSX\CODE\C\MSXgl\engine/src/vdp.c:236: VDP_SetPatternTable(VDP_G2_ADDR_PT);
    0000008D 11 00 00         [10]  640 	ld	de, #0x0000
    00000090 21 00 00         [10]  641 	ld	hl, #0x0000
                                    642 ;E:\Dropbox\FAUSTO\SVILUPPI\MSX\CODE\C\MSXgl\engine/src/vdp.c:241: }
    00000093 C3rFDr05         [10]  643 	jp	_VDP_SetPatternTable
                                    644 ;E:\Dropbox\FAUSTO\SVILUPPI\MSX\CODE\C\MSXgl\engine/src/vdp.c:252: void VDP_ClearVRAM()
                                    645 ;	---------------------------------
                                    646 ; Function VDP_ClearVRAM
                                    647 ; ---------------------------------
    00000096                        648 _VDP_ClearVRAM::
                                    649 ;E:\Dropbox\FAUSTO\SVILUPPI\MSX\CODE\C\MSXgl\engine/src/vdp.c:258: loopx (8)
    00000096 01 00 00         [10]  650 	ld	bc, #0x0000
    00000099 11 00 00         [10]  651 	ld	de, #0x0000
    0000009C 2E 00            [ 7]  652 	ld	l, #0x00
                                    653 ;	spillPairReg hl
                                    654 ;	spillPairReg hl
    0000009E                        655 00103$:
    0000009E 7D               [ 4]  656 	ld	a, l
    0000009F D6 08            [ 7]  657 	sub	a, #0x08
    000000A1 D0               [11]  658 	ret	NC
                                    659 ;E:\Dropbox\FAUSTO\SVILUPPI\MSX\CODE\C\MSXgl\engine/src/vdp.c:260: VDP_FillVRAM(0x00, addr & 0xFFFF, addr >> 16, 0x4000); // Clear VRAM by 16 KB step
    000000A2 7B               [ 4]  660 	ld	a, e
    000000A3 C5               [11]  661 	push	bc
    000000A4 FD E1            [14]  662 	pop	iy
    000000A6 E5               [11]  663 	push	hl
    000000A7 C5               [11]  664 	push	bc
    000000A8 D5               [11]  665 	push	de
    000000A9 E5               [11]  666 	push	hl
    000000AA 21 00 40         [10]  667 	ld	hl, #0x4000
    000000AD E3               [19]  668 	ex	(sp), hl
    000000AE F5               [11]  669 	push	af
    000000AF 33               [ 6]  670 	inc	sp
    000000B0 FD E5            [15]  671 	push	iy
    000000B2 D1               [10]  672 	pop	de
    000000B3 AF               [ 4]  673 	xor	a, a
    000000B4 CDr20r02         [17]  674 	call	_VDP_FillVRAM_128K
    000000B7 D1               [10]  675 	pop	de
    000000B8 C1               [10]  676 	pop	bc
    000000B9 E1               [10]  677 	pop	hl
                                    678 ;E:\Dropbox\FAUSTO\SVILUPPI\MSX\CODE\C\MSXgl\engine/src/vdp.c:261: addr += 0x4000;
    000000BA 78               [ 4]  679 	ld	a, b
    000000BB C6 40            [ 7]  680 	add	a, #0x40
    000000BD 47               [ 4]  681 	ld	b, a
    000000BE 30 01            [12]  682 	jr	NC, 00118$
    000000C0 13               [ 6]  683 	inc	de
    000000C1                        684 00118$:
                                    685 ;E:\Dropbox\FAUSTO\SVILUPPI\MSX\CODE\C\MSXgl\engine/src/vdp.c:258: loopx (8)
    000000C1 2C               [ 4]  686 	inc	l
                                    687 ;E:\Dropbox\FAUSTO\SVILUPPI\MSX\CODE\C\MSXgl\engine/src/vdp.c:264: }
    000000C2 C3r9Er00         [10]  688 	jp	00103$
                                    689 ;E:\Dropbox\FAUSTO\SVILUPPI\MSX\CODE\C\MSXgl\engine/src/vdp.c:275: void VDP_WriteVRAM_16K(const u8* src, u16 dest, u16 count)
                                    690 ;	---------------------------------
                                    691 ; Function VDP_WriteVRAM_16K
                                    692 ; ---------------------------------
    000000C5                        693 _VDP_WriteVRAM_16K::
                                    694 ;E:\Dropbox\FAUSTO\SVILUPPI\MSX\CODE\C\MSXgl\engine/src/vdp.c:344: __endasm;
    000000C5 AF               [ 4]  695 	xor	a
    000000C6 D3 99            [11]  696 	out	(0x99), a
    000000C8 3E 8E            [ 7]  697 	ld	a, #(0x80 | 14)
    000000CA D3 99            [11]  698 	out	(0x99), a
    000000CC FD 21 02 00      [14]  699 	ld	iy, #2
    000000D0 FD 39            [15]  700 	add	iy, sp
    000000D2 7B               [ 4]  701 	ld	a, e
    000000D3 F3               [ 4]  702 	di
    000000D4 D3 99            [11]  703 	out	(0x99), a
    000000D6 7A               [ 4]  704 	ld	a, d
    000000D7 E6 3F            [ 7]  705 	and	a, #0x3F
    000000D9 F6 40            [ 7]  706 	or	a, #0x40
    000000DB FB               [ 4]  707 	ei
    000000DC D3 99            [11]  708 	out	(0x99), a
    000000DE 0E 98            [ 7]  709 	ld	c, #0x98
    000000E0 FD 7E 00         [19]  710 	ld	a, 0(iy)
    000000E3 A7               [ 4]  711 	and	a
    000000E4 CArEAr00         [10]  712 	jp	z, wrt16_loop_init
    000000E7 47               [ 4]  713 	ld	b, a
    000000E8 ED B3            [21]  714 	otir
    000000EA                        715 	 wrt16_loop_init:
    000000EA FD 7E 01         [19]  716 	ld	a, 1(iy)
    000000ED                        717 	 wrt16_loop_start:
    000000ED A7               [ 4]  718 	and	a
    000000EE CArF9r00         [10]  719 	jp	z, wrt16_loop_end
    000000F1 06 00            [ 7]  720 	ld	b, #0
    000000F3 ED B3            [21]  721 	otir
    000000F5 3D               [ 4]  722 	dec	a
    000000F6 C3rEDr00         [10]  723 	jp	wrt16_loop_start
    000000F9                        724 	 wrt16_loop_end:
                                    725 ;E:\Dropbox\FAUSTO\SVILUPPI\MSX\CODE\C\MSXgl\engine/src/vdp.c:345: }
    000000F9 E1               [10]  726 	pop	hl
    000000FA F1               [10]  727 	pop	af
    000000FB E9               [ 4]  728 	jp	(hl)
                                    729 ;E:\Dropbox\FAUSTO\SVILUPPI\MSX\CODE\C\MSXgl\engine/src/vdp.c:354: void VDP_FillVRAM_16K(u8 value, u16 dest, u16 count) __NAKED // Stack: 4 bytes
                                    730 ;	---------------------------------
                                    731 ; Function VDP_FillVRAM_16K
                                    732 ; ---------------------------------
    000000FC                        733 _VDP_FillVRAM_16K::
                                    734 ;E:\Dropbox\FAUSTO\SVILUPPI\MSX\CODE\C\MSXgl\engine/src/vdp.c:405: __endasm;
    000000FC 4F               [ 4]  735 	ld	c, a
    000000FD AF               [ 4]  736 	xor	a
    000000FE D3 99            [11]  737 	out	(0x99), a
    00000100 3E 8E            [ 7]  738 	ld	a, #(0x80 | 14)
    00000102 D3 99            [11]  739 	out	(0x99), a
    00000104 7B               [ 4]  740 	ld	a, e
    00000105 F3               [ 4]  741 	di
    00000106 D3 99            [11]  742 	out	(0x99), a
    00000108 7A               [ 4]  743 	ld	a, d
    00000109 E6 3F            [ 7]  744 	and	a, #0x3F
    0000010B F6 40            [ 7]  745 	or	a, #0x40
    0000010D D3 99            [11]  746 	out	(0x99), a
    0000010F FD E1            [14]  747 	pop	iy
    00000111 D1               [10]  748 	pop	de
    00000112 79               [ 4]  749 	ld	a, c
    00000113 43               [ 4]  750 	ld	b, e
    00000114 1B               [ 6]  751 	dec	de
    00000115 14               [ 4]  752 	inc	d
    00000116                        753 	 fll16_loop_start:
    00000116 D3 98            [11]  754 	out	(0x98), a
    00000118 10 FC            [13]  755 	djnz	fll16_loop_start
    0000011A 15               [ 4]  756 	dec	d
    0000011B C2r16r01         [10]  757 	jp	nz, fll16_loop_start
    0000011E                        758 	 fll16_loop_end:
    0000011E FB               [ 4]  759 	ei
    0000011F FD E9            [ 8]  760 	jp	(iy)
                                    761 ;E:\Dropbox\FAUSTO\SVILUPPI\MSX\CODE\C\MSXgl\engine/src/vdp.c:406: }
                                    762 ;E:\Dropbox\FAUSTO\SVILUPPI\MSX\CODE\C\MSXgl\engine/src/vdp.c:519: void VDP_ReadVRAM_16K(u16 src, u8* dest, u16 count)
                                    763 ;	---------------------------------
                                    764 ; Function VDP_ReadVRAM_16K
                                    765 ; ---------------------------------
    00000121                        766 _VDP_ReadVRAM_16K::
                                    767 ;E:\Dropbox\FAUSTO\SVILUPPI\MSX\CODE\C\MSXgl\engine/src/vdp.c:589: __endasm;
    00000121 AF               [ 4]  768 	xor	a
    00000122 D3 99            [11]  769 	out	(0x99), a
    00000124 3E 8E            [ 7]  770 	ld	a, #(0x80 | 14)
    00000126 D3 99            [11]  771 	out	(0x99), a
    00000128 FD 21 02 00      [14]  772 	ld	iy, #2
    0000012C FD 39            [15]  773 	add	iy, sp
    0000012E 7D               [ 4]  774 	ld	a, l
    0000012F F3               [ 4]  775 	di
    00000130 D3 99            [11]  776 	out	(0x99), a
    00000132 7C               [ 4]  777 	ld	a, h
    00000133 E6 3F            [ 7]  778 	and	a, #0x3F
    00000135 FB               [ 4]  779 	ei
    00000136 D3 99            [11]  780 	out	(0x99), a
    00000138 EB               [ 4]  781 	ex	de, hl
    00000139 0E 98            [ 7]  782 	ld	c, #0x98
    0000013B FD 7E 00         [19]  783 	ld	a, 0(iy)
    0000013E A7               [ 4]  784 	and	a
    0000013F CAr45r01         [10]  785 	jp	z, rd16_loop_init
    00000142 47               [ 4]  786 	ld	b, a
    00000143 ED B2            [21]  787 	inir
    00000145                        788 	 rd16_loop_init:
    00000145 FD 7E 01         [19]  789 	ld	a, 1(iy)
    00000148                        790 	 rd16_loop_start:
    00000148 A7               [ 4]  791 	and	a
    00000149 CAr54r01         [10]  792 	jp	z, rd16_loop_end
    0000014C 06 00            [ 7]  793 	ld	b, #0
    0000014E ED B2            [21]  794 	inir
    00000150 3D               [ 4]  795 	dec	a
    00000151 C3r48r01         [10]  796 	jp	rd16_loop_start
    00000154                        797 	 rd16_loop_end:
                                    798 ;E:\Dropbox\FAUSTO\SVILUPPI\MSX\CODE\C\MSXgl\engine/src/vdp.c:590: }
    00000154 E1               [10]  799 	pop	hl
    00000155 F1               [10]  800 	pop	af
    00000156 E9               [ 4]  801 	jp	(hl)
                                    802 ;E:\Dropbox\FAUSTO\SVILUPPI\MSX\CODE\C\MSXgl\engine/src/vdp.c:600: u8 VDP_Peek_16K(u16 dest) __NAKED __PRESERVES(b, c, d, e, iyl, iyh)
                                    803 ;	---------------------------------
                                    804 ; Function VDP_Peek_16K
                                    805 ; ---------------------------------
    00000157                        806 _VDP_Peek_16K::
                                    807 ;E:\Dropbox\FAUSTO\SVILUPPI\MSX\CODE\C\MSXgl\engine/src/vdp.c:636: __endasm;
    00000157 AF               [ 4]  808 	xor	a
    00000158 D3 99            [11]  809 	out	(0x99), a
    0000015A 3E 8E            [ 7]  810 	ld	a, #(0x80 | 14)
    0000015C D3 99            [11]  811 	out	(0x99), a
    0000015E 7D               [ 4]  812 	ld	a, l
    0000015F F3               [ 4]  813 	di
    00000160 D3 99            [11]  814 	out	(0x99), a
    00000162 7C               [ 4]  815 	ld	a, h
    00000163 E6 3F            [ 7]  816 	and	a, #0x3F
    00000165 D3 99            [11]  817 	out	(0x99), a
    00000167 00               [ 4]  818 	nop
    00000168 FB               [ 4]  819 	ei
    00000169 DB 98            [11]  820 	in	a, (0x98)
    0000016B C9               [10]  821 	ret
                                    822 ;E:\Dropbox\FAUSTO\SVILUPPI\MSX\CODE\C\MSXgl\engine/src/vdp.c:637: }
                                    823 ;E:\Dropbox\FAUSTO\SVILUPPI\MSX\CODE\C\MSXgl\engine/src/vdp.c:645: void VDP_Poke_16K(u8 val, u16 dest) __PRESERVES(c, h, l, iyl, iyh)
                                    824 ;	---------------------------------
                                    825 ; Function VDP_Poke_16K
                                    826 ; ---------------------------------
    0000016C                        827 _VDP_Poke_16K::
                                    828 ;E:\Dropbox\FAUSTO\SVILUPPI\MSX\CODE\C\MSXgl\engine/src/vdp.c:682: __endasm;
    0000016C 47               [ 4]  829 	ld	b, a
    0000016D AF               [ 4]  830 	xor	a
    0000016E D3 99            [11]  831 	out	(0x99), a
    00000170 3E 8E            [ 7]  832 	ld	a, #(0x80 | 14)
    00000172 D3 99            [11]  833 	out	(0x99), a
    00000174 7B               [ 4]  834 	ld	a, e
    00000175 F3               [ 4]  835 	di
    00000176 D3 99            [11]  836 	out	(0x99), a
    00000178 7A               [ 4]  837 	ld	a, d
    00000179 E6 3F            [ 7]  838 	and	a, #0x3F
    0000017B F6 40            [ 7]  839 	or	a, #0x40
    0000017D D3 99            [11]  840 	out	(0x99), a
    0000017F 78               [ 4]  841 	ld	a, b
    00000180 FB               [ 4]  842 	ei
    00000181 D3 98            [11]  843 	out	(0x98), a
                                    844 ;E:\Dropbox\FAUSTO\SVILUPPI\MSX\CODE\C\MSXgl\engine/src/vdp.c:683: }
    00000183 C9               [10]  845 	ret
                                    846 ;E:\Dropbox\FAUSTO\SVILUPPI\MSX\CODE\C\MSXgl\engine/src/vdp.c:809: void VDP_SetModeGraphic4()
                                    847 ;	---------------------------------
                                    848 ; Function VDP_SetModeGraphic4
                                    849 ; ---------------------------------
    00000184                        850 _VDP_SetModeGraphic4::
                                    851 ;E:\Dropbox\FAUSTO\SVILUPPI\MSX\CODE\C\MSXgl\engine/src/vdp.c:811: VDP_SetModeFlag(VDP_G4_MODE);
    00000184 3E 0C            [ 7]  852 	ld	a, #0x0c
    00000186 CDr00r00         [17]  853 	call	_VDP_SetModeFlag
                                    854 ;E:\Dropbox\FAUSTO\SVILUPPI\MSX\CODE\C\MSXgl\engine/src/vdp.c:812: VDP_SetLayoutTable(VDP_G4_ADDR_NT);
    00000189 11 00 00         [10]  855 	ld	de, #0x0000
    0000018C 21 00 00         [10]  856 	ld	hl, #0x0000
                                    857 ;E:\Dropbox\FAUSTO\SVILUPPI\MSX\CODE\C\MSXgl\engine/src/vdp.c:817: }
    0000018F C3r01r05         [10]  858 	jp	_VDP_SetLayoutTable
                                    859 ;E:\Dropbox\FAUSTO\SVILUPPI\MSX\CODE\C\MSXgl\engine/src/vdp.c:851: void VDP_SetModeGraphic7()
                                    860 ;	---------------------------------
                                    861 ; Function VDP_SetModeGraphic7
                                    862 ; ---------------------------------
    00000192                        863 _VDP_SetModeGraphic7::
                                    864 ;E:\Dropbox\FAUSTO\SVILUPPI\MSX\CODE\C\MSXgl\engine/src/vdp.c:853: VDP_SetModeFlag(VDP_G7_MODE);
    00000192 3E 1C            [ 7]  865 	ld	a, #0x1c
    00000194 CDr00r00         [17]  866 	call	_VDP_SetModeFlag
                                    867 ;E:\Dropbox\FAUSTO\SVILUPPI\MSX\CODE\C\MSXgl\engine/src/vdp.c:854: VDP_SetLayoutTable(VDP_G7_ADDR_NT);
    00000197 11 00 00         [10]  868 	ld	de, #0x0000
    0000019A 21 00 00         [10]  869 	ld	hl, #0x0000
                                    870 ;E:\Dropbox\FAUSTO\SVILUPPI\MSX\CODE\C\MSXgl\engine/src/vdp.c:859: }
    0000019D C3r01r05         [10]  871 	jp	_VDP_SetLayoutTable
                                    872 ;E:\Dropbox\FAUSTO\SVILUPPI\MSX\CODE\C\MSXgl\engine/src/vdp.c:873: u8 VDP_ReadStatus(u8 stat) __NAKED __PRESERVES(b, c, d, e, h, iyl, iyh)
                                    873 ;	---------------------------------
                                    874 ; Function VDP_ReadStatus
                                    875 ; ---------------------------------
    000001A0                        876 _VDP_ReadStatus::
                                    877 ;E:\Dropbox\FAUSTO\SVILUPPI\MSX\CODE\C\MSXgl\engine/src/vdp.c:901: __endasm;
    000001A0 F3               [ 4]  878 	di
    000001A1 D3 99            [11]  879 	out	(0x99), a
    000001A3 3E 8F            [ 7]  880 	ld	a, #(0x80 | 15)
    000001A5 D3 99            [11]  881 	out	(0x99), a
    000001A7 DB 99            [11]  882 	in	a, (0x99)
    000001A9 6F               [ 4]  883 	ld	l, a
    000001AA AF               [ 4]  884 	xor	a
    000001AB D3 99            [11]  885 	out	(0x99), a
    000001AD 3E 8F            [ 7]  886 	ld	a, #(0x80 | 15)
    000001AF FB               [ 4]  887 	ei
    000001B0 D3 99            [11]  888 	out	(0x99),a
    000001B2 7D               [ 4]  889 	ld	a, l
    000001B3 C9               [10]  890 	ret
                                    891 ;E:\Dropbox\FAUSTO\SVILUPPI\MSX\CODE\C\MSXgl\engine/src/vdp.c:902: }
                                    892 ;E:\Dropbox\FAUSTO\SVILUPPI\MSX\CODE\C\MSXgl\engine/src/vdp.c:906: void VDP_SetAdjustOffset(u8 offset)
                                    893 ;	---------------------------------
                                    894 ; Function VDP_SetAdjustOffset
                                    895 ; ---------------------------------
    000001B4                        896 _VDP_SetAdjustOffset::
    000001B4 4F               [ 4]  897 	ld	c, a
                                    898 ;E:\Dropbox\FAUSTO\SVILUPPI\MSX\CODE\C\MSXgl\engine/src/vdp.c:909: VDP_CommandWait(); // @todo Check if it's really needed. Cf. https://www.msx.org/wiki/VDP_Display_Registers#Control_Register_18
    000001B5 CDrF1r02         [17]  899 	call	_VDP_CommandWait
                                    900 ;E:\Dropbox\FAUSTO\SVILUPPI\MSX\CODE\C\MSXgl\engine/src/vdp.c:911: VDP_RegWrite(18, offset);
    000001B8 69               [ 4]  901 	ld	l, c
                                    902 ;	spillPairReg hl
                                    903 ;	spillPairReg hl
    000001B9 3E 12            [ 7]  904 	ld	a, #0x12
                                    905 ;E:\Dropbox\FAUSTO\SVILUPPI\MSX\CODE\C\MSXgl\engine/src/vdp.c:912: }
    000001BB C3rB2r04         [10]  906 	jp	_VDP_RegWrite
                                    907 ;E:\Dropbox\FAUSTO\SVILUPPI\MSX\CODE\C\MSXgl\engine/src/vdp.c:918: void VDP_SetPalette(const u8* pal) __FASTCALL __PRESERVES(d, e, iyl, iyh)
                                    908 ;	---------------------------------
                                    909 ; Function VDP_SetPalette
                                    910 ; ---------------------------------
    000001BE                        911 _VDP_SetPalette::
                                    912 ;E:\Dropbox\FAUSTO\SVILUPPI\MSX\CODE\C\MSXgl\engine/src/vdp.c:942: __endasm;
    000001BE AF               [ 4]  913 	xor	a
    000001BF F3               [ 4]  914 	di
    000001C0 D3 99            [11]  915 	out	(0x99), a
    000001C2 3E 90            [ 7]  916 	ld	a, #(0x80 | 16)
    000001C4 FB               [ 4]  917 	ei
    000001C5 D3 99            [11]  918 	out	(0x99), a
    000001C7 0E 9A            [ 7]  919 	ld	c, #0x9A
    000001C9 06 20            [ 7]  920 	ld	b, #32
    000001CB ED B3            [21]  921 	otir
                                    922 ;E:\Dropbox\FAUSTO\SVILUPPI\MSX\CODE\C\MSXgl\engine/src/vdp.c:943: }
    000001CD C9               [10]  923 	ret
                                    924 ;E:\Dropbox\FAUSTO\SVILUPPI\MSX\CODE\C\MSXgl\engine/src/vdp.c:969: void VDP_SetPaletteEntry(u8 index, u16 color)
                                    925 ;	---------------------------------
                                    926 ; Function VDP_SetPaletteEntry
                                    927 ; ---------------------------------
    000001CE                        928 _VDP_SetPaletteEntry::
                                    929 ;E:\Dropbox\FAUSTO\SVILUPPI\MSX\CODE\C\MSXgl\engine/src/vdp.c:983: __endasm;
    000001CE F3               [ 4]  930 	di
    000001CF D3 99            [11]  931 	out	(_g_VDP_RegPort), a
    000001D1 3E 90            [ 7]  932 	ld	a, #(0x80 | 16)
    000001D3 D3 99            [11]  933 	out	(_g_VDP_RegPort), a
    000001D5 7B               [ 4]  934 	ld	a, e
    000001D6 D3 9A            [11]  935 	out	(_g_VDP_PalPort), a
    000001D8 7A               [ 4]  936 	ld	a, d
    000001D9 FB               [ 4]  937 	ei
    000001DA D3 9A            [11]  938 	out	(_g_VDP_PalPort), a
                                    939 ;E:\Dropbox\FAUSTO\SVILUPPI\MSX\CODE\C\MSXgl\engine/src/vdp.c:984: }
    000001DC C9               [10]  940 	ret
                                    941 ;E:\Dropbox\FAUSTO\SVILUPPI\MSX\CODE\C\MSXgl\engine/src/vdp.c:1002: void VDP_WriteVRAM_128K(const u8* src, u16 destLow, u8 destHigh, u16 count)
                                    942 ;	---------------------------------
                                    943 ; Function VDP_WriteVRAM_128K
                                    944 ; ---------------------------------
    000001DD                        945 _VDP_WriteVRAM_128K::
                                    946 ;E:\Dropbox\FAUSTO\SVILUPPI\MSX\CODE\C\MSXgl\engine/src/vdp.c:1054: __endasm;
    000001DD FD 21 02 00      [14]  947 	ld	iy, #2
    000001E1 FD 39            [15]  948 	add	iy, sp
    000001E3 FD 7E 00         [19]  949 	ld	a, 0(iy)
    000001E6 87               [ 4]  950 	add	a, a
    000001E7 87               [ 4]  951 	add	a, a
    000001E8 4F               [ 4]  952 	ld	c, a
    000001E9 7A               [ 4]  953 	ld	a, d
    000001EA 07               [ 4]  954 	rlca
    000001EB 07               [ 4]  955 	rlca
    000001EC E6 03            [ 7]  956 	and	a, #0x03
    000001EE 81               [ 4]  957 	add	a, c
    000001EF F3               [ 4]  958 	di
    000001F0 D3 99            [11]  959 	out	(0x99), a
    000001F2 3E 8E            [ 7]  960 	ld	a, #(0x80 | 14)
    000001F4 D3 99            [11]  961 	out	(0x99), a
    000001F6 7B               [ 4]  962 	ld	a, e
    000001F7 D3 99            [11]  963 	out	(0x99), a
    000001F9 7A               [ 4]  964 	ld	a, d
    000001FA E6 3F            [ 7]  965 	and	a, #0x3F
    000001FC F6 40            [ 7]  966 	or	a, #0x40
    000001FE FB               [ 4]  967 	ei
    000001FF D3 99            [11]  968 	out	(0x99), a
    00000201 0E 98            [ 7]  969 	ld	c, #0x98
    00000203 FD 7E 01         [19]  970 	ld	a, 1(iy)
    00000206 A7               [ 4]  971 	and	a
    00000207 CAr0Dr02         [10]  972 	jp	z, wrt_loop_init
    0000020A 47               [ 4]  973 	ld	b, a
    0000020B ED B3            [21]  974 	otir
    0000020D                        975 	 wrt_loop_init:
    0000020D FD 7E 02         [19]  976 	ld	a, 2(iy)
    00000210                        977 	 wrt_loop_start:
    00000210 A7               [ 4]  978 	and	a
    00000211 CAr1Cr02         [10]  979 	jp	z, wrt_loop_end
    00000214 06 00            [ 7]  980 	ld	b, #0
    00000216 ED B3            [21]  981 	otir
    00000218 3D               [ 4]  982 	dec	a
    00000219 C3r10r02         [10]  983 	jp	wrt_loop_start
    0000021C                        984 	 wrt_loop_end:
                                    985 ;E:\Dropbox\FAUSTO\SVILUPPI\MSX\CODE\C\MSXgl\engine/src/vdp.c:1055: }
    0000021C E1               [10]  986 	pop	hl
    0000021D F1               [10]  987 	pop	af
    0000021E 33               [ 6]  988 	inc	sp
    0000021F E9               [ 4]  989 	jp	(hl)
                                    990 ;E:\Dropbox\FAUSTO\SVILUPPI\MSX\CODE\C\MSXgl\engine/src/vdp.c:1065: void VDP_FillVRAM_128K(u8 value, u16 destLow, u8 destHigh, u16 count)
                                    991 ;	---------------------------------
                                    992 ; Function VDP_FillVRAM_128K
                                    993 ; ---------------------------------
    00000220                        994 _VDP_FillVRAM_128K::
                                    995 ;E:\Dropbox\FAUSTO\SVILUPPI\MSX\CODE\C\MSXgl\engine/src/vdp.c:1113: __endasm;
    00000220 47               [ 4]  996 	ld	b, a
    00000221 FD 21 02 00      [14]  997 	ld	iy, #2
    00000225 FD 39            [15]  998 	add	iy, sp
    00000227 FD 7E 00         [19]  999 	ld	a, 0(iy)
    0000022A 87               [ 4] 1000 	add	a, a
    0000022B 87               [ 4] 1001 	add	a, a
    0000022C 4F               [ 4] 1002 	ld	c, a
    0000022D 7A               [ 4] 1003 	ld	a, d
    0000022E 07               [ 4] 1004 	rlca
    0000022F 07               [ 4] 1005 	rlca
    00000230 E6 03            [ 7] 1006 	and	a, #0x03
    00000232 81               [ 4] 1007 	add	a, c
    00000233 F3               [ 4] 1008 	di
    00000234 D3 99            [11] 1009 	out	(0x99), a
    00000236 3E 8E            [ 7] 1010 	ld	a, #(0x80 | 14)
    00000238 D3 99            [11] 1011 	out	(0x99), a
    0000023A 7B               [ 4] 1012 	ld	a, e
    0000023B D3 99            [11] 1013 	out	(0x99), a
    0000023D 7A               [ 4] 1014 	ld	a, d
    0000023E E6 3F            [ 7] 1015 	and	a, #0x3F
    00000240 F6 40            [ 7] 1016 	or	a, #0x40
    00000242 FB               [ 4] 1017 	ei
    00000243 D3 99            [11] 1018 	out	(0x99), a
    00000245 FD 5E 01         [19] 1019 	ld	e, 1(iy)
    00000248 FD 56 02         [19] 1020 	ld	d, 2(iy)
    0000024B 78               [ 4] 1021 	ld	a, b
    0000024C 43               [ 4] 1022 	ld	b, e
    0000024D 1B               [ 6] 1023 	dec	de
    0000024E 14               [ 4] 1024 	inc	d
    0000024F                       1025 	 fll_loop_start:
    0000024F D3 98            [11] 1026 	out	(0x98), a
    00000251 10 FC            [13] 1027 	djnz	fll_loop_start
    00000253 15               [ 4] 1028 	dec	d
    00000254 C2r4Fr02         [10] 1029 	jp	nz, fll_loop_start
    00000257                       1030 	 fll_loop_end:
                                   1031 ;E:\Dropbox\FAUSTO\SVILUPPI\MSX\CODE\C\MSXgl\engine/src/vdp.c:1114: }
    00000257 E1               [10] 1032 	pop	hl
    00000258 F1               [10] 1033 	pop	af
    00000259 33               [ 6] 1034 	inc	sp
    0000025A E9               [ 4] 1035 	jp	(hl)
                                   1036 ;E:\Dropbox\FAUSTO\SVILUPPI\MSX\CODE\C\MSXgl\engine/src/vdp.c:1122: void VDP_ReadVRAM_128K(u16 srcLow, u8 srcHigh, u8* dest, u16 count)
                                   1037 ;	---------------------------------
                                   1038 ; Function VDP_ReadVRAM_128K
                                   1039 ; ---------------------------------
    0000025B                       1040 _VDP_ReadVRAM_128K::
                                   1041 ;E:\Dropbox\FAUSTO\SVILUPPI\MSX\CODE\C\MSXgl\engine/src/vdp.c:1175: __endasm;
    0000025B FD 21 02 00      [14] 1042 	ld	iy, #2
    0000025F FD 39            [15] 1043 	add	iy, sp
    00000261 FD 7E 00         [19] 1044 	ld	a, 0(iy)
    00000264 87               [ 4] 1045 	add	a, a
    00000265 87               [ 4] 1046 	add	a, a
    00000266 4F               [ 4] 1047 	ld	c, a
    00000267 7C               [ 4] 1048 	ld	a, h
    00000268 07               [ 4] 1049 	rlca
    00000269 07               [ 4] 1050 	rlca
    0000026A E6 03            [ 7] 1051 	and	a, #0x03
    0000026C 81               [ 4] 1052 	add	a, c
    0000026D F3               [ 4] 1053 	di
    0000026E D3 99            [11] 1054 	out	(0x99), a
    00000270 3E 8E            [ 7] 1055 	ld	a, #(0x80 | 14)
    00000272 D3 99            [11] 1056 	out	(0x99), a
    00000274 7D               [ 4] 1057 	ld	a, l
    00000275 D3 99            [11] 1058 	out	(0x99), a
    00000277 7C               [ 4] 1059 	ld	a, h
    00000278 E6 3F            [ 7] 1060 	and	a, #0x3F
    0000027A FB               [ 4] 1061 	ei
    0000027B D3 99            [11] 1062 	out	(0x99), a
    0000027D FD 6E 01         [19] 1063 	ld	l, 1(iy)
    00000280 FD 66 02         [19] 1064 	ld	h, 2(iy)
    00000283 0E 98            [ 7] 1065 	ld	c, #0x98
    00000285 FD 7E 03         [19] 1066 	ld	a, 3(iy)
    00000288 A7               [ 4] 1067 	and	a
    00000289 CAr8Fr02         [10] 1068 	jp	z, rd_loop_init
    0000028C 47               [ 4] 1069 	ld	b, a
    0000028D ED B2            [21] 1070 	inir
    0000028F                       1071 	 rd_loop_init:
    0000028F FD 7E 04         [19] 1072 	ld	a, 4(iy)
    00000292                       1073 	 rd_loop_start:
    00000292 A7               [ 4] 1074 	and	a
    00000293 CAr9Er02         [10] 1075 	jp	z, rd_loop_end
    00000296 06 00            [ 7] 1076 	ld	b, #0
    00000298 ED B2            [21] 1077 	inir
    0000029A 3D               [ 4] 1078 	dec	a
    0000029B C3r92r02         [10] 1079 	jp	rd_loop_start
    0000029E                       1080 	 rd_loop_end:
                                   1081 ;E:\Dropbox\FAUSTO\SVILUPPI\MSX\CODE\C\MSXgl\engine/src/vdp.c:1176: }
    0000029E E1               [10] 1082 	pop	hl
    0000029F F1               [10] 1083 	pop	af
    000002A0 F1               [10] 1084 	pop	af
    000002A1 33               [ 6] 1085 	inc	sp
    000002A2 E9               [ 4] 1086 	jp	(hl)
                                   1087 ;E:\Dropbox\FAUSTO\SVILUPPI\MSX\CODE\C\MSXgl\engine/src/vdp.c:1185: void VDP_Poke_128K(u8 val, u16 destLow, u8 destHigh)
                                   1088 ;	---------------------------------
                                   1089 ; Function VDP_Poke_128K
                                   1090 ; ---------------------------------
    000002A3                       1091 _VDP_Poke_128K::
                                   1092 ;E:\Dropbox\FAUSTO\SVILUPPI\MSX\CODE\C\MSXgl\engine/src/vdp.c:1227: __endasm;
    000002A3 47               [ 4] 1093 	ld	b, a
    000002A4 FD 21 02 00      [14] 1094 	ld	iy, #2
    000002A8 FD 39            [15] 1095 	add	iy, sp
    000002AA FD 7E 00         [19] 1096 	ld	a, 0(iy)
    000002AD 87               [ 4] 1097 	add	a, a
    000002AE 87               [ 4] 1098 	add	a, a
    000002AF 4F               [ 4] 1099 	ld	c, a
    000002B0 7A               [ 4] 1100 	ld	a, d
    000002B1 07               [ 4] 1101 	rlca
    000002B2 07               [ 4] 1102 	rlca
    000002B3 E6 03            [ 7] 1103 	and	a, #0x03
    000002B5 81               [ 4] 1104 	add	a, c
    000002B6 F3               [ 4] 1105 	di
    000002B7 D3 99            [11] 1106 	out	(0x99), a
    000002B9 3E 8E            [ 7] 1107 	ld	a, #(0x80 | 14)
    000002BB D3 99            [11] 1108 	out	(0x99), a
    000002BD 7B               [ 4] 1109 	ld	a, e
    000002BE D3 99            [11] 1110 	out	(0x99), a
    000002C0 7A               [ 4] 1111 	ld	a, d
    000002C1 E6 3F            [ 7] 1112 	and	a, #0x3F
    000002C3 F6 40            [ 7] 1113 	or	a, #0x40
    000002C5 D3 99            [11] 1114 	out	(0x99), a
    000002C7 78               [ 4] 1115 	ld	a, b
    000002C8 FB               [ 4] 1116 	ei
    000002C9 D3 98            [11] 1117 	out	(0x98), a
                                   1118 ;E:\Dropbox\FAUSTO\SVILUPPI\MSX\CODE\C\MSXgl\engine/src/vdp.c:1228: }
    000002CB E1               [10] 1119 	pop	hl
    000002CC 33               [ 6] 1120 	inc	sp
    000002CD E9               [ 4] 1121 	jp	(hl)
                                   1122 ;E:\Dropbox\FAUSTO\SVILUPPI\MSX\CODE\C\MSXgl\engine/src/vdp.c:1239: u8 VDP_Peek_128K(u16 srcLow, u8 srcHigh) __NAKED
                                   1123 ;	---------------------------------
                                   1124 ; Function VDP_Peek_128K
                                   1125 ; ---------------------------------
    000002CE                       1126 _VDP_Peek_128K::
                                   1127 ;E:\Dropbox\FAUSTO\SVILUPPI\MSX\CODE\C\MSXgl\engine/src/vdp.c:1284: __endasm;
    000002CE FD E1            [14] 1128 	pop	iy
    000002D0 3B               [ 6] 1129 	dec	sp
    000002D1 D1               [10] 1130 	pop	de
    000002D2 7A               [ 4] 1131 	ld	a, d
    000002D3 87               [ 4] 1132 	add	a, a
    000002D4 87               [ 4] 1133 	add	a, a
    000002D5 4F               [ 4] 1134 	ld	c, a
    000002D6 7C               [ 4] 1135 	ld	a, h
    000002D7 07               [ 4] 1136 	rlca
    000002D8 07               [ 4] 1137 	rlca
    000002D9 E6 03            [ 7] 1138 	and	a, #0x03
    000002DB 81               [ 4] 1139 	add	a, c
    000002DC F3               [ 4] 1140 	di
    000002DD D3 99            [11] 1141 	out	(0x99), a
    000002DF 3E 8E            [ 7] 1142 	ld	a, #(0x80 | 14)
    000002E1 D3 99            [11] 1143 	out	(0x99), a
    000002E3 7D               [ 4] 1144 	ld	a, l
    000002E4 D3 99            [11] 1145 	out	(0x99), a
    000002E6 7C               [ 4] 1146 	ld	a, h
    000002E7 E6 3F            [ 7] 1147 	and	a, #0x3F
    000002E9 D3 99            [11] 1148 	out	(0x99), a
    000002EB 00               [ 4] 1149 	nop
    000002EC FB               [ 4] 1150 	ei
    000002ED DB 98            [11] 1151 	in	a, (0x98)
    000002EF FD E9            [ 8] 1152 	jp	(iy)
                                   1153 ;E:\Dropbox\FAUSTO\SVILUPPI\MSX\CODE\C\MSXgl\engine/src/vdp.c:1285: }
                                   1154 ;E:\Dropbox\FAUSTO\SVILUPPI\MSX\CODE\C\MSXgl\engine/src/vdp.c:1303: void VDP_CommandWait() __PRESERVES(b, c, d, e, h, l, iyl, iyh)
                                   1155 ;	---------------------------------
                                   1156 ; Function VDP_CommandWait
                                   1157 ; ---------------------------------
    000002F1                       1158 _VDP_CommandWait::
                                   1159 ;E:\Dropbox\FAUSTO\SVILUPPI\MSX\CODE\C\MSXgl\engine/src/vdp.c:1334: __endasm;
    000002F1                       1160 	 wait_vdp_ready:
    000002F1 3E 02            [ 7] 1161 	ld	a, #2
    000002F3 F3               [ 4] 1162 	di
    000002F4 D3 99            [11] 1163 	out	(0x99), a
    000002F6 3E 8F            [ 7] 1164 	ld	a, #(0x80 | 15)
    000002F8 D3 99            [11] 1165 	out	(0x99), a
    000002FA DB 99            [11] 1166 	in	a, (0x99)
    000002FC 1F               [ 4] 1167 	rra
    000002FD 3E 00            [ 7] 1168 	ld	a, #0
    000002FF D3 99            [11] 1169 	out	(0x99), a
    00000301 3E 8F            [ 7] 1170 	ld	a, #(0x80 | 15)
    00000303 FB               [ 4] 1171 	ei
    00000304 D3 99            [11] 1172 	out	(0x99), a
    00000306 DArF1r02         [10] 1173 	jp	c, wait_vdp_ready
                                   1174 ;E:\Dropbox\FAUSTO\SVILUPPI\MSX\CODE\C\MSXgl\engine/src/vdp.c:1335: }
    00000309 C9               [10] 1175 	ret
                                   1176 ;E:\Dropbox\FAUSTO\SVILUPPI\MSX\CODE\C\MSXgl\engine/src/vdp.c:1339: void VDP_CommandSetupR32()
                                   1177 ;	---------------------------------
                                   1178 ; Function VDP_CommandSetupR32
                                   1179 ; ---------------------------------
    0000030A                       1180 _VDP_CommandSetupR32::
                                   1181 ;E:\Dropbox\FAUSTO\SVILUPPI\MSX\CODE\C\MSXgl\engine/src/vdp.c:1341: VDP_CommandWait();
    0000030A CDrF1r02         [17] 1182 	call	_VDP_CommandWait
                                   1183 ;E:\Dropbox\FAUSTO\SVILUPPI\MSX\CODE\C\MSXgl\engine/src/vdp.c:1342: ASM_REG_WRITE_INC(g_VDP_Command, 32, 15);
    0000030D 3E 20            [ 7] 1184 	ld a, #(32) 
    0000030F F3               [ 4] 1185 	di 
    00000310 D3 99            [11] 1186 	out (0x99), a 
    00000312 3E 91            [ 7] 1187 	ld a, #((0x80 | 17)) 
    00000314 FB               [ 4] 1188 	ei 
    00000315 D3 99            [11] 1189 	out (0x99), a 
    00000317 21r1Er00         [10] 1190 	ld hl, #(_g_VDP_Command) 
    0000031A 0E 9B            [ 7] 1191 	ld c, #(0x9B) 
    0000031C F3               [ 4] 1192 	di 
                                   1193 	.rept 15 -1 
                                   1194 	outi 
                                   1195 	.endm 
    0000031D ED A3            [16]    1 	outi 
    0000031F ED A3            [16]    1 	outi 
    00000321 ED A3            [16]    1 	outi 
    00000323 ED A3            [16]    1 	outi 
    00000325 ED A3            [16]    1 	outi 
    00000327 ED A3            [16]    1 	outi 
    00000329 ED A3            [16]    1 	outi 
    0000032B ED A3            [16]    1 	outi 
    0000032D ED A3            [16]    1 	outi 
    0000032F ED A3            [16]    1 	outi 
    00000331 ED A3            [16]    1 	outi 
    00000333 ED A3            [16]    1 	outi 
    00000335 ED A3            [16]    1 	outi 
    00000337 ED A3            [16]    1 	outi 
    00000339 FB               [ 4] 1196 	ei 
    0000033A ED A3            [16] 1197 	outi ; 'ei' included 
                                   1198 ;E:\Dropbox\FAUSTO\SVILUPPI\MSX\CODE\C\MSXgl\engine/src/vdp.c:1343: }
    0000033C C9               [10] 1199 	ret
                                   1200 ;E:\Dropbox\FAUSTO\SVILUPPI\MSX\CODE\C\MSXgl\engine/src/vdp.c:1347: void VDP_CommandSetupR36()
                                   1201 ;	---------------------------------
                                   1202 ; Function VDP_CommandSetupR36
                                   1203 ; ---------------------------------
    0000033D                       1204 _VDP_CommandSetupR36::
                                   1205 ;E:\Dropbox\FAUSTO\SVILUPPI\MSX\CODE\C\MSXgl\engine/src/vdp.c:1349: VDP_CommandWait();
    0000033D CDrF1r02         [17] 1206 	call	_VDP_CommandWait
                                   1207 ;E:\Dropbox\FAUSTO\SVILUPPI\MSX\CODE\C\MSXgl\engine/src/vdp.c:1350: ASM_REG_WRITE_INC(g_VDP_Command + 4, 36, 11);
    00000340 3E 24            [ 7] 1208 	ld a, #(36) 
    00000342 F3               [ 4] 1209 	di 
    00000343 D3 99            [11] 1210 	out (0x99), a 
    00000345 3E 91            [ 7] 1211 	ld a, #((0x80 | 17)) 
    00000347 FB               [ 4] 1212 	ei 
    00000348 D3 99            [11] 1213 	out (0x99), a 
    0000034A 21r22r00         [10] 1214 	ld hl, #(_g_VDP_Command + 4) 
    0000034D 0E 9B            [ 7] 1215 	ld c, #(0x9B) 
    0000034F F3               [ 4] 1216 	di 
                                   1217 	.rept 11 -1 
                                   1218 	outi 
                                   1219 	.endm 
    00000350 ED A3            [16]    1 	outi 
    00000352 ED A3            [16]    1 	outi 
    00000354 ED A3            [16]    1 	outi 
    00000356 ED A3            [16]    1 	outi 
    00000358 ED A3            [16]    1 	outi 
    0000035A ED A3            [16]    1 	outi 
    0000035C ED A3            [16]    1 	outi 
    0000035E ED A3            [16]    1 	outi 
    00000360 ED A3            [16]    1 	outi 
    00000362 ED A3            [16]    1 	outi 
    00000364 FB               [ 4] 1220 	ei 
    00000365 ED A3            [16] 1221 	outi ; 'ei' included 
                                   1222 ;E:\Dropbox\FAUSTO\SVILUPPI\MSX\CODE\C\MSXgl\engine/src/vdp.c:1351: }
    00000367 C9               [10] 1223 	ret
                                   1224 ;E:\Dropbox\FAUSTO\SVILUPPI\MSX\CODE\C\MSXgl\engine/src/vdp.c:1357: void VDP_CommandWriteLoop(const u8* addr) __FASTCALL __PRESERVES(d, e, iyl, iyh)
                                   1225 ;	---------------------------------
                                   1226 ; Function VDP_CommandWriteLoop
                                   1227 ; ---------------------------------
    00000368                       1228 _VDP_CommandWriteLoop::
                                   1229 ;E:\Dropbox\FAUSTO\SVILUPPI\MSX\CODE\C\MSXgl\engine/src/vdp.c:1395: __endasm;
    00000368 3E AC            [ 7] 1230 	ld	a, #(0x80 | 44)
    0000036A F3               [ 4] 1231 	di
    0000036B D3 99            [11] 1232 	out	(0x99), a
    0000036D 3E 91            [ 7] 1233 	ld	a, #(0x80 | 17)
    0000036F D3 99            [11] 1234 	out	(0x99), a
    00000371 3E 02            [ 7] 1235 	ld	a, #2
    00000373 D3 99            [11] 1236 	out	(0x99), a
    00000375 3E 8F            [ 7] 1237 	ld	a, #(0x80 | 15)
    00000377 D3 99            [11] 1238 	out	(0x99), a
    00000379 23               [ 6] 1239 	inc	hl
    0000037A 0E 9B            [ 7] 1240 	ld	c, #0x9B
    0000037C                       1241 	 write_loop:
    0000037C DB 99            [11] 1242 	in	a, (0x99)
    0000037E 1F               [ 4] 1243 	rra
    0000037F D2r87r03         [10] 1244 	jp	nc, write_finished
    00000382 ED A3            [16] 1245 	outi
    00000384 C3r7Cr03         [10] 1246 	jp	write_loop
    00000387                       1247 	 write_finished:
    00000387 AF               [ 4] 1248 	xor	a
    00000388 D3 99            [11] 1249 	out	(0x99), a
    0000038A 3E 8F            [ 7] 1250 	ld	a, #(0x80 | 15)
    0000038C FB               [ 4] 1251 	ei
    0000038D D3 99            [11] 1252 	out	(0x99), a
                                   1253 ;E:\Dropbox\FAUSTO\SVILUPPI\MSX\CODE\C\MSXgl\engine/src/vdp.c:1396: }
    0000038F C9               [10] 1254 	ret
                                   1255 ;E:\Dropbox\FAUSTO\SVILUPPI\MSX\CODE\C\MSXgl\engine/src/vdp.c:1455: void VDP_Initialize()
                                   1256 ;	---------------------------------
                                   1257 ; Function VDP_Initialize
                                   1258 ; ---------------------------------
    00000390                       1259 _VDP_Initialize::
                                   1260 ;E:\Dropbox\FAUSTO\SVILUPPI\MSX\CODE\C\MSXgl\engine/src/vdp.c:1463: __endasm;
    00000390 21 DF F3         [10] 1261 	ld	hl, #0xF3DF
    00000393 11r00r00         [10] 1262 	ld	de, #_g_VDP_REGSAV+0
    00000396 01 08 00         [10] 1263 	ld	bc, #8
    00000399 ED B0            [21] 1264 	ldir
                                   1265 ;E:\Dropbox\FAUSTO\SVILUPPI\MSX\CODE\C\MSXgl\engine/src/vdp.c:1472: __endasm;
    0000039B 21 E7 FF         [10] 1266 	ld	hl, #0xFFE7
    0000039E 11r08r00         [10] 1267 	ld	de, #_g_VDP_REGSAV+8
    000003A1 01 10 00         [10] 1268 	ld	bc, #16
    000003A4 ED B0            [21] 1269 	ldir
                                   1270 ;E:\Dropbox\FAUSTO\SVILUPPI\MSX\CODE\C\MSXgl\engine/src/vdp.c:1486: g_VDPInitilized = TRUE;
    000003A6 21r00r00         [10] 1271 	ld	hl, #_g_VDPInitilized
    000003A9 36 01            [10] 1272 	ld	(hl), #0x01
                                   1273 ;E:\Dropbox\FAUSTO\SVILUPPI\MSX\CODE\C\MSXgl\engine/src/vdp.c:1488: }
    000003AB C9               [10] 1274 	ret
                                   1275 ;E:\Dropbox\FAUSTO\SVILUPPI\MSX\CODE\C\MSXgl\engine/src/vdp.c:1496: void VDP_SetMode(const u8 mode)
                                   1276 ;	---------------------------------
                                   1277 ; Function VDP_SetMode
                                   1278 ; ---------------------------------
    000003AC                       1279 _VDP_SetMode::
    000003AC 4F               [ 4] 1280 	ld	c, a
                                   1281 ;E:\Dropbox\FAUSTO\SVILUPPI\MSX\CODE\C\MSXgl\engine/src/vdp.c:1499: if (!g_VDPInitilized)
    000003AD 3Ar00r00         [13] 1282 	ld	a, (_g_VDPInitilized+0)
    000003B0 B7               [ 4] 1283 	or	a, a
    000003B1 20 05            [12] 1284 	jr	NZ, 00102$
                                   1285 ;E:\Dropbox\FAUSTO\SVILUPPI\MSX\CODE\C\MSXgl\engine/src/vdp.c:1500: VDP_Initialize();
    000003B3 C5               [11] 1286 	push	bc
    000003B4 CDr90r03         [17] 1287 	call	_VDP_Initialize
    000003B7 C1               [10] 1288 	pop	bc
    000003B8                       1289 00102$:
                                   1290 ;E:\Dropbox\FAUSTO\SVILUPPI\MSX\CODE\C\MSXgl\engine/src/vdp.c:1507: g_VDP_Data.Mode = mode;
    000003B8 21r1Cr00         [10] 1291 	ld	hl, #_g_VDP_Data
                                   1292 ;E:\Dropbox\FAUSTO\SVILUPPI\MSX\CODE\C\MSXgl\engine/src/vdp.c:1508: switch (mode)
    000003BB 79               [ 4] 1293 	ld	a,c
    000003BC 77               [ 7] 1294 	ld	(hl),a
    000003BD B7               [ 4] 1295 	or	a, a
    000003BE 28 1C            [12] 1296 	jr	Z, 00103$
    000003C0 79               [ 4] 1297 	ld	a, c
    000003C1 3D               [ 4] 1298 	dec	a
    000003C2 28 20            [12] 1299 	jr	Z, 00104$
    000003C4 79               [ 4] 1300 	ld	a,c
    000003C5 FE 02            [ 7] 1301 	cp	a,#0x02
    000003C7 28 23            [12] 1302 	jr	Z, 00105$
    000003C9 FE 03            [ 7] 1303 	cp	a,#0x03
    000003CB 28 27            [12] 1304 	jr	Z, 00106$
    000003CD FE 06            [ 7] 1305 	cp	a,#0x06
    000003CF 28 2B            [12] 1306 	jr	Z, 00108$
    000003D1 FE 09            [ 7] 1307 	cp	a,#0x09
    000003D3 28 2F            [12] 1308 	jr	Z, 00109$
    000003D5 D6 0A            [ 7] 1309 	sub	a, #0x0a
    000003D7 28 23            [12] 1310 	jr	Z, 00108$
    000003D9 C3r09r04         [10] 1311 	jp	00126$
                                   1312 ;E:\Dropbox\FAUSTO\SVILUPPI\MSX\CODE\C\MSXgl\engine/src/vdp.c:1515: case VDP_MODE_TEXT1:
    000003DC                       1313 00103$:
                                   1314 ;E:\Dropbox\FAUSTO\SVILUPPI\MSX\CODE\C\MSXgl\engine/src/vdp.c:1516: VDP_SetModeText1();
    000003DC C5               [11] 1315 	push	bc
    000003DD CDr29r00         [17] 1316 	call	_VDP_SetModeText1
    000003E0 C1               [10] 1317 	pop	bc
                                   1318 ;E:\Dropbox\FAUSTO\SVILUPPI\MSX\CODE\C\MSXgl\engine/src/vdp.c:1517: break;
    000003E1 C3r09r04         [10] 1319 	jp	00126$
                                   1320 ;E:\Dropbox\FAUSTO\SVILUPPI\MSX\CODE\C\MSXgl\engine/src/vdp.c:1522: case VDP_MODE_MULTICOLOR:
    000003E4                       1321 00104$:
                                   1322 ;E:\Dropbox\FAUSTO\SVILUPPI\MSX\CODE\C\MSXgl\engine/src/vdp.c:1523: VDP_SetModeMultiColor();
    000003E4 C5               [11] 1323 	push	bc
    000003E5 CDr40r00         [17] 1324 	call	_VDP_SetModeMultiColor
    000003E8 C1               [10] 1325 	pop	bc
                                   1326 ;E:\Dropbox\FAUSTO\SVILUPPI\MSX\CODE\C\MSXgl\engine/src/vdp.c:1524: break;
    000003E9 C3r09r04         [10] 1327 	jp	00126$
                                   1328 ;E:\Dropbox\FAUSTO\SVILUPPI\MSX\CODE\C\MSXgl\engine/src/vdp.c:1529: case VDP_MODE_GRAPHIC1:
    000003EC                       1329 00105$:
                                   1330 ;E:\Dropbox\FAUSTO\SVILUPPI\MSX\CODE\C\MSXgl\engine/src/vdp.c:1530: VDP_SetModeGraphic1();
    000003EC C5               [11] 1331 	push	bc
    000003ED CDr57r00         [17] 1332 	call	_VDP_SetModeGraphic1
    000003F0 C1               [10] 1333 	pop	bc
                                   1334 ;E:\Dropbox\FAUSTO\SVILUPPI\MSX\CODE\C\MSXgl\engine/src/vdp.c:1531: break;
    000003F1 C3r09r04         [10] 1335 	jp	00126$
                                   1336 ;E:\Dropbox\FAUSTO\SVILUPPI\MSX\CODE\C\MSXgl\engine/src/vdp.c:1536: case VDP_MODE_GRAPHIC2:
    000003F4                       1337 00106$:
                                   1338 ;E:\Dropbox\FAUSTO\SVILUPPI\MSX\CODE\C\MSXgl\engine/src/vdp.c:1537: VDP_SetModeGraphic2();
    000003F4 C5               [11] 1339 	push	bc
    000003F5 CDr76r00         [17] 1340 	call	_VDP_SetModeGraphic2
    000003F8 C1               [10] 1341 	pop	bc
                                   1342 ;E:\Dropbox\FAUSTO\SVILUPPI\MSX\CODE\C\MSXgl\engine/src/vdp.c:1538: break;
    000003F9 C3r09r04         [10] 1343 	jp	00126$
                                   1344 ;E:\Dropbox\FAUSTO\SVILUPPI\MSX\CODE\C\MSXgl\engine/src/vdp.c:1568: case VDP_MODE_SCREEN9_40: // @todo Further setting needed?
    000003FC                       1345 00108$:
                                   1346 ;E:\Dropbox\FAUSTO\SVILUPPI\MSX\CODE\C\MSXgl\engine/src/vdp.c:1569: VDP_SetModeGraphic4();
    000003FC C5               [11] 1347 	push	bc
    000003FD CDr84r01         [17] 1348 	call	_VDP_SetModeGraphic4
    00000400 C1               [10] 1349 	pop	bc
                                   1350 ;E:\Dropbox\FAUSTO\SVILUPPI\MSX\CODE\C\MSXgl\engine/src/vdp.c:1570: break;
    00000401 C3r09r04         [10] 1351 	jp	00126$
                                   1352 ;E:\Dropbox\FAUSTO\SVILUPPI\MSX\CODE\C\MSXgl\engine/src/vdp.c:1590: case VDP_MODE_GRAPHIC7:		
    00000404                       1353 00109$:
                                   1354 ;E:\Dropbox\FAUSTO\SVILUPPI\MSX\CODE\C\MSXgl\engine/src/vdp.c:1591: VDP_SetModeGraphic7();
    00000404 C5               [11] 1355 	push	bc
    00000405 CDr92r01         [17] 1356 	call	_VDP_SetModeGraphic7
    00000408 C1               [10] 1357 	pop	bc
                                   1358 ;E:\Dropbox\FAUSTO\SVILUPPI\MSX\CODE\C\MSXgl\engine/src/vdp.h:710: inline void VDP_EnableDisplay(bool enable) { VDP_RegWriteBakMask(1, (u8)~R01_BL, enable ? R01_BL : 0); }
    00000409                       1359 00126$:
    00000409 C5               [11] 1360 	push	bc
    0000040A 3E 40            [ 7] 1361 	ld	a, #0x40
    0000040C F5               [11] 1362 	push	af
    0000040D 33               [ 6] 1363 	inc	sp
    0000040E 2E BF            [ 7] 1364 	ld	l, #0xbf
                                   1365 ;	spillPairReg hl
                                   1366 ;	spillPairReg hl
    00000410 3E 01            [ 7] 1367 	ld	a, #0x01
    00000412 CDrD1r04         [17] 1368 	call	_VDP_RegWriteBakMask
    00000415 3E 20            [ 7] 1369 	ld	a, #0x20
    00000417 F5               [11] 1370 	push	af
    00000418 33               [ 6] 1371 	inc	sp
    00000419 2E DF            [ 7] 1372 	ld	l, #0xdf
                                   1373 ;	spillPairReg hl
                                   1374 ;	spillPairReg hl
    0000041B 3E 01            [ 7] 1375 	ld	a, #0x01
    0000041D CDrD1r04         [17] 1376 	call	_VDP_RegWriteBakMask
    00000420 3E 02            [ 7] 1377 	ld	a, #0x02
    00000422 F5               [11] 1378 	push	af
    00000423 33               [ 6] 1379 	inc	sp
    00000424 2E FD            [ 7] 1380 	ld	l, #0xfd
                                   1381 ;	spillPairReg hl
                                   1382 ;	spillPairReg hl
    00000426 3E 08            [ 7] 1383 	ld	a, #0x08
    00000428 CDrD1r04         [17] 1384 	call	_VDP_RegWriteBakMask
    0000042B C1               [10] 1385 	pop	bc
                                   1386 ;E:\Dropbox\FAUSTO\SVILUPPI\MSX\CODE\C\MSXgl\engine/src/vdp.h:499: return mode >= VDP_MODE_GRAPHIC4;
    0000042C 79               [ 4] 1387 	ld	a, c
    0000042D D6 06            [ 7] 1388 	sub	a, #0x06
    0000042F 3E 00            [ 7] 1389 	ld	a, #0x00
    00000431 17               [ 4] 1390 	rla
                                   1391 ;E:\Dropbox\FAUSTO\SVILUPPI\MSX\CODE\C\MSXgl\engine/src/vdp.c:1635: if (VDP_IsBitmapMode(mode)) // Activate 212 lines for bitmap mode
    00000432 EE 01            [ 7] 1392 	xor	a,#0x01
    00000434 28 0E            [12] 1393 	jr	Z, 00112$
                                   1394 ;E:\Dropbox\FAUSTO\SVILUPPI\MSX\CODE\C\MSXgl\engine/src/vdp.h:839: inline void VDP_SetLineCount(u8 lines) { VDP_RegWriteBakMask(9, (u8)~R09_LN, lines); }
    00000436 3E 80            [ 7] 1395 	ld	a, #0x80
    00000438 F5               [11] 1396 	push	af
    00000439 33               [ 6] 1397 	inc	sp
    0000043A 2E 7F            [ 7] 1398 	ld	l, #0x7f
                                   1399 ;	spillPairReg hl
                                   1400 ;	spillPairReg hl
    0000043C 3E 09            [ 7] 1401 	ld	a, #0x09
    0000043E CDrD1r04         [17] 1402 	call	_VDP_RegWriteBakMask
                                   1403 ;E:\Dropbox\FAUSTO\SVILUPPI\MSX\CODE\C\MSXgl\engine/src/vdp.c:1636: VDP_SetLineCount(VDP_LINE_212);
    00000441 C3r4Er04         [10] 1404 	jp	00131$
    00000444                       1405 00112$:
                                   1406 ;E:\Dropbox\FAUSTO\SVILUPPI\MSX\CODE\C\MSXgl\engine/src/vdp.h:839: inline void VDP_SetLineCount(u8 lines) { VDP_RegWriteBakMask(9, (u8)~R09_LN, lines); }
    00000444 AF               [ 4] 1407 	xor	a, a
    00000445 F5               [11] 1408 	push	af
    00000446 33               [ 6] 1409 	inc	sp
    00000447 2E 7F            [ 7] 1410 	ld	l, #0x7f
                                   1411 ;	spillPairReg hl
                                   1412 ;	spillPairReg hl
    00000449 3E 09            [ 7] 1413 	ld	a, #0x09
    0000044B CDrD1r04         [17] 1414 	call	_VDP_RegWriteBakMask
                                   1415 ;E:\Dropbox\FAUSTO\SVILUPPI\MSX\CODE\C\MSXgl\engine/src/vdp.h:854: inline void VDP_SetInterlace(bool enable) { VDP_RegWriteBakMask(9, (u8)~R09_IL, enable ? R09_IL : 0); }
    0000044E                       1416 00131$:
    0000044E AF               [ 4] 1417 	xor	a, a
    0000044F F5               [11] 1418 	push	af
    00000450 33               [ 6] 1419 	inc	sp
    00000451 2E F7            [ 7] 1420 	ld	l, #0xf7
                                   1421 ;	spillPairReg hl
                                   1422 ;	spillPairReg hl
    00000453 3E 09            [ 7] 1423 	ld	a, #0x09
    00000455 CDrD1r04         [17] 1424 	call	_VDP_RegWriteBakMask
                                   1425 ;E:\Dropbox\FAUSTO\SVILUPPI\MSX\CODE\C\MSXgl\engine/src/vdp.h:846: inline void VDP_SetPageAlternance(bool enable) { VDP_RegWriteBakMask(9, (u8)~R09_EO, enable ? R09_EO : 0); }
    00000458 AF               [ 4] 1426 	xor	a, a
    00000459 F5               [11] 1427 	push	af
    0000045A 33               [ 6] 1428 	inc	sp
    0000045B 2E FB            [ 7] 1429 	ld	l, #0xfb
                                   1430 ;	spillPairReg hl
                                   1431 ;	spillPairReg hl
    0000045D 3E 09            [ 7] 1432 	ld	a, #0x09
    0000045F CDrD1r04         [17] 1433 	call	_VDP_RegWriteBakMask
                                   1434 ;E:\Dropbox\FAUSTO\SVILUPPI\MSX\CODE\C\MSXgl\engine/src/vdp.c:1640: VDP_SetPageAlternance(FALSE);
                                   1435 ;E:\Dropbox\FAUSTO\SVILUPPI\MSX\CODE\C\MSXgl\engine/src/vdp.c:1643: }
    00000462 C9               [10] 1436 	ret
                                   1437 ;E:\Dropbox\FAUSTO\SVILUPPI\MSX\CODE\C\MSXgl\engine/src/vdp.c:1649: u8 VDP_GetVersion() __NAKED
                                   1438 ;	---------------------------------
                                   1439 ; Function VDP_GetVersion
                                   1440 ; ---------------------------------
    00000463                       1441 _VDP_GetVersion::
                                   1442 ;E:\Dropbox\FAUSTO\SVILUPPI\MSX\CODE\C\MSXgl\engine/src/vdp.c:1718: __endasm;
    00000463                       1443 	 VDP_GetVersionAsm:
    00000463 CDr82r04         [17] 1444 	call	VDP_IsTMS9918A
    00000466 C8               [11] 1445 	ret	z
    00000467 3E 01            [ 7] 1446 	ld	a, #1
    00000469 F3               [ 4] 1447 	di
    0000046A D3 99            [11] 1448 	out	(0x99), a
    0000046C 3E 8F            [ 7] 1449 	ld	a, #(0x80 | 15)
    0000046E D3 99            [11] 1450 	out	(0x99), a
    00000470 DB 99            [11] 1451 	in	a, (0x99)
    00000472 E6 3E            [ 7] 1452 	and	#0b00111110
    00000474 0F               [ 4] 1453 	rrca
    00000475 08               [ 4] 1454 	ex	af, af'					; '
    00000476 AF               [ 4] 1455 	xor	a
    00000477 D3 99            [11] 1456 	out	(0x99), a
    00000479 3E 8F            [ 7] 1457 	ld	a, #(0x80 | 15)
    0000047B FB               [ 4] 1458 	ei
    0000047C D3 99            [11] 1459 	out	(0x99), a
    0000047E 08               [ 4] 1460 	ex	af, af'					; '
    0000047F C0               [11] 1461 	ret	nz
    00000480 3C               [ 4] 1462 	inc	a
    00000481 C9               [10] 1463 	ret
    00000482                       1464 	 VDP_IsTMS9918A:
    00000482 AF               [ 4] 1465 	xor	a
    00000483 F3               [ 4] 1466 	di
    00000484 D3 99            [11] 1467 	out	(0x99), a
    00000486 3E 8F            [ 7] 1468 	ld	a, #(0x80 | 15)
    00000488 D3 99            [11] 1469 	out	(0x99), a
    0000048A DB 99            [11] 1470 	in	a, (0x99)
    0000048C                       1471 	 VDP_IsTMS9918A_Wait:
    0000048C DB 99            [11] 1472 	in	a,(0x99)
    0000048E A7               [ 4] 1473 	and	a
    0000048F F2r8Cr04         [10] 1474 	jp	p, VDP_IsTMS9918A_Wait
    00000492 3E 02            [ 7] 1475 	ld	a, #2
    00000494 D3 99            [11] 1476 	out	(0x99), a
    00000496 3E 8F            [ 7] 1477 	ld	a, #(0x80 | 15)
    00000498 D3 99            [11] 1478 	out	(0x99), a
    0000049A DB 99            [11] 1479 	in	a, (0x99)
    0000049C 08               [ 4] 1480 	ex	af, af'					; '
    0000049D AF               [ 4] 1481 	xor	a
    0000049E D3 99            [11] 1482 	out	(0x99), a
    000004A0 3E 8F            [ 7] 1483 	ld	a, #(0x80 | 15)
    000004A2 D3 99            [11] 1484 	out	(0x99), a
    000004A4 3A E6 F3         [13] 1485 	ld	a, (0xF3E6)
    000004A7 D3 99            [11] 1486 	out	(0x99), a
    000004A9 3E 87            [ 7] 1487 	ld	a, #(0x80 | 7)
    000004AB FB               [ 4] 1488 	ei
    000004AC D3 99            [11] 1489 	out	(0x99), a
    000004AE 08               [ 4] 1490 	ex	af, af'					; '
    000004AF E6 40            [ 7] 1491 	and	#0b01000000
    000004B1 C9               [10] 1492 	ret
                                   1493 ;E:\Dropbox\FAUSTO\SVILUPPI\MSX\CODE\C\MSXgl\engine/src/vdp.c:1719: }
                                   1494 ;E:\Dropbox\FAUSTO\SVILUPPI\MSX\CODE\C\MSXgl\engine/src/vdp.c:1727: void VDP_RegWrite(u8 reg, u8 value) __PRESERVES(b, c, d, e, iyl, iyh)
                                   1495 ;	---------------------------------
                                   1496 ; Function VDP_RegWrite
                                   1497 ; ---------------------------------
    000004B2                       1498 _VDP_RegWrite::
                                   1499 ;E:\Dropbox\FAUSTO\SVILUPPI\MSX\CODE\C\MSXgl\engine/src/vdp.c:1741: __endasm;
    000004B2 67               [ 4] 1500 	ld	h, a
    000004B3 7D               [ 4] 1501 	ld	a, l
    000004B4 F3               [ 4] 1502 	di
    000004B5 D3 99            [11] 1503 	out	(0x99), a
    000004B7 7C               [ 4] 1504 	ld	a, h
    000004B8 C6 80            [ 7] 1505 	add	#0x80
    000004BA FB               [ 4] 1506 	ei
    000004BB D3 99            [11] 1507 	out	(0x99), a
                                   1508 ;E:\Dropbox\FAUSTO\SVILUPPI\MSX\CODE\C\MSXgl\engine/src/vdp.c:1742: }
    000004BD C9               [10] 1509 	ret
                                   1510 ;E:\Dropbox\FAUSTO\SVILUPPI\MSX\CODE\C\MSXgl\engine/src/vdp.c:1750: void VDP_RegWriteBak(u8 reg, u8 value) __PRESERVES(d, e, iyl, iyh)
                                   1511 ;	---------------------------------
                                   1512 ; Function VDP_RegWriteBak
                                   1513 ; ---------------------------------
    000004BE                       1514 _VDP_RegWriteBak::
                                   1515 ;E:\Dropbox\FAUSTO\SVILUPPI\MSX\CODE\C\MSXgl\engine/src/vdp.c:1770: __endasm;
    000004BE 4F               [ 4] 1516 	ld	c, a
    000004BF 7D               [ 4] 1517 	ld	a, l
    000004C0 06 00            [ 7] 1518 	ld	b, #0
    000004C2 21r00r00         [10] 1519 	ld	hl, #_g_VDP_REGSAV
    000004C5 09               [11] 1520 	add	hl, bc
    000004C6 77               [ 7] 1521 	ld	(hl), a
    000004C7 F3               [ 4] 1522 	di
    000004C8 D3 99            [11] 1523 	out	(0x99), a
    000004CA 79               [ 4] 1524 	ld	a, c
    000004CB C6 80            [ 7] 1525 	add	#0x80
    000004CD FB               [ 4] 1526 	ei
    000004CE D3 99            [11] 1527 	out	(0x99), a
                                   1528 ;E:\Dropbox\FAUSTO\SVILUPPI\MSX\CODE\C\MSXgl\engine/src/vdp.c:1771: }
    000004D0 C9               [10] 1529 	ret
                                   1530 ;E:\Dropbox\FAUSTO\SVILUPPI\MSX\CODE\C\MSXgl\engine/src/vdp.c:1780: void VDP_RegWriteBakMask(u8 reg, u8 mask, u8 flag)
                                   1531 ;	---------------------------------
                                   1532 ; Function VDP_RegWriteBakMask
                                   1533 ; ---------------------------------
    000004D1                       1534 _VDP_RegWriteBakMask::
    000004D1 DD E5            [15] 1535 	push	ix
    000004D3 DD 21 00 00      [14] 1536 	ld	ix,#0
    000004D7 DD 39            [15] 1537 	add	ix,sp
    000004D9 4F               [ 4] 1538 	ld	c, a
    000004DA 5D               [ 4] 1539 	ld	e, l
                                   1540 ;E:\Dropbox\FAUSTO\SVILUPPI\MSX\CODE\C\MSXgl\engine/src/vdp.c:1782: u8 value = g_VDP_REGSAV[reg];
    000004DB 21r00r00         [10] 1541 	ld	hl, #_g_VDP_REGSAV+0
    000004DE 06 00            [ 7] 1542 	ld	b, #0x00
    000004E0 09               [11] 1543 	add	hl, bc
    000004E1 7E               [ 7] 1544 	ld	a, (hl)
                                   1545 ;E:\Dropbox\FAUSTO\SVILUPPI\MSX\CODE\C\MSXgl\engine/src/vdp.c:1783: value &= mask;
    000004E2 A3               [ 4] 1546 	and	a, e
                                   1547 ;E:\Dropbox\FAUSTO\SVILUPPI\MSX\CODE\C\MSXgl\engine/src/vdp.c:1784: value |= flag;
    000004E3 DD B6 04         [19] 1548 	or	a, 4 (ix)
    000004E6 6F               [ 4] 1549 	ld	l, a
                                   1550 ;	spillPairReg hl
                                   1551 ;	spillPairReg hl
                                   1552 ;E:\Dropbox\FAUSTO\SVILUPPI\MSX\CODE\C\MSXgl\engine/src/vdp.c:1785: VDP_RegWriteBak(reg, value);
    000004E7 79               [ 4] 1553 	ld	a, c
    000004E8 CDrBEr04         [17] 1554 	call	_VDP_RegWriteBak
                                   1555 ;E:\Dropbox\FAUSTO\SVILUPPI\MSX\CODE\C\MSXgl\engine/src/vdp.c:1786: }
    000004EB DD E1            [14] 1556 	pop	ix
    000004ED E1               [10] 1557 	pop	hl
    000004EE 33               [ 6] 1558 	inc	sp
    000004EF E9               [ 4] 1559 	jp	(hl)
                                   1560 ;E:\Dropbox\FAUSTO\SVILUPPI\MSX\CODE\C\MSXgl\engine/src/vdp.c:1790: u8 VDP_ReadDefaultStatus() __NAKED __PRESERVES(b, c, d, e, h, l, iyl, iyh)
                                   1561 ;	---------------------------------
                                   1562 ; Function VDP_ReadDefaultStatus
                                   1563 ; ---------------------------------
    000004F0                       1564 _VDP_ReadDefaultStatus::
                                   1565 ;E:\Dropbox\FAUSTO\SVILUPPI\MSX\CODE\C\MSXgl\engine/src/vdp.c:1795: __endasm;
    000004F0 DB 99            [11] 1566 	in	a, (0x99)
    000004F2 C9               [10] 1567 	ret
                                   1568 ;E:\Dropbox\FAUSTO\SVILUPPI\MSX\CODE\C\MSXgl\engine/src/vdp.c:1796: }
                                   1569 ;E:\Dropbox\FAUSTO\SVILUPPI\MSX\CODE\C\MSXgl\engine/src/vdp.c:1802: void VDP_SetPage(u8 page)
                                   1570 ;	---------------------------------
                                   1571 ; Function VDP_SetPage
                                   1572 ; ---------------------------------
    000004F3                       1573 _VDP_SetPage::
                                   1574 ;E:\Dropbox\FAUSTO\SVILUPPI\MSX\CODE\C\MSXgl\engine/src/vdp.c:1804: u8 reg = page << 5;
    000004F3 4F               [ 4] 1575 	ld	c, a
    000004F4 0F               [ 4] 1576 	rrca
    000004F5 0F               [ 4] 1577 	rrca
    000004F6 0F               [ 4] 1578 	rrca
    000004F7 E6 E0            [ 7] 1579 	and	a, #0xe0
                                   1580 ;E:\Dropbox\FAUSTO\SVILUPPI\MSX\CODE\C\MSXgl\engine/src/vdp.c:1805: reg |= 0b11111;
    000004F9 F6 1F            [ 7] 1581 	or	a, #0x1f
    000004FB 6F               [ 4] 1582 	ld	l, a
                                   1583 ;	spillPairReg hl
                                   1584 ;	spillPairReg hl
                                   1585 ;E:\Dropbox\FAUSTO\SVILUPPI\MSX\CODE\C\MSXgl\engine/src/vdp.c:1806: VDP_RegWriteBak(2, reg);
    000004FC 3E 02            [ 7] 1586 	ld	a, #0x02
                                   1587 ;E:\Dropbox\FAUSTO\SVILUPPI\MSX\CODE\C\MSXgl\engine/src/vdp.c:1807: }
    000004FE C3rBEr04         [10] 1588 	jp	_VDP_RegWriteBak
                                   1589 ;E:\Dropbox\FAUSTO\SVILUPPI\MSX\CODE\C\MSXgl\engine/src/vdp.c:1813: void VDP_SetLayoutTable(VADDR addr)
                                   1590 ;	---------------------------------
                                   1591 ; Function VDP_SetLayoutTable
                                   1592 ; ---------------------------------
    00000501                       1593 _VDP_SetLayoutTable::
    00000501 DD E5            [15] 1594 	push	ix
    00000503 DD 21 00 00      [14] 1595 	ld	ix,#0
    00000507 DD 39            [15] 1596 	add	ix,sp
    00000509 F5               [11] 1597 	push	af
    0000050A F5               [11] 1598 	push	af
    0000050B 33               [ 6] 1599 	inc	sp
    0000050C 33               [ 6] 1600 	inc	sp
    0000050D D5               [11] 1601 	push	de
    0000050E DD 75 FE         [19] 1602 	ld	-2 (ix), l
    00000511 DD 74 FF         [19] 1603 	ld	-1 (ix), h
                                   1604 ;E:\Dropbox\FAUSTO\SVILUPPI\MSX\CODE\C\MSXgl\engine/src/vdp.c:1815: g_ScreenLayoutLow = (u16)addr;
    00000514 E1               [10] 1605 	pop	hl
    00000515 E5               [11] 1606 	push	hl
    00000516 22r2Dr00         [16] 1607 	ld	(_g_ScreenLayoutLow), hl
                                   1608 ;E:\Dropbox\FAUSTO\SVILUPPI\MSX\CODE\C\MSXgl\engine/src/vdp.c:1818: reg = (u8)(addr >> 10);
    00000519 DD 5E FD         [19] 1609 	ld	e, -3 (ix)
    0000051C DD 56 FE         [19] 1610 	ld	d, -2 (ix)
    0000051F DD 6E FF         [19] 1611 	ld	l, -1 (ix)
                                   1612 ;	spillPairReg hl
                                   1613 ;	spillPairReg hl
                                   1614 ;	spillPairReg hl
                                   1615 ;	spillPairReg hl
    00000522 06 02            [ 7] 1616 	ld	b, #0x02
    00000524                       1617 00134$:
    00000524 CB 3D            [ 8] 1618 	srl	l
    00000526 CB 1A            [ 8] 1619 	rr	d
    00000528 CB 1B            [ 8] 1620 	rr	e
    0000052A 10 F8            [13] 1621 	djnz	00134$
                                   1622 ;E:\Dropbox\FAUSTO\SVILUPPI\MSX\CODE\C\MSXgl\engine/src/vdp.c:1820: switch (g_VDP_Data.Mode)
    0000052C 3Ar1Cr00         [13] 1623 	ld	a, (#_g_VDP_Data + 0)
    0000052F FE 04            [ 7] 1624 	cp	a, #0x04
    00000531 28 13            [12] 1625 	jr	Z, 00101$
    00000533 FE 06            [ 7] 1626 	cp	a, #0x06
    00000535 28 18            [12] 1627 	jr	Z, 00105$
    00000537 FE 07            [ 7] 1628 	cp	a, #0x07
    00000539 28 14            [12] 1629 	jr	Z, 00105$
    0000053B FE 08            [ 7] 1630 	cp	a, #0x08
    0000053D 28 0E            [12] 1631 	jr	Z, 00103$
    0000053F D6 09            [ 7] 1632 	sub	a, #0x09
    00000541 28 0A            [12] 1633 	jr	Z, 00103$
    00000543 C3r53r05         [10] 1634 	jp	00106$
                                   1635 ;E:\Dropbox\FAUSTO\SVILUPPI\MSX\CODE\C\MSXgl\engine/src/vdp.c:1822: case VDP_MODE_TEXT2:
    00000546                       1636 00101$:
                                   1637 ;E:\Dropbox\FAUSTO\SVILUPPI\MSX\CODE\C\MSXgl\engine/src/vdp.c:1823: reg |= 0b11;
    00000546 7B               [ 4] 1638 	ld	a, e
    00000547 F6 03            [ 7] 1639 	or	a, #0x03
    00000549 5F               [ 4] 1640 	ld	e, a
                                   1641 ;E:\Dropbox\FAUSTO\SVILUPPI\MSX\CODE\C\MSXgl\engine/src/vdp.c:1824: break;
    0000054A C3r53r05         [10] 1642 	jp	00106$
                                   1643 ;E:\Dropbox\FAUSTO\SVILUPPI\MSX\CODE\C\MSXgl\engine/src/vdp.c:1826: case VDP_MODE_GRAPHIC7:
    0000054D                       1644 00103$:
                                   1645 ;E:\Dropbox\FAUSTO\SVILUPPI\MSX\CODE\C\MSXgl\engine/src/vdp.c:1832: reg >>= 1;
    0000054D CB 3B            [ 8] 1646 	srl	e
                                   1647 ;E:\Dropbox\FAUSTO\SVILUPPI\MSX\CODE\C\MSXgl\engine/src/vdp.c:1834: case VDP_MODE_GRAPHIC5:
    0000054F                       1648 00105$:
                                   1649 ;E:\Dropbox\FAUSTO\SVILUPPI\MSX\CODE\C\MSXgl\engine/src/vdp.c:1835: reg |= 0b11111;
    0000054F 7B               [ 4] 1650 	ld	a, e
    00000550 F6 1F            [ 7] 1651 	or	a, #0x1f
    00000552 5F               [ 4] 1652 	ld	e, a
                                   1653 ;E:\Dropbox\FAUSTO\SVILUPPI\MSX\CODE\C\MSXgl\engine/src/vdp.c:1837: };	
    00000553                       1654 00106$:
                                   1655 ;E:\Dropbox\FAUSTO\SVILUPPI\MSX\CODE\C\MSXgl\engine/src/vdp.c:1839: VDP_RegWrite(2, reg);
    00000553 6B               [ 4] 1656 	ld	l, e
                                   1657 ;	spillPairReg hl
                                   1658 ;	spillPairReg hl
    00000554 3E 02            [ 7] 1659 	ld	a, #0x02
    00000556 CDrB2r04         [17] 1660 	call	_VDP_RegWrite
                                   1661 ;E:\Dropbox\FAUSTO\SVILUPPI\MSX\CODE\C\MSXgl\engine/src/vdp.c:1842: g_ScreenLayoutHigh = addr >> 16;
    00000559 DD 7E FE         [19] 1662 	ld	a, -2 (ix)
    0000055C 32r33r00         [13] 1663 	ld	(_g_ScreenLayoutHigh+0), a
                                   1664 ;E:\Dropbox\FAUSTO\SVILUPPI\MSX\CODE\C\MSXgl\engine/src/vdp.c:1844: }
    0000055F DD F9            [10] 1665 	ld	sp, ix
    00000561 DD E1            [14] 1666 	pop	ix
    00000563 C9               [10] 1667 	ret
                                   1668 ;E:\Dropbox\FAUSTO\SVILUPPI\MSX\CODE\C\MSXgl\engine/src/vdp.c:1848: void VDP_SetColorTable(VADDR addr)
                                   1669 ;	---------------------------------
                                   1670 ; Function VDP_SetColorTable
                                   1671 ; ---------------------------------
    00000564                       1672 _VDP_SetColorTable::
    00000564 DD E5            [15] 1673 	push	ix
    00000566 DD 21 00 00      [14] 1674 	ld	ix,#0
    0000056A DD 39            [15] 1675 	add	ix,sp
    0000056C F5               [11] 1676 	push	af
    0000056D F5               [11] 1677 	push	af
    0000056E 33               [ 6] 1678 	inc	sp
    0000056F 33               [ 6] 1679 	inc	sp
    00000570 D5               [11] 1680 	push	de
    00000571 DD 75 FE         [19] 1681 	ld	-2 (ix), l
    00000574 DD 74 FF         [19] 1682 	ld	-1 (ix), h
                                   1683 ;E:\Dropbox\FAUSTO\SVILUPPI\MSX\CODE\C\MSXgl\engine/src/vdp.c:1850: g_ScreenColorLow = (u16)addr;
    00000577 E1               [10] 1684 	pop	hl
    00000578 E5               [11] 1685 	push	hl
    00000579 22r2Fr00         [16] 1686 	ld	(_g_ScreenColorLow), hl
                                   1687 ;E:\Dropbox\FAUSTO\SVILUPPI\MSX\CODE\C\MSXgl\engine/src/vdp.c:1853: reg = (u8)(addr >> 6);
    0000057C C1               [10] 1688 	pop	bc
    0000057D C5               [11] 1689 	push	bc
    0000057E CB 38            [ 8] 1690 	srl	b
    00000580 CB 19            [ 8] 1691 	rr	c
    00000582 CB 38            [ 8] 1692 	srl	b
    00000584 CB 19            [ 8] 1693 	rr	c
    00000586 CB 38            [ 8] 1694 	srl	b
    00000588 CB 19            [ 8] 1695 	rr	c
    0000058A CB 38            [ 8] 1696 	srl	b
    0000058C CB 19            [ 8] 1697 	rr	c
    0000058E CB 38            [ 8] 1698 	srl	b
    00000590 CB 19            [ 8] 1699 	rr	c
    00000592 CB 38            [ 8] 1700 	srl	b
    00000594 CB 19            [ 8] 1701 	rr	c
                                   1702 ;E:\Dropbox\FAUSTO\SVILUPPI\MSX\CODE\C\MSXgl\engine/src/vdp.c:1854: switch (g_VDP_Data.Mode)
    00000596 3Ar1Cr00         [13] 1703 	ld	a, (#_g_VDP_Data + 0)
    00000599 FE 03            [ 7] 1704 	cp	a, #0x03
    0000059B 28 33            [12] 1705 	jr	Z, 00106$
    0000059D FE 04            [ 7] 1706 	cp	a, #0x04
    0000059F 28 13            [12] 1707 	jr	Z, 00101$
    000005A1 FE 05            [ 7] 1708 	cp	a, #0x05
    000005A3 28 2B            [12] 1709 	jr	Z, 00106$
    000005A5 FE 0F            [ 7] 1710 	cp	a, #0x0f
    000005A7 28 12            [12] 1711 	jr	Z, 00102$
    000005A9 FE 10            [ 7] 1712 	cp	a, #0x10
    000005AB 28 15            [12] 1713 	jr	Z, 00103$
    000005AD D6 11            [ 7] 1714 	sub	a, #0x11
    000005AF 28 18            [12] 1715 	jr	Z, 00104$
    000005B1 C3rD4r05         [10] 1716 	jp	00107$
                                   1717 ;E:\Dropbox\FAUSTO\SVILUPPI\MSX\CODE\C\MSXgl\engine/src/vdp.c:1857: case VDP_MODE_TEXT2:
    000005B4                       1718 00101$:
                                   1719 ;E:\Dropbox\FAUSTO\SVILUPPI\MSX\CODE\C\MSXgl\engine/src/vdp.c:1858: reg |= 0b111;
    000005B4 79               [ 4] 1720 	ld	a, c
    000005B5 F6 07            [ 7] 1721 	or	a, #0x07
    000005B7 4F               [ 4] 1722 	ld	c, a
                                   1723 ;E:\Dropbox\FAUSTO\SVILUPPI\MSX\CODE\C\MSXgl\engine/src/vdp.c:1859: break;
    000005B8 C3rD4r05         [10] 1724 	jp	00107$
                                   1725 ;E:\Dropbox\FAUSTO\SVILUPPI\MSX\CODE\C\MSXgl\engine/src/vdp.c:1861: case VDP_MODE_GRAPHIC3_MIRROR_0:
    000005BB                       1726 00102$:
                                   1727 ;E:\Dropbox\FAUSTO\SVILUPPI\MSX\CODE\C\MSXgl\engine/src/vdp.c:1862: reg |= 0b0011111;
    000005BB 79               [ 4] 1728 	ld	a, c
    000005BC F6 1F            [ 7] 1729 	or	a, #0x1f
    000005BE 4F               [ 4] 1730 	ld	c, a
                                   1731 ;E:\Dropbox\FAUSTO\SVILUPPI\MSX\CODE\C\MSXgl\engine/src/vdp.c:1863: break;
    000005BF C3rD4r05         [10] 1732 	jp	00107$
                                   1733 ;E:\Dropbox\FAUSTO\SVILUPPI\MSX\CODE\C\MSXgl\engine/src/vdp.c:1864: case VDP_MODE_GRAPHIC3_MIRROR_01:
    000005C2                       1734 00103$:
                                   1735 ;E:\Dropbox\FAUSTO\SVILUPPI\MSX\CODE\C\MSXgl\engine/src/vdp.c:1865: reg |= 0b0111111;
    000005C2 79               [ 4] 1736 	ld	a, c
    000005C3 F6 3F            [ 7] 1737 	or	a, #0x3f
    000005C5 4F               [ 4] 1738 	ld	c, a
                                   1739 ;E:\Dropbox\FAUSTO\SVILUPPI\MSX\CODE\C\MSXgl\engine/src/vdp.c:1866: break;
    000005C6 C3rD4r05         [10] 1740 	jp	00107$
                                   1741 ;E:\Dropbox\FAUSTO\SVILUPPI\MSX\CODE\C\MSXgl\engine/src/vdp.c:1867: case VDP_MODE_GRAPHIC3_MIRROR_02:
    000005C9                       1742 00104$:
                                   1743 ;E:\Dropbox\FAUSTO\SVILUPPI\MSX\CODE\C\MSXgl\engine/src/vdp.c:1868: reg |= 0b1011111;
    000005C9 79               [ 4] 1744 	ld	a, c
    000005CA F6 5F            [ 7] 1745 	or	a, #0x5f
    000005CC 4F               [ 4] 1746 	ld	c, a
                                   1747 ;E:\Dropbox\FAUSTO\SVILUPPI\MSX\CODE\C\MSXgl\engine/src/vdp.c:1869: break;
    000005CD C3rD4r05         [10] 1748 	jp	00107$
                                   1749 ;E:\Dropbox\FAUSTO\SVILUPPI\MSX\CODE\C\MSXgl\engine/src/vdp.c:1873: case VDP_MODE_GRAPHIC2:
    000005D0                       1750 00106$:
                                   1751 ;E:\Dropbox\FAUSTO\SVILUPPI\MSX\CODE\C\MSXgl\engine/src/vdp.c:1874: reg |= 0b1111111;
    000005D0 79               [ 4] 1752 	ld	a, c
    000005D1 F6 7F            [ 7] 1753 	or	a, #0x7f
    000005D3 4F               [ 4] 1754 	ld	c, a
                                   1755 ;E:\Dropbox\FAUSTO\SVILUPPI\MSX\CODE\C\MSXgl\engine/src/vdp.c:1876: };	
    000005D4                       1756 00107$:
                                   1757 ;E:\Dropbox\FAUSTO\SVILUPPI\MSX\CODE\C\MSXgl\engine/src/vdp.c:1877: VDP_RegWrite(3, reg);
    000005D4 69               [ 4] 1758 	ld	l, c
                                   1759 ;	spillPairReg hl
                                   1760 ;	spillPairReg hl
    000005D5 3E 03            [ 7] 1761 	ld	a, #0x03
    000005D7 CDrB2r04         [17] 1762 	call	_VDP_RegWrite
                                   1763 ;E:\Dropbox\FAUSTO\SVILUPPI\MSX\CODE\C\MSXgl\engine/src/vdp.c:1880: reg = (u8)(addr >> 14);
    000005DA DD 6E FD         [19] 1764 	ld	l, -3 (ix)
                                   1765 ;	spillPairReg hl
                                   1766 ;	spillPairReg hl
    000005DD DD 4E FE         [19] 1767 	ld	c, -2 (ix)
    000005E0 DD 5E FF         [19] 1768 	ld	e, -1 (ix)
    000005E3 06 06            [ 7] 1769 	ld	b, #0x06
    000005E5                       1770 00146$:
    000005E5 CB 3B            [ 8] 1771 	srl	e
    000005E7 CB 19            [ 8] 1772 	rr	c
    000005E9 CB 1D            [ 8] 1773 	rr	l
    000005EB 10 F8            [13] 1774 	djnz	00146$
                                   1775 ;E:\Dropbox\FAUSTO\SVILUPPI\MSX\CODE\C\MSXgl\engine/src/vdp.c:1881: VDP_RegWrite(10, reg);
    000005ED 3E 0A            [ 7] 1776 	ld	a, #0x0a
    000005EF CDrB2r04         [17] 1777 	call	_VDP_RegWrite
                                   1778 ;E:\Dropbox\FAUSTO\SVILUPPI\MSX\CODE\C\MSXgl\engine/src/vdp.c:1883: g_ScreenColorHigh = addr >> 16;
    000005F2 DD 7E FE         [19] 1779 	ld	a, -2 (ix)
    000005F5 32r34r00         [13] 1780 	ld	(_g_ScreenColorHigh+0), a
                                   1781 ;E:\Dropbox\FAUSTO\SVILUPPI\MSX\CODE\C\MSXgl\engine/src/vdp.c:1885: }
    000005F8 DD F9            [10] 1782 	ld	sp, ix
    000005FA DD E1            [14] 1783 	pop	ix
    000005FC C9               [10] 1784 	ret
                                   1785 ;E:\Dropbox\FAUSTO\SVILUPPI\MSX\CODE\C\MSXgl\engine/src/vdp.c:1889: void VDP_SetPatternTable(VADDR addr)
                                   1786 ;	---------------------------------
                                   1787 ; Function VDP_SetPatternTable
                                   1788 ; ---------------------------------
    000005FD                       1789 _VDP_SetPatternTable::
    000005FD DD E5            [15] 1790 	push	ix
    000005FF DD 21 00 00      [14] 1791 	ld	ix,#0
    00000603 DD 39            [15] 1792 	add	ix,sp
    00000605 F5               [11] 1793 	push	af
    00000606 F5               [11] 1794 	push	af
    00000607 33               [ 6] 1795 	inc	sp
    00000608 33               [ 6] 1796 	inc	sp
    00000609 D5               [11] 1797 	push	de
    0000060A DD 75 FE         [19] 1798 	ld	-2 (ix), l
    0000060D DD 74 FF         [19] 1799 	ld	-1 (ix), h
                                   1800 ;E:\Dropbox\FAUSTO\SVILUPPI\MSX\CODE\C\MSXgl\engine/src/vdp.c:1891: g_ScreenPatternLow = (u16)addr;
    00000610 E1               [10] 1801 	pop	hl
    00000611 E5               [11] 1802 	push	hl
    00000612 22r31r00         [16] 1803 	ld	(_g_ScreenPatternLow), hl
                                   1804 ;E:\Dropbox\FAUSTO\SVILUPPI\MSX\CODE\C\MSXgl\engine/src/vdp.c:1894: reg = (u8)(addr >> 11);
    00000615 DD 5E FD         [19] 1805 	ld	e, -3 (ix)
    00000618 DD 56 FE         [19] 1806 	ld	d, -2 (ix)
    0000061B DD 6E FF         [19] 1807 	ld	l, -1 (ix)
                                   1808 ;	spillPairReg hl
                                   1809 ;	spillPairReg hl
                                   1810 ;	spillPairReg hl
                                   1811 ;	spillPairReg hl
    0000061E 06 03            [ 7] 1812 	ld	b, #0x03
    00000620                       1813 00128$:
    00000620 CB 3D            [ 8] 1814 	srl	l
    00000622 CB 1A            [ 8] 1815 	rr	d
    00000624 CB 1B            [ 8] 1816 	rr	e
    00000626 10 F8            [13] 1817 	djnz	00128$
                                   1818 ;E:\Dropbox\FAUSTO\SVILUPPI\MSX\CODE\C\MSXgl\engine/src/vdp.c:1895: switch (g_VDP_Data.Mode)
    00000628 3Ar1Cr00         [13] 1819 	ld	a, (#_g_VDP_Data + 0)
    0000062B FE 03            [ 7] 1820 	cp	a, #0x03
    0000062D 28 19            [12] 1821 	jr	Z, 00104$
    0000062F FE 05            [ 7] 1822 	cp	a, #0x05
    00000631 28 15            [12] 1823 	jr	Z, 00104$
    00000633 FE 10            [ 7] 1824 	cp	a, #0x10
    00000635 28 07            [12] 1825 	jr	Z, 00101$
    00000637 D6 11            [ 7] 1826 	sub	a, #0x11
    00000639 28 08            [12] 1827 	jr	Z, 00102$
    0000063B C3r4Cr06         [10] 1828 	jp	00105$
                                   1829 ;E:\Dropbox\FAUSTO\SVILUPPI\MSX\CODE\C\MSXgl\engine/src/vdp.c:1899: case VDP_MODE_GRAPHIC3_MIRROR_01:
    0000063E                       1830 00101$:
                                   1831 ;E:\Dropbox\FAUSTO\SVILUPPI\MSX\CODE\C\MSXgl\engine/src/vdp.c:1900: reg |= 0b01;
    0000063E CB C3            [ 8] 1832 	set	0, e
                                   1833 ;E:\Dropbox\FAUSTO\SVILUPPI\MSX\CODE\C\MSXgl\engine/src/vdp.c:1901: break;
    00000640 C3r4Cr06         [10] 1834 	jp	00105$
                                   1835 ;E:\Dropbox\FAUSTO\SVILUPPI\MSX\CODE\C\MSXgl\engine/src/vdp.c:1902: case VDP_MODE_GRAPHIC3_MIRROR_02:
    00000643                       1836 00102$:
                                   1837 ;E:\Dropbox\FAUSTO\SVILUPPI\MSX\CODE\C\MSXgl\engine/src/vdp.c:1903: reg |= 0b10;
    00000643 CB CB            [ 8] 1838 	set	1, e
                                   1839 ;E:\Dropbox\FAUSTO\SVILUPPI\MSX\CODE\C\MSXgl\engine/src/vdp.c:1904: break;
    00000645 C3r4Cr06         [10] 1840 	jp	00105$
                                   1841 ;E:\Dropbox\FAUSTO\SVILUPPI\MSX\CODE\C\MSXgl\engine/src/vdp.c:1908: case VDP_MODE_GRAPHIC2:
    00000648                       1842 00104$:
                                   1843 ;E:\Dropbox\FAUSTO\SVILUPPI\MSX\CODE\C\MSXgl\engine/src/vdp.c:1909: reg |= 0b11;
    00000648 7B               [ 4] 1844 	ld	a, e
    00000649 F6 03            [ 7] 1845 	or	a, #0x03
    0000064B 5F               [ 4] 1846 	ld	e, a
                                   1847 ;E:\Dropbox\FAUSTO\SVILUPPI\MSX\CODE\C\MSXgl\engine/src/vdp.c:1910: };
    0000064C                       1848 00105$:
                                   1849 ;E:\Dropbox\FAUSTO\SVILUPPI\MSX\CODE\C\MSXgl\engine/src/vdp.c:1911: VDP_RegWrite(4, reg);
    0000064C 6B               [ 4] 1850 	ld	l, e
                                   1851 ;	spillPairReg hl
                                   1852 ;	spillPairReg hl
    0000064D 3E 04            [ 7] 1853 	ld	a, #0x04
    0000064F CDrB2r04         [17] 1854 	call	_VDP_RegWrite
                                   1855 ;E:\Dropbox\FAUSTO\SVILUPPI\MSX\CODE\C\MSXgl\engine/src/vdp.c:1914: g_ScreenPatternHigh = addr >> 16;
    00000652 DD 7E FE         [19] 1856 	ld	a, -2 (ix)
    00000655 32r35r00         [13] 1857 	ld	(_g_ScreenPatternHigh+0), a
                                   1858 ;E:\Dropbox\FAUSTO\SVILUPPI\MSX\CODE\C\MSXgl\engine/src/vdp.c:1916: }
    00000658 DD F9            [10] 1859 	ld	sp, ix
    0000065A DD E1            [14] 1860 	pop	ix
    0000065C C9               [10] 1861 	ret
                                   1862 ;E:\Dropbox\FAUSTO\SVILUPPI\MSX\CODE\C\MSXgl\engine/src/vdp.c:2213: void VDP_LoadPattern_GM2(const u8* src, u8 count, u8 offset)
                                   1863 ;	---------------------------------
                                   1864 ; Function VDP_LoadPattern_GM2
                                   1865 ; ---------------------------------
    0000065D                       1866 _VDP_LoadPattern_GM2::
    0000065D DD E5            [15] 1867 	push	ix
    0000065F DD 21 00 00      [14] 1868 	ld	ix,#0
    00000663 DD 39            [15] 1869 	add	ix,sp
    00000665 F5               [11] 1870 	push	af
    00000666 4D               [ 4] 1871 	ld	c, l
    00000667 44               [ 4] 1872 	ld	b, h
                                   1873 ;E:\Dropbox\FAUSTO\SVILUPPI\MSX\CODE\C\MSXgl\engine/src/vdp.c:2215: u16 cnt = count == 0 ? 256 * 8 : count * 8;
    00000668 DD 7E 04         [19] 1874 	ld	a, 4 (ix)
    0000066B B7               [ 4] 1875 	or	a, a
    0000066C 20 06            [12] 1876 	jr	NZ, 00103$
    0000066E 21 00 08         [10] 1877 	ld	hl, #0x0800
    00000671 C3r7Cr06         [10] 1878 	jp	00104$
    00000674                       1879 00103$:
    00000674 DD 6E 04         [19] 1880 	ld	l, 4 (ix)
                                   1881 ;	spillPairReg hl
                                   1882 ;	spillPairReg hl
    00000677 26 00            [ 7] 1883 	ld	h, #0x00
                                   1884 ;	spillPairReg hl
                                   1885 ;	spillPairReg hl
    00000679 29               [11] 1886 	add	hl, hl
    0000067A 29               [11] 1887 	add	hl, hl
    0000067B 29               [11] 1888 	add	hl, hl
    0000067C                       1889 00104$:
    0000067C E3               [19] 1890 	ex	(sp), hl
                                   1891 ;E:\Dropbox\FAUSTO\SVILUPPI\MSX\CODE\C\MSXgl\engine/src/vdp.c:2216: u16 dst = g_ScreenPatternLow + (offset * 8);
    0000067D DD 6E 05         [19] 1892 	ld	l, 5 (ix)
                                   1893 ;	spillPairReg hl
                                   1894 ;	spillPairReg hl
    00000680 26 00            [ 7] 1895 	ld	h, #0x00
                                   1896 ;	spillPairReg hl
                                   1897 ;	spillPairReg hl
    00000682 29               [11] 1898 	add	hl, hl
    00000683 29               [11] 1899 	add	hl, hl
    00000684 29               [11] 1900 	add	hl, hl
    00000685 FD 2Ar31r00      [20] 1901 	ld	iy, (_g_ScreenPatternLow)
    00000689 EB               [ 4] 1902 	ex	de, hl
    0000068A FD 19            [15] 1903 	add	iy, de
                                   1904 ;E:\Dropbox\FAUSTO\SVILUPPI\MSX\CODE\C\MSXgl\engine/src/vdp.c:2217: VDP_WriteVRAM(src, dst, g_ScreenPatternHigh, cnt);
    0000068C C5               [11] 1905 	push	bc
    0000068D FD E5            [15] 1906 	push	iy
    0000068F DD 6E FE         [19] 1907 	ld	l, -2 (ix)
                                   1908 ;	spillPairReg hl
                                   1909 ;	spillPairReg hl
    00000692 DD 66 FF         [19] 1910 	ld	h, -1 (ix)
                                   1911 ;	spillPairReg hl
                                   1912 ;	spillPairReg hl
    00000695 E5               [11] 1913 	push	hl
    00000696 3Ar35r00         [13] 1914 	ld	a, (_g_ScreenPatternHigh+0)
    00000699 F5               [11] 1915 	push	af
    0000069A 33               [ 6] 1916 	inc	sp
    0000069B FD E5            [15] 1917 	push	iy
    0000069D D1               [10] 1918 	pop	de
    0000069E 69               [ 4] 1919 	ld	l, c
                                   1920 ;	spillPairReg hl
                                   1921 ;	spillPairReg hl
    0000069F 60               [ 4] 1922 	ld	h, b
                                   1923 ;	spillPairReg hl
                                   1924 ;	spillPairReg hl
    000006A0 CDrDDr01         [17] 1925 	call	_VDP_WriteVRAM_128K
    000006A3 FD E1            [14] 1926 	pop	iy
    000006A5 C1               [10] 1927 	pop	bc
                                   1928 ;E:\Dropbox\FAUSTO\SVILUPPI\MSX\CODE\C\MSXgl\engine/src/vdp.c:2218: dst += 0x800;
    000006A6 11 00 08         [10] 1929 	ld	de, #0x0800
    000006A9 FD 19            [15] 1930 	add	iy, de
                                   1931 ;E:\Dropbox\FAUSTO\SVILUPPI\MSX\CODE\C\MSXgl\engine/src/vdp.c:2219: VDP_WriteVRAM(src, dst, g_ScreenPatternHigh, cnt);
    000006AB C5               [11] 1932 	push	bc
    000006AC FD E5            [15] 1933 	push	iy
    000006AE DD 6E FE         [19] 1934 	ld	l, -2 (ix)
                                   1935 ;	spillPairReg hl
                                   1936 ;	spillPairReg hl
    000006B1 DD 66 FF         [19] 1937 	ld	h, -1 (ix)
                                   1938 ;	spillPairReg hl
                                   1939 ;	spillPairReg hl
    000006B4 E5               [11] 1940 	push	hl
    000006B5 3Ar35r00         [13] 1941 	ld	a, (_g_ScreenPatternHigh+0)
    000006B8 F5               [11] 1942 	push	af
    000006B9 33               [ 6] 1943 	inc	sp
    000006BA FD E5            [15] 1944 	push	iy
    000006BC D1               [10] 1945 	pop	de
    000006BD 69               [ 4] 1946 	ld	l, c
                                   1947 ;	spillPairReg hl
                                   1948 ;	spillPairReg hl
    000006BE 60               [ 4] 1949 	ld	h, b
                                   1950 ;	spillPairReg hl
                                   1951 ;	spillPairReg hl
    000006BF CDrDDr01         [17] 1952 	call	_VDP_WriteVRAM_128K
    000006C2 FD E1            [14] 1953 	pop	iy
    000006C4 C1               [10] 1954 	pop	bc
                                   1955 ;E:\Dropbox\FAUSTO\SVILUPPI\MSX\CODE\C\MSXgl\engine/src/vdp.c:2220: dst += 0x800;
    000006C5 FD E5            [15] 1956 	push	iy
    000006C7 D1               [10] 1957 	pop	de
    000006C8 21 00 08         [10] 1958 	ld	hl, #0x0800
    000006CB 19               [11] 1959 	add	hl, de
    000006CC EB               [ 4] 1960 	ex	de, hl
                                   1961 ;E:\Dropbox\FAUSTO\SVILUPPI\MSX\CODE\C\MSXgl\engine/src/vdp.c:2221: VDP_WriteVRAM(src, dst, g_ScreenPatternHigh, cnt);
    000006CD E1               [10] 1962 	pop	hl
    000006CE E5               [11] 1963 	push	hl
    000006CF E5               [11] 1964 	push	hl
    000006D0 3Ar35r00         [13] 1965 	ld	a, (_g_ScreenPatternHigh+0)
    000006D3 F5               [11] 1966 	push	af
    000006D4 33               [ 6] 1967 	inc	sp
    000006D5 69               [ 4] 1968 	ld	l, c
                                   1969 ;	spillPairReg hl
                                   1970 ;	spillPairReg hl
    000006D6 60               [ 4] 1971 	ld	h, b
                                   1972 ;	spillPairReg hl
                                   1973 ;	spillPairReg hl
    000006D7 CDrDDr01         [17] 1974 	call	_VDP_WriteVRAM_128K
                                   1975 ;E:\Dropbox\FAUSTO\SVILUPPI\MSX\CODE\C\MSXgl\engine/src/vdp.c:2222: }
    000006DA DD F9            [10] 1976 	ld	sp, ix
    000006DC DD E1            [14] 1977 	pop	ix
    000006DE E1               [10] 1978 	pop	hl
    000006DF F1               [10] 1979 	pop	af
    000006E0 E9               [ 4] 1980 	jp	(hl)
                                   1981 ;E:\Dropbox\FAUSTO\SVILUPPI\MSX\CODE\C\MSXgl\engine/src/vdp.c:2226: void VDP_LoadColor_GM2(const u8* src, u8 count, u8 offset)
                                   1982 ;	---------------------------------
                                   1983 ; Function VDP_LoadColor_GM2
                                   1984 ; ---------------------------------
    000006E1                       1985 _VDP_LoadColor_GM2::
    000006E1 DD E5            [15] 1986 	push	ix
    000006E3 DD 21 00 00      [14] 1987 	ld	ix,#0
    000006E7 DD 39            [15] 1988 	add	ix,sp
    000006E9 F5               [11] 1989 	push	af
    000006EA 4D               [ 4] 1990 	ld	c, l
    000006EB 44               [ 4] 1991 	ld	b, h
                                   1992 ;E:\Dropbox\FAUSTO\SVILUPPI\MSX\CODE\C\MSXgl\engine/src/vdp.c:2228: u16 cnt = count == 0 ? 256 * 8 : count * 8;
    000006EC DD 7E 04         [19] 1993 	ld	a, 4 (ix)
    000006EF B7               [ 4] 1994 	or	a, a
    000006F0 20 06            [12] 1995 	jr	NZ, 00103$
    000006F2 21 00 08         [10] 1996 	ld	hl, #0x0800
    000006F5 C3r00r07         [10] 1997 	jp	00104$
    000006F8                       1998 00103$:
    000006F8 DD 6E 04         [19] 1999 	ld	l, 4 (ix)
                                   2000 ;	spillPairReg hl
                                   2001 ;	spillPairReg hl
    000006FB 26 00            [ 7] 2002 	ld	h, #0x00
                                   2003 ;	spillPairReg hl
                                   2004 ;	spillPairReg hl
    000006FD 29               [11] 2005 	add	hl, hl
    000006FE 29               [11] 2006 	add	hl, hl
    000006FF 29               [11] 2007 	add	hl, hl
    00000700                       2008 00104$:
    00000700 E3               [19] 2009 	ex	(sp), hl
                                   2010 ;E:\Dropbox\FAUSTO\SVILUPPI\MSX\CODE\C\MSXgl\engine/src/vdp.c:2229: u16 dst = g_ScreenColorLow + (offset * 8);
    00000701 DD 6E 05         [19] 2011 	ld	l, 5 (ix)
                                   2012 ;	spillPairReg hl
                                   2013 ;	spillPairReg hl
    00000704 26 00            [ 7] 2014 	ld	h, #0x00
                                   2015 ;	spillPairReg hl
                                   2016 ;	spillPairReg hl
    00000706 29               [11] 2017 	add	hl, hl
    00000707 29               [11] 2018 	add	hl, hl
    00000708 29               [11] 2019 	add	hl, hl
    00000709 FD 2Ar2Fr00      [20] 2020 	ld	iy, (_g_ScreenColorLow)
    0000070D EB               [ 4] 2021 	ex	de, hl
    0000070E FD 19            [15] 2022 	add	iy, de
                                   2023 ;E:\Dropbox\FAUSTO\SVILUPPI\MSX\CODE\C\MSXgl\engine/src/vdp.c:2230: VDP_WriteVRAM(src, dst, g_ScreenColorHigh, cnt);
    00000710 C5               [11] 2024 	push	bc
    00000711 FD E5            [15] 2025 	push	iy
    00000713 DD 6E FE         [19] 2026 	ld	l, -2 (ix)
                                   2027 ;	spillPairReg hl
                                   2028 ;	spillPairReg hl
    00000716 DD 66 FF         [19] 2029 	ld	h, -1 (ix)
                                   2030 ;	spillPairReg hl
                                   2031 ;	spillPairReg hl
    00000719 E5               [11] 2032 	push	hl
    0000071A 3Ar34r00         [13] 2033 	ld	a, (_g_ScreenColorHigh+0)
    0000071D F5               [11] 2034 	push	af
    0000071E 33               [ 6] 2035 	inc	sp
    0000071F FD E5            [15] 2036 	push	iy
    00000721 D1               [10] 2037 	pop	de
    00000722 69               [ 4] 2038 	ld	l, c
                                   2039 ;	spillPairReg hl
                                   2040 ;	spillPairReg hl
    00000723 60               [ 4] 2041 	ld	h, b
                                   2042 ;	spillPairReg hl
                                   2043 ;	spillPairReg hl
    00000724 CDrDDr01         [17] 2044 	call	_VDP_WriteVRAM_128K
    00000727 FD E1            [14] 2045 	pop	iy
    00000729 C1               [10] 2046 	pop	bc
                                   2047 ;E:\Dropbox\FAUSTO\SVILUPPI\MSX\CODE\C\MSXgl\engine/src/vdp.c:2231: dst += 0x800;
    0000072A 11 00 08         [10] 2048 	ld	de, #0x0800
    0000072D FD 19            [15] 2049 	add	iy, de
                                   2050 ;E:\Dropbox\FAUSTO\SVILUPPI\MSX\CODE\C\MSXgl\engine/src/vdp.c:2232: VDP_WriteVRAM(src, dst, g_ScreenColorHigh, cnt);
    0000072F C5               [11] 2051 	push	bc
    00000730 FD E5            [15] 2052 	push	iy
    00000732 DD 6E FE         [19] 2053 	ld	l, -2 (ix)
                                   2054 ;	spillPairReg hl
                                   2055 ;	spillPairReg hl
    00000735 DD 66 FF         [19] 2056 	ld	h, -1 (ix)
                                   2057 ;	spillPairReg hl
                                   2058 ;	spillPairReg hl
    00000738 E5               [11] 2059 	push	hl
    00000739 3Ar34r00         [13] 2060 	ld	a, (_g_ScreenColorHigh+0)
    0000073C F5               [11] 2061 	push	af
    0000073D 33               [ 6] 2062 	inc	sp
    0000073E FD E5            [15] 2063 	push	iy
    00000740 D1               [10] 2064 	pop	de
    00000741 69               [ 4] 2065 	ld	l, c
                                   2066 ;	spillPairReg hl
                                   2067 ;	spillPairReg hl
    00000742 60               [ 4] 2068 	ld	h, b
                                   2069 ;	spillPairReg hl
                                   2070 ;	spillPairReg hl
    00000743 CDrDDr01         [17] 2071 	call	_VDP_WriteVRAM_128K
    00000746 FD E1            [14] 2072 	pop	iy
    00000748 C1               [10] 2073 	pop	bc
                                   2074 ;E:\Dropbox\FAUSTO\SVILUPPI\MSX\CODE\C\MSXgl\engine/src/vdp.c:2233: dst += 0x800;
    00000749 FD E5            [15] 2075 	push	iy
    0000074B D1               [10] 2076 	pop	de
    0000074C 21 00 08         [10] 2077 	ld	hl, #0x0800
    0000074F 19               [11] 2078 	add	hl, de
    00000750 EB               [ 4] 2079 	ex	de, hl
                                   2080 ;E:\Dropbox\FAUSTO\SVILUPPI\MSX\CODE\C\MSXgl\engine/src/vdp.c:2234: VDP_WriteVRAM(src, dst, g_ScreenColorHigh, cnt);
    00000751 E1               [10] 2081 	pop	hl
    00000752 E5               [11] 2082 	push	hl
    00000753 E5               [11] 2083 	push	hl
    00000754 3Ar34r00         [13] 2084 	ld	a, (_g_ScreenColorHigh+0)
    00000757 F5               [11] 2085 	push	af
    00000758 33               [ 6] 2086 	inc	sp
    00000759 69               [ 4] 2087 	ld	l, c
                                   2088 ;	spillPairReg hl
                                   2089 ;	spillPairReg hl
    0000075A 60               [ 4] 2090 	ld	h, b
                                   2091 ;	spillPairReg hl
                                   2092 ;	spillPairReg hl
    0000075B CDrDDr01         [17] 2093 	call	_VDP_WriteVRAM_128K
                                   2094 ;E:\Dropbox\FAUSTO\SVILUPPI\MSX\CODE\C\MSXgl\engine/src/vdp.c:2235: }
    0000075E DD F9            [10] 2095 	ld	sp, ix
    00000760 DD E1            [14] 2096 	pop	ix
    00000762 E1               [10] 2097 	pop	hl
    00000763 F1               [10] 2098 	pop	af
    00000764 E9               [ 4] 2099 	jp	(hl)
                                   2100 ;E:\Dropbox\FAUSTO\SVILUPPI\MSX\CODE\C\MSXgl\engine/src/vdp.c:2239: void VDP_WriteLayout_GM2(const u8* src, u8 dx, u8 dy, u8 nx, u8 ny)
                                   2101 ;	---------------------------------
                                   2102 ; Function VDP_WriteLayout_GM2
                                   2103 ; ---------------------------------
    00000765                       2104 _VDP_WriteLayout_GM2::
    00000765 DD E5            [15] 2105 	push	ix
    00000767 DD 21 00 00      [14] 2106 	ld	ix,#0
    0000076B DD 39            [15] 2107 	add	ix,sp
    0000076D F5               [11] 2108 	push	af
    0000076E F5               [11] 2109 	push	af
    0000076F DD 75 FE         [19] 2110 	ld	-2 (ix), l
    00000772 DD 74 FF         [19] 2111 	ld	-1 (ix), h
                                   2112 ;E:\Dropbox\FAUSTO\SVILUPPI\MSX\CODE\C\MSXgl\engine/src/vdp.c:2241: u16 dst = g_ScreenLayoutLow + (dy * 32) + dx;
    00000775 DD 6E 05         [19] 2113 	ld	l, 5 (ix)
                                   2114 ;	spillPairReg hl
                                   2115 ;	spillPairReg hl
    00000778 26 00            [ 7] 2116 	ld	h, #0x00
                                   2117 ;	spillPairReg hl
                                   2118 ;	spillPairReg hl
    0000077A 29               [11] 2119 	add	hl, hl
    0000077B 29               [11] 2120 	add	hl, hl
    0000077C 29               [11] 2121 	add	hl, hl
    0000077D 29               [11] 2122 	add	hl, hl
    0000077E 29               [11] 2123 	add	hl, hl
    0000077F ED 4Br2Dr00      [20] 2124 	ld	bc, (_g_ScreenLayoutLow)
    00000783 09               [11] 2125 	add	hl, bc
    00000784 DD 4E 04         [19] 2126 	ld	c, 4 (ix)
    00000787 06 00            [ 7] 2127 	ld	b, #0x00
    00000789 09               [11] 2128 	add	hl, bc
    0000078A E3               [19] 2129 	ex	(sp), hl
                                   2130 ;E:\Dropbox\FAUSTO\SVILUPPI\MSX\CODE\C\MSXgl\engine/src/vdp.c:2242: for (u8 y = 0; y < ny; ++y)
    0000078B 0E 00            [ 7] 2131 	ld	c, #0x00
    0000078D                       2132 00103$:
    0000078D 79               [ 4] 2133 	ld	a, c
    0000078E DD 96 07         [19] 2134 	sub	a, 7 (ix)
    00000791 30 35            [12] 2135 	jr	NC, 00105$
                                   2136 ;E:\Dropbox\FAUSTO\SVILUPPI\MSX\CODE\C\MSXgl\engine/src/vdp.c:2244: VDP_WriteVRAM(src, dst, g_ScreenLayoutHigh, nx);
    00000793 DD 5E 06         [19] 2137 	ld	e, 6 (ix)
    00000796 16 00            [ 7] 2138 	ld	d, #0x00
    00000798 C5               [11] 2139 	push	bc
    00000799 D5               [11] 2140 	push	de
    0000079A 3Ar33r00         [13] 2141 	ld	a, (_g_ScreenLayoutHigh+0)
    0000079D F5               [11] 2142 	push	af
    0000079E 33               [ 6] 2143 	inc	sp
    0000079F DD 5E FC         [19] 2144 	ld	e, -4 (ix)
    000007A2 DD 56 FD         [19] 2145 	ld	d, -3 (ix)
    000007A5 DD 6E FE         [19] 2146 	ld	l, -2 (ix)
                                   2147 ;	spillPairReg hl
                                   2148 ;	spillPairReg hl
    000007A8 DD 66 FF         [19] 2149 	ld	h, -1 (ix)
                                   2150 ;	spillPairReg hl
                                   2151 ;	spillPairReg hl
    000007AB CDrDDr01         [17] 2152 	call	_VDP_WriteVRAM_128K
    000007AE C1               [10] 2153 	pop	bc
                                   2154 ;E:\Dropbox\FAUSTO\SVILUPPI\MSX\CODE\C\MSXgl\engine/src/vdp.c:2245: src += nx;
    000007AF DD 7E FE         [19] 2155 	ld	a, -2 (ix)
    000007B2 DD 86 06         [19] 2156 	add	a, 6 (ix)
    000007B5 DD 77 FE         [19] 2157 	ld	-2 (ix), a
    000007B8 30 03            [12] 2158 	jr	NC, 00118$
    000007BA DD 34 FF         [23] 2159 	inc	-1 (ix)
    000007BD                       2160 00118$:
                                   2161 ;E:\Dropbox\FAUSTO\SVILUPPI\MSX\CODE\C\MSXgl\engine/src/vdp.c:2246: dst += 32;
    000007BD D1               [10] 2162 	pop	de
    000007BE D5               [11] 2163 	push	de
    000007BF 21 20 00         [10] 2164 	ld	hl, #0x0020
    000007C2 19               [11] 2165 	add	hl, de
    000007C3 E3               [19] 2166 	ex	(sp), hl
                                   2167 ;E:\Dropbox\FAUSTO\SVILUPPI\MSX\CODE\C\MSXgl\engine/src/vdp.c:2242: for (u8 y = 0; y < ny; ++y)
    000007C4 0C               [ 4] 2168 	inc	c
    000007C5 C3r8Dr07         [10] 2169 	jp	00103$
    000007C8                       2170 00105$:
                                   2171 ;E:\Dropbox\FAUSTO\SVILUPPI\MSX\CODE\C\MSXgl\engine/src/vdp.c:2248: }
    000007C8 DD F9            [10] 2172 	ld	sp, ix
    000007CA DD E1            [14] 2173 	pop	ix
    000007CC E1               [10] 2174 	pop	hl
    000007CD F1               [10] 2175 	pop	af
    000007CE F1               [10] 2176 	pop	af
    000007CF E9               [ 4] 2177 	jp	(hl)
                                   2178 ;E:\Dropbox\FAUSTO\SVILUPPI\MSX\CODE\C\MSXgl\engine/src/vdp.c:2252: void VDP_FillLayout_GM2(u8 value, u8 dx, u8 dy, u8 nx, u8 ny)
                                   2179 ;	---------------------------------
                                   2180 ; Function VDP_FillLayout_GM2
                                   2181 ; ---------------------------------
    000007D0                       2182 _VDP_FillLayout_GM2::
    000007D0 DD E5            [15] 2183 	push	ix
    000007D2 DD 21 00 00      [14] 2184 	ld	ix,#0
    000007D6 DD 39            [15] 2185 	add	ix,sp
    000007D8 F5               [11] 2186 	push	af
    000007D9 DD 77 FE         [19] 2187 	ld	-2 (ix), a
    000007DC 4D               [ 4] 2188 	ld	c, l
                                   2189 ;E:\Dropbox\FAUSTO\SVILUPPI\MSX\CODE\C\MSXgl\engine/src/vdp.c:2254: u16 dst = g_ScreenLayoutLow + (dy * 32) + dx;
    000007DD DD 6E 04         [19] 2190 	ld	l, 4 (ix)
                                   2191 ;	spillPairReg hl
                                   2192 ;	spillPairReg hl
    000007E0 26 00            [ 7] 2193 	ld	h, #0x00
                                   2194 ;	spillPairReg hl
                                   2195 ;	spillPairReg hl
    000007E2 29               [11] 2196 	add	hl, hl
    000007E3 29               [11] 2197 	add	hl, hl
    000007E4 29               [11] 2198 	add	hl, hl
    000007E5 29               [11] 2199 	add	hl, hl
    000007E6 29               [11] 2200 	add	hl, hl
    000007E7 ED 5Br2Dr00      [20] 2201 	ld	de, (_g_ScreenLayoutLow)
    000007EB 19               [11] 2202 	add	hl, de
    000007EC 06 00            [ 7] 2203 	ld	b, #0x00
    000007EE 09               [11] 2204 	add	hl, bc
    000007EF 4D               [ 4] 2205 	ld	c, l
    000007F0 44               [ 4] 2206 	ld	b, h
                                   2207 ;E:\Dropbox\FAUSTO\SVILUPPI\MSX\CODE\C\MSXgl\engine/src/vdp.c:2255: for (u8 y = 0; y < ny; ++y)
    000007F1 DD 36 FF 00      [19] 2208 	ld	-1 (ix), #0x00
    000007F5                       2209 00103$:
    000007F5 DD 7E FF         [19] 2210 	ld	a, -1 (ix)
    000007F8 DD 96 06         [19] 2211 	sub	a, 6 (ix)
    000007FB 30 21            [12] 2212 	jr	NC, 00105$
                                   2213 ;E:\Dropbox\FAUSTO\SVILUPPI\MSX\CODE\C\MSXgl\engine/src/vdp.c:2257: VDP_FillVRAM(value, dst, g_ScreenLayoutHigh, nx);
    000007FD DD 5E 05         [19] 2214 	ld	e, 5 (ix)
    00000800 16 00            [ 7] 2215 	ld	d, #0x00
    00000802 C5               [11] 2216 	push	bc
    00000803 D5               [11] 2217 	push	de
    00000804 3Ar33r00         [13] 2218 	ld	a, (_g_ScreenLayoutHigh+0)
    00000807 F5               [11] 2219 	push	af
    00000808 33               [ 6] 2220 	inc	sp
    00000809 59               [ 4] 2221 	ld	e, c
    0000080A 50               [ 4] 2222 	ld	d, b
    0000080B DD 7E FE         [19] 2223 	ld	a, -2 (ix)
    0000080E CDr20r02         [17] 2224 	call	_VDP_FillVRAM_128K
    00000811 C1               [10] 2225 	pop	bc
                                   2226 ;E:\Dropbox\FAUSTO\SVILUPPI\MSX\CODE\C\MSXgl\engine/src/vdp.c:2258: dst += 32;
    00000812 21 20 00         [10] 2227 	ld	hl, #0x0020
    00000815 09               [11] 2228 	add	hl, bc
    00000816 4D               [ 4] 2229 	ld	c, l
    00000817 44               [ 4] 2230 	ld	b, h
                                   2231 ;E:\Dropbox\FAUSTO\SVILUPPI\MSX\CODE\C\MSXgl\engine/src/vdp.c:2255: for (u8 y = 0; y < ny; ++y)
    00000818 DD 34 FF         [23] 2232 	inc	-1 (ix)
    0000081B C3rF5r07         [10] 2233 	jp	00103$
    0000081E                       2234 00105$:
                                   2235 ;E:\Dropbox\FAUSTO\SVILUPPI\MSX\CODE\C\MSXgl\engine/src/vdp.c:2260: }
    0000081E DD F9            [10] 2236 	ld	sp, ix
    00000820 DD E1            [14] 2237 	pop	ix
    00000822 E1               [10] 2238 	pop	hl
    00000823 F1               [10] 2239 	pop	af
    00000824 33               [ 6] 2240 	inc	sp
    00000825 E9               [ 4] 2241 	jp	(hl)
                                   2242 	.area _CODE
                                   2243 	.area _INITIALIZER
    00000000                       2244 __xinit__g_VDPInitilized:
    00000000 00                    2245 	.db #0x00	; 0
                                   2246 	.area _CABS (ABS)
